09.10.1955;3/12/13/16/23/41;0;0;NULL;NULL;0/EUR 0,00;0/EUR 0,00;0/EUR 0,00;10/EUR 6.593,36;0/EUR 0,00;1615/EUR 20,40;0/EUR 0,00;32361/EUR 1,02
16.10.1955;3/12/18/30/32/49;0;0;NULL;NULL;0/EUR 0,00;0/EUR 0,00;0/EUR 0,00;47/EUR 2.157,65;0/EUR 0,00;2349/EUR 21,58;0/EUR 0,00;37578/EUR 1,33
23.10.1955;12/14/23/24/34/36;0;0;NULL;NULL;0/EUR 0,00;0/EUR 0,00;0/EUR 0,00;23/EUR 5.134,14;0/EUR 0,00;1911/EUR 30,68;0/EUR 0,00;37671/EUR 1,53
30.10.1955;4/13/23/30/36/44;0;0;NULL;NULL;0/EUR 0,00;0/EUR 0,00;0/EUR 0,00;105/EUR 1.425,23;0/EUR 0,00;3061/EUR 24,44;0/EUR 0,00;48046/EUR 1,53
06.11.1955;5/6/31/39/44/49;0;0;NULL;NULL;0/EUR 0,00;0/EUR 0,00;0/EUR 0,00;6/EUR 25.307,67;0/EUR 0,00;956/EUR 79,25;0/EUR 0,00;25693/EUR 2,91
13.11.1955;6/18/22/29/37/44;0;0;NULL;NULL;0/EUR 0,00;3/EUR 30.417,78;0/EUR 0,00;314/EUR 290,41;0/EUR 0,00;6020/EUR 15,13;0/EUR 0,00;56403/EUR 1,59
20.11.1955;4/8/12/16/27/44;0;0;NULL;NULL;0/EUR 0,00;2/EUR 48.875,41;0/EUR 0,00;174/EUR 561,65;0/EUR 0,00;6400/EUR 15,24;0/EUR 0,00;75868/EUR 1,28
27.11.1955;9/24/26/37/44/46;0;0;NULL;NULL;0/EUR 0,00;0/EUR 0,00;0/EUR 0,00;62/EUR 4.041,76;0/EUR 0,00;3766/EUR 33,23;0/EUR 0,00;67687/EUR 1,84
04.12.1955;5/20/21/26/31/47;0;0;NULL;NULL;0/EUR 0,00;0/EUR 0,00;0/EUR 0,00;46/EUR 6.077,98;0/EUR 0,00;2373/EUR 58,80;0/EUR 0,00;50522/EUR 2,76
11.12.1955;8/10/22/26/31/37;0;0;NULL;NULL;0/EUR 0,00;0/EUR 0,00;0/EUR 0,00;35/EUR 7.943,43;0/EUR 0,00;2653/EUR 52,15;0/EUR 0,00;61334/EUR 2,25
18.12.1955;8/14/26/36/39/42;0;0;NULL;NULL;0/EUR 0,00;0/EUR 0,00;0/EUR 0,00;92/EUR 3.143,68;0/EUR 0,00;4102/EUR 35,02;0/EUR 0,00;70583/EUR 2,05
26.12.1955;5/9/34/38/39/42;0;0;NULL;NULL;0/EUR 0,00;0/EUR 0,00;0/EUR 0,00;22/EUR 10.154,51;0/EUR 0,00;2277/EUR 48,83;0/EUR 0,00;59441/EUR 1,84
01.01.1956;4/22/27/36/38/46;0;0;NULL;NULL;0/EUR 0,00;0/EUR 0,00;0/EUR 0,00;55/EUR 4.446,71;0/EUR 0,00;3580/EUR 34,00;0/EUR 0,00;66445/EUR 1,79
08.01.1956;6/21/22/37/41/42;0;0;NULL;NULL;0/EUR 0,00;0/EUR 0,00;0/EUR 0,00;25/EUR 12.213,48;0/EUR 0,00;2500/EUR 60,84;0/EUR 0,00;70197/EUR 2,15
15.01.1956;1/9/16/19/29/49;0;0;NULL;NULL;0/EUR 0,00;1/EUR 165.594,91;0/EUR 0,00;339/EUR 488,28;0/EUR 0,00;6744/EUR 24,54;0/EUR 0,00;78275/EUR 2,10
22.01.1956;12/17/23/27/35/40;0;0;NULL;NULL;0/EUR 0,00;0/EUR 0,00;0/EUR 0,00;89/EUR 4.110,53;0/EUR 0,00;5099/EUR 35,79;0/EUR 0,00;105959/EUR 1,69
29.01.1956;5/6/18/22/38/43;0;0;NULL;NULL;0/EUR 0,00;0/EUR 0,00;0/EUR 0,00;116/EUR 3.176,15;0/EUR 0,00;6478/EUR 28,38;0/EUR 0,00;119150/EUR 1,53
05.02.1956;12/26/35/36/42/43;0;0;NULL;NULL;0/EUR 0,00;0/EUR 0,00;0/EUR 0,00;40/EUR 9.320,60;0/EUR 0,00;4795/EUR 38,86;0/EUR 0,00;97767/EUR 1,89
12.02.1956;1/14/23/27/30/33;0;0;NULL;NULL;0/EUR 0,00;0/EUR 0,00;0/EUR 0,00;57/EUR 6.233,41;0/EUR 0,00;3723/EUR 47,55;0/EUR 0,00;84206/EUR 2,10
19.02.1956;8/20/26/35/38/42;0;0;NULL;NULL;0/EUR 0,00;0/EUR 0,00;0/EUR 0,00;208/EUR 1.640,99;0/EUR 0,00;6860/EUR 24,85;0/EUR 0,00;98155/EUR 1,74
26.02.1956;1/30/32/42/45/48;0;0;NULL;NULL;0/EUR 0,00;0/EUR 0,00;0/EUR 0,00;24/EUR 14.108,84;0/EUR 0,00;1981/EUR 85,39;0/EUR 0,00;51951/EUR 3,22
04.03.1956;4/6/17/19/41/47;0;0;NULL;NULL;0/EUR 0,00;1/EUR 177.770,82;0/EUR 0,00;52/EUR 3.418,50;0/EUR 0,00;4334/EUR 40,90;0/EUR 0,00;90946/EUR 1,94
11.03.1956;6/9/20/22/26/28;0;0;NULL;NULL;0/EUR 0,00;0/EUR 0,00;0/EUR 0,00;91/EUR 4.290,76;0/EUR 0,00;4397/EUR 44,23;0/EUR 0,00;101983/EUR 1,89
18.03.1956;3/10/24/26/38/49;0;0;NULL;NULL;0/EUR 0,00;0/EUR 0,00;0/EUR 0,00;160/EUR 2.380,83;0/EUR 0,00;7660/EUR 24,85;0/EUR 0,00;108530/EUR 1,74
25.03.1956;3/16/18/19/37/42;0;0;NULL;NULL;0/EUR 0,00;0/EUR 0,00;0/EUR 0,00;63/EUR 5.632,39;0/EUR 0,00;4361/EUR 40,65;0/EUR 0,00;100283/EUR 1,74
02.04.1956;7/10/22/25/32/43;0;0;NULL;NULL;0/EUR 0,00;4/EUR 42.547,15;0/EUR 0,00;172/EUR 989,35;0/EUR 0,00;7152/EUR 23,78;0/EUR 0,00;108614/EUR 1,53
08.04.1956;2/19/25/30/32/39;0;0;NULL;NULL;0/EUR 0,00;0/EUR 0,00;0/EUR 0,00;66/EUR 5.439,38;0/EUR 0,00;5251/EUR 34,00;0/EUR 0,00;100020/EUR 1,79
15.04.1956;1/12/14/31/32/46;0;0;NULL;NULL;0/EUR 0,00;0/EUR 0,00;0/EUR 0,00;36/EUR 10.298,44;0/EUR 0,00;2789/EUR 66,21;0/EUR 0,00;73090/EUR 2,51
22.04.1956;10/19/21/24/33/35;0;0;NULL;NULL;0/EUR 0,00;0/EUR 0,00;0/EUR 0,00;117/EUR 3.152,37;0/EUR 0,00;6942/EUR 26,33;0/EUR 0,00;111138/EUR 1,64
29.04.1956;4/18/34/36/40/47;0;0;NULL;NULL;0/EUR 0,00;0/EUR 0,00;0/EUR 0,00;107/EUR 3.372,99;0/EUR 0,00;5313/EUR 33,75;0/EUR 0,00;95107/EUR 1,89
06.05.1956;1/3/39/41/45/49;0;0;NULL;NULL;0/EUR 0,00;0/EUR 0,00;0/EUR 0,00;23/EUR 15.458,14;0/EUR 0,00;1997/EUR 88,96;0/EUR 0,00;60837/EUR 2,91
13.05.1956;4/31/32/34/39/43;0;0;NULL;NULL;0/EUR 0,00;0/EUR 0,00;0/EUR 0,00;24/EUR 14.220,56;0/EUR 0,00;3226/EUR 52,66;0/EUR 0,00;82430/EUR 2,05
21.05.1956;6/12/22/31/37/42;0;0;NULL;NULL;0/EUR 0,00;4/EUR 43.447,79;0/EUR 0,00;753/EUR 230,59;0/EUR 0,00;16511/EUR 10,48;0/EUR 0,00;134901/EUR 1,28
27.05.1956;5/33/35/36/38/43;0;0;NULL;NULL;0/EUR 0,00;1/EUR 172.634,12;0/EUR 0,00;55/EUR 3.138,57;0/EUR 0,00;3600/EUR 47,81;0/EUR 0,00;81361/EUR 2,10
03.06.1956;11/17/33/34/35/36;0;0;NULL;NULL;0/EUR 0,00;0/EUR 0,00;0/EUR 0,00;38/EUR 10.065,80;0/EUR 0,00;4021/EUR 47,55;0/EUR 0,00;87566/EUR 2,15
10.06.1956;10/14/16/23/40/46;0;0;NULL;NULL;0/EUR 0,00;2/EUR 103.776,40;0/EUR 0,00;68/EUR 3.052,16;0/EUR 0,00;4008/EUR 51,64;0/EUR 0,00;81512/EUR 2,51
17.06.1956;5/19/25/38/41/46;24;0;NULL;NULL;0/EUR 0,00;1/EUR 222.588,88;0/EUR 0,00;111/EUR 2.005,29;0/EUR 0,00;5879/EUR 37,84;0/EUR 0,00;112567/EUR 1,94
24.06.1956;14/16/18/32/37/43;21;0;NULL;NULL;0/EUR 0,00;0/EUR 0,00;0/EUR 0,00;109/EUR 4.755,78;0/EUR 0,00;7019/EUR 36,81;0/EUR 0,00;145857/EUR 1,74
01.07.1956;5/13/21/25/35/44;10;0;NULL;NULL;0/EUR 0,00;1/EUR 270.178,39;0/EUR 0,00;278/EUR 971,71;0/EUR 0,00;11704/EUR 23,06;0/EUR 0,00;167138/EUR 1,59
08.07.1956;3/20/42/43/47/48;19;0;NULL;NULL;0/EUR 0,00;0/EUR 0,00;0/EUR 0,00;37/EUR 16.416,30;0/EUR 0,00;3733/EUR 81,30;0/EUR 0,00;101023/EUR 2,97
15.07.1956;12/17/19/23/34/48;32;0;NULL;NULL;0/EUR 0,00;1/EUR 297.306,00;0/EUR 0,00;182/EUR 1.633,32;0/EUR 0,00;12538/EUR 23,67;0/EUR 0,00;216187/EUR 1,33
22.07.1956;5/8/10/18/38/48;14;0;NULL;NULL;0/EUR 0,00;1/EUR 317.666,67;0/EUR 0,00;618/EUR 513,85;0/EUR 0,00;17138/EUR 18,51;0/EUR 0,00;189163/EUR 1,64
29.07.1956;9/10/17/23/27/35;39;0;NULL;NULL;0/EUR 0,00;5/EUR 67.012,47;0/EUR 0,00;228/EUR 1.469,45;0/EUR 0,00;13482/EUR 24,85;0/EUR 0,00;223675/EUR 1,48
05.08.1956;9/23/25/31/40/46;49;0;NULL;NULL;0/EUR 0,00;1/EUR 351.274,40;0/EUR 0,00;239/EUR 1.469,71;0/EUR 0,00;9681/EUR 36,05;0/EUR 0,00;166091/EUR 2,10
12.08.1956;4/10/11/26/31/47;13;0;NULL;NULL;0/EUR 0,00;1/EUR 357.631,03;0/EUR 0,00;196/EUR 1.824,55;0/EUR 0,00;9687/EUR 36,81;0/EUR 0,00;180815/EUR 1,94
19.08.1956;5/6/14/33/34/40;21;0;NULL;NULL;0/EUR 0,00;1/EUR 414.153,07;0/EUR 0,00;101/EUR 4.100,31;0/EUR 0,00;8149/EUR 50,62;0/EUR 0,00;197244/EUR 2,10
26.08.1956;3/11/16/25/29/36;39;0;NULL;NULL;0/EUR 0,00;2/EUR 233.932,14;0/EUR 0,00;270/EUR 1.732,77;0/EUR 0,00;14764/EUR 31,70;0/EUR 0,00;262488/EUR 1,74
02.09.1956;14/26/31/40/48/49;10;0;NULL;NULL;0/EUR 0,00;1/EUR 533.463,80;0/EUR 0,00;101/EUR 5.281,65;0/EUR 0,00;7729/EUR 69,02;0/EUR 0,00;175689/EUR 3,02
09.09.1956;15/22/27/28/42/47;33;0;NULL;NULL;0/EUR 0,00;1/EUR 642.637,40;0/EUR 0,00;191/EUR 3.364,56;0/EUR 0,00;13851/EUR 46,27;0/EUR 0,00;300674/EUR 2,10
16.09.1956;4/8/17/18/23/42;41;0;NULL;NULL;0/EUR 0,00;3/EUR 259.803,25;0/EUR 0,00;446/EUR 1.747,34;0/EUR 0,00;29447/EUR 26,33;0/EUR 0,00;535251/EUR 1,43
23.09.1956;5/6/9/21/22/31;10;0;NULL;NULL;0/EUR 0,00;1/EUR 776.635,24;0/EUR 0,00;922/EUR 842,10;0/EUR 0,00;36036/EUR 21,53;0/EUR 0,00;542931/EUR 1,43
30.09.1956;9/10/24/27/36/39;19;0;NULL;NULL;0/EUR 0,00;4/EUR 209.917,02;0/EUR 0,00;711/EUR 1.180,83;0/EUR 0,00;35229/EUR 23,78;0/EUR 0,00;599574/EUR 1,38
07.10.1956;6/9/29/33/36/44;39;0;NULL;NULL;0/EUR 0,00;2/EUR 412.754,43;0/EUR 0,00;399/EUR 2.068,94;0/EUR 0,00;23628/EUR 34,77;0/EUR 0,00;446584/EUR 1,84
14.10.1956;10/11/12/25/32/42;27;0;NULL;NULL;0/EUR 0,00;11/EUR 74.547,63;0/EUR 0,00;541/EUR 1.515,72;0/EUR 0,00;32001/EUR 25,56;0/EUR 0,00;580308/EUR 1,38
21.10.1956;1/2/22/36/41/48;20;0;NULL;NULL;0/EUR 0,00;1/EUR 255.645,94;2/EUR 255.645,94;134/EUR 6.253,10;0/EUR 0,00;10480/EUR 76,44;0/EUR 0,00;255138/EUR 3,12
28.10.1956;5/17/29/39/47/49;31;0;NULL;NULL;0/EUR 0,00;15/EUR 53.707,38;0/EUR 0,00;544/EUR 1.480,70;0/EUR 0,00;25981/EUR 30,93;0/EUR 0,00;422091/EUR 1,89
04.11.1956;7/16/19/33/38/39;42;0;NULL;NULL;0/EUR 0,00;1/EUR 255.645,94;6/EUR 90.502,24;434/EUR 1.790,54;0/EUR 0,00;28881/EUR 27,10;0/EUR 0,00;536314/EUR 1,43
11.11.1956;7/14/29/34/36/49;15;0;NULL;NULL;0/EUR 0,00;3/EUR 255.645,94;7/EUR 3.786,12;419/EUR 1.832,21;0/EUR 0,00;21912/EUR 35,53;0/EUR 0,00;391911/EUR 1,99
18.11.1956;14/16/28/37/39/40;42;0;NULL;NULL;0/EUR 0,00;1/EUR 255.645,94;6/EUR 92.039,19;366/EUR 2.137,20;0/EUR 0,00;18691/EUR 42,44;0/EUR 0,00;360469/EUR 2,20
25.11.1956;6/9/16/25/36/44;34;0;NULL;NULL;0/EUR 0,00;4/EUR 190.968,03;0/EUR 0,00;832/EUR 918,02;0/EUR 0,00;38239/EUR 19,94;0/EUR 0,00;488028/EUR 1,53
02.12.1956;9/10/15/21/27/47;14;0;NULL;NULL;0/EUR 0,00;3/EUR 255.645,94;0/EUR 0,00;458/EUR 1.937,80;0/EUR 0,00;27910/EUR 29,65;0/EUR 0,00;487502/EUR 1,69
09.12.1956;6/7/11/13/32/43;33;0;NULL;NULL;0/EUR 0,00;11/EUR 75.832,00;0/EUR 0,00;541/EUR 1.541,80;0/EUR 0,00;35649/EUR 23,37;0/EUR 0,00;619815/EUR 1,33
16.12.1956;15/17/20/23/31/35;26;0;NULL;NULL;0/EUR 0,00;1/EUR 255.645,94;8/EUR 76.695,83;267/EUR 3.071,33;0/EUR 0,00;20202/EUR 41,67;0/EUR 0,00;414209/EUR 1,99
23.12.1956;1/5/13/45/47/49;29;0;NULL;NULL;0/EUR 0,00;1/EUR 255.645,94;9/EUR 63.783,15;256/EUR 3.027,87;0/EUR 0,00;14829/EUR 53,94;0/EUR 0,00;330619/EUR 2,40
06.01.1957;11/17/23/26/31/38;40;0;NULL;NULL;0/EUR 0,00;6/EUR 133.601,59;0/EUR 0,00;812/EUR 987,05;0/EUR 0,00;36748/EUR 21,78;0/EUR 0,00;556451/EUR 1,43
13.01.1957;4/15/16/17/19/20;28;0;NULL;NULL;0/EUR 0,00;4/EUR 204.923,74;0/EUR 0,00;705/EUR 1.162,68;0/EUR 0,00;18920/EUR 43,20;0/EUR 0,00;425259/EUR 1,89
20.01.1957;3/6/7/12/33/47;2;0;NULL;NULL;0/EUR 0,00;1/EUR 255.645,94;3/EUR 204.810,75;572/EUR 1.505,24;0/EUR 0,00;36502/EUR 23,67;0/EUR 0,00;670727/EUR 1,28
27.01.1957;2/6/9/28/39/49;20;0;NULL;NULL;0/EUR 0,00;1/EUR 255.645,94;16/EUR 43.869,35;441/EUR 2.024,20;0/EUR 0,00;29155/EUR 31,70;0/EUR 0,00;537977/EUR 1,69
03.02.1957;6/12/30/34/39/43;14;0;NULL;NULL;0/EUR 0,00;7/EUR 139.685,45;0/EUR 0,00;301/EUR 3.248,49;0/EUR 0,00;20182/EUR 48,32;0/EUR 0,00;448116/EUR 2,15
10.02.1957;9/17/18/19/31/49;30;0;NULL;NULL;0/EUR 0,00;1/EUR 255.645,94;13/EUR 56.962,77;603/EUR 1.583,73;0/EUR 0,00;41360/EUR 23,57;0/EUR 0,00;774735/EUR 1,23
17.02.1957;1/9/15/31/35/42;48;0;NULL;NULL;0/EUR 0,00;7/EUR 145.354,15;0/EUR 0,00;348/EUR 2.923,57;0/EUR 0,00;21505/EUR 47,29;0/EUR 0,00;475636/EUR 2,10
24.02.1957;2/15/16/23/28/43;48;0;NULL;NULL;0/EUR 0,00;4/EUR 251.073,20;0/EUR 0,00;455/EUR 2.206,99;0/EUR 0,00;26654/EUR 37,58;0/EUR 0,00;534944/EUR 1,84
03.03.1957;4/9/11/34/36/45;8;0;NULL;NULL;0/EUR 0,00;2/EUR 255.645,94;11/EUR 48.710,27;528/EUR 1.903,80;0/EUR 0,00;36016/EUR 28,38;0/EUR 0,00;599964/EUR 1,69
10.03.1957;2/7/18/35/36/45;29;0;NULL;NULL;0/EUR 0,00;24/EUR 42.233,48;0/EUR 0,00;605/EUR 1.675,25;0/EUR 0,00;30458/EUR 33,23;0/EUR 0,00;572692/EUR 1,74
17.03.1957;3/14/24/32/35/44;47;0;NULL;NULL;0/EUR 0,00;7/EUR 145.520,06;0/EUR 0,00;1110/EUR 917,51;0/EUR 0,00;40102/EUR 25,36;0/EUR 0,00;595016/EUR 1,69
24.03.1957;14/18/22/31/45/48;20;0;NULL;NULL;0/EUR 0,00;1/EUR 255.645,94;1/EUR 255.645,94;272/EUR 5.428,39;0/EUR 0,00;18060/EUR 54,96;0/EUR 0,00;416048/EUR 2,35
31.03.1957;20/26/27/30/44/47;35;0;NULL;NULL;0/EUR 0,00;2/EUR 255.645,94;0/EUR 0,00;125/EUR 12.522,05;0/EUR 0,00;12466/EUR 83,08;0/EUR 0,00;347620/EUR 2,97
07.04.1957;2/14/18/31/40/48;36;0;NULL;NULL;0/EUR 0,00;8/EUR 127.397,83;0/EUR 0,00;789/EUR 1.291,52;0/EUR 0,00;47363/EUR 21,47;0/EUR 0,00;514094/EUR 1,94
14.04.1957;6/15/18/28/39/44;5;0;NULL;NULL;0/EUR 0,00;6/EUR 171.471,96;0/EUR 0,00;835/EUR 1.231,96;0/EUR 0,00;38571/EUR 26,59;0/EUR 0,00;626048/EUR 1,64
22.04.1957;11/27/35/39/44/45;13;0;NULL;NULL;0/EUR 0,00;5/EUR 190.520,65;0/EUR 0,00;214/EUR 4.451,31;0/EUR 0,00;18503/EUR 51,38;0/EUR 0,00;401921/EUR 2,35
28.04.1957;18/20/23/33/37/43;42;0;NULL;NULL;0/EUR 0,00;1/EUR 255.645,94;8/EUR 91.001,77;479/EUR 1.987,14;0/EUR 0,00;31467/EUR 30,68;0/EUR 0,00;558682/EUR 1,69
05.05.1957;2/4/22/27/31/41;38;0;NULL;NULL;0/EUR 0,00;2/EUR 255.645,94;0/EUR 0,00;313/EUR 4.679,60;0/EUR 0,00;21624/EUR 45,50;0/EUR 0,00;473691/EUR 2,05
12.05.1957;15/17/21/24/31/40;8;0;NULL;NULL;0/EUR 0,00;3/EUR 255.645,94;15/EUR 17.552,65;471/EUR 2.056,16;0/EUR 0,00;25413/EUR 39,11;0/EUR 0,00;514680/EUR 1,94
19.05.1957;16/20/28/29/30/44;4;0;NULL;NULL;0/EUR 0,00;4/EUR 248.236,30;0/EUR 0,00;220/EUR 4.513,17;0/EUR 0,00;19012/EUR 52,15;0/EUR 0,00;430237/EUR 2,30
26.05.1957;1/3/24/35/40/45;42;0;NULL;NULL;0/EUR 0,00;1/EUR 255.645,94;1/EUR 255.645,94;250/EUR 5.982,88;0/EUR 0,00;17496/EUR 57,26;0/EUR 0,00;395375/EUR 2,51
02.06.1957;3/4/14/29/32/37;5;0;NULL;NULL;0/EUR 0,00;5/EUR 194.986,53;0/EUR 0,00;314/EUR 3.104,82;0/EUR 0,00;26306/EUR 36,81;0/EUR 0,00;511295/EUR 1,89
10.06.1957;1/7/8/32/35/47;3;0;NULL;NULL;0/EUR 0,00;9/EUR 109.387,83;0/EUR 0,00;450/EUR 2.187,56;0/EUR 0,00;19088/EUR 51,38;0/EUR 0,00;443984/EUR 2,20
16.06.1957;14/21/30/34/38/44;25;0;NULL;NULL;0/EUR 0,00;5/EUR 188.195,29;0/EUR 0,00;346/EUR 2.719,56;0/EUR 0,00;19855/EUR 47,29;0/EUR 0,00;400348/EUR 2,30
23.06.1957;4/8/10/12/19/25;13;0;NULL;NULL;0/EUR 0,00;12/EUR 76.139,80;0/EUR 0,00;1536/EUR 594,63;0/EUR 0,00;59554/EUR 15,34;0/EUR 0,00;797189/EUR 1,12
30.06.1957;15/23/31/36/37/46;24;0;NULL;NULL;0/EUR 0,00;1/EUR 255.645,94;9/EUR 84.017,02;341/EUR 2.818,24;0/EUR 0,00;23347/EUR 42,18;0/EUR 0,00;480103/EUR 2,05
07.07.1957;5/6/11/14/22/26;46;0;NULL;NULL;0/EUR 0,00;3/EUR 255.645,94;8/EUR 21.819,13;937/EUR 987,82;0/EUR 0,00;46458/EUR 20,09;0/EUR 0,00;719279/EUR 1,28
14.07.1957;28/30/34/40/41/44;26;0;NULL;NULL;0/EUR 0,00;5/EUR 196.602,21;0/EUR 0,00;236/EUR 4.165,24;0/EUR 0,00;15304/EUR 64,17;0/EUR 0,00;345164/EUR 2,81
21.07.1957;1/2/3/23/42/44;47;0;NULL;NULL;0/EUR 0,00;8/EUR 124.420,32;0/EUR 0,00;234/EUR 4.253,44;0/EUR 0,00;16375/EUR 60,59;0/EUR 0,00;407302/EUR 2,40
28.07.1957;1/9/20/25/27/34;48;0;NULL;NULL;0/EUR 0,00;9/EUR 110.876,71;0/EUR 0,00;299/EUR 3.337,20;0/EUR 0,00;23667/EUR 41,93;0/EUR 0,00;521852/EUR 1,89
04.08.1957;6/8/17/42/43/48;49;0;NULL;NULL;0/EUR 0,00;4/EUR 246.816,67;0/EUR 0,00;256/EUR 3.856,50;0/EUR 0,00;19008/EUR 51,92;0/EUR 0,00;463135/EUR 2,12
11.08.1957;13/26/29/33/36/39;22;0;NULL;NULL;0/EUR 0,00;6/EUR 156.309,88;0/EUR 0,00;747/EUR 1.255,48;0/EUR 0,00;37314/EUR 25,13;0/EUR 0,00;581195/EUR 1,61
18.08.1957;3/8/14/40/41/48;43;0;NULL;NULL;0/EUR 0,00;2/EUR 255.645,94;0/EUR 0,00;216/EUR 6.559,85;0/EUR 0,00;17647/EUR 54,63;0/EUR 0,00;427074/EUR 2,25
25.08.1957;24/30/31/36/38/42;10;0;NULL;NULL;0/EUR 0,00;1/EUR 255.645,94;1/EUR 255.645,94;270/EUR 5.249,56;0/EUR 0,00;21262/EUR 45,35;0/EUR 0,00;439365/EUR 2,17
01.09.1957;2/4/7/27/40/47;45;0;NULL;NULL;0/EUR 0,00;4/EUR 253.421,90;0/EUR 0,00;681/EUR 1.488,52;0/EUR 0,00;33203/EUR 30,52;0/EUR 0,00;616020/EUR 1,64
08.09.1957;12/20/21/27/38/40;4;0;NULL;NULL;0/EUR 0,00;1/EUR 255.645,94;17/EUR 47.871,11;352/EUR 2.770,59;0/EUR 0,00;22939/EUR 44,56;0/EUR 0,00;471472/EUR 2,15
15.09.1957;12/19/24/28/34/37;26;0;NULL;NULL;0/EUR 0,00;3/EUR 255.645,94;14/EUR 20.054,55;970/EUR 1.049,78;0/EUR 0,00;48798/EUR 21,17;0/EUR 0,00;744326/EUR 1,38
22.09.1957;7/9/10/25/33/35;18;0;NULL;NULL;0/EUR 0,00;5/EUR 204.168,82;0/EUR 0,00;750/EUR 1.361,11;0/EUR 0,00;41194/EUR 24,77;0/EUR 0,00;747428/EUR 1,35
29.09.1957;13/20/21/22/26/42;41;0;NULL;NULL;0/EUR 0,00;4/EUR 255.645,94;0/EUR 0,00;250/EUR 4.098,85;0/EUR 0,00;21203/EUR 48,27;0/EUR 0,00;496494/EUR 2,05
06.10.1957;6/9/11/25/26/31;7;0;NULL;NULL;0/EUR 0,00;8/EUR 129.602,91;0/EUR 0,00;1185/EUR 874,95;0/EUR 0,00;54847/EUR 18,89;0/EUR 0,00;835017/EUR 1,23
13.10.1957;1/14/29/30/41/49;48;0;NULL;NULL;0/EUR 0,00;1/EUR 255.645,94;10/EUR 79.725,00;418/EUR 2.403,86;0/EUR 0,00;21929/EUR 46,91;0/EUR 0,00;407260/EUR 2,51
20.10.1957;2/24/27/35/36/42;41;0;NULL;NULL;0/EUR 0,00;1/EUR 255.645,94;5/EUR 156.781,32;411/EUR 2.469,23;0/EUR 0,00;28957/EUR 35,46;0/EUR 0,00;576081/EUR 1,76
27.10.1957;2/4/9/18/22/23;41;0;NULL;NULL;0/EUR 0,00;6/EUR 171.469,58;0/EUR 0,00;1231/EUR 835,76;0/EUR 0,00;54147/EUR 18,99;0/EUR 0,00;837023/EUR 1,23
03.11.1957;3/11/26/45/46/49;41;0;NULL;NULL;0/EUR 0,00;2/EUR 255.645,94;5/EUR 110.235,48;258/EUR 3.964,43;0/EUR 0,00;20631/EUR 50,52;0/EUR 0,00;439907/EUR 2,35
10.11.1957;16/20/24/30/45/46;4;0;NULL;NULL;0/EUR 0,00;7/EUR 152.148,30;0/EUR 0,00;216/EUR 4.930,72;0/EUR 0,00;17515/EUR 60,79;0/EUR 0,00;394784/EUR 2,68
17.11.1957;8/20/22/24/34/49;16;0;NULL;NULL;0/EUR 0,00;2/EUR 255.645,94;3/EUR 188.754,80;371/EUR 2.858,22;0/EUR 0,00;22491/EUR 47,52;0/EUR 0,00;477191/EUR 2,22
24.11.1957;1/3/14/23/25/26;21;0;NULL;NULL;0/EUR 0,00;2/EUR 255.645,94;14/EUR 39.556,30;705/EUR 1.453,04;0/EUR 0,00;34530/EUR 30,24;0/EUR 0,00;616660/EUR 1,69
01.12.1957;9/11/26/27/36/46;43;0;NULL;NULL;0/EUR 0,00;1/EUR 255.645,94;3/EUR 255.645,94;695/EUR 1.691,02;0/EUR 0,00;36966/EUR 29,71;0/EUR 0,00;697110/EUR 1,56
08.12.1957;3/26/32/43/45/47;11;0;NULL;NULL;0/EUR 0,00;18/EUR 60.975,62;0/EUR 0,00;266/EUR 4.126,15;0/EUR 0,00;19784/EUR 55,48;0/EUR 0,00;452033/EUR 2,40
15.12.1957;7/11/18/22/27/39;46;0;NULL;NULL;0/EUR 0,00;2/EUR 255.645,94;24/EUR 25.747,97;1305/EUR 835,25;0/EUR 0,00;60787/EUR 18,23;0/EUR 0,00;883202/EUR 1,25
22.12.1957;4/7/22/23/28/33;9;0;NULL;NULL;0/EUR 0,00;24/EUR 44.531,17;0/EUR 0,00;596/EUR 1.793,18;0/EUR 0,00;39282/EUR 27,20;0/EUR 0,00;741232/EUR 1,43
29.12.1957;14/34/36/45/46/47;2;0;NULL;NULL;0/EUR 0,00;2/EUR 255.645,94;0/EUR 0,00;237/EUR 5.755,00;0/EUR 0,00;16273/EUR 57,60;0/EUR 0,00;346353/EUR 2,68
05.01.1958;6/10/15/21/36/44;8;0;NULL;NULL;0/EUR 0,00;4/EUR 255.645,94;13/EUR 2.780,41;725/EUR 1.409,76;0/EUR 0,00;34396/EUR 30,24;0/EUR 0,00;574144/EUR 1,79
12.01.1958;9/19/22/23/36/37;13;0;NULL;NULL;0/EUR 0,00;5/EUR 214.268,01;0/EUR 0,00;749/EUR 1.430,34;0/EUR 0,00;44731/EUR 23,93;0/EUR 0,00;803267/EUR 1,33
19.01.1958;3/12/14/30/32/34;5;0;NULL;NULL;0/EUR 0,00;7/EUR 155.687,41;0/EUR 0,00;912/EUR 1.194,97;0/EUR 0,00;38692/EUR 28,15;0/EUR 0,00;693716/EUR 1,56
26.01.1958;4/6/7/23/27/41;14;0;NULL;NULL;0/EUR 0,00;2/EUR 255.645,94;7/EUR 81.668,01;591/EUR 1.790,01;0/EUR 0,00;39017/EUR 27,43;0/EUR 0,00;749986/EUR 1,41
02.02.1958;4/34/38/39/46/48;31;0;NULL;NULL;0/EUR 0,00;1/EUR 255.645,94;7/EUR 126.267,65;159/EUR 6.586,79;0/EUR 0,00;15263/EUR 71,63;0/EUR 0,00;377857/EUR 2,89
09.02.1958;25/30/37/40/43/45;12;0;NULL;NULL;0/EUR 0,00;3/EUR 255.645,94;12/EUR 29.975,89;345/EUR 3.053,23;0/EUR 0,00;21419/EUR 50,87;0/EUR 0,00;412706/EUR 2,63
16.02.1958;8/15/21/36/37/45;12;0;NULL;NULL;0/EUR 0,00;3/EUR 255.645,94;14/EUR 26.043,75;536/EUR 2.006,28;0/EUR 0,00;27521/EUR 40,09;0/EUR 0,00;507700/EUR 2,17
23.02.1958;2/3/12/17/19/26;36;0;NULL;NULL;0/EUR 0,00;4/EUR 255.645,94;21/EUR 4.027,24;1336/EUR 803,44;0/EUR 0,00;64769/EUR 16,82;0/EUR 0,00;968442/EUR 1,12
02.03.1958;9/11/21/24/27/48;42;0;NULL;NULL;0/EUR 0,00;1/EUR 255.645,94;12/EUR 77.421,71;856/EUR 1.346,26;0/EUR 0,00;49657/EUR 23,52;0/EUR 0,00;835438/EUR 1,38
09.03.1958;5/10/11/20/36/49;38;0;NULL;NULL;0/EUR 0,00;4/EUR 255.645,94;10/EUR 16.545,07;522/EUR 2.191,93;0/EUR 0,00;31254/EUR 37,30;0/EUR 0,00;624806/EUR 1,87
16.03.1958;2/6/8/17/18/35;11;0;NULL;NULL;0/EUR 0,00;5/EUR 233.433,43;0/EUR 0,00;776/EUR 1.504,07;0/EUR 0,00;45883/EUR 25,44;0/EUR 0,00;812222/EUR 1,43
23.03.1958;5/20/22/27/39/43;17;0;NULL;NULL;0/EUR 0,00;12/EUR 94.556,81;0/EUR 0,00;407/EUR 2.787,90;0/EUR 0,00;26992/EUR 42,03;0/EUR 0,00;555144/EUR 2,02
30.03.1958;22/28/30/34/38/46;13;0;NULL;NULL;0/EUR 0,00;1/EUR 255.645,94;17/EUR 52.880,93;614/EUR 1.781,80;0/EUR 0,00;27128/EUR 41,44;0/EUR 0,00;492540/EUR 2,28
07.04.1958;23/24/29/36/44/49;40;0;NULL;NULL;0/EUR 0,00;2/EUR 255.645,94;9/EUR 64.436,02;360/EUR 2.886,81;0/EUR 0,00;24014/EUR 44,35;0/EUR 0,00;498227/EUR 2,12
13.04.1958;10/13/16/28/29/47;18;0;NULL;NULL;0/EUR 0,00;1/EUR 255.645,94;17/EUR 53.335,39;599/EUR 1.836,23;0/EUR 0,00;32226/EUR 35,07;0/EUR 0,00;580505/EUR 1,94
20.04.1958;3/5/22/25/27/49;7;0;NULL;NULL;0/EUR 0,00;17/EUR 67.563,11;0/EUR 0,00;506/EUR 2.269,91;0/EUR 0,00;30840/EUR 37,22;0/EUR 0,00;634978/EUR 1,79
27.04.1958;1/9/21/25/30/38;6;0;NULL;NULL;0/EUR 0,00;2/EUR 255.645,94;10/EUR 63.617,11;490/EUR 2.249,91;0/EUR 0,00;31589/EUR 35,61;0/EUR 0,00;619177/EUR 1,82
04.05.1958;10/15/31/32/38/48;17;0;NULL;NULL;0/EUR 0,00;1/EUR 255.645,94;7/EUR 124.555,94;272/EUR 3.942,42;0/EUR 0,00;19244/EUR 57,14;0/EUR 0,00;460978/EUR 2,38
11.05.1958;2/7/25/32/36/38;27;0;NULL;NULL;0/EUR 0,00;1/EUR 255.645,94;14/EUR 64.847,15;379/EUR 2.858,74;0/EUR 0,00;28415/EUR 39,52;0/EUR 0,00;593744/EUR 1,89
18.05.1958;18/21/26/34/41/49;8;0;NULL;NULL;0/EUR 0,00;3/EUR 255.645,94;19/EUR 20.650,87;413/EUR 2.570,52;0/EUR 0,00;23288/EUR 47,68;0/EUR 0,00;488976/EUR 2,25
25.05.1958;3/6/8/29/37/38;35;0;NULL;NULL;0/EUR 0,00;10/EUR 109.770,07;0/EUR 0,00;380/EUR 2.888,67;0/EUR 0,00;27131/EUR 40,44;0/EUR 0,00;581241/EUR 1,87
01.06.1958;24/25/30/31/33/43;6;0;NULL;NULL;0/EUR 0,00;1/EUR 255.645,94;3/EUR 255.645,94;329/EUR 3.554,07;0/EUR 0,00;21509/EUR 50,95;0/EUR 0,00;518520/EUR 2,10
08.06.1958;8/9/32/34/46/48;15;0;NULL;NULL;0/EUR 0,00;2/EUR 255.645,94;7/EUR 88.865,09;322/EUR 3.373,04;0/EUR 0,00;22849/EUR 48,55;0/EUR 0,00;515935/EUR 2,15
15.06.1958;13/24/30/32/33/46;23;0;NULL;NULL;0/EUR 0,00;1/EUR 255.645,94;8/EUR 110.696,64;414/EUR 2.653,99;0/EUR 0,00;32364/EUR 34,59;0/EUR 0,00;652289/EUR 1,71
22.06.1958;17/24/26/30/32/37;49;0;NULL;NULL;0/EUR 0,00;2/EUR 255.645,94;7/EUR 85.329,30;639/EUR 1.697,69;0/EUR 0,00;37145/EUR 29,50;0/EUR 0,00;662097/EUR 1,64
29.06.1958;8/9/10/15/27/36;19;0;NULL;NULL;0/EUR 0,00;2/EUR 255.645,94;28/EUR 23.612,84;732/EUR 1.487,86;0/EUR 0,00;46929/EUR 24,08;0/EUR 0,00;795355/EUR 1,41
06.07.1958;6/28/31/33/39/46;49;0;NULL;NULL;0/EUR 0,00;1/EUR 255.645,94;2/EUR 255.645,94;344/EUR 4.512,25;0/EUR 0,00;26152/EUR 44,33;0/EUR 0,00;557832/EUR 2,07
13.07.1958;17/18/19/21/36/49;48;0;NULL;NULL;0/EUR 0,00;2/EUR 255.645,94;17/EUR 38.380,92;561/EUR 1.955,90;0/EUR 0,00;32955/EUR 34,28;0/EUR 0,00;630329/EUR 1,79
20.07.1958;3/4/29/30/44/49;24;0;NULL;NULL;0/EUR 0,00;1/EUR 255.645,94;12/EUR 78.038,15;305/EUR 3.623,40;0/EUR 0,00;18491/EUR 62,10;0/EUR 0,00;437720/EUR 2,61
27.07.1958;17/35/41/42/47/48;18;0;NULL;NULL;0/EUR 0,00;1/EUR 255.645,94;2/EUR 255.645,94;346/EUR 4.354,19;0/EUR 0,00;21411/EUR 53,07;0/EUR 0,00;434162/EUR 2,61
03.08.1958;10/14/18/24/46/48;3;0;NULL;NULL;0/EUR 0,00;1/EUR 255.645,94;8/EUR 114.186,41;358/EUR 3.126,01;0/EUR 0,00;25380/EUR 45,07;0/EUR 0,00;558340/EUR 2,05
10.08.1958;9/14/22/26/34/36;37;0;NULL;NULL;0/EUR 0,00;75/EUR 15.387,35;0/EUR 0,00;4052/EUR 284,79;0/EUR 0,00;85882/EUR 13,42;0/EUR 0,00;905526/EUR 1,25
17.08.1958;1/10/17/20/29/39;36;0;NULL;NULL;0/EUR 0,00;1/EUR 255.645,94;19/EUR 48.940,88;462/EUR 2.371,04;0/EUR 0,00;27200/EUR 41,93;0/EUR 0,00;542229/EUR 2,10
24.08.1958;18/28/35/37/42/45;19;0;NULL;NULL;0/EUR 0,00;1/EUR 255.645,94;16/EUR 56.863,20;533/EUR 2.062,76;0/EUR 0,00;29656/EUR 38,17;0/EUR 0,00;579841/EUR 1,94
31.08.1958;14/19/21/31/32/45;47;0;NULL;NULL;0/EUR 0,00;1/EUR 255.645,94;5/EUR 181.120,85;408/EUR 2.778,10;0/EUR 0,00;26579/EUR 43,15;0/EUR 0,00;596756/EUR 1,92
07.09.1958;13/21/37/44/45/47;26;0;NULL;NULL;0/EUR 0,00;5/EUR 232.913,19;0/EUR 0,00;409/EUR 2.847,33;0/EUR 0,00;26976/EUR 43,15;0/EUR 0,00;503871/EUR 2,30
14.09.1958;1/5/9/33/35/40;7;0;NULL;NULL;0/EUR 0,00;5/EUR 234.115,23;0/EUR 0,00;416/EUR 2.813,87;0/EUR 0,00;28324/EUR 41,31;0/EUR 0,00;616449/EUR 1,89
21.09.1958;1/7/13/14/20/32;15;0;NULL;NULL;0/EUR 0,00;10/EUR 117.619,63;0/EUR 0,00;485/EUR 2.425,13;0/EUR 0,00;31737/EUR 37,04;0/EUR 0,00;641385/EUR 1,82
28.09.1958;9/22/27/35/39/46;23;0;NULL;NULL;0/EUR 0,00;6/EUR 196.429,47;0/EUR 0,00;702/EUR 1.678,88;0/EUR 0,00;38187/EUR 30,86;0/EUR 0,00;696991/EUR 1,69
05.10.1958;2/4/8/30/38/44;14;0;NULL;NULL;0/EUR 0,00;1/EUR 255.645,94;24/EUR 41.828,79;533/EUR 2.167,88;0/EUR 0,00;32267/EUR 37,40;0/EUR 0,00;635984/EUR 1,89
12.10.1958;6/16/19/20/25/33;2;0;NULL;NULL;0/EUR 0,00;3/EUR 255.645,94;22/EUR 20.795,52;885/EUR 1.318,01;0/EUR 0,00;48602/EUR 24,59;0/EUR 0,00;814369/EUR 1,46
19.10.1958;4/6/45/46/48/49;18;0;NULL;NULL;0/EUR 0,00;2/EUR 255.645,94;3/EUR 235.674,06;375/EUR 3.197,67;0/EUR 0,00;19895/EUR 60,74;0/EUR 0,00;342710/EUR 3,50
26.10.1958;6/21/30/33/34/36;20;0;NULL;NULL;0/EUR 0,00;12/EUR 101.268,46;0/EUR 0,00;389/EUR 3.123,94;0/EUR 0,00;33049/EUR 36,76;0/EUR 0,00;674035/EUR 1,79
02.11.1958;7/8/13/29/47/49;21;0;NULL;NULL;0/EUR 0,00;23/EUR 53.814,03;0/EUR 0,00;507/EUR 2.441,27;0/EUR 0,00;32614/EUR 37,94;0/EUR 0,00;651582/EUR 1,89
09.11.1958;8/11/12/18/44/46;30;0;NULL;NULL;0/EUR 0,00;1/EUR 255.645,94;8/EUR 127.299,10;411/EUR 2.983,69;0/EUR 0,00;27940/EUR 44,74;0/EUR 0,00;661612/EUR 1,87
16.11.1958;11/21/22/25/45/47;15;0;NULL;NULL;0/EUR 0,00;4/EUR 255.645,94;4/EUR 63.489,11;408/EUR 3.068,59;0/EUR 0,00;26141/EUR 48,34;0/EUR 0,00;578211/EUR 2,17
23.11.1958;4/18/19/22/25/49;27;0;NULL;NULL;0/EUR 0,00;2/EUR 255.645,94;17/EUR 46.010,16;494/EUR 2.449,73;0/EUR 0,00;34146/EUR 36,66;0/EUR 0,00;718285/EUR 1,74
30.11.1958;11/18/19/44/46/49;37;0;NULL;NULL;0/EUR 0,00;4/EUR 255.645,94;7/EUR 41.815,04;666/EUR 1.934,24;0/EUR 0,00;38730/EUR 33,59;0/EUR 0,00;645149/EUR 1,99
07.12.1958;1/4/13/17/27/28;46;0;NULL;NULL;0/EUR 0,00;2/EUR 255.645,94;13/EUR 62.699,57;1045/EUR 1.238,45;0/EUR 0,00;52351/EUR 25,03;0/EUR 0,00;869759/EUR 1,48
14.12.1958;9/11/13/26/31/48;1;0;NULL;NULL;0/EUR 0,00;6/EUR 218.604,56;0/EUR 0,00;1051/EUR 1.247,96;0/EUR 0,00;52162/EUR 25,13;0/EUR 0,00;867078/EUR 1,51
21.12.1958;6/9/15/17/40/45;16;0;NULL;NULL;0/EUR 0,00;1/EUR 255.645,94;11/EUR 97.813,20;439/EUR 2.888,47;0/EUR 0,00;33733/EUR 38,53;0/EUR 0,00;697170/EUR 1,84
28.12.1958;12/14/19/41/44/49;31;0;NULL;NULL;0/EUR 0,00;1/EUR 255.645,94;10/EUR 80.604,14;430/EUR 2.359,31;0/EUR 0,00;23315/EUR 44,51;0/EUR 0,00;508094/EUR 2,02
04.01.1959;2/13/27/34/41/46;23;0;NULL;NULL;0/EUR 0,00;1/EUR 255.645,94;15/EUR 63.266,80;587/EUR 1.952,42;0/EUR 0,00;32634/EUR 35,99;0/EUR 0,00;563883/EUR 2,07
11.01.1959;7/18/28/44/45/46;19;0;NULL;NULL;0/EUR 0,00;2/EUR 255.645,94;15/EUR 50.060,72;518/EUR 2.303,27;0/EUR 0,00;34393/EUR 35,69;0/EUR 0,00;689098/EUR 1,76
18.01.1959;2/4/6/40/41/43;44;0;NULL;NULL;0/EUR 0,00;8/EUR 160.006,83;0/EUR 0,00;624/EUR 2.051,35;0/EUR 0,00;23801/EUR 53,76;0/EUR 0,00;517775/EUR 2,45
25.01.1959;5/27/28/41/44/47;48;0;NULL;NULL;0/EUR 0,00;2/EUR 255.645,94;5/EUR 157.886,68;368/EUR 3.441,07;0/EUR 0,00;25964/EUR 49,42;0/EUR 0,00;564892/EUR 2,25
01.02.1959;1/6/25/26/33/41;36;0;NULL;NULL;0/EUR 0,00;2/EUR 255.645,94;2/EUR 255.645,94;466/EUR 3.416,76;0/EUR 0,00;37014/EUR 35,30;0/EUR 0,00;627684/EUR 2,07
08.02.1959;6/11/13/15/25/33;20;0;NULL;NULL;0/EUR 0,00;8/EUR 161.619,64;0/EUR 0,00;972/EUR 1.330,20;0/EUR 0,00;53618/EUR 24,11;0/EUR 0,00;894495/EUR 1,43
15.02.1959;6/8/11/25/29/33;23;0;NULL;NULL;0/EUR 0,00;4/EUR 255.645,94;19/EUR 15.325,16;1126/EUR 1.128,65;0/EUR 0,00;89498/EUR 14,42;0/EUR 0,00;858978/EUR 1,48
22.02.1959;5/18/29/44/47/49;23;0;NULL;NULL;0/EUR 0,00;2/EUR 255.645,94;7/EUR 115.293,48;650/EUR 1.985,45;0/EUR 0,00;36896/EUR 35,33;0/EUR 0,00;694490/EUR 1,87
01.03.1959;2/18/21/33/37/46;14;0;NULL;NULL;0/EUR 0,00;5/EUR 255.645,94;16/EUR 4.590,00;702/EUR 1.841,49;0/EUR 0,00;35718/EUR 37,02;0/EUR 0,00;686931/EUR 1,92
08.03.1959;1/10/11/16/36/39;3;0;NULL;NULL;0/EUR 0,00;2/EUR 255.645,94;14/EUR 58.908,57;518/EUR 2.446,89;0/EUR 0,00;30649/EUR 42,46;0/EUR 0,00;621711/EUR 2,07
15.03.1959;14/21/29/37/40/48;26;0;NULL;NULL;0/EUR 0,00;4/EUR 255.645,94;5/EUR 58.424,38;708/EUR 1.831,06;0/EUR 0,00;30126/EUR 43,33;0/EUR 0,00;548046/EUR 2,38
22.03.1959;5/19/26/34/43/49;16;0;NULL;NULL;0/EUR 0,00;2/EUR 255.645,94;13/EUR 59.245,26;833/EUR 1.491,82;0/EUR 0,00;36731/EUR 34,36;0/EUR 0,00;681843/EUR 1,84
29.03.1959;7/10/16/23/35/49;8;0;NULL;NULL;0/EUR 0,00;3/EUR 255.645,94;8/EUR 56.595,18;616/EUR 1.929,90;0/EUR 0,00;34048/EUR 35,36;0/EUR 0,00;622467/EUR 1,92
05.04.1959;2/18/19/23/35/39;41;0;NULL;NULL;0/EUR 0,00;5/EUR 245.117,88;0/EUR 0,00;762/EUR 1.608,37;0/EUR 0,00;41769/EUR 29,32;0/EUR 0,00;756054/EUR 1,61
12.04.1959;2/28/33/39/42/48;1;0;NULL;NULL;0/EUR 0,00;4/EUR 255.645,94;0/EUR 0,00;388/EUR 3.859,77;0/EUR 0,00;27922/EUR 45,12;0/EUR 0,00;572042/EUR 2,20
19.04.1959;4/16/20/22/28/46;30;0;NULL;NULL;0/EUR 0,00;8/EUR 154.539,25;0/EUR 0,00;712/EUR 1.736,37;0/EUR 0,00;38152/EUR 32,39;0/EUR 0,00;616434/EUR 1,99
26.04.1959;1/8/14/15/21/40;37;0;NULL;NULL;0/EUR 0,00;2/EUR 255.645,94;10/EUR 73.573,14;510/EUR 2.352,86;0/EUR 0,00;27544/EUR 44,41;0/EUR 0,00;556523/EUR 2,20
03.05.1959;5/7/30/31/35/46;13;0;NULL;NULL;0/EUR 0,00;1/EUR 255.645,94;8/EUR 120.477,27;380/EUR 3.079,43;0/EUR 0,00;26983/EUR 44,28;0/EUR 0,00;576585/EUR 2,07
10.05.1959;14/19/22/42/43/44;49;0;NULL;NULL;0/EUR 0,00;5/EUR 239.229,36;0/EUR 0,00;344/EUR 3.477,17;0/EUR 0,00;25319/EUR 47,22;0/EUR 0,00;569913/EUR 2,10
17.05.1959;1/7/27/41/46/49;16;0;NULL;NULL;0/EUR 0,00;1/EUR 255.645,94;11/EUR 90.088,73;460/EUR 2.586,34;0/EUR 0,00;32231/EUR 37,78;0/EUR 0,00;621474/EUR 1,94
24.05.1959;1/4/5/19/28/41;16;0;NULL;NULL;0/EUR 0,00;3/EUR 255.645,94;19/EUR 22.710,46;811/EUR 1.411,57;0/EUR 0,00;44981/EUR 26,02;0/EUR 0,00;764653/EUR 1,51
31.05.1959;8/17/22/25/44/49;39;0;NULL;NULL;0/EUR 0,00;3/EUR 255.645,94;16/EUR 30.235,35;509/EUR 2.311,83;0/EUR 0,00;32020/EUR 37,89;0/EUR 0,00;630684/EUR 1,92
07.06.1959;10/11/21/23/42/44;48;0;NULL;NULL;0/EUR 0,00;7/EUR 171.273,81;0/EUR 0,00;624/EUR 1.921,33;0/EUR 0,00;31398/EUR 38,17;0/EUR 0,00;613136/EUR 1,94
14.06.1959;17/19/28/30/32/41;10;0;NULL;NULL;0/EUR 0,00;5/EUR 241.613,28;0/EUR 0,00;914/EUR 1.321,72;0/EUR 0,00;41877/EUR 28,84;0/EUR 0,00;709564/EUR 1,69
21.06.1959;10/23/24/28/35/42;44;0;NULL;NULL;0/EUR 0,00;1/EUR 255.645,94;7/EUR 133.248,29;520/EUR 2.225,42;0/EUR 0,00;30845/EUR 38,01;0/EUR 0,00;631803/EUR 1,84
28.06.1959;3/4/21/34/42/43;1;0;NULL;NULL;0/EUR 0,00;2/EUR 255.645,94;8/EUR 85.469,08;396/EUR 2.900,58;0/EUR 0,00;27906/EUR 41,98;0/EUR 0,00;555629/EUR 2,10
05.07.1959;2/9/18/36/44/49;39;0;NULL;NULL;0/EUR 0,00;11/EUR 110.613,37;0/EUR 0,00;2826/EUR 430,53;0/EUR 0,00;84451/EUR 14,39;0/EUR 0,00;957938/EUR 1,25
12.07.1959;23/25/29/31/35/46;18;0;NULL;NULL;0/EUR 0,00;1/EUR 255.645,94;13/EUR 70.971,84;287/EUR 3.764,46;0/EUR 0,00;21539/EUR 52,41;0/EUR 0,00;471676/EUR 2,38
19.07.1959;2/9/13/26/40/46;38;0;NULL;NULL;0/EUR 0,00;5/EUR 232.864,54;0/EUR 0,00;665/EUR 1.750,84;0/EUR 0,00;35209/EUR 33,06;0/EUR 0,00;651761/EUR 1,76
26.07.1959;14/30/31/34/38/48;24;0;NULL;NULL;0/EUR 0,00;3/EUR 255.645,94;8/EUR 50.218,32;385/EUR 2.914,41;0/EUR 0,00;24496/EUR 46,73;0/EUR 0,00;482903/EUR 2,35
02.08.1959;6/14/24/37/45/48;22;0;NULL;NULL;0/EUR 0,00;2/EUR 255.645,94;24/EUR 29.689,03;650/EUR 1.753,32;0/EUR 0,00;33639/EUR 35,13;0/EUR 0,00;619078/EUR 1,89
09.08.1959;9/11/26/33/35/36;48;0;NULL;NULL;0/EUR 0,00;7/EUR 170.011,43;0/EUR 0,00;952/EUR 1.250,08;0/EUR 0,00;47124/EUR 25,23;0/EUR 0,00;765117/EUR 1,53
16.08.1959;9/13/15/16/28/31;26;0;NULL;NULL;0/EUR 0,00;1/EUR 255.645,94;18/EUR 53.550,92;649/EUR 1.780,37;0/EUR 0,00;35983/EUR 32,98;0/EUR 0,00;694718/EUR 1,69
23.08.1959;2/13/19/31/41/42;4;0;NULL;NULL;0/EUR 0,00;6/EUR 197.962,12;0/EUR 0,00;588/EUR 2.020,01;0/EUR 0,00;34465/EUR 34,46;0/EUR 0,00;675745/EUR 1,74
30.08.1959;11/14/16/33/35/36;28;0;NULL;NULL;0/EUR 0,00;4/EUR 255.645,94;14/EUR 13.865,03;800/EUR 1.469,43;0/EUR 0,00;41680/EUR 28,68;0/EUR 0,00;600314/EUR 1,97
06.09.1959;3/8/9/18/26/29;37;0;NULL;NULL;0/EUR 0,00;7/EUR 176.314,17;0/EUR 0,00;1435/EUR 860,04;0/EUR 0,00;64221/EUR 19,20;0/EUR 0,00;989200/EUR 1,23
13.09.1959;1/9/15/16/23/44;43;0;NULL;NULL;0/EUR 0,00;3/EUR 255.645,94;8/EUR 58.297,27;661/EUR 1.821,73;0/EUR 0,00;36584/EUR 33,31;0/EUR 0,00;654145/EUR 1,84
20.09.1959;11/26/31/45/46/48;19;0;NULL;NULL;0/EUR 0,00;12/EUR 102.167,52;0/EUR 0,00;735/EUR 1.668,04;0/EUR 0,00;40636/EUR 30,17;0/EUR 0,00;626649/EUR 1,94
27.09.1959;1/9/22/24/30/32;27;0;NULL;NULL;0/EUR 0,00;4/EUR 255.645,94;21/EUR 11.284,39;558/EUR 2.099,24;0/EUR 0,00;35835/EUR 33,90;0/EUR 0,00;675835/EUR 1,79
04.10.1959;15/16/17/19/21/29;1;0;NULL;NULL;0/EUR 0,00;4/EUR 255.645,94;10/EUR 32.630,19;983/EUR 1.344,85;0/EUR 0,00;38769/EUR 34,44;0/EUR 0,00;696227/EUR 1,92
11.10.1959;5/6/17/31/34/39;2;0;NULL;NULL;0/EUR 0,00;4/EUR 255.645,94;20/EUR 16.065,23;912/EUR 1.411,63;0/EUR 0,00;46433/EUR 28,33;0/EUR 0,00;788868/EUR 1,66
18.10.1959;2/11/19/38/40/45;26;0;NULL;NULL;0/EUR 0,00;2/EUR 255.645,94;30/EUR 28.791,82;738/EUR 1.723,10;0/EUR 0,00;39752/EUR 33,29;0/EUR 0,00;726125/EUR 1,82
25.10.1959;6/18/19/26/29/39;42;0;NULL;NULL;0/EUR 0,00;4/EUR 255.645,94;19/EUR 15.931,60;1065/EUR 1.201,51;0/EUR 0,00;57519/EUR 22,62;0/EUR 0,00;948893/EUR 1,35
01.11.1959;12/18/25/29/33/37;13;0;NULL;NULL;0/EUR 0,00;12/EUR 111.284,57;0/EUR 0,00;1336/EUR 999,55;0/EUR 0,00;52173/EUR 25,59;0/EUR 0,00;861085/EUR 1,53
08.11.1959;19/20/31/36/38/45;17;0;NULL;NULL;0/EUR 0,00;2/EUR 255.645,94;9/EUR 95.925,21;329/EUR 3.961,41;0/EUR 0,00;25627/EUR 52,23;0/EUR 0,00;620414/EUR 2,15
15.11.1959;3/7/23/29/35/37;28;0;NULL;NULL;0/EUR 0,00;6/EUR 223.771,03;0/EUR 0,00;1216/EUR 1.104,11;0/EUR 0,00;56183/EUR 23,88;0/EUR 0,00;891588/EUR 1,48
22.11.1959;4/15/23/38/43/47;48;0;NULL;NULL;0/EUR 0,00;3/EUR 255.645,94;9/EUR 63.539,98;624/EUR 2.085,33;0/EUR 0,00;34979/EUR 37,73;0/EUR 0,00;650192/EUR 2,02
29.11.1959;3/4/5/14/34/49;24;0;NULL;NULL;0/EUR 0,00;15/EUR 89.482,67;0/EUR 0,00;281/EUR 4.776,64;0/EUR 0,00;30936/EUR 43,38;0/EUR 0,00;673168/EUR 1,97
06.12.1959;1/2/20/21/29/37;4;0;NULL;NULL;0/EUR 0,00;4/EUR 255.645,94;0/EUR 0,00;441/EUR 3.917,80;0/EUR 0,00;28656/EUR 47,98;0/EUR 0,00;582428/EUR 2,35
13.12.1959;5/14/20/32/43/45;29;0;NULL;NULL;0/EUR 0,00;3/EUR 255.645,94;9/EUR 68.729,47;442/EUR 3.011,94;0/EUR 0,00;26371/EUR 51,49;0/EUR 0,00;553605/EUR 2,43
20.12.1959;20/22/25/27/40/42;32;0;NULL;NULL;0/EUR 0,00;2/EUR 255.645,94;7/EUR 124.827,69;401/EUR 3.337,53;0/EUR 0,00;25696/EUR 52,97;0/EUR 0,00;567040/EUR 2,38
27.12.1959;8/17/25/31/47/48;33;0;NULL;NULL;0/EUR 0,00;2/EUR 255.645,94;15/EUR 43.141,66;597/EUR 1.847,55;0/EUR 0,00;30124/EUR 37,53;0/EUR 0,00;574085/EUR 1,97
03.01.1960;9/39/40/42/43/48;6;0;NULL;NULL;0/EUR 0,00;2/EUR 255.645,94;7/EUR 107.147,83;317/EUR 3.810,63;0/EUR 0,00;22552/EUR 54,73;0/EUR 0,00;499142/EUR 2,45
10.01.1960;22/27/28/33/36/41;43;0;NULL;NULL;0/EUR 0,00;2/EUR 255.645,94;8/EUR 105.599,41;535/EUR 2.461,13;0/EUR 0,00;32630/EUR 40,95;0/EUR 0,00;685533/EUR 1,94
17.01.1960;7/14/15/24/33/49;23;0;NULL;NULL;0/EUR 0,00;2/EUR 255.645,94;22/EUR 38.739,44;751/EUR 1.715,15;0/EUR 0,00;41852/EUR 31,67;0/EUR 0,00;790968/EUR 1,66
24.01.1960;22/37/42/43/45/48;1;0;NULL;NULL;0/EUR 0,00;1/EUR 255.645,94;7/EUR 157.054,42;634/EUR 2.091,08;0/EUR 0,00;33646/EUR 39,83;0/EUR 0,00;584309/EUR 2,28
31.01.1960;4/29/30/40/41/49;43;0;NULL;NULL;0/EUR 0,00;1/EUR 255.645,94;4/EUR 255.645,94;474/EUR 3.113,59;0/EUR 0,00;28211/EUR 48,80;0/EUR 0,00;541433/EUR 2,53
07.02.1960;8/13/20/33/41/48;35;0;NULL;NULL;0/EUR 0,00;2/EUR 255.645,94;7/EUR 128.174,33;572/EUR 2.403,58;0/EUR 0,00;33059/EUR 42,08;0/EUR 0,00;645908/EUR 2,15
14.02.1960;10/12/22/26/28/45;2;0;NULL;NULL;0/EUR 0,00;3/EUR 255.645,94;23/EUR 28.797,59;647/EUR 2.062,45;0/EUR 0,00;38160/EUR 36,20;0/EUR 0,00;757634/EUR 1,82
21.02.1960;1/12/14/25/26/45;28;0;NULL;NULL;0/EUR 0,00;2/EUR 255.645,94;10/EUR 89.506,81;574/EUR 2.367,59;0/EUR 0,00;34530/EUR 40,03;0/EUR 0,00;672610/EUR 2,05
28.02.1960;3/4/12/13/20/24;49;0;NULL;NULL;0/EUR 0,00;5/EUR 255.645,94;13/EUR 9.170,79;986/EUR 1.380,87;0/EUR 0,00;54955/EUR 25,08;0/EUR 0,00;959449/EUR 1,43
06.03.1960;2/6/25/34/44/48;12;0;NULL;NULL;0/EUR 0,00;5/EUR 255.645,94;15/EUR 9.115,95;736/EUR 1.847,20;0/EUR 0,00;35045/EUR 39,57;0/EUR 0,00;683173/EUR 2,02
13.03.1960;19/28/32/41/43/46;7;0;NULL;NULL;0/EUR 0,00;5/EUR 255.645,94;37/EUR 4.864,89;711/EUR 1.857,60;0/EUR 0,00;42798/EUR 32,44;0/EUR 0,00;741989/EUR 1,87
20.03.1960;26/33/43/45/47/48;42;0;NULL;NULL;0/EUR 0,00;5/EUR 255.645,94;49/EUR 3.866,01;880/EUR 1.500,67;0/EUR 0,00;53293/EUR 26,15;0/EUR 0,00;737829/EUR 1,87
27.03.1960;4/5/19/22/32/42;28;0;NULL;NULL;0/EUR 0,00;2/EUR 255.645,94;9/EUR 98.906,40;781/EUR 1.753,99;0/EUR 0,00;46953/EUR 29,50;0/EUR 0,00;874353/EUR 1,56
03.04.1960;9/10/22/25/30/47;40;0;NULL;NULL;0/EUR 0,00;18/EUR 78.839,44;0/EUR 0,00;610/EUR 2.326,40;0/EUR 0,00;36856/EUR 38,50;0/EUR 0,00;745575/EUR 1,89
10.04.1960;3/7/15/39/43/47;8;0;NULL;NULL;0/EUR 0,00;1/EUR 255.645,94;9/EUR 126.480,45;818/EUR 1.667,43;0/EUR 0,00;42990/EUR 32,06;0/EUR 0,00;758269/EUR 1,82
18.04.1960;3/17/36/39/44/48;40;0;NULL;NULL;0/EUR 0,00;5/EUR 255.645,94;0/EUR 0,00;625/EUR 2.166,32;0/EUR 0,00;36999/EUR 35,56;0/EUR 0,00;699502/EUR 1,87
24.04.1960;4/17/25/33/40/42;18;0;NULL;NULL;0/EUR 0,00;5/EUR 255.645,94;25/EUR 3.252,81;1207/EUR 1.081,56;0/EUR 0,00;49789/EUR 26,74;0/EUR 0,00;813123/EUR 1,64
01.05.1960;12/14/22/35/39/45;47;0;NULL;NULL;0/EUR 0,00;1/EUR 255.645,94;16/EUR 74.727,20;579/EUR 2.375,23;0/EUR 0,00;34108/EUR 41,41;0/EUR 0,00;695656/EUR 2,02
08.05.1960;3/9/28/32/33/41;19;0;NULL;NULL;0/EUR 0,00;2/EUR 255.645,94;44/EUR 21.654,69;615/EUR 2.082,62;0/EUR 0,00;41609/EUR 32,98;0/EUR 0,00;848636/EUR 1,61
15.05.1960;7/14/22/36/41/46;18;0;NULL;NULL;0/EUR 0,00;6/EUR 227.801,24;0/EUR 0,00;948/EUR 1.441,77;0/EUR 0,00;43657/EUR 31,29;0/EUR 0,00;753000/EUR 1,82
22.05.1960;6/8/14/28/32/36;15;0;NULL;NULL;0/EUR 0,00;4/EUR 255.645,94;12/EUR 27.756,86;1244/EUR 1.069,14;0/EUR 0,00;48569/EUR 27,64;0/EUR 0,00;788422/EUR 1,69
29.05.1960;2/26/28/29/32/39;9;0;NULL;NULL;0/EUR 0,00;8/EUR 163.546,45;0/EUR 0,00;256/EUR 5.110,82;0/EUR 0,00;24636/EUR 53,10;0/EUR 0,00;595282/EUR 2,17
06.06.1960;24/31/32/40/44/48;34;0;NULL;NULL;0/EUR 0,00;16/EUR 84.710,79;0/EUR 0,00;589/EUR 2.301,12;0/EUR 0,00;49285/EUR 27,48;0/EUR 0,00;671509/EUR 1,99
12.06.1960;10/15/24/27/31/34;32;0;NULL;NULL;0/EUR 0,00;1/EUR 255.645,94;14/EUR 77.779,51;526/EUR 2.427,00;0/EUR 0,00;32880/EUR 39,86;0/EUR 0,00;664830/EUR 1,97
19.06.1960;14/19/24/31/40/41;15;0;NULL;NULL;0/EUR 0,00;2/EUR 255.645,94;11/EUR 69.316,99;540/EUR 2.266,51;0/EUR 0,00;32858/EUR 37,99;0/EUR 0,00;673728/EUR 1,84
26.06.1960;8/10/13/27/39/49;35;0;NULL;NULL;0/EUR 0,00;2/EUR 255.645,94;9/EUR 90.335,25;671/EUR 1.922,07;0/EUR 0,00;40106/EUR 32,57;0/EUR 0,00;721282/EUR 1,79
03.07.1960;4/17/21/23/34/49;10;0;NULL;NULL;0/EUR 0,00;4/EUR 255.645,94;17/EUR 21.947,49;694/EUR 1.917,14;0/EUR 0,00;39811/EUR 34,23;0/EUR 0,00;745348/EUR 1,82
10.07.1960;15/16/21/23/35/43;10;0;NULL;NULL;0/EUR 0,00;4/EUR 255.645,94;15/EUR 24.202,05;645/EUR 2.052,76;0/EUR 0,00;37773/EUR 35,87;0/EUR 0,00;684708/EUR 1,97
17.07.1960;12/20/22/29/30/49;21;0;NULL;NULL;0/EUR 0,00;1/EUR 255.645,94;9/EUR 124.090,80;414/EUR 3.176,99;0/EUR 0,00;29057/EUR 46,25;0/EUR 0,00;608049/EUR 2,20
24.07.1960;4/13/22/23/29/44;5;0;NULL;NULL;0/EUR 0,00;2/EUR 255.645,94;13/EUR 64.493,26;903/EUR 1.452,84;0/EUR 0,00;46295/EUR 28,73;0/EUR 0,00;774999/EUR 1,71
31.07.1960;5/18/25/32/33/38;15;0;NULL;NULL;0/EUR 0,00;8/EUR 167.959,26;0/EUR 0,00;1658/EUR 810,40;0/EUR 0,00;68044/EUR 19,74;0/EUR 0,00;1002102/EUR 1,33
07.08.1960;13/27/34/35/43/48;33;0;NULL;NULL;0/EUR 0,00;1/EUR 255.645,94;10/EUR 109.562,85;830/EUR 1.589,73;0/EUR 0,00;44765/EUR 29,81;0/EUR 0,00;728084/EUR 1,82
14.08.1960;4/7/14/25/30/38;17;0;NULL;NULL;0/EUR 0,00;1/EUR 255.645,94;23/EUR 48.933,22;782/EUR 1.667,99;0/EUR 0,00;43847/EUR 30,60;0/EUR 0,00;789080/EUR 1,69
21.08.1960;6/10/11/12/19/43;20;0;NULL;NULL;0/EUR 0,00;3/EUR 255.645,94;15/EUR 39.438,19;785/EUR 1.666,86;0/EUR 0,00;50313/EUR 26,48;0/EUR 0,00;918964/EUR 1,43
28.08.1960;12/24/28/31/37/39;4;0;NULL;NULL;0/EUR 0,00;1/EUR 255.645,94;30/EUR 36.484,00;898/EUR 1.409,35;0/EUR 0,00;44949/EUR 29,09;0/EUR 0,00;788902/EUR 1,64
04.09.1960;11/22/27/45/46/48;44;0;NULL;NULL;0/EUR 0,00;2/EUR 255.645,94;15/EUR 59.060,09;636/EUR 2.097,88;0/EUR 0,00;37485/EUR 36,43;0/EUR 0,00;700854/EUR 1,94
11.09.1960;23/25/32/41/42/46;24;0;NULL;NULL;0/EUR 0,00;5/EUR 255.645,94;0/EUR 0,00;448/EUR 3.149,38;0/EUR 0,00;31254/EUR 43,00;0/EUR 0,00;669984/EUR 1,99
18.09.1960;3/19/22/25/29/45;6;0;NULL;NULL;0/EUR 0,00;3/EUR 255.645,94;26/EUR 24.567,47;685/EUR 1.907,30;0/EUR 0,00;44489/EUR 30,47;0/EUR 0,00;845797/EUR 1,59
25.09.1960;7/8/17/18/33/48;12;0;NULL;NULL;0/EUR 0,00;7/EUR 192.810,11;0/EUR 0,00;1144/EUR 1.179,78;0/EUR 0,00;55219/EUR 24,44;0/EUR 0,00;951446/EUR 1,41
02.10.1960;3/4/12/16/19/31;39;0;NULL;NULL;0/EUR 0,00;4/EUR 255.645,94;30/EUR 12.540,69;1426/EUR 941,31;0/EUR 0,00;69214/EUR 19,79;0/EUR 0,00;1058309/EUR 1,28
09.10.1960;12/20/24/30/38/45;17;0;NULL;NULL;0/EUR 0,00;1/EUR 255.645,94;11/EUR 102.859,99;668/EUR 2.010,30;0/EUR 0,00;37519/EUR 36,38;0/EUR 0,00;701166/EUR 1,94
16.10.1960;5/14/22/25/29/38;47;0;NULL;NULL;0/EUR 0,00;5/EUR 255.645,94;38/EUR 3.450,76;1336/EUR 998,12;0/EUR 0,00;55268/EUR 24,80;0/EUR 0,00;863043/EUR 1,59
23.10.1960;5/6/18/29/31/48;42;0;NULL;NULL;0/EUR 0,00;7/EUR 195.840,31;0/EUR 0,00;896/EUR 1.529,99;0/EUR 0,00;43579/EUR 31,44;0/EUR 0,00;769659/EUR 1,76
30.10.1960;8/24/35/41/47/49;21;0;NULL;NULL;0/EUR 0,00;2/EUR 255.645,94;10/EUR 89.229,56;493/EUR 2.736,03;0/EUR 0,00;29512/EUR 46,63;0/EUR 0,00;602291/EUR 2,28
06.11.1960;3/9/10/18/19/24;25;0;NULL;NULL;0/EUR 0,00;7/EUR 198.415,28;0/EUR 0,00;1944/EUR 714,45;0/EUR 0,00;88480/EUR 15,70;0/EUR 0,00;1306245/EUR 1,05
13.11.1960;4/15/20/30/41/47;35;0;NULL;NULL;0/EUR 0,00;3/EUR 255.645,94;9/EUR 73.585,64;426/EUR 3.218,91;0/EUR 0,00;24680/EUR 56,73;0/EUR 0,00;537031/EUR 2,58
20.11.1960;13/14/19/33/36/42;11;0;NULL;NULL;0/EUR 0,00;3/EUR 255.645,94;16/EUR 42.312,62;693/EUR 1.991,64;0/EUR 0,00;47712/EUR 29,58;0/EUR 0,00;941746/EUR 1,48
27.11.1960;1/14/20/27/46/47;34;0;NULL;NULL;0/EUR 0,00;1/EUR 255.645,94;11/EUR 110.368,28;302/EUR 4.536,08;0/EUR 0,00;20380/EUR 69,66;0/EUR 0,00;504675/EUR 2,81
04.12.1960;3/4/5/13/18/22;17;0;NULL;NULL;0/EUR 0,00;4/EUR 255.645,94;30/EUR 16.343,27;1060/EUR 1.350,78;0/EUR 0,00;59105/EUR 24,90;0/EUR 0,00;1087420/EUR 1,33
11.12.1960;12/23/24/26/32/34;3;0;NULL;NULL;0/EUR 0,00;6/EUR 245.363,07;0/EUR 0,00;1307/EUR 1.126,38;0/EUR 0,00;67554/EUR 21,78;0/EUR 0,00;1085571/EUR 1,35
18.12.1960;1/5/8/45/46/47;26;0;NULL;NULL;0/EUR 0,00;1/EUR 255.645,94;13/EUR 96.003,67;515/EUR 2.779,46;0/EUR 0,00;25632/EUR 57,24;0/EUR 0,00;551437/EUR 2,66
26.12.1960;8/20/36/40/42/47;38;0;NULL;NULL;0/EUR 0,00;1/EUR 255.645,94;5/EUR 220.737,28;350/EUR 3.775,92;0/EUR 0,00;25009/EUR 53,58;0/EUR 0,00;530151/EUR 2,51
01.01.1961;8/11/15/27/42/49;33;0;NULL;NULL;0/EUR 0,00;1/EUR 255.645,94;18/EUR 65.312,99;588/EUR 2.293,71;0/EUR 0,00;33549/EUR 41,41;0/EUR 0,00;666028/EUR 2,07
08.01.1961;10/13/20/30/38/39;2;0;NULL;NULL;0/EUR 0,00;1/EUR 255.645,94;12/EUR 99.479,76;623/EUR 2.240,17;0/EUR 0,00;35530/EUR 40,03;0/EUR 0,00;702075/EUR 2,02
15.01.1961;10/14/16/23/35/37;21;0;NULL;NULL;0/EUR 0,00;2/EUR 255.645,94;17/EUR 57.615,49;764/EUR 1.868,11;0/EUR 0,00;39500/EUR 36,92;0/EUR 0,00;726480/EUR 1,99
22.01.1961;4/6/15/38/47/49;2;0;NULL;NULL;0/EUR 0,00;2/EUR 255.645,94;5/EUR 189.060,02;389/EUR 3.650,60;0/EUR 0,00;29037/EUR 49,52;0/EUR 0,00;599371/EUR 2,38
29.01.1961;6/10/18/37/45/47;5;0;NULL;NULL;0/EUR 0,00;1/EUR 255.645,94;8/EUR 149.075,94;708/EUR 2.000,33;0/EUR 0,00;36596/EUR 39,11;0/EUR 0,00;701385/EUR 2,02
05.02.1961;15/16/18/25/37/43;36;0;NULL;NULL;0/EUR 0,00;1/EUR 255.645,94;6/EUR 208.341,96;450/EUR 3.259,08;0/EUR 0,00;32671/EUR 45,48;0/EUR 0,00;705649/EUR 2,10
12.02.1961;5/16/32/38/41/42;9;0;NULL;NULL;0/EUR 0,00;13/EUR 112.138,12;0/EUR 0,00;434/EUR 3.358,96;0/EUR 0,00;30819/EUR 47,29;0/EUR 0,00;652670/EUR 2,22
19.02.1961;5/13/15/36/44/49;8;0;NULL;NULL;0/EUR 0,00;1/EUR 255.645,94;10/EUR 121.507,11;517/EUR 2.738,76;0/EUR 0,00;34546/EUR 41,77;0/EUR 0,00;701763/EUR 2,05
26.02.1961;6/13/18/26/35/36;48;0;NULL;NULL;0/EUR 0,00;6/EUR 243.145,72;0/EUR 0,00;1116/EUR 1.307,22;0/EUR 0,00;56171/EUR 25,95;0/EUR 0,00;935946/EUR 1,53
05.03.1961;1/2/8/9/25/28;44;0;NULL;NULL;0/EUR 0,00;9/EUR 167.231,33;0/EUR 0,00;1329/EUR 1.132,49;0/EUR 0,00;57033/EUR 26,38;0/EUR 0,00;953542/EUR 1,56
12.03.1961;8/13/21/24/26/28;2;0;NULL;NULL;0/EUR 0,00;3/EUR 255.645,94;26/EUR 28.064,35;863/EUR 1.635,62;0/EUR 0,00;47835/EUR 30,40;0/EUR 0,00;870162/EUR 1,66
19.03.1961;2/32/34/40/41/48;35;0;NULL;NULL;0/EUR 0,00;2/EUR 255.645,94;7/EUR 139.750,34;365/EUR 3.930,17;0/EUR 0,00;28389/EUR 51,49;0/EUR 0,00;632790/EUR 2,30
26.03.1961;6/7/9/12/15/40;36;0;NULL;NULL;0/EUR 0,00;1/EUR 255.645,94;15/EUR 81.973,02;788/EUR 1.815,67;0/EUR 0,00;49758/EUR 29,30;0/EUR 0,00;870259/EUR 1,66
03.04.1961;6/9/32/33/38/40;18;0;NULL;NULL;0/EUR 0,00;5/EUR 255.645,94;17/EUR 11.821,96;442/EUR 3.107,56;0/EUR 0,00;32414/EUR 44,00;0/EUR 0,00;736963/EUR 1,92
09.04.1961;3/17/20/21/26/31;45;0;NULL;NULL;0/EUR 0,00;3/EUR 255.645,94;17/EUR 40.653,64;862/EUR 1.627,26;0/EUR 0,00;52132/EUR 27,43;0/EUR 0,00;885243/EUR 1,61
16.04.1961;4/23/27/28/29/38;5;0;NULL;NULL;0/EUR 0,00;4/EUR 255.645,94;10/EUR 45.785,37;459/EUR 3.090,68;0/EUR 0,00;43450/EUR 33,34;0/EUR 0,00;870427/EUR 1,66
23.04.1961;15/16/17/30/38/40;47;0;NULL;NULL;0/EUR 0,00;3/EUR 255.645,94;11/EUR 63.934,65;914/EUR 1.570,74;0/EUR 0,00;35812/EUR 40,57;0/EUR 0,00;678953/EUR 2,12
30.04.1961;1/8/19/23/40/46;34;0;NULL;NULL;0/EUR 0,00;2/EUR 255.645,94;13/EUR 77.435,87;682/EUR 2.144,00;0/EUR 0,00;37265/EUR 39,98;0/EUR 0,00;761899/EUR 1,94
07.05.1961;3/18/22/27/34/39;48;0;NULL;NULL;0/EUR 0,00;10/EUR 144.550,34;0/EUR 0,00;1306/EUR 1.106,79;0/EUR 0,00;66248/EUR 21,81;0/EUR 0,00;1028712/EUR 1,38
14.05.1961;5/7/18/21/22/43;14;0;NULL;NULL;0/EUR 0,00;3/EUR 255.645,94;22/EUR 31.427,65;1010/EUR 1.383,61;0/EUR 0,00;54073/EUR 26,38;0/EUR 0,00;963801/EUR 1,46
22.05.1961;7/9/21/31/35/45;40;0;NULL;NULL;0/EUR 0,00;2/EUR 255.645,94;17/EUR 56.593,03;874/EUR 1.622,64;0/EUR 0,00;45502/EUR 31,75;0/EUR 0,00;882923/EUR 1,64
28.05.1961;14/24/41/43/45/48;11;0;NULL;NULL;0/EUR 0,00;4/EUR 255.645,94;19/EUR 21.538,89;907/EUR 1.515,14;0/EUR 0,00;47671/EUR 29,42;0/EUR 0,00;688364/EUR 2,02
04.06.1961;1/2/11/15/36/41;3;0;NULL;NULL;0/EUR 0,00;14/EUR 102.649,95;0/EUR 0,00;373/EUR 3.852,79;0/EUR 0,00;29225/EUR 49,16;0/EUR 0,00;647325/EUR 2,20
11.06.1961;2/5/25/29/39/47;27;0;NULL;NULL;0/EUR 0,00;9/EUR 158.554,37;0/EUR 0,00;522/EUR 2.733,67;0/EUR 0,00;35013/EUR 40,75;0/EUR 0,00;707695/EUR 1,99
18.06.1961;5/9/21/22/34/47;6;0;NULL;NULL;0/EUR 0,00;2/EUR 255.645,94;21/EUR 43.481,62;798/EUR 1.695,70;0/EUR 0,00;42373/EUR 32,77;0/EUR 0,00;772725/EUR 1,79
25.06.1961;14/23/28/29/36/40;10;0;NULL;NULL;0/EUR 0,00;1/EUR 255.645,94;10/EUR 116.024,58;601/EUR 2.280,00;0/EUR 0,00;36164/EUR 38,50;0/EUR 0,00;707568/EUR 1,97
02.07.1961;1/17/25/29/37/42;40;0;NULL;NULL;0/EUR 0,00;3/EUR 255.645,94;7/EUR 93.598,78;555/EUR 2.499,35;0/EUR 0,00;34450/EUR 40,75;0/EUR 0,00;703981/EUR 1,99
09.07.1961;1/11/18/25/26/33;5;0;NULL;NULL;0/EUR 0,00;1/EUR 255.645,94;42/EUR 28.520,96;1186/EUR 1.144,50;0/EUR 0,00;53686/EUR 26,18;0/EUR 0,00;885620/EUR 1,59
16.07.1961;1/2/19/32/42/48;35;0;NULL;NULL;0/EUR 0,00;2/EUR 255.645,94;8/EUR 116.818,10;491/EUR 2.851,73;0/EUR 0,00;34317/EUR 41,47;0/EUR 0,00;704203/EUR 2,02
23.07.1961;3/5/15/28/42/43;13;0;NULL;NULL;0/EUR 0,00;3/EUR 255.645,94;23/EUR 30.145,36;605/EUR 2.243,11;0/EUR 0,00;38711/EUR 36,38;0/EUR 0,00;750468/EUR 1,87
30.07.1961;2/12/35/41/47/49;37;0;NULL;NULL;0/EUR 0,00;3/EUR 255.645,94;4/EUR 163.688,56;422/EUR 3.306,24;0/EUR 0,00;32067/EUR 43,92;0/EUR 0,00;627637/EUR 2,22
06.08.1961;12/15/25/28/32/43;49;0;NULL;NULL;0/EUR 0,00;3/EUR 255.645,94;10/EUR 66.186,15;838/EUR 1.665,25;0/EUR 0,00;41261/EUR 34,21;0/EUR 0,00;759414/EUR 1,84
13.08.1961;9/12/23/28/31/38;21;0;NULL;NULL;0/EUR 0,00;1/EUR 255.645,94;23/EUR 50.753,03;1055/EUR 1.292,42;0/EUR 0,00;53535/EUR 26,02;0/EUR 0,00;915408/EUR 1,51
20.08.1961;9/25/31/33/34/48;49;0;NULL;NULL;0/EUR 0,00;5/EUR 255.645,94;7/EUR 19.818,41;543/EUR 2.543,91;0/EUR 0,00;40944/EUR 34,15;0/EUR 0,00;813928/EUR 1,71
27.08.1961;11/15/17/18/33/44;38;0;NULL;NULL;0/EUR 0,00;1/EUR 255.645,94;7/EUR 164.274,25;593/EUR 2.315,59;0/EUR 0,00;39983/EUR 34,74;0/EUR 0,00;816047/EUR 1,69
03.09.1961;2/10/15/20/32/35;19;0;NULL;NULL;0/EUR 0,00;2/EUR 255.645,94;18/EUR 52.410,61;574/EUR 2.384,72;0/EUR 0,00;36180/EUR 39,01;0/EUR 0,00;660568/EUR 2,12
10.09.1961;5/11/13/15/16/29;17;0;NULL;NULL;0/EUR 0,00;2/EUR 255.645,94;23/EUR 41.643,73;757/EUR 1.829,50;0/EUR 0,00;46929/EUR 30,40;0/EUR 0,00;851020/EUR 1,66
17.09.1961;1/10/20/27/37/49;35;0;NULL;NULL;0/EUR 0,00;3/EUR 255.645,94;16/EUR 44.266,35;613/EUR 2.287,11;0/EUR 0,00;34689/EUR 41,47;0/EUR 0,00;626069/EUR 2,28
24.09.1961;5/7/10/13/16/18;30;0;NULL;NULL;0/EUR 0,00;19/EUR 74.748,06;0/EUR 0,00;1730/EUR 820,93;0/EUR 0,00;63747/EUR 22,27;0/EUR 0,00;1041185/EUR 1,35
01.10.1961;4/14/23/29/33/36;26;0;NULL;NULL;0/EUR 0,00;2/EUR 255.645,94;23/EUR 42.787,49;1290/EUR 1.119,29;0/EUR 0,00;57637/EUR 25,49;0/EUR 0,00;929683/EUR 1,56
08.10.1961;1/4/31/33/35/48;18;0;NULL;NULL;0/EUR 0,00;26/EUR 56.912,36;0/EUR 0,00;396/EUR 3.736,65;0/EUR 0,00;26773/EUR 55,25;0/EUR 0,00;601603/EUR 2,45
15.10.1961;7/12/14/17/19/44;35;0;NULL;NULL;0/EUR 0,00;4/EUR 255.645,94;6/EUR 77.050,31;1138/EUR 1.291,19;0/EUR 0,00;58706/EUR 25,16;0/EUR 0,00;1050586/EUR 1,38
22.10.1961;25/31/40/45/47/48;16;0;NULL;NULL;0/EUR 0,00;1/EUR 255.645,94;19/EUR 65.800,20;767/EUR 1.870,61;0/EUR 0,00;43709/EUR 33,62;0/EUR 0,00;725390/EUR 2,02
29.10.1961;4/16/22/33/35/40;20;0;NULL;NULL;0/EUR 0,00;5/EUR 255.645,94;14/EUR 17.166,50;592/EUR 2.449,27;0/EUR 0,00;36292/EUR 40,88;0/EUR 0,00;725884/EUR 2,02
05.11.1961;5/6/9/33/41/44;7;0;NULL;NULL;0/EUR 0,00;1/EUR 255.645,94;7/EUR 178.510,50;684/EUR 2.156,45;0/EUR 0,00;45604/EUR 32,67;0/EUR 0,00;898468/EUR 1,64
12.11.1961;11/12/18/27/33/49;2;0;NULL;NULL;0/EUR 0,00;6/EUR 250.306,93;0/EUR 0,00;899/EUR 1.670,54;0/EUR 0,00;54812/EUR 27,38;0/EUR 0,00;1024676/EUR 1,46
19.11.1961;8/13/14/30/32/44;40;0;NULL;NULL;0/EUR 0,00;2/EUR 255.645,94;7/EUR 146.198,31;584/EUR 2.566,35;0/EUR 0,00;36973/EUR 41,01;0/EUR 0,00;764809/EUR 1,97
26.11.1961;1/2/20/37/39/40;32;0;NULL;NULL;0/EUR 0,00;1/EUR 255.645,94;5/EUR 250.904,86;508/EUR 2.915,39;0/EUR 0,00;28694/EUR 52,10;0/EUR 0,00;579941/EUR 2,56
03.12.1961;7/8/16/17/25/27;36;0;NULL;NULL;0/EUR 0,00;5/EUR 255.645,94;35/EUR 9.260,57;1255/EUR 1.209,31;0/EUR 0,00;63038/EUR 24,75;0/EUR 0,00;1111100/EUR 1,38
10.12.1961;5/10/23/29/39/47;19;0;NULL;NULL;0/EUR 0,00;5/EUR 255.645,94;50/EUR 6.962,82;1023/EUR 1.448,23;0/EUR 0,00;49731/EUR 31,24;0/EUR 0,00;856355/EUR 1,79
17.12.1961;5/13/21/25/32/49;45;0;NULL;NULL;0/EUR 0,00;6/EUR 255.645,94;39/EUR 1.790,16;1126/EUR 1.331,97;0/EUR 0,00;54668/EUR 28,38;0/EUR 0,00;918676/EUR 1,69
26.12.1961;4/22/31/32/36/42;49;0;NULL;NULL;0/EUR 0,00;4/EUR 255.645,94;10/EUR 52.688,09;570/EUR 2.626,20;0/EUR 0,00;43882/EUR 34,69;0/EUR 0,00;806891/EUR 1,87
31.12.1961;1/2/9/24/26/27;23;0;NULL;NULL;0/EUR 0,00;7/EUR 211.940,20;0/EUR 0,00;1223/EUR 1.213,07;0/EUR 0,00;59052/EUR 25,10;0/EUR 0,00;999016/EUR 1,48
07.01.1962;1/11/20/33/35/37;45;0;NULL;NULL;0/EUR 0,00;2/EUR 255.645,94;11/EUR 90.346,25;553/EUR 2.617,56;0/EUR 0,00;33371/EUR 44,23;0/EUR 0,00;688681/EUR 2,12
14.01.1962;9/12/19/22/26/27;25;0;NULL;NULL;0/EUR 0,00;8/EUR 196.271,17;0/EUR 0,00;1665/EUR 943,03;0/EUR 0,00;83677/EUR 18,76;0/EUR 0,00;1338477/EUR 1,15
21.01.1962;3/5/33/37/45/47;24;0;NULL;NULL;0/EUR 0,00;3/EUR 255.645,94;14/EUR 61.027,36;731/EUR 2.136,13;0/EUR 0,00;54860/EUR 28,99;0/EUR 0,00;894912/EUR 1,76
28.01.1962;5/20/37/41/48/49;46;0;NULL;NULL;0/EUR 0,00;1/EUR 255.645,94;3/EUR 255.645,94;288/EUR 7.525,99;0/EUR 0,00;26005/EUR 61,33;0/EUR 0,00;629918/EUR 2,53
04.02.1962;7/17/25/26/33/44;29;0;NULL;NULL;0/EUR 0,00;8/EUR 203.456,05;0/EUR 0,00;1589/EUR 1.024,32;0/EUR 0,00;69094/EUR 23,54;0/EUR 0,00;1161280/EUR 1,38
11.02.1962;9/18/23/27/29/40;42;0;NULL;NULL;0/EUR 0,00;5/EUR 255.645,94;27/EUR 13.770,45;1639/EUR 974,60;0/EUR 0,00;82082/EUR 19,76;0/EUR 0,00;1253182/EUR 1,28
18.02.1962;14/28/31/33/39/42;10;0;NULL;NULL;0/EUR 0,00;1/EUR 255.645,94;20/EUR 70.345,51;897/EUR 1.774,34;0/EUR 0,00;53713/EUR 30,27;0/EUR 0,00;968050/EUR 1,66
25.02.1962;9/11/29/32/36/38;7;0;NULL;NULL;0/EUR 0,00;3/EUR 255.645,94;14/EUR 61.958,07;706/EUR 2.226,63;0/EUR 0,00;45628/EUR 35,13;0/EUR 0,00;920775/EUR 1,74
04.03.1962;2/17/19/25/45/48;11;0;NULL;NULL;0/EUR 0,00;6/EUR 255.645,94;20/EUR 7.626,79;1016/EUR 1.596,97;0/EUR 0,00;55760/EUR 29,65;0/EUR 0,00;1030672/EUR 1,59
11.03.1962;4/19/21/33/43/45;26;0;NULL;NULL;0/EUR 0,00;1/EUR 255.645,94;13/EUR 106.447,34;987/EUR 1.618,42;0/EUR 0,00;55202/EUR 29,30;0/EUR 0,00;992988/EUR 1,61
18.03.1962;1/12/14/16/21/22;33;0;NULL;NULL;0/EUR 0,00;3/EUR 255.645,94;5/EUR 176.810,23;682/EUR 2.385,82;0/EUR 0,00;38726/EUR 42,31;0/EUR 0,00;782773/EUR 2,07
25.03.1962;24/25/27/38/44/45;32;0;NULL;NULL;0/EUR 0,00;3/EUR 255.645,94;24/EUR 38.992,17;490/EUR 3.164,95;0/EUR 0,00;34138/EUR 47,65;0/EUR 0,00;757959/EUR 2,12
01.04.1962;10/12/26/28/32/35;31;0;NULL;NULL;0/EUR 0,00;4/EUR 255.645,94;25/EUR 32.093,74;1086/EUR 1.606,43;0/EUR 0,00;57235/EUR 31,16;0/EUR 0,00;1005824/EUR 1,76
08.04.1962;4/9/10/25/27/32;42;0;NULL;NULL;0/EUR 0,00;4/EUR 255.645,94;19/EUR 34.436,12;1194/EUR 1.361,08;0/EUR 0,00;65280/EUR 25,28;0/EUR 0,00;1174184/EUR 1,41
15.04.1962;4/24/37/39/44/46;17;0;NULL;NULL;0/EUR 0,00;0/EUR 0,00;30/EUR 54.887,67;573/EUR 2.873,69;0/EUR 0,00;41321/EUR 39,83;0/EUR 0,00;781784/EUR 2,10
23.04.1962;7/29/35/36/39/42;17;0;NULL;NULL;0/EUR 0,00;0/EUR 0,00;30/EUR 51.874,17;483/EUR 3.221,98;0/EUR 0,00;38988/EUR 39,91;0/EUR 0,00;844311/EUR 1,84
29.04.1962;21/27/34/45/48/49;10;0;NULL;NULL;0/EUR 0,00;0/EUR 0,00;11/EUR 141.354,34;530/EUR 2.933,77;0/EUR 0,00;32718/EUR 47,50;0/EUR 0,00;709716/EUR 2,17
06.05.1962;12/13/17/28/44/47;29;0;NULL;NULL;0/EUR 0,00;4/EUR 255.645,94;20/EUR 31.866,78;781/EUR 2.021,80;0/EUR 0,00;45573/EUR 35,53;0/EUR 0,00;902079/EUR 1,79
13.05.1962;3/4/10/34/40/47;7;0;NULL;NULL;0/EUR 0,00;1/EUR 255.645,94;9/EUR 152.996,76;337/EUR 4.598,92;0/EUR 0,00;27608/EUR 57,62;0/EUR 0,00;662002/EUR 2,40
20.05.1962;1/19/26/27/32/48;4;0;NULL;NULL;0/EUR 0,00;5/EUR 255.645,94;13/EUR 27.005,62;597/EUR 2.615,23;0/EUR 0,00;41959/EUR 38,01;0/EUR 0,00;849007/EUR 1,87
27.05.1962;2/3/11/25/27/35;15;0;NULL;NULL;0/EUR 0,00;1/EUR 255.645,94;19/EUR 71.645,54;1033/EUR 1.509,72;0/EUR 0,00;60510/EUR 26,23;0/EUR 0,00;1038497/EUR 1,51
03.06.1962;15/19/22/25/31/33;17;0;NULL;NULL;0/EUR 0,00;3/EUR 255.645,94;74/EUR 12.161,13;1144/EUR 1.290,12;0/EUR 0,00;64656/EUR 24,29;0/EUR 0,00;1134439/EUR 1,38
11.06.1962;13/19/23/29/36/38;39;0;NULL;NULL;0/EUR 0,00;5/EUR 255.645,94;20/EUR 15.965,96;1109/EUR 1.390,38;0/EUR 0,00;58740/EUR 26,72;0/EUR 0,00;1050499/EUR 1,48
17.06.1962;2/13/23/25/27/34;7;0;NULL;NULL;0/EUR 0,00;5/EUR 255.645,94;57/EUR 5.246,80;1385/EUR 1.052,21;0/EUR 0,00;68138/EUR 22,27;0/EUR 0,00;1072426/EUR 1,41
24.06.1962;6/10/15/18/30/48;22;0;NULL;NULL;0/EUR 0,00;1/EUR 255.645,94;19/EUR 68.523,39;982/EUR 1.527,05;0/EUR 0,00;49662/EUR 30,75;0/EUR 0,00;908455/EUR 1,66
01.07.1962;10/14/17/32/33/36;49;0;NULL;NULL;0/EUR 0,00;2/EUR 255.645,94;9/EUR 120.889,80;981/EUR 1.600,88;0/EUR 0,00;41075/EUR 38,58;0/EUR 0,00;882709/EUR 1,79
08.07.1962;10/13/15/16/24/46;35;0;NULL;NULL;0/EUR 0,00;3/EUR 255.645,94;21/EUR 42.344,32;517/EUR 2.962,73;0/EUR 0,00;37376/EUR 42,64;0/EUR 0,00;797105/EUR 1,99
15.07.1962;9/13/28/35/46/47;11;0;NULL;NULL;0/EUR 0,00;5/EUR 255.645,94;23/EUR 15.829,44;695/EUR 2.216,32;0/EUR 0,00;40107/EUR 39,68;0/EUR 0,00;789441/EUR 1,99
22.07.1962;2/6/11/12/38/40;22;0;NULL;NULL;0/EUR 0,00;7/EUR 221.717,17;0/EUR 0,00;838/EUR 1.852,05;0/EUR 0,00;44369/EUR 34,97;0/EUR 0,00;842770/EUR 1,84
29.07.1962;1/4/14/26/44/48;47;0;NULL;NULL;0/EUR 0,00;4/EUR 255.645,94;6/EUR 86.427,91;757/EUR 2.004,09;0/EUR 0,00;41195/EUR 37,09;0/EUR 0,00;737735/EUR 2,07
05.08.1962;6/33/35/39/45/47;11;0;NULL;NULL;0/EUR 0,00;0/EUR 0,00;5/EUR 255.645,94;656/EUR 2.721,02;0/EUR 0,00;38837/EUR 39,42;0/EUR 0,00;746505/EUR 2,05
12.08.1962;3/8/17/19/43/48;18;0;NULL;NULL;0/EUR 0,00;3/EUR 255.645,94;24/EUR 34.825,52;1097/EUR 1.399,76;0/EUR 0,00;64369/EUR 24,36;0/EUR 0,00;1110008/EUR 1,41
19.08.1962;10/11/23/30/41/44;24;0;NULL;NULL;0/EUR 0,00;3/EUR 255.645,94;17/EUR 49.232,19;663/EUR 2.301,12;0/EUR 0,00;41496/EUR 37,71;0/EUR 0,00;754147/EUR 2,07
26.08.1962;6/18/26/32/35/48;41;0;NULL;NULL;0/EUR 0,00;11/EUR 142.150,01;0/EUR 0,00;1532/EUR 1.020,64;0/EUR 0,00;58861/EUR 26,56;0/EUR 0,00;909913/EUR 1,71
02.09.1962;7/8/12/23/39/44;28;0;NULL;NULL;0/EUR 0,00;2/EUR 255.645,94;104/EUR 12.030,49;986/EUR 1.476,10;0/EUR 0,00;52255/EUR 30,78;0/EUR 0,00;976415/EUR 1,64
09.09.1962;8/9/14/28/37/47;16;0;NULL;NULL;0/EUR 0,00;3/EUR 255.645,94;22/EUR 39.605,62;798/EUR 1.945,67;0/EUR 0,00;46242/EUR 34,49;0/EUR 0,00;883166/EUR 1,79
16.09.1962;5/15/21/22/36/39;35;0;NULL;NULL;0/EUR 0,00;4/EUR 255.645,94;17/EUR 35.346,50;1104/EUR 1.426,58;0/EUR 0,00;57530/EUR 27,79;0/EUR 0,00;963019/EUR 1,64
23.09.1962;14/22/34/38/40/48;3;0;NULL;NULL;0/EUR 0,00;4/EUR 255.645,94;41/EUR 16.056,92;769/EUR 1.975,22;0/EUR 0,00;44182/EUR 36,20;0/EUR 0,00;759302/EUR 2,10
30.09.1962;6/7/13/16/36/48;34;0;NULL;NULL;0/EUR 0,00;2/EUR 255.645,94;14/EUR 81.057,71;672/EUR 2.351,56;0/EUR 0,00;44748/EUR 36,05;0/EUR 0,00;904948/EUR 1,76
07.10.1962;2/25/30/32/38/49;48;0;NULL;NULL;0/EUR 0,00;0/EUR 0,00;6/EUR 255.645,94;390/EUR 4.204,35;0/EUR 0,00;31404/EUR 50,52;0/EUR 0,00;719058/EUR 2,20
14.10.1962;6/7/9/15/20/25;44;0;NULL;NULL;0/EUR 0,00;5/EUR 251.447,98;6/EUR 52.384,97;1243/EUR 1.264,30;0/EUR 0,00;56385/EUR 27,87;0/EUR 0,00;1004819/EUR 1,56
21.10.1962;1/2/11/27/41/46;43;0;NULL;NULL;0/EUR 0,00;2/EUR 255.645,94;22/EUR 48.069,80;737/EUR 2.128,66;0/EUR 0,00;46681/EUR 33,59;0/EUR 0,00;819750/EUR 1,89
28.10.1962;10/16/24/25/47/49;17;0;NULL;NULL;0/EUR 0,00;2/EUR 255.645,94;8/EUR 129.843,54;498/EUR 3.112,51;0/EUR 0,00;34388/EUR 45,07;0/EUR 0,00;737287/EUR 2,10
04.11.1962;14/18/19/26/31/41;17;0;NULL;NULL;0/EUR 0,00;0/EUR 0,00;19/EUR 83.101,19;849/EUR 1.859,72;0/EUR 0,00;51653/EUR 30,55;0/EUR 0,00;975091/EUR 1,61
11.11.1962;6/9/10/22/41/46;27;0;NULL;NULL;0/EUR 0,00;2/EUR 255.645,94;19/EUR 57.195,92;500/EUR 3.196,01;0/EUR 0,00;38613/EUR 41,36;0/EUR 0,00;825766/EUR 1,92
18.11.1962;1/4/11/19/35/43;18;0;NULL;NULL;0/EUR 0,00;4/EUR 255.645,94;16/EUR 35.966,29;1350/EUR 1.183,72;0/EUR 0,00;60925/EUR 26,23;0/EUR 0,00;1009642/EUR 1,56
25.11.1962;18/22/28/44/48/49;11;0;NULL;NULL;0/EUR 0,00;2/EUR 255.645,94;7/EUR 152.289,18;589/EUR 2.677,94;0/EUR 0,00;39226/EUR 40,19;0/EUR 0,00;775324/EUR 2,02
02.12.1962;15/16/17/29/32/42;5;0;NULL;NULL;0/EUR 0,00;2/EUR 255.645,94;33/EUR 34.547,86;925/EUR 1.785,25;0/EUR 0,00;50477/EUR 32,70;0/EUR 0,00;932640/EUR 1,76
09.12.1962;3/21/37/42/46/47;15;0;NULL;NULL;0/EUR 0,00;0/EUR 0,00;18/EUR 91.025,09;396/EUR 4.137,50;0/EUR 0,00;32493/EUR 50,41;0/EUR 0,00;740681/EUR 2,20
16.12.1962;6/7/15/33/42/47;12;0;NULL;NULL;0/EUR 0,00;2/EUR 255.645,94;20/EUR 57.037,04;912/EUR 1.811,43;0/EUR 0,00;47556/EUR 34,72;0/EUR 0,00;885995/EUR 1,84
23.12.1962;20/27/32/37/43/48;18;0;NULL;NULL;0/EUR 0,00;4/EUR 255.645,94;14/EUR 43.154,11;450/EUR 3.614,96;0/EUR 0,00;30781/EUR 52,84;0/EUR 0,00;680464/EUR 2,38
30.12.1962;1/15/21/23/24/37;25;0;NULL;NULL;0/EUR 0,00;1/EUR 255.645,94;10/EUR 125.729,89;384/EUR 3.939,94;0/EUR 0,00;30210/EUR 50,06;0/EUR 0,00;680114/EUR 2,22
06.01.1963;4/6/16/20/23/30;27;0;NULL;NULL;0/EUR 0,00;7/EUR 176.308,75;31/EUR 9.952,91;929/EUR 1.660,60;0/EUR 0,00;45660/EUR 33,77;0/EUR 0,00;805570/EUR 1,89
13.01.1963;1/14/25/26/38/41;28;0;NULL;NULL;0/EUR 0,00;3/EUR 255.645,94;13/EUR 63.070,64;914/EUR 1.736,14;0/EUR 0,00;45513/EUR 34,84;0/EUR 0,00;797985/EUR 1,97
20.01.1963;4/13/19/33/43/46;27;0;NULL;NULL;0/EUR 0,00;9/EUR 141.318,60;64/EUR 4.968,22;1324/EUR 1.200,77;0/EUR 0,00;67456/EUR 23,54;0/EUR 0,00;1076503/EUR 1,46
27.01.1963;11/14/30/37/46/48;32;0;NULL;NULL;0/EUR 0,00;1/EUR 255.645,94;7/EUR 192.869,86;360/EUR 4.460,36;0/EUR 0,00;26608/EUR 60,33;0/EUR 0,00;622953/EUR 2,56
03.02.1963;15/16/18/27/31/36;46;0;NULL;NULL;0/EUR 0,00;6/EUR 219.891,43;13/EUR 25.372,07;758/EUR 2.175,70;0/EUR 0,00;51053/EUR 32,29;0/EUR 0,00;987792/EUR 1,66
10.02.1963;10/11/13/25/26/30;6;0;NULL;NULL;0/EUR 0,00;8/EUR 163.502,61;40/EUR 8.175,12;1450/EUR 1.127,60;0/EUR 0,00;66398/EUR 24,62;0/EUR 0,00;1078646/EUR 1,51
17.02.1963;9/35/42/43/44/46;23;0;NULL;NULL;0/EUR 0,00;0/EUR 0,00;12/EUR 137.185,03;317/EUR 5.193,11;0/EUR 0,00;33422/EUR 49,24;0/EUR 0,00;686345/EUR 2,38
24.02.1963;11/13/15/17/41/45;2;0;NULL;NULL;0/EUR 0,00;1/EUR 255.645,94;14/EUR 98.400,68;693/EUR 2.356,77;0/EUR 0,00;44315/EUR 36,84;0/EUR 0,00;837816/EUR 1,94
03.03.1963;9/11/22/26/35/39;46;0;NULL;NULL;0/EUR 0,00;5/EUR 255.645,94;32/EUR 12.296,85;1245/EUR 1.342,73;0/EUR 0,00;64510/EUR 25,90;0/EUR 0,00;1052959/EUR 1,59
10.03.1963;8/19/26/27/41/47;9;0;NULL;NULL;0/EUR 0,00;1/EUR 255.645,94;14/EUR 100.510,58;679/EUR 2.448,88;0/EUR 0,00;49236/EUR 33,77;0/EUR 0,00;958581/EUR 1,71
17.03.1963;11/12/21/39/41/44;23;0;NULL;NULL;0/EUR 0,00;2/EUR 255.645,94;27/EUR 42.753,51;602/EUR 2.766,83;0/EUR 0,00;37506/EUR 44,41;0/EUR 0,00;799510/EUR 2,07
24.03.1963;10/18/25/45/48/49;23;0;NULL;NULL;0/EUR 0,00;2/EUR 255.645,94;17/EUR 66.731,16;902/EUR 1.824,52;0/EUR 0,00;52358/EUR 31,42;0/EUR 0,00;962509/EUR 1,69
31.03.1963;1/10/18/25/27/29;44;0;NULL;NULL;0/EUR 0,00;5/EUR 255.645,94;9/EUR 44.315,28;1119/EUR 1.498,70;0/EUR 0,00;60922/EUR 27,51;0/EUR 0,00;1078758/EUR 1,53
07.04.1963;1/2/6/23/38/44;10;0;NULL;NULL;0/EUR 0,00;1/EUR 255.645,94;12/EUR 117.648,44;481/EUR 3.466,58;0/EUR 0,00;38405/EUR 43,41;0/EUR 0,00;769686/EUR 2,15
15.04.1963;5/18/25/32/40/45;16;0;NULL;NULL;0/EUR 0,00;8/EUR 158.557,57;21/EUR 15.100,70;1652/EUR 959,77;0/EUR 0,00;65954/EUR 24,03;0/EUR 0,00;1061116/EUR 1,48
21.04.1963;2/20/27/31/37/49;28;0;NULL;NULL;0/EUR 0,00;2/EUR 255.645,94;9/EUR 120.486,83;429/EUR 3.719,50;0/EUR 0,00;29767/EUR 53,58;0/EUR 0,00;649504/EUR 2,45
28.04.1963;28/34/36/43/46/48;19;0;NULL;NULL;0/EUR 0,00;8/EUR 163.508,71;28/EUR 11.679,18;1409/EUR 1.160,45;0/EUR 0,00;50183/EUR 32,57;0/EUR 0,00;819102/EUR 1,99
05.05.1963;7/11/17/19/26/36;13;0;NULL;NULL;0/EUR 0,00;10/EUR 131.618,67;71/EUR 4.634,45;2019/EUR 814,87;0/EUR 0,00;91352/EUR 18,00;0/EUR 0,00;1400366/EUR 1,15
12.05.1963;3/6/20/27/30/35;28;0;NULL;NULL;0/EUR 0,00;0/EUR 0,00;14/EUR 117.139,76;784/EUR 2.091,77;0/EUR 0,00;45977/EUR 35,66;0/EUR 0,00;886878/EUR 1,84
19.05.1963;4/5/10/11/21/34;48;0;NULL;NULL;0/EUR 0,00;3/EUR 255.645,94;13/EUR 68.216,95;890/EUR 1.858,14;0/EUR 0,00;53415/EUR 30,96;0/EUR 0,00;1000785/EUR 1,64
26.05.1963;28/31/34/37/42/46;38;0;NULL;NULL;0/EUR 0,00;11/EUR 116.170,19;22/EUR 14.521,25;761/EUR 2.098,98;0/EUR 0,00;33323/EUR 47,93;0/EUR 0,00;663432/EUR 2,40
03.06.1963;6/12/20/38/44/49;23;0;NULL;NULL;0/EUR 0,00;0/EUR 0,00;17/EUR 95.844,65;585/EUR 2.785,21;0/EUR 0,00;34689/EUR 46,96;0/EUR 0,00;722961/EUR 2,25
09.06.1963;11/15/27/30/31/39;3;0;NULL;NULL;0/EUR 0,00;1/EUR 255.645,94;45/EUR 29.155,27;832/EUR 1.884,16;0/EUR 0,00;48956/EUR 32,01;0/EUR 0,00;874893/EUR 1,79
16.06.1963;5/19/22/23/35/38;24;0;NULL;NULL;0/EUR 0,00;10/EUR 126.351,50;20/EUR 15.793,93;1059/EUR 1.491,39;0/EUR 0,00;57561/EUR 27,43;0/EUR 0,00;1019112/EUR 1,53
23.06.1963;7/24/35/36/43/47;28;0;NULL;NULL;0/EUR 0,00;1/EUR 255.645,94;29/EUR 46.139,31;835/EUR 1.908,60;0/EUR 0,00;47744/EUR 33,36;0/EUR 0,00;864290/EUR 1,84
30.06.1963;3/17/19/29/40/46;22;0;NULL;NULL;0/EUR 0,00;3/EUR 255.645,94;20/EUR 42.558,04;1166/EUR 1.387,72;0/EUR 0,00;58461/EUR 27,66;0/EUR 0,00;1031773/EUR 1,56
07.07.1963;6/12/22/31/48/49;38;0;NULL;NULL;0/EUR 0,00;4/EUR 255.645,94;18/EUR 32.305,88;750/EUR 2.138,79;0/EUR 0,00;45028/EUR 35,61;0/EUR 0,00;831732/EUR 1,92
14.07.1963;1/23/24/30/37/38;32;0;NULL;NULL;0/EUR 0,00;1/EUR 255.645,94;9/EUR 149.778,92;369/EUR 4.345,93;0/EUR 0,00;28202/EUR 56,86;0/EUR 0,00;636752/EUR 2,51
21.07.1963;7/12/19/24/31/32;42;0;NULL;NULL;0/EUR 0,00;13/EUR 96.660,62;54/EUR 5.817,53;1957/EUR 802,60;0/EUR 0,00;80324/EUR 19,53;0/EUR 0,00;1264736/EUR 1,23
28.07.1963;4/8/28/30/40/44;10;0;NULL;NULL;0/EUR 0,00;4/EUR 255.645,94;12/EUR 44.126,00;855/EUR 1.815,32;0/EUR 0,00;41872/EUR 37,04;0/EUR 0,00;759105/EUR 2,02
04.08.1963;17/23/30/31/38/48;1;0;NULL;NULL;0/EUR 0,00;1/EUR 255.645,94;9/EUR 144.424,29;653/EUR 2.382,01;0/EUR 0,00;36945/EUR 42,08;0/EUR 0,00;741313/EUR 2,10
11.08.1963;2/8/19/20/23/37;18;0;NULL;NULL;0/EUR 0,00;6/EUR 208.456,54;16/EUR 19.542,78;1125/EUR 1.389,69;0/EUR 0,00;58836/EUR 26,56;0/EUR 0,00;986714/EUR 1,56
18.08.1963;6/9/11/36/37/45;42;0;NULL;NULL;0/EUR 0,00;5/EUR 253.655,12;15/EUR 21.137,91;799/EUR 1.984,14;0/EUR 0,00;51421/EUR 30,81;0/EUR 0,00;992368/EUR 1,59
25.08.1963;4/8/22/24/26/38;35;0;NULL;NULL;0/EUR 0,00;4/EUR 255.645,94;12/EUR 48.165,56;1526/EUR 1.048,86;0/EUR 0,00;63824/EUR 25,05;0/EUR 0,00;1009758/EUR 1,59
01.09.1963;7/26/30/34/38/40;28;0;NULL;NULL;0/EUR 0,00;0/EUR 0,00;10/EUR 163.167,38;560/EUR 2.913,70;0/EUR 0,00;39285/EUR 41,52;0/EUR 0,00;783138/EUR 2,07
08.09.1963;23/26/30/34/44/48;43;0;NULL;NULL;0/EUR 0,00;1/EUR 255.645,94;8/EUR 172.184,09;538/EUR 3.035,51;0/EUR 0,00;34256/EUR 47,65;0/EUR 0,00;721550/EUR 2,25
15.09.1963;14/19/21/28/44/46;47;0;NULL;NULL;0/EUR 0,00;0/EUR 0,00;6/EUR 255.645,94;648/EUR 2.696,81;0/EUR 0,00;41221/EUR 39,78;0/EUR 0,00;885233/EUR 1,84
22.09.1963;11/14/17/23/29/45;24;0;NULL;NULL;0/EUR 0,00;1/EUR 255.645,94;8/EUR 171.651,11;961/EUR 1.694,96;0/EUR 0,00;53342/EUR 30,52;0/EUR 0,00;922437/EUR 1,76
29.09.1963;2/3/11/29/37/46;24;0;NULL;NULL;0/EUR 0,00;1/EUR 255.645,94;17/EUR 82.020,45;586/EUR 2.815,68;0/EUR 0,00;37608/EUR 43,87;0/EUR 0,00;791075/EUR 2,07
06.10.1963;1/7/11/28/39/40;17;0;NULL;NULL;0/EUR 0,00;3/EUR 255.645,94;49/EUR 18.128,77;917/EUR 1.805,06;0/EUR 0,00;48496/EUR 34,13;0/EUR 0,00;905856/EUR 1,82
13.10.1963;18/19/32/34/35/43;38;0;NULL;NULL;0/EUR 0,00;1/EUR 255.645,94;15/EUR 92.604,34;833/EUR 1.974,43;0/EUR 0,00;47729/EUR 34,44;0/EUR 0,00;913902/EUR 1,79
20.10.1963;3/4/12/26/30/32;1;0;NULL;NULL;0/EUR 0,00;4/EUR 255.645,94;19/EUR 33.098,74;1202/EUR 1.373,92;0/EUR 0,00;63159/EUR 26,13;0/EUR 0,00;1036504/EUR 1,59
27.10.1963;3/10/11/21/26/43;19;0;NULL;NULL;0/EUR 0,00;1/EUR 255.645,94;36/EUR 38.663,76;769/EUR 2.142,44;0/EUR 0,00;49294/EUR 33,41;0/EUR 0,00;938733/EUR 1,74
03.11.1963;5/17/23/33/34/38;31;0;NULL;NULL;0/EUR 0,00;2/EUR 255.645,94;19/EUR 59.977,02;1267/EUR 1.302,95;0/EUR 0,00;67440/EUR 24,47;0/EUR 0,00;1135345/EUR 1,43
10.11.1963;4/14/18/25/31/38;23;0;NULL;NULL;0/EUR 0,00;5/EUR 255.645,94;31/EUR 12.980,50;1455/EUR 1.155,06;0/EUR 0,00;66501/EUR 25,26;0/EUR 0,00;1086706/EUR 1,53
17.11.1963;13/24/28/31/32/40;22;0;NULL;NULL;0/EUR 0,00;1/EUR 255.645,94;22/EUR 66.115,74;718/EUR 2.381,88;0/EUR 0,00;55148/EUR 31,01;0/EUR 0,00;973925/EUR 1,74
24.11.1963;7/10/17/30/36/40;15;0;NULL;NULL;0/EUR 0,00;7/EUR 193.199,38;18/EUR 18.783,25;1001/EUR 1.688,80;0/EUR 0,00;52841/EUR 31,98;0/EUR 0,00;955389/EUR 1,76
01.12.1963;14/15/27/32/37/45;17;0;NULL;NULL;0/EUR 0,00;1/EUR 255.645,94;15/EUR 111.706,33;724/EUR 2.667,44;0/EUR 0,00;44339/EUR 43,54;0/EUR 0,00;899603/EUR 2,12
08.12.1963;7/20/22/24/33/37;26;0;NULL;NULL;0/EUR 0,00;5/EUR 255.645,94;17/EUR 27.608,94;1196/EUR 1.461,17;0/EUR 0,00;60182/EUR 29,02;0/EUR 0,00;1038450/EUR 1,66
15.12.1963;1/7/9/19/31/36;29;0;NULL;NULL;0/EUR 0,00;8/EUR 174.767,57;58/EUR 6.026,44;2044/EUR 855,01;0/EUR 0,00;96742/EUR 18,05;0/EUR 0,00;1450320/EUR 1,20
22.12.1963;2/12/16/21/29/37;30;0;NULL;NULL;0/EUR 0,00;5/EUR 255.645,94;15/EUR 30.057,62;1325/EUR 1.304,97;0/EUR 0,00;63445/EUR 27,25;0/EUR 0,00;1010125/EUR 1,69
29.12.1963;5/6/9/16/29/36;28;0;NULL;NULL;0/EUR 0,00;9/EUR 138.348,53;31/EUR 10.041,41;1355/EUR 1.148,64;0/EUR 0,00;63442/EUR 24,52;0/EUR 0,00;1049698/EUR 1,46
05.01.1964;16/34/38/40/42/43;36;0;NULL;NULL;0/EUR 0,00;0/EUR 0,00;14/EUR 117.344,81;382/EUR 4.300,58;0/EUR 0,00;30801/EUR 53,33;0/EUR 0,00;646887/EUR 2,53
12.01.1964;1/8/21/28/38/42;10;0;NULL;NULL;0/EUR 0,00;0/EUR 0,00;22/EUR 77.140,06;701/EUR 2.420,94;0/EUR 0,00;42874/EUR 39,57;0/EUR 0,00;837250/EUR 2,02
19.01.1964;6/28/32/34/47/48;13;0;NULL;NULL;0/EUR 0,00;1/EUR 255.645,94;17/EUR 84.909,35;408/EUR 4.164,47;0/EUR 0,00;30951/EUR 54,89;0/EUR 0,00;716682/EUR 2,35
26.01.1964;7/14/17/30/36/43;42;0;NULL;NULL;0/EUR 0,00;7/EUR 192.682,13;22/EUR 15.326,97;1253/EUR 1.345,54;0/EUR 0,00;60565/EUR 27,81;0/EUR 0,00;969284/EUR 1,74
02.02.1964;2/3/11/21/26/46;8;0;NULL;NULL;0/EUR 0,00;4/EUR 255.645,94;18/EUR 38.795,45;1254/EUR 1.372,31;0/EUR 0,00;68356/EUR 25,16;0/EUR 0,00;1064982/EUR 1,61
09.02.1964;7/10/18/25/29/32;22;0;NULL;NULL;0/EUR 0,00;11/EUR 123.414,74;29/EUR 11.703,11;1875/EUR 905,04;0/EUR 0,00;84016/EUR 20,20;0/EUR 0,00;1253534/EUR 1,33
16.02.1964;7/21/22/28/39/47;13;0;NULL;NULL;0/EUR 0,00;4/EUR 255.645,94;90/EUR 7.618,40;789/EUR 2.165,07;0/EUR 0,00;49629/EUR 34,41;0/EUR 0,00;983571/EUR 1,71
23.02.1964;2/16/21/26/32/47;23;0;NULL;NULL;0/EUR 0,00;0/EUR 0,00;5/EUR 255.645,94;651/EUR 3.301,90;0/EUR 0,00;40066/EUR 42,77;0/EUR 0,00;791609/EUR 2,15
01.03.1964;3/15/23/35/37/44;13;0;NULL;NULL;0/EUR 0,00;27/EUR 51.665,87;82/EUR 4.252,98;2088/EUR 835,91;0/EUR 0,00;68957/EUR 25,28;0/EUR 0,00;1033978/EUR 1,66
08.03.1964;1/16/26/32/35/41;13;0;NULL;NULL;0/EUR 0,00;0/EUR 0,00;15/EUR 115.818,91;464/EUR 3.744,14;0/EUR 0,00;33411/EUR 51,97;0/EUR 0,00;746561/EUR 2,33
15.03.1964;10/16/17/25/31/43;11;0;NULL;NULL;0/EUR 0,00;0/EUR 0,00;16/EUR 108.849,18;863/EUR 2.018,04;0/EUR 0,00;50674/EUR 34,36;0/EUR 0,00;938862/EUR 1,84
22.03.1964;2/9/10/13/24/39;29;0;NULL;NULL;0/EUR 0,00;6/EUR 227.771,66;25/EUR 13.666,30;1401/EUR 1.219,33;0/EUR 0,00;76501/EUR 22,32;0/EUR 0,00;1210141/EUR 1,41
30.03.1964;18/22/25/36/41/47;23;0;NULL;NULL;0/EUR 0,00;4/EUR 255.645,94;8/EUR 81.486,17;792/EUR 2.114,22;0/EUR 0,00;44878/EUR 37,30;0/EUR 0,00;865460/EUR 1,92
05.04.1964;1/23/24/28/30/42;5;0;NULL;NULL;0/EUR 0,00;2/EUR 255.645,94;11/EUR 107.685,30;316/EUR 5.366,55;0/EUR 0,00;28289/EUR 59,92;0/EUR 0,00;689618/EUR 2,45
12.04.1964;13/15/25/32/42/48;23;0;NULL;NULL;0/EUR 0,00;3/EUR 255.645,94;21/EUR 44.886,21;848/EUR 2.015,97;0/EUR 0,00;44823/EUR 38,12;0/EUR 0,00;878542/EUR 1,94
19.04.1964;10/21/23/37/39/41;38;0;NULL;NULL;0/EUR 0,00;3/EUR 255.645,94;4/EUR 236.078,03;1020/EUR 1.677,68;0/EUR 0,00;46411/EUR 36,86;0/EUR 0,00;850870/EUR 1,99
26.04.1964;19/28/38/39/40/46;23;0;NULL;NULL;0/EUR 0,00;1/EUR 255.645,94;11/EUR 132.032,05;452/EUR 3.778,75;0/EUR 0,00;41492/EUR 41,16;0/EUR 0,00;896912/EUR 1,89
03.05.1964;4/5/9/43/47/49;8;0;NULL;NULL;0/EUR 0,00;4/EUR 255.645,94;9/EUR 72.242,24;679/EUR 2.463,56;0/EUR 0,00;39118/EUR 42,74;0/EUR 0,00;833432/EUR 1,99
10.05.1964;11/12/19/32/34/48;2;0;NULL;NULL;0/EUR 0,00;9/EUR 152.441,96;23/EUR 14.912,80;1041/EUR 1.647,41;0/EUR 0,00;62331/EUR 27,51;0/EUR 0,00;1168066/EUR 1,46
18.05.1964;5/9/33/35/42/48;23;0;NULL;NULL;0/EUR 0,00;1/EUR 255.645,94;29/EUR 50.123,66;787/EUR 2.171,81;0/EUR 0,00;49130/EUR 34,77;0/EUR 0,00;950388/EUR 1,79
24.05.1964;6/11/13/31/34/43;25;0;NULL;NULL;0/EUR 0,00;3/EUR 255.645,94;29/EUR 30.723,45;1024/EUR 1.619,06;0/EUR 0,00;50760/EUR 32,65;0/EUR 0,00;939759/EUR 1,76
31.05.1964;1/21/22/38/45/49;47;0;NULL;NULL;0/EUR 0,00;0/EUR 0,00;11/EUR 152.419,61;490/EUR 3.421,64;0/EUR 0,00;29772/EUR 56,29;0/EUR 0,00;654224/EUR 2,56
07.06.1964;4/5/9/32/37/45;39;0;NULL;NULL;0/EUR 0,00;0/EUR 0,00;13/EUR 128.219,71;589/EUR 2.829,97;0/EUR 0,00;43351/EUR 38,45;0/EUR 0,00;909028/EUR 1,82
14.06.1964;1/22/23/29/39/49;38;0;NULL;NULL;0/EUR 0,00;1/EUR 255.645,94;10/EUR 138.803,78;505/EUR 3.254,81;0/EUR 0,00;34090/EUR 48,21;0/EUR 0,00;707728/EUR 2,30
21.06.1964;14/27/33/37/39/48;35;0;NULL;NULL;0/EUR 0,00;2/EUR 255.645,94;20/EUR 56.301,57;835/EUR 1.960,86;0/EUR 0,00;53095/EUR 30,83;0/EUR 0,00;948708/EUR 1,71
28.06.1964;5/10/11/22/27/37;31;0;NULL;NULL;0/EUR 0,00;5/EUR 255.645,94;16/EUR 23.499,56;1155/EUR 1.432,21;0/EUR 0,00;61195/EUR 27,02;0/EUR 0,00;1042689/EUR 1,59
05.07.1964;10/12/13/22/23/49;11;0;NULL;NULL;0/EUR 0,00;3/EUR 255.645,94;27/EUR 34.190,50;625/EUR 2.704,12;0/EUR 0,00;39007/EUR 43,31;0/EUR 0,00;872338/EUR 1,92
12.07.1964;1/18/35/36/47/49;26;0;NULL;NULL;0/EUR 0,00;4/EUR 255.645,94;11/EUR 61.209,87;620/EUR 2.735,31;0/EUR 0,00;38717/EUR 43,79;0/EUR 0,00;743919/EUR 2,28
19.07.1964;3/12/24/37/38/46;9;0;NULL;NULL;0/EUR 0,00;11/EUR 118.754,70;49/EUR 6.664,79;1864/EUR 876,00;0/EUR 0,00;69916/EUR 23,34;0/EUR 0,00;1040333/EUR 1,56
26.07.1964;31/34/37/41/44/48;1;0;NULL;NULL;0/EUR 0,00;23/EUR 57.034,53;6/EUR 54.658,10;1115/EUR 1.470,60;0/EUR 0,00;35677/EUR 45,94;0/EUR 0,00;661274/EUR 2,45
02.08.1964;16/34/36/40/45/47;22;0;NULL;NULL;0/EUR 0,00;0/EUR 0,00;6/EUR 255.645,94;497/EUR 3.515,80;0/EUR 0,00;32935/EUR 49,80;0/EUR 0,00;659834/EUR 2,48
09.08.1964;9/16/34/36/38/41;17;0;NULL;NULL;0/EUR 0,00;0/EUR 0,00;13/EUR 125.018,48;641/EUR 2.535,47;0/EUR 0,00;41512/EUR 39,14;0/EUR 0,00;832415/EUR 1,94
16.08.1964;6/14/23/36/45/46;18;0;NULL;NULL;0/EUR 0,00;5/EUR 255.645,94;26/EUR 14.555,51;1061/EUR 1.561,41;0/EUR 0,00;48001/EUR 34,51;0/EUR 0,00;837012/EUR 1,97
23.08.1964;12/16/20/32/37/45;7;0;NULL;NULL;0/EUR 0,00;3/EUR 255.645,94;38/EUR 23.714,94;915/EUR 1.823,06;0/EUR 0,00;45505/EUR 36,63;0/EUR 0,00;800064/EUR 2,07
30.08.1964;4/17/31/35/36/40;21;0;NULL;NULL;0/EUR 0,00;2/EUR 255.645,94;26/EUR 43.811,02;698/EUR 2.367,82;0/EUR 0,00;42147/EUR 39,14;0/EUR 0,00;835974/EUR 1,97
06.09.1964;34/36/38/41/43/45;4;0;NULL;NULL;0/EUR 0,00;69/EUR 22.370,04;7/EUR 22.370,04;2545/EUR 668,00;0/EUR 0,00;59532/EUR 28,56;0/EUR 0,00;726099/EUR 2,33
13.09.1964;1/4/6/20/24/27;32;0;NULL;NULL;0/EUR 0,00;2/EUR 255.645,94;18/EUR 66.563,84;1017/EUR 1.680,85;0/EUR 0,00;53026/EUR 32,24;0/EUR 0,00;929033/EUR 1,82
20.09.1964;18/21/32/39/42/43;22;0;NULL;NULL;0/EUR 0,00;2/EUR 255.645,94;18/EUR 67.193,47;901/EUR 1.909,83;0/EUR 0,00;51332/EUR 33,52;0/EUR 0,00;944582/EUR 1,82
27.09.1964;9/22/26/29/41/42;46;0;NULL;NULL;0/EUR 0,00;0/EUR 0,00;10/EUR 170.519,19;541/EUR 3.157,74;0/EUR 0,00;42093/EUR 40,49;0/EUR 0,00;893411/EUR 1,89
04.10.1964;8/20/25/35/46/47;38;0;NULL;NULL;0/EUR 0,00;0/EUR 0,00;7/EUR 250.815,23;429/EUR 4.092,53;0/EUR 0,00;31025/EUR 56,57;0/EUR 0,00;711970/EUR 2,45
11.10.1964;2/23/34/38/42/46;32;0;NULL;NULL;0/EUR 0,00;4/EUR 255.645,94;22/EUR 32.529,05;1073/EUR 1.619,95;0/EUR 0,00;55724/EUR 31,19;0/EUR 0,00;924082/EUR 1,87
18.10.1964;1/6/17/33/34/44;47;0;NULL;NULL;0/EUR 0,00;8/EUR 172.667,77;14/EUR 24.666,82;732/EUR 2.362,07;0/EUR 0,00;41715/EUR 41,39;0/EUR 0,00;854013/EUR 2,02
25.10.1964;14/16/18/19/29/39;47;0;NULL;NULL;0/EUR 0,00;3/EUR 255.645,94;10/EUR 94.896,18;637/EUR 2.697,93;0/EUR 0,00;46877/EUR 36,58;0/EUR 0,00;937598/EUR 1,82
01.11.1964;1/14/22/30/36/40;25;0;NULL;NULL;0/EUR 0,00;9/EUR 156.548,78;18/EUR 19.568,60;973/EUR 1.811,89;0/EUR 0,00;43835/EUR 40,16;0/EUR 0,00;858274/EUR 2,05
08.11.1964;2/18/21/26/32/41;6;0;NULL;NULL;0/EUR 0,00;3/EUR 255.645,94;43/EUR 23.290,70;1044/EUR 1.693,88;0/EUR 0,00;59291/EUR 29,81;0/EUR 0,00;1002308/EUR 1,76
15.11.1964;3/9/23/24/33/38;37;0;NULL;NULL;0/EUR 0,00;10/EUR 142.767,75;36/EUR 9.914,41;1888/EUR 945,23;0/EUR 0,00;94195/EUR 18,92;0/EUR 0,00;1437271/EUR 1,23
22.11.1964;5/9/22/33/39/46;12;0;NULL;NULL;0/EUR 0,00;5/EUR 255.645,94;38/EUR 13.168,09;1255/EUR 1.417,22;0/EUR 0,00;61652/EUR 28,84;0/EUR 0,00;1081194/EUR 1,64
29.11.1964;5/11/17/31/32/40;22;0;NULL;NULL;0/EUR 0,00;1/EUR 255.645,94;38/EUR 40.775,25;1499/EUR 1.204,19;0/EUR 0,00;69421/EUR 26,00;0/EUR 0,00;1116417/EUR 1,61
06.12.1964;2/4/8/23/33/45;41;0;NULL;NULL;0/EUR 0,00;5/EUR 255.645,94;34/EUR 20.087,58;1101/EUR 1.782,90;0/EUR 0,00;62792/EUR 31,21;0/EUR 0,00;1125430/EUR 1,74
13.12.1964;10/17/28/30/36/49;7;0;NULL;NULL;0/EUR 0,00;5/EUR 255.645,94;77/EUR 7.297,00;1017/EUR 1.809,33;0/EUR 0,00;57050/EUR 32,24;0/EUR 0,00;992480/EUR 1,84
20.12.1964;15/20/29/30/39/46;48;0;NULL;NULL;0/EUR 0,00;2/EUR 255.645,94;3/EUR 255.645,94;447/EUR 5.372,30;0/EUR 0,00;30965/EUR 59,41;0/EUR 0,00;688403/EUR 2,66
27.12.1964;15/16/21/35/37/47;7;0;NULL;NULL;0/EUR 0,00;2/EUR 255.645,94;50/EUR 22.098,01;698/EUR 2.315,46;0/EUR 0,00;42521/EUR 37,99;0/EUR 0,00;797047/EUR 2,02
03.01.1965;7/13/23/25/33/43;45;0;NULL;NULL;0/EUR 0,00;48/EUR 26.226,38;145/EUR 2.170,43;6624/EUR 237,55;0/EUR 0,00;159327/EUR 9,87;0/EUR 0,00;1459388/EUR 1,07
10.01.1965;4/8/10/12/15/35;22;0;NULL;NULL;0/EUR 0,00;1/EUR 255.645,94;26/EUR 59.834,85;993/EUR 1.824,11;0/EUR 0,00;58711/EUR 30,83;0/EUR 0,00;1021267/EUR 1,76
17.01.1965;7/9/17/18/27/47;11;0;NULL;NULL;0/EUR 0,00;4/EUR 255.645,94;33/EUR 24.635,50;2868/EUR 640,01;0/EUR 0,00;130636/EUR 14,03;0/EUR 0,00;1570807/EUR 1,15
24.01.1965;13/18/24/31/38/46;4;0;NULL;NULL;0/EUR 0,00;9/EUR 166.361,65;44/EUR 8.507,10;1270/EUR 1.473,67;0/EUR 0,00;61550/EUR 30,40;0/EUR 0,00;1084657/EUR 1,71
31.01.1965;10/26/29/32/34/42;22;0;NULL;NULL;0/EUR 0,00;2/EUR 255.645,94;27/EUR 51.334,86;664/EUR 2.857,41;0/EUR 0,00;54421/EUR 34,84;0/EUR 0,00;1005358/EUR 1,87
07.02.1965;5/8/13/23/29/49;16;0;NULL;NULL;0/EUR 0,00;6/EUR 255.645,94;19/EUR 21.135,94;1086/EUR 1.782,18;0/EUR 0,00;62747/EUR 30,83;0/EUR 0,00;1120244/EUR 1,71
14.02.1965;3/13/33/37/42/47;19;0;NULL;NULL;0/EUR 0,00;2/EUR 255.645,94;49/EUR 29.411,94;3028/EUR 645,22;0/EUR 0,00;80346/EUR 24,29;0/EUR 0,00;1222615/EUR 1,59
21.02.1965;6/9/28/36/46/49;11;0;NULL;NULL;0/EUR 0,00;8/EUR 195.205,59;38/EUR 10.273,98;1526/EUR 1.279,18;0/EUR 0,00;73553/EUR 26,54;0/EUR 0,00;1195880/EUR 1,61
28.02.1965;8/15/18/27/30/35;39;0;NULL;NULL;0/EUR 0,00;6/EUR 255.645,94;46/EUR 9.112,50;1429/EUR 1.366,71;0/EUR 0,00;67864/EUR 28,76;0/EUR 0,00;1156083/EUR 1,69
07.03.1965;14/18/27/33/38/42;2;0;NULL;NULL;0/EUR 0,00;10/EUR 156.507,75;56/EUR 6.986,93;1884/EUR 1.038,95;0/EUR 0,00;85242/EUR 22,93;0/EUR 0,00;1287162/EUR 1,51
14.03.1965;3/4/19/34/43/49;36;0;NULL;NULL;0/EUR 0,00;11/EUR 142.198,17;22/EUR 17.774,76;1301/EUR 1.504,02;0/EUR 0,00;65392/EUR 29,89;0/EUR 0,00;1150248/EUR 1,69
21.03.1965;9/29/33/39/43/45;8;0;NULL;NULL;0/EUR 0,00;0/EUR 0,00;11/EUR 175.943,72;935/EUR 2.069,91;0/EUR 0,00;59242/EUR 32,65;0/EUR 0,00;1102250/EUR 1,74
28.03.1965;9/13/16/34/36/37;45;0;NULL;NULL;0/EUR 0,00;5/EUR 255.645,94;29/EUR 22.559,99;916/EUR 2.111,97;0/EUR 0,00;60977/EUR 31,67;0/EUR 0,00;1128711/EUR 1,69
04.04.1965;6/15/27/28/34/46;25;0;NULL;NULL;0/EUR 0,00;4/EUR 255.645,94;15/EUR 60.265,28;1121/EUR 1.718,61;0/EUR 0,00;52348/EUR 36,79;0/EUR 0,00;959608/EUR 1,99
11.04.1965;2/4/16/23/26/30;11;0;NULL;NULL;0/EUR 0,00;2/EUR 255.645,94;39/EUR 35.756,81;1101/EUR 1.732,54;0/EUR 0,00;62076/EUR 30,68;0/EUR 0,00;1037704/EUR 1,82
19.04.1965;1/2/3/5/47/48;37;0;NULL;NULL;0/EUR 0,00;4/EUR 255.645,94;9/EUR 94.077,17;4469/EUR 418,26;0/EUR 0,00;43787/EUR 42,67;0/EUR 0,00;732079/EUR 2,53
25.04.1965;1/14/22/27/30/42;9;0;NULL;NULL;0/EUR 0,00;1/EUR 255.645,94;37/EUR 43.845,07;857/EUR 2.191,24;0/EUR 0,00;48671/EUR 38,58;0/EUR 0,00;907667/EUR 2,05
02.05.1965;10/23/31/34/45/49;22;0;NULL;NULL;0/EUR 0,00;4/EUR 255.645,94;8/EUR 115.138,13;828/EUR 2.350,28;0/EUR 0,00;47632/EUR 40,80;0/EUR 0,00;911346/EUR 2,12
09.05.1965;4/29/31/36/37/49;48;0;NULL;NULL;0/EUR 0,00;0/EUR 0,00;6/EUR 255.645,94;311/EUR 7.636,04;0/EUR 0,00;32827/EUR 59,51;0/EUR 0,00;796818/EUR 2,43
16.05.1965;11/12/21/37/41/47;30;0;NULL;NULL;0/EUR 0,00;6/EUR 255.645,94;11/EUR 35.179,67;901/EUR 2.139,02;0/EUR 0,00;57980/EUR 33,11;0/EUR 0,00;1052988/EUR 1,82
23.05.1965;2/23/27/31/39/45;25;0;NULL;NULL;0/EUR 0,00;3/EUR 255.645,94;20/EUR 57.358,41;1088/EUR 1.759,28;0/EUR 0,00;59249/EUR 32,29;0/EUR 0,00;1075641/EUR 1,76
30.05.1965;4/9/11/24/29/31;28;0;NULL;NULL;0/EUR 0,00;7/EUR 215.873,62;39/EUR 9.686,63;1734/EUR 1.089,31;0/EUR 0,00;80571/EUR 23,49;0/EUR 0,00;1270161/EUR 1,48
07.06.1965;1/5/15/29/33/38;24;0;NULL;NULL;0/EUR 0,00;1/EUR 255.645,94;24/EUR 70.343,20;836/EUR 2.325,20;0/EUR 0,00;49365/EUR 39,37;0/EUR 0,00;1002823/EUR 1,92
13.06.1965;6/12/15/23/27/47;29;0;NULL;NULL;0/EUR 0,00;2/EUR 255.645,94;19/EUR 72.554,57;1313/EUR 1.439,31;0/EUR 0,00;69364/EUR 27,23;0/EUR 0,00;1181671/EUR 1,59
20.06.1965;3/16/20/21/29/32;23;0;NULL;NULL;0/EUR 0,00;3/EUR 255.645,94;2/EUR 255.645,94;773/EUR 3.265,42;0/EUR 0,00;49030/EUR 38,76;0/EUR 0,00;969784/EUR 1,94
27.06.1965;3/24/37/38/47/49;41;0;NULL;NULL;0/EUR 0,00;1/EUR 255.645,94;9/EUR 178.395,87;716/EUR 2.599,43;0/EUR 0,00;50052/EUR 37,17;0/EUR 0,00;923887/EUR 1,99
04.07.1965;8/12/17/19/21/25;10;0;NULL;NULL;0/EUR 0,00;13/EUR 118.413,84;71/EUR 5.420,33;1985/EUR 969,36;0/EUR 0,00;91728/EUR 20,96;0/EUR 0,00;1457917/EUR 1,30
11.07.1965;9/10/17/33/46/47;25;0;NULL;NULL;0/EUR 0,00;5/EUR 255.645,94;41/EUR 15.534,96;701/EUR 2.732,04;0/EUR 0,00;53601/EUR 35,66;0/EUR 0,00;1076304/EUR 1,76
18.07.1965;7/9/15/25/38/46;11;0;NULL;NULL;0/EUR 0,00;3/EUR 255.645,94;43/EUR 25.834,79;1273/EUR 1.475,10;0/EUR 0,00;66264/EUR 28,33;0/EUR 0,00;1149788/EUR 1,61
25.07.1965;4/19/20/27/32/40;23;0;NULL;NULL;0/EUR 0,00;4/EUR 255.645,94;25/EUR 34.033,35;1077/EUR 1.739,47;0/EUR 0,00;63834/EUR 29,40;0/EUR 0,00;1144538/EUR 1,64
01.08.1965;8/13/17/31/41/44;34;0;NULL;NULL;0/EUR 0,00;13/EUR 116.455,98;30/EUR 12.616,05;1453/EUR 1.302,41;0/EUR 0,00;64680/EUR 29,25;0/EUR 0,00;1106235/EUR 1,69
08.08.1965;19/22/31/32/44/48;4;0;NULL;NULL;0/EUR 0,00;3/EUR 255.645,94;29/EUR 37.679,07;892/EUR 2.084,77;0/EUR 0,00;51884/EUR 35,84;0/EUR 0,00;985082/EUR 1,87
15.08.1965;3/5/12/25/32/48;35;0;NULL;NULL;0/EUR 0,00;5/EUR 255.645,94;44/EUR 13.377,88;1705/EUR 1.094,91;0/EUR 0,00;78779/EUR 23,67;0/EUR 0,00;1253080/EUR 1,48
22.08.1965;3/4/6/12/21/43;42;0;NULL;NULL;0/EUR 0,00;4/EUR 255.645,94;11/EUR 75.649,37;958/EUR 1.936,03;0/EUR 0,00;59671/EUR 31,06;0/EUR 0,00;1127331/EUR 1,64
29.08.1965;2/16/17/38/39/44;35;0;NULL;NULL;0/EUR 0,00;2/EUR 255.645,94;8/EUR 174.313,05;567/EUR 3.367,11;0/EUR 0,00;39864/EUR 47,81;0/EUR 0,00;847913/EUR 2,22
04.09.1965;13/21/35/36/45/46;1;0;NULL;NULL;0/EUR 0,00;1/EUR 255.645,94;21/EUR 80.869,50;793/EUR 2.463,94;0/EUR 0,00;47465/EUR 41,16;0/EUR 0,00;926611/EUR 2,10
11.09.1965;13/19/21/25/31/37;8;0;NULL;NULL;0/EUR 0,00;6/EUR 255.645,94;58/EUR 7.395,50;11548/EUR 169,95;0/EUR 0,00;82613/EUR 23,75;0/EUR 0,00;1311450/EUR 1,48
18.09.1965;8/31/37/38/42/43;16;0;NULL;NULL;0/EUR 0,00;1/EUR 255.645,94;5/EUR 255.645,94;401/EUR 6.060,75;0/EUR 0,00;31015/EUR 63,89;0/EUR 0,00;802420/EUR 2,45
25.09.1965;4/8/15/17/44/48;1;0;NULL;NULL;0/EUR 0,00;3/EUR 255.645,94;11/EUR 111.274,50;776/EUR 2.565,66;0/EUR 0,00;51807/EUR 38,42;0/EUR 0,00;1007506/EUR 1,97
02.10.1965;2/11/17/33/34/38;41;0;NULL;NULL;0/EUR 0,00;7/EUR 236.271,79;33/EUR 12.529,54;1148/EUR 1.800,85;0/EUR 0,00;70355/EUR 29,37;0/EUR 0,00;1253778/EUR 1,64
09.10.1965;12/15/22/24/32/34;45;0;NULL;NULL;0/EUR 0,00;38/EUR 43.200,02;24/EUR 17.100,00;2616/EUR 784,40;0/EUR 0,00;76098/EUR 26,95;0/EUR 0,00;1256601/EUR 1,61
16.10.1965;6/9/22/31/35/36;15;0;NULL;NULL;0/EUR 0,00;21/EUR 78.612,53;62/EUR 6.656,69;5571/EUR 370,41;0/EUR 0,00;120440/EUR 17,13;0/EUR 0,00;1367523/EUR 1,51
23.10.1965;2/15/24/32/39/44;30;0;NULL;NULL;0/EUR 0,00;6/EUR 255.645,94;8/EUR 64.423,47;1374/EUR 1.491,44;0/EUR 0,00;64574/EUR 31,73;0/EUR 0,00;1099890/EUR 1,84
30.10.1965;6/9/18/26/46/48;33;0;NULL;NULL;0/EUR 0,00;5/EUR 255.645,94;67/EUR 11.895,00;2294/EUR 904,60;0/EUR 0,00;100036/EUR 20,73;0/EUR 0,00;1404461/EUR 1,46
06.11.1965;2/5/18/23/40/47;15;0;NULL;NULL;0/EUR 0,00;5/EUR 255.645,94;20/EUR 39.531,63;1109/EUR 1.865,50;0/EUR 0,00;60728/EUR 34,05;0/EUR 0,00;1141522/EUR 1,79
13.11.1965;6/14/35/43/44/46;27;0;NULL;NULL;0/EUR 0,00;0/EUR 0,00;30/EUR 69.122,96;543/EUR 3.818,94;0/EUR 0,00;40402/EUR 51,31;0/EUR 0,00;848055/EUR 2,43
20.11.1965;6/17/20/36/45/48;30;0;NULL;NULL;0/EUR 0,00;3/EUR 255.645,94;12/EUR 106.995,52;802/EUR 2.557,20;0/EUR 0,00;47345/EUR 43,31;0/EUR 0,00;977399/EUR 2,10
27.11.1965;8/21/24/27/42/44;35;0;NULL;NULL;0/EUR 0,00;4/EUR 255.645,94;13/EUR 82.716,80;969/EUR 2.165,01;0/EUR 0,00;59410/EUR 35,30;0/EUR 0,00;1128461/EUR 1,84
04.12.1965;1/12/13/14/33/48;22;0;NULL;NULL;0/EUR 0,00;2/EUR 255.645,94;14/EUR 131.385,04;660/EUR 3.561,63;0/EUR 0,00;51714/EUR 45,45;0/EUR 0,00;1166405/EUR 1,99
11.12.1965;10/15/32/41/42/48;49;0;NULL;NULL;0/EUR 0,00;1/EUR 255.645,94;12/EUR 157.592,61;478/EUR 4.500,52;0/EUR 0,00;37847/EUR 56,70;0/EUR 0,00;867976/EUR 2,45
18.12.1965;11/20/23/29/33/48;47;0;NULL;NULL;0/EUR 0,00;1/EUR 255.645,94;5/EUR 255.645,94;816/EUR 3.419,29;0/EUR 0,00;51931/EUR 41,62;0/EUR 0,00;1069641/EUR 2,02
25.12.1965;5/21/25/35/36/48;7;0;NULL;NULL;0/EUR 0,00;4/EUR 255.645,94;27/EUR 37.138,96;947/EUR 2.138,68;0/EUR 0,00;59328/EUR 34,13;0/EUR 0,00;1112224/EUR 1,82
02.01.1966;6/20/24/30/39/47;2;0;NULL;NULL;0/EUR 0,00;3/EUR 255.645,94;23/EUR 54.269,70;800/EUR 2.518,91;0/EUR 0,00;45487/EUR 44,28;0/EUR 0,00;923293/EUR 2,17
09.01.1966;5/9/10/20/37/46;44;0;NULL;NULL;0/EUR 0,00;0/EUR 0,00;13/EUR 161.227,43;720/EUR 2.911,04;0/EUR 0,00;51018/EUR 41,08;0/EUR 0,00;1073964/EUR 1,94
16.01.1966;8/19/28/36/39/40;42;0;NULL;NULL;0/EUR 0,00;3/EUR 255.645,94;49/EUR 27.735,69;1957/EUR 1.086,34;0/EUR 0,00;85495/EUR 24,85;0/EUR 0,00;1337590/EUR 1,59
23.01.1966;5/25/30/36/38/49;23;0;NULL;NULL;0/EUR 0,00;5/EUR 255.645,94;9/EUR 94.840,09;671/EUR 3.177,01;0/EUR 0,00;50521/EUR 42,18;0/EUR 0,00;1064080/EUR 1,99
30.01.1966;5/8/29/32/39/47;7;0;NULL;NULL;0/EUR 0,00;6/EUR 255.645,94;6/EUR 105.191,66;1259/EUR 1.719,63;0/EUR 0,00;65340/EUR 33,13;0/EUR 0,00;1114015/EUR 1,94
06.02.1966;1/2/8/19/26/39;9;0;NULL;NULL;0/EUR 0,00;12/EUR 145.263,09;81/EUR 5.380,09;2420/EUR 900,39;0/EUR 0,00;94739/EUR 22,98;0/EUR 0,00;1398628/EUR 1,53
13.02.1966;19/33/34/41/42/46;47;0;NULL;NULL;0/EUR 0,00;2/EUR 255.645,94;16/EUR 102.760,18;503/EUR 4.285,19;0/EUR 0,00;41116/EUR 52,41;0/EUR 0,00;1044740/EUR 2,05
20.02.1966;3/7/18/39/44/47;4;0;NULL;NULL;0/EUR 0,00;4/EUR 255.645,94;22/EUR 52.177,39;1711/EUR 1.268,54;0/EUR 0,00;87143/EUR 24,90;0/EUR 0,00;1462446/EUR 1,48
27.02.1966;9/24/29/30/34/45;41;0;NULL;NULL;0/EUR 0,00;1/EUR 255.645,94;12/EUR 160.001,94;607/EUR 3.584,28;0/EUR 0,00;47766/EUR 45,53;0/EUR 0,00;1045853/EUR 2,07
06.03.1966;7/10/16/24/29/44;3;0;NULL;NULL;0/EUR 0,00;3/EUR 255.645,94;26/EUR 55.918,13;1156/EUR 1.921,10;0/EUR 0,00;64842/EUR 34,23;0/EUR 0,00;1194360/EUR 1,84
13.03.1966;28/29/30/34/44/46;9;0;NULL;NULL;0/EUR 0,00;0/EUR 0,00;11/EUR 198.504,73;585/EUR 3.732,56;0/EUR 0,00;35781/EUR 61,02;0/EUR 0,00;814140/EUR 2,66
20.03.1966;8/14/19/38/41/43;27;0;NULL;NULL;0/EUR 0,00;3/EUR 255.645,94;52/EUR 27.888,59;958/EUR 2.314,34;0/EUR 0,00;61565/EUR 35,99;0/EUR 0,00;1205977/EUR 1,82
27.03.1966;5/22/27/30/40/44;18;0;NULL;NULL;0/EUR 0,00;3/EUR 255.645,94;47/EUR 30.373,96;862/EUR 2.545,82;0/EUR 0,00;54087/EUR 40,57;0/EUR 0,00;1079402/EUR 2,02
03.04.1966;2/6/21/29/37/39;20;0;NULL;NULL;0/EUR 0,00;3/EUR 255.645,94;19/EUR 77.371,14;1248/EUR 1.792,44;0/EUR 0,00;67719/EUR 33,03;0/EUR 0,00;1203621/EUR 1,84
10.04.1966;15/25/26/28/39/41;21;0;NULL;NULL;0/EUR 0,00;1/EUR 255.645,94;13/EUR 144.740,08;693/EUR 3.084,06;0/EUR 0,00;44506/EUR 48,01;0/EUR 0,00;957303/EUR 2,22
17.04.1966;6/15/20/26/28/30;47;0;NULL;NULL;0/EUR 0,00;5/EUR 255.645,94;10/EUR 88.634,95;1014/EUR 2.134,67;0/EUR 0,00;56675/EUR 38,17;0/EUR 0,00;1061811/EUR 2,02
24.04.1966;19/26/36/40/41/42;47;0;NULL;NULL;0/EUR 0,00;1/EUR 255.645,94;9/EUR 214.900,76;544/EUR 4.025,27;0/EUR 0,00;45142/EUR 48,50;0/EUR 0,00;1061513/EUR 2,05
01.05.1966;8/21/34/35/39/43;36;0;NULL;NULL;0/EUR 0,00;0/EUR 0,00;10/EUR 221.904,43;770/EUR 2.881,87;0/EUR 0,00;49951/EUR 44,41;0/EUR 0,00;1044109/EUR 2,12
08.05.1966;1/4/8/19/31/39;21;0;NULL;NULL;0/EUR 0,00;7/EUR 251.513,63;54/EUR 8.150,89;2110/EUR 1.042,98;0/EUR 0,00;102215/EUR 21,53;0/EUR 0,00;1541787/EUR 1,41
15.05.1966;5/9/20/22/36/49;27;0;NULL;NULL;0/EUR 0,00;6/EUR 255.645,94;44/EUR 15.206,00;1528/EUR 1.441,69;0/EUR 0,00;79251/EUR 27,79;0/EUR 0,00;1359958/EUR 1,61
22.05.1966;5/17/30/35/45/49;41;0;NULL;NULL;0/EUR 0,00;6/EUR 255.645,94;20/EUR 28.771,44;983/EUR 2.145,76;0/EUR 0,00;56328/EUR 37,43;0/EUR 0,00;1026056/EUR 2,05
29.05.1966;9/31/36/37/40/45;1;0;NULL;NULL;0/EUR 0,00;2/EUR 255.645,94;7/EUR 240.518,94;649/EUR 3.381,99;0/EUR 0,00;53539/EUR 40,98;0/EUR 0,00;1152225/EUR 1,89
05.06.1966;4/8/23/31/45/48;39;0;NULL;NULL;0/EUR 0,00;2/EUR 255.645,94;30/EUR 55.073,80;1255/EUR 1.723,90;0/EUR 0,00;69965/EUR 30,91;0/EUR 0,00;1216807/EUR 1,76
12.06.1966;2/3/6/12/19/22;16;0;NULL;NULL;0/EUR 0,00;15/EUR 111.590,65;66/EUR 6.340,38;3109/EUR 672,99;0/EUR 0,00;121033/EUR 17,28;0/EUR 0,00;1710838/EUR 1,20
19.06.1966;4/5/20/27/33/45;17;0;NULL;NULL;0/EUR 0,00;6/EUR 255.645,94;26/EUR 18.662,18;1205/EUR 1.675,58;0/EUR 0,00;58536/EUR 34,49;0/EUR 0,00;1112693/EUR 1,79
26.06.1966;17/18/21/24/33/34;5;0;NULL;NULL;0/EUR 0,00;4/EUR 255.645,94;36/EUR 30.528,09;834/EUR 2.543,86;0/EUR 0,00;53722/EUR 39,47;0/EUR 0,00;1223939/EUR 1,71
03.07.1966;19/28/33/36/38/46;21;0;NULL;NULL;0/EUR 0,00;1/EUR 255.645,94;17/EUR 113.940,09;1108/EUR 1.978,90;0/EUR 0,00;73183/EUR 29,94;0/EUR 0,00;1364438/EUR 1,59
10.07.1966;15/21/28/36/37/42;23;0;NULL;NULL;0/EUR 0,00;5/EUR 255.645,94;23/EUR 39.381,59;1243/EUR 1.757,03;0/EUR 0,00;63315/EUR 34,49;0/EUR 0,00;1170078/EUR 1,87
17.07.1966;11/22/39/41/43/49;3;0;NULL;NULL;0/EUR 0,00;2/EUR 255.645,94;19/EUR 87.468,34;869/EUR 2.500,78;0/EUR 0,00;55997/EUR 38,81;0/EUR 0,00;1061648/EUR 2,05
24.07.1966;5/10/12/26/33/47;21;0;NULL;NULL;0/EUR 0,00;10/EUR 170.984,08;37/EUR 11.552,97;2242/EUR 953,28;0/EUR 0,00;80314/EUR 26,59;0/EUR 0,00;1284806/EUR 1,66
31.07.1966;4/10/12/32/37/41;24;0;NULL;NULL;0/EUR 0,00;5/EUR 255.645,94;66/EUR 12.956,55;946/EUR 2.255,13;0/EUR 0,00;60667/EUR 35,15;0/EUR 0,00;1137902/EUR 1,87
07.08.1966;1/7/23/38/40/49;25;0;NULL;NULL;0/EUR 0,00;3/EUR 255.645,94;39/EUR 35.325,82;1173/EUR 1.828,33;0/EUR 0,00;60887/EUR 35,20;0/EUR 0,00;1114499/EUR 1,92
14.08.1966;3/23/24/27/34/40;26;0;NULL;NULL;0/EUR 0,00;0/EUR 0,00;3/EUR 255.645,94;532/EUR 6.531,91;0/EUR 0,00;51697/EUR 41,01;0/EUR 0,00;1173580/EUR 1,79
21.08.1966;5/10/30/38/45/47;20;0;NULL;NULL;0/EUR 0,00;0/EUR 0,00;37/EUR 57.873,59;957/EUR 2.237,52;0/EUR 0,00;57940/EUR 36,94;0/EUR 0,00;1085841/EUR 1,97
28.08.1966;5/12/18/25/40/48;16;0;NULL;NULL;0/EUR 0,00;12/EUR 144.936,09;16/EUR 27.175,50;2185/EUR 994,97;0/EUR 0,00;85019/EUR 25,56;0/EUR 0,00;1357403/EUR 1,59
04.09.1966;6/12/21/33/42/43;4;0;NULL;NULL;0/EUR 0,00;4/EUR 255.645,94;65/EUR 18.738,80;1547/EUR 1.448,34;0/EUR 0,00;76109/EUR 29,42;0/EUR 0,00;1276028/EUR 1,74
11.09.1966;16/21/27/28/34/49;45;0;NULL;NULL;0/EUR 0,00;5/EUR 255.645,94;14/EUR 67.746,30;557/EUR 3.997,61;0/EUR 0,00;40224/EUR 55,35;0/EUR 0,00;934236/EUR 2,38
18.09.1966;14/21/24/28/38/48;36;0;NULL;NULL;0/EUR 0,00;9/EUR 202.755,40;36/EUR 12.672,19;1591/EUR 1.433,69;0/EUR 0,00;69605/EUR 32,75;0/EUR 0,00;1285462/EUR 1,76
25.09.1966;1/14/16/26/35/44;20;0;NULL;NULL;0/EUR 0,00;4/EUR 255.645,94;16/EUR 77.195,31;1053/EUR 2.144,05;0/EUR 0,00;54747/EUR 41,24;0/EUR 0,00;999940/EUR 2,25
02.10.1966;10/14/16/21/23/45;26;0;NULL;NULL;0/EUR 0,00;1/EUR 255.645,94;11/EUR 186.329,95;621/EUR 3.712,18;0/EUR 0,00;46435/EUR 49,62;0/EUR 0,00;1044930/EUR 2,20
09.10.1966;13/28/31/33/34/35;30;0;NULL;NULL;0/EUR 0,00;1/EUR 255.645,94;16/EUR 128.029,84;647/EUR 3.561,22;0/EUR 0,00;55232/EUR 41,70;0/EUR 0,00;1157482/EUR 1,97
16.10.1966;4/20/28/35/40/44;14;0;NULL;NULL;0/EUR 0,00;2/EUR 255.645,94;38/EUR 47.980,99;906/EUR 2.576,78;0/EUR 0,00;54248/EUR 43,03;0/EUR 0,00;1017778/EUR 2,28
23.10.1966;1/6/13/17/42/44;48;0;NULL;NULL;0/EUR 0,00;1/EUR 255.645,94;16/EUR 128.487,37;782/EUR 2.955,80;0/EUR 0,00;50999/EUR 45,30;0/EUR 0,00;1097534/EUR 2,10
30.10.1966;29/35/37/39/42/44;6;0;NULL;NULL;0/EUR 0,00;6/EUR 255.645,94;5/EUR 157.259,02;1571/EUR 1.476,87;0/EUR 0,00;53666/EUR 43,23;0/EUR 0,00;1081177/EUR 2,12
06.11.1966;11/18/25/42/43/46;26;0;NULL;NULL;0/EUR 0,00;0/EUR 0,00;11/EUR 210.160,19;945/EUR 2.446,30;0/EUR 0,00;63107/EUR 36,61;0/EUR 0,00;1191344/EUR 1,92
13.11.1966;1/13/16/27/33/49;45;0;NULL;NULL;0/EUR 0,00;9/EUR 207.808,53;56/EUR 8.349,45;1507/EUR 1.551,31;0/EUR 0,00;75831/EUR 30,81;0/EUR 0,00;1295493/EUR 1,79
20.11.1966;8/18/22/27/29/45;17;0;NULL;NULL;0/EUR 0,00;2/EUR 255.645,94;14/EUR 129.508,78;1134/EUR 2.049,74;0/EUR 0,00;75096/EUR 30,93;0/EUR 0,00;1377829/EUR 1,66
27.11.1966;9/17/30/33/42/43;21;0;NULL;NULL;0/EUR 0,00;4/EUR 255.645,94;48/EUR 27.733,52;1492/EUR 1.577,59;0/EUR 0,00;81499/EUR 28,86;0/EUR 0,00;1427244/EUR 1,64
04.12.1966;5/10/11/12/17/41;32;0;NULL;NULL;0/EUR 0,00;2/EUR 255.645,94;17/EUR 127.205,89;1054/EUR 2.536,80;0/EUR 0,00;80154/EUR 33,34;0/EUR 0,00;1556564/EUR 1,71
11.12.1966;5/8/29/34/45/49;36;0;NULL;NULL;0/EUR 0,00;5/EUR 255.645,94;17/EUR 67.710,49;893/EUR 2.720,38;0/EUR 0,00;55786/EUR 43,54;0/EUR 0,00;1146650/EUR 2,10
18.12.1966;18/21/38/39/40/41;26;0;NULL;NULL;0/EUR 0,00;1/EUR 255.645,94;13/EUR 167.339,31;725/EUR 3.353,18;0/EUR 0,00;52149/EUR 46,60;0/EUR 0,00;1065560/EUR 2,28
25.12.1966;10/15/16/19/21/32;41;0;NULL;NULL;0/EUR 0,00;4/EUR 255.645,94;26/EUR 54.673,05;1033/EUR 2.366,00;0/EUR 0,00;70502/EUR 34,67;0/EUR 0,00;1411353/EUR 1,71
01.01.1967;2/20/33/40/41/43;10;0;NULL;NULL;0/EUR 0,00;1/EUR 255.645,94;15/EUR 143.906,37;568/EUR 4.250,42;0/EUR 0,00;46102/EUR 52,36;0/EUR 0,00;1010440/EUR 2,38
08.01.1967;4/12/18/21/31/32;8;0;NULL;NULL;0/EUR 0,00;4/EUR 255.645,94;53/EUR 24.671,44;1844/EUR 1.263,63;0/EUR 0,00;93299/EUR 24,95;0/EUR 0,00;1543693/EUR 1,51
15.01.1967;2/5/6/7/22/47;43;0;NULL;NULL;0/EUR 0,00;1/EUR 255.645,94;15/EUR 145.437,38;801/EUR 3.042,70;0/EUR 0,00;62953/EUR 38,70;0/EUR 0,00;1334251/EUR 1,82
22.01.1967;4/10/17/31/36/44;40;0;NULL;NULL;0/EUR 0,00;4/EUR 255.645,94;32/EUR 43.859,33;1579/EUR 1.536,46;0/EUR 0,00;75269/EUR 32,21;0/EUR 0,00;1361477/EUR 1,76
29.01.1967;6/7/18/21/35/39;29;0;NULL;NULL;0/EUR 0,00;4/EUR 255.645,94;37/EUR 38.053,44;1375/EUR 1.767,66;0/EUR 0,00;80378/EUR 30,22;0/EUR 0,00;1578045/EUR 1,53
05.02.1967;7/8/11/26/34/42;22;0;NULL;NULL;0/EUR 0,00;4/EUR 255.645,94;44/EUR 32.455,30;1740/EUR 1.408,38;0/EUR 0,00;82951/EUR 29,53;0/EUR 0,00;1424250/EUR 1,71
12.02.1967;3/22/25/29/45/47;18;0;NULL;NULL;0/EUR 0,00;3/EUR 255.645,94;30/EUR 55.039,78;1352/EUR 1.788,55;0/EUR 0,00;63053/EUR 38,35;0/EUR 0,00;1237559/EUR 1,94
19.02.1967;3/7/12/33/44/49;32;0;NULL;NULL;0/EUR 0,00;10/EUR 196.533,34;22/EUR 22.333,33;1736/EUR 1.415,13;0/EUR 0,00;86436/EUR 28,40;0/EUR 0,00;1525371/EUR 1,59
26.02.1967;3/16/22/27/32/42;7;0;NULL;NULL;0/EUR 0,00;7/EUR 255.645,94;58/EUR 11.635,75;1240/EUR 1.987,39;0/EUR 0,00;72607/EUR 33,92;0/EUR 0,00;1364569/EUR 1,79
05.03.1967;19/23/27/45/47/49;14;0;NULL;NULL;0/EUR 0,00;15/EUR 134.582,61;19/EUR 26.562,35;1593/EUR 1.584,06;0/EUR 0,00;76712/EUR 32,88;0/EUR 0,00;1451324/EUR 1,74
12.03.1967;5/9/19/36/39/42;46;0;NULL;NULL;0/EUR 0,00;13/EUR 151.595,72;40/EUR 12.317,15;3141/EUR 784,27;0/EUR 0,00;135959/EUR 18,10;0/EUR 0,00;1985277/EUR 1,23
19.03.1967;4/7/21/22/23/44;12;0;NULL;NULL;0/EUR 0,00;4/EUR 255.645,94;37/EUR 39.414,24;1385/EUR 1.791,26;0/EUR 0,00;82080/EUR 30,22;0/EUR 0,00;1535924/EUR 1,61
26.03.1967;7/20/27/29/42/48;12;0;NULL;NULL;0/EUR 0,00;3/EUR 255.645,94;32/EUR 51.917,70;1013/EUR 2.397,14;0/EUR 0,00;61949/EUR 39,19;0/EUR 0,00;1224794/EUR 1,97
02.04.1967;14/21/24/31/34/48;25;0;NULL;NULL;0/EUR 0,00;6/EUR 255.645,94;7/EUR 134.189,53;1479/EUR 1.672,21;0/EUR 0,00;73504/EUR 33,64;0/EUR 0,00;1311144/EUR 1,87
09.04.1967;1/2/18/26/43/45;22;0;NULL;NULL;0/EUR 0,00;2/EUR 255.645,94;14/EUR 141.823,55;748/EUR 3.337,99;0/EUR 0,00;51768/EUR 48,21;0/EUR 0,00;1118853/EUR 2,22
16.04.1967;11/12/22/34/44/48;26;0;NULL;NULL;0/EUR 0,00;4/EUR 255.645,94;28/EUR 51.733,43;1459/EUR 1.693,71;0/EUR 0,00;75929/EUR 32,54;0/EUR 0,00;1352138/EUR 1,82
23.04.1967;6/12/16/18/29/49;38;0;NULL;NULL;0/EUR 0,00;1/EUR 255.645,94;31/EUR 71.537,28;927/EUR 2.668,05;0/EUR 0,00;65106/EUR 37,96;0/EUR 0,00;1318014/EUR 1,87
30.04.1967;7/19/23/33/38/42;32;0;NULL;NULL;0/EUR 0,00;20/EUR 100.160,85;60/EUR 8.346,74;4071/EUR 615,08;0/EUR 0,00;145553/EUR 17,18;0/EUR 0,00;2045993/EUR 1,20
07.05.1967;2/8/18/30/41/44;29;0;NULL;NULL;0/EUR 0,00;7/EUR 255.645,94;38/EUR 15.636,35;1357/EUR 1.756,59;0/EUR 0,00;64666/EUR 36,84;0/EUR 0,00;1197758/EUR 1,97
14.05.1967;21/26/29/30/39/49;48;0;NULL;NULL;0/EUR 0,00;6/EUR 255.645,94;13/EUR 68.094,47;573/EUR 4.221,81;0/EUR 0,00;47011/EUR 51,44;0/EUR 0,00;1028191/EUR 2,35
21.05.1967;5/18/20/29/34/43;38;0;NULL;NULL;0/EUR 0,00;5/EUR 255.645,94;25/EUR 44.177,43;1110/EUR 2.146,53;0/EUR 0,00;63968/EUR 37,25;0/EUR 0,00;1224836/EUR 1,94
28.05.1967;2/32/35/39/46/49;8;0;NULL;NULL;0/EUR 0,00;2/EUR 255.645,94;11/EUR 170.073,45;647/EUR 3.681,76;0/EUR 0,00;42498/EUR 56,04;0/EUR 0,00;973729/EUR 2,43
04.06.1967;2/3/18/20/37/42;8;0;NULL;NULL;0/EUR 0,00;1/EUR 255.645,94;12/EUR 181.731,92;760/EUR 3.205,83;0/EUR 0,00;52384/EUR 46,50;0/EUR 0,00;1177946/EUR 2,05
11.06.1967;17/21/30/44/45/49;9;0;NULL;NULL;0/EUR 0,00;3/EUR 255.645,94;23/EUR 70.157,50;795/EUR 2.994,41;0/EUR 0,00;51543/EUR 46,17;0/EUR 0,00;1073270/EUR 2,20
18.06.1967;7/23/37/40/43/48;2;0;NULL;NULL;0/EUR 0,00;6/EUR 255.645,94;21/EUR 42.306,80;1484/EUR 1.632,27;0/EUR 0,00;78495/EUR 30,86;0/EUR 0,00;1381821/EUR 1,74
25.06.1967;3/8/16/18/31/43;23;0;NULL;NULL;0/EUR 0,00;3/EUR 255.645,94;46/EUR 34.989,90;1285/EUR 1.849,39;0/EUR 0,00;73411/EUR 32,36;0/EUR 0,00;1316966/EUR 1,79
02.07.1967;1/13/20/30/34/45;3;0;NULL;NULL;0/EUR 0,00;1/EUR 255.645,94;20/EUR 108.806,31;851/EUR 2.857,53;0/EUR 0,00;48955/EUR 49,67;0/EUR 0,00;1039255/EUR 2,33
09.07.1967;9/12/19/30/33/49;41;0;NULL;NULL;0/EUR 0,00;7/EUR 255.645,94;29/EUR 20.432,02;1855/EUR 1.284,11;0/EUR 0,00;96072/EUR 24,77;0/EUR 0,00;1664762/EUR 1,41
16.07.1967;1/7/22/24/32/49;41;0;NULL;NULL;0/EUR 0,00;0/EUR 0,00;21/EUR 112.146,28;1242/EUR 1.896,18;0/EUR 0,00;71641/EUR 32,85;0/EUR 0,00;1255228/EUR 1,87
23.07.1967;4/9/10/19/30/43;27;0;NULL;NULL;0/EUR 0,00;9/EUR 207.979,76;63/EUR 7.427,84;1782/EUR 1.313,00;0/EUR 0,00;93105/EUR 25,13;0/EUR 0,00;1547683/EUR 1,51
30.07.1967;2/3/30/32/40/41;46;0;NULL;NULL;0/EUR 0,00;7/EUR 255.645,94;13/EUR 40.890,44;641/EUR 3.621,05;0/EUR 0,00;41263/EUR 56,24;0/EUR 0,00;958521/EUR 2,40
06.08.1967;2/14/21/26/41/45;29;0;NULL;NULL;0/EUR 0,00;4/EUR 255.645,94;28/EUR 46.530,12;1206/EUR 1.928,21;0/EUR 0,00;61399/EUR 37,86;0/EUR 0,00;1105896/EUR 2,10
13.08.1967;3/8/9/13/34/38;32;0;NULL;NULL;0/EUR 0,00;2/EUR 255.645,94;27/EUR 67.163,66;1040/EUR 2.235,29;0/EUR 0,00;71602/EUR 32,47;0/EUR 0,00;1423112/EUR 1,61
20.08.1967;2/5/13/19/22/23;33;0;NULL;NULL;0/EUR 0,00;10/EUR 186.255,58;41/EUR 11.357,05;2179/EUR 1.068,45;0/EUR 0,00;103463/EUR 22,50;0/EUR 0,00;1695611/EUR 1,35
27.08.1967;13/21/22/38/40/48;34;0;NULL;NULL;0/EUR 0,00;3/EUR 255.645,94;18/EUR 86.591,93;701/EUR 3.317,52;0/EUR 0,00;48890/EUR 47,55;0/EUR 0,00;1037677/EUR 2,22
03.09.1967;12/22/25/38/43/44;9;0;NULL;NULL;0/EUR 0,00;5/EUR 255.645,94;34/EUR 32.803,13;950/EUR 2.519,49;0/EUR 0,00;65388/EUR 36,58;0/EUR 0,00;1256259/EUR 1,89
10.09.1967;7/15/16/32/35/36;1;0;NULL;NULL;0/EUR 0,00;6/EUR 255.645,94;34/EUR 25.211,14;1341/EUR 1.783,03;0/EUR 0,00;70921/EUR 33,69;0/EUR 0,00;1341800/EUR 1,76
17.09.1967;3/9/15/20/21/36;39;0;NULL;NULL;0/EUR 0,00;6/EUR 255.645,94;55/EUR 16.015,83;2043/EUR 1.181,95;0/EUR 0,00;93587/EUR 25,79;0/EUR 0,00;1468803/EUR 1,64
24.09.1967;3/19/26/36/43/45;13;0;NULL;NULL;0/EUR 0,00;4/EUR 255.645,94;57/EUR 24.059,89;1286/EUR 1.861,56;0/EUR 0,00;73601/EUR 32,52;0/EUR 0,00;1394909/EUR 1,71
01.10.1967;2/20/35/36/37/49;21;0;NULL;NULL;0/EUR 0,00;1/EUR 255.645,94;12/EUR 180.159,70;495/EUR 4.883,96;0/EUR 0,00;38988/EUR 61,99;0/EUR 0,00;915321/EUR 2,63
08.10.1967;1/14/19/29/32/42;31;0;NULL;NULL;0/EUR 0,00;2/EUR 255.645,94;21/EUR 91.943,83;1030/EUR 2.370,96;0/EUR 0,00;62394/EUR 39,14;0/EUR 0,00;1244927/EUR 1,94
15.10.1967;22/24/28/36/44/45;40;0;NULL;NULL;0/EUR 0,00;5/EUR 255.645,94;21/EUR 55.541,94;1126/EUR 2.171,05;0/EUR 0,00;69705/EUR 35,05;0/EUR 0,00;1340566/EUR 1,82
22.10.1967;1/15/20/22/23/26;10;0;NULL;NULL;0/EUR 0,00;4/EUR 255.645,94;23/EUR 60.870,70;631/EUR 3.839,32;0/EUR 0,00;46141/EUR 52,48;0/EUR 0,00;1016692/EUR 2,38
29.10.1967;2/9/13/25/47/48;15;0;NULL;NULL;0/EUR 0,00;5/EUR 255.645,94;25/EUR 46.064,18;1387/EUR 1.751,84;0/EUR 0,00;79558/EUR 30,52;0/EUR 0,00;1446484/EUR 1,66
05.11.1967;6/9/11/21/39/40;4;0;NULL;NULL;0/EUR 0,00;5/EUR 255.645,94;43/EUR 27.367,66;1524/EUR 1.610,90;0/EUR 0,00;86408/EUR 28,40;0/EUR 0,00;1567759/EUR 1,56
12.11.1967;11/22/29/38/41/42;39;0;NULL;NULL;0/EUR 0,00;2/EUR 255.645,94;15/EUR 129.540,12;915/EUR 2.682,39;0/EUR 0,00;61484/EUR 39,91;0/EUR 0,00;1190329/EUR 2,05
19.11.1967;2/9/19/28/38/46;29;0;NULL;NULL;0/EUR 0,00;17/EUR 116.095,14;87/EUR 5.671,30;2655/EUR 929,20;0/EUR 0,00;105121/EUR 23,47;0/EUR 0,00;1626705/EUR 1,51
26.11.1967;3/9/10/24/31/48;49;0;NULL;NULL;0/EUR 0,00;14/EUR 139.729,50;33/EUR 14.819,80;1693/EUR 1.444,32;0/EUR 0,00;90489/EUR 27,02;0/EUR 0,00;1521162/EUR 1,59
03.12.1967;6/13/17/33/41/46;22;0;NULL;NULL;0/EUR 0,00;7/EUR 255.645,94;90/EUR 9.641,58;2251/EUR 1.180,47;0/EUR 0,00;99215/EUR 26,77;0/EUR 0,00;1650334/EUR 1,59
10.12.1967;2/12/20/32/33/43;38;0;NULL;NULL;0/EUR 0,00;5/EUR 255.645,94;19/EUR 64.126,48;1263/EUR 1.976,73;0/EUR 0,00;69845/EUR 35,74;0/EUR 0,00;1276757/EUR 1,94
17.12.1967;6/8/21/27/30/36;15;0;NULL;NULL;0/EUR 0,00;2/EUR 255.645,94;49/EUR 40.914,85;1219/EUR 2.064,09;0/EUR 0,00;77383/EUR 32,49;0/EUR 0,00;1503375/EUR 1,66
24.12.1967;11/12/18/29/38/39;42;0;NULL;NULL;0/EUR 0,00;4/EUR 255.645,94;26/EUR 57.247,66;1212/EUR 2.071,78;0/EUR 0,00;72026/EUR 34,84;0/EUR 0,00;1466380/EUR 1,69
31.12.1967;11/14/26/30/41/44;2;0;NULL;NULL;0/EUR 0,00;13/EUR 151.146,24;62/EUR 7.922,98;1649/EUR 1.489,44;0/EUR 0,00;70486/EUR 34,84;0/EUR 0,00;1187807/EUR 2,05
07.01.1968;11/14/15/19/34/49;45;0;NULL;NULL;0/EUR 0,00;0/EUR 0,00;28/EUR 85.649,49;631/EUR 3.800,59;0/EUR 0,00;52492/EUR 45,68;0/EUR 0,00;1195360/EUR 1,99
14.01.1968;14/18/29/30/39/43;3;0;NULL;NULL;0/EUR 0,00;1/EUR 255.645,94;29/EUR 74.474,42;870/EUR 2.776,31;0/EUR 0,00;57508/EUR 41,98;0/EUR 0,00;1135911/EUR 2,12
21.01.1968;2/14/16/24/30/47;13;0;NULL;NULL;0/EUR 0,00;2/EUR 255.645,94;7/EUR 255.645,94;838/EUR 3.105,48;0/EUR 0,00;52613/EUR 46,58;0/EUR 0,00;1114052/EUR 2,20
28.01.1968;5/8/19/27/28/40;25;0;NULL;NULL;0/EUR 0,00;39/EUR 49.938,85;37/EUR 13.159,55;3376/EUR 721,10;0/EUR 0,00;115620/EUR 21,04;0/EUR 0,00;1698777/EUR 1,43
04.02.1968;4/8/10/25/36/39;17;0;NULL;NULL;0/EUR 0,00;1/EUR 255.645,94;51/EUR 43.242,41;1435/EUR 1.714,98;0/EUR 0,00;80383/EUR 30,60;0/EUR 0,00;1455109/EUR 1,69
11.02.1968;6/11/23/34/44/48;3;0;NULL;NULL;0/EUR 0,00;20/EUR 97.479,79;66/EUR 7.384,82;2331/EUR 1.045,46;0/EUR 0,00;92455/EUR 26,36;0/EUR 0,00;1419910/EUR 1,71
18.02.1968;6/25/37/38/39/42;17;0;NULL;NULL;0/EUR 0,00;0/EUR 0,00;27/EUR 90.801,53;642/EUR 3.818,74;0/EUR 0,00;54835/EUR 44,69;0/EUR 0,00;1171444/EUR 2,07
25.02.1968;7/12/17/24/30/38;49;0;NULL;NULL;0/EUR 0,00;13/EUR 149.313,51;38/EUR 12.770,23;2131/EUR 1.138,57;0/EUR 0,00;101735/EUR 23,83;0/EUR 0,00;1689340/EUR 1,43
03.03.1968;1/7/10/21/23/30;45;0;NULL;NULL;0/EUR 0,00;7/EUR 255.645,94;39/EUR 18.348,68;1744/EUR 1.436,40;0/EUR 0,00;86212/EUR 29,04;0/EUR 0,00;1500293/EUR 1,66
10.03.1968;2/21/22/31/40/44;24;0;NULL;NULL;0/EUR 0,00;2/EUR 255.645,94;17/EUR 117.117,87;1125/EUR 2.224,25;0/EUR 0,00;64404/EUR 38,83;0/EUR 0,00;1245572/EUR 1,99
17.03.1968;11/13/22/26/29/43;41;0;NULL;NULL;0/EUR 0,00;4/EUR 255.645,94;43/EUR 34.355,75;1275/EUR 1.960,68;0/EUR 0,00;79336/EUR 31,50;0/EUR 0,00;1455211/EUR 1,71
24.03.1968;5/11/15/18/28/41;22;0;NULL;NULL;0/EUR 0,00;7/EUR 255.645,94;24/EUR 28.345,02;1312/EUR 1.882,45;0/EUR 0,00;75508/EUR 32,70;0/EUR 0,00;1405169/EUR 1,74
31.03.1968;7/17/23/40/46/49;31;0;NULL;NULL;0/EUR 0,00;2/EUR 255.645,94;32/EUR 61.001,98;1072/EUR 2.297,90;0/EUR 0,00;64784/EUR 38,01;0/EUR 0,00;1273798/EUR 1,92
07.04.1968;16/32/35/39/47/48;22;0;NULL;NULL;0/EUR 0,00;5/EUR 255.645,94;11/EUR 107.719,15;1343/EUR 1.834,06;0/EUR 0,00;75494/EUR 32,62;0/EUR 0,00;1292416/EUR 1,89
14.04.1968;2/15/16/29/42/46;33;0;NULL;NULL;0/EUR 0,00;2/EUR 255.645,94;20/EUR 95.264,39;734/EUR 3.292,34;0/EUR 0,00;47976/EUR 50,36;0/EUR 0,00;987860/EUR 2,43
21.04.1968;2/13/31/32/38/47;12;0;NULL;NULL;0/EUR 0,00;2/EUR 255.645,94;14/EUR 131.055,03;701/EUR 3.346,71;0/EUR 0,00;51198/EUR 45,81;0/EUR 0,00;1096273/EUR 2,12
28.04.1968;11/12/26/43/45/46;18;0;NULL;NULL;0/EUR 0,00;0/EUR 0,00;18/EUR 132.497,71;896/EUR 2.661,76;0/EUR 0,00;53789/EUR 44,33;0/EUR 0,00;1147574/EUR 2,07
05.05.1968;7/9/10/15/32/33;2;0;NULL;NULL;0/EUR 0,00;4/EUR 255.645,94;21/EUR 65.888,60;1230/EUR 1.956,28;0/EUR 0,00;68396/EUR 35,18;0/EUR 0,00;1428064/EUR 1,66
12.05.1968;8/14/15/21/27/39;48;0;NULL;NULL;0/EUR 0,00;7/EUR 255.645,94;30/EUR 20.312,63;1682/EUR 1.426,20;0/EUR 0,00;89033/EUR 26,92;0/EUR 0,00;1389349/EUR 1,71
19.05.1968;1/18/26/32/39/41;37;0;NULL;NULL;0/EUR 0,00;6/EUR 255.645,94;20/EUR 44.194,43;1111/EUR 2.176,19;0/EUR 0,00;65821/EUR 36,71;0/EUR 0,00;1231133/EUR 1,94
26.05.1968;9/21/29/31/37/43;26;0;NULL;NULL;0/EUR 0,00;6/EUR 255.645,94;21/EUR 38.637,66;1419/EUR 1.652,75;0/EUR 0,00;75668/EUR 30,91;0/EUR 0,00;1303776/EUR 1,79
02.06.1968;21/34/40/43/47/48;25;0;NULL;NULL;0/EUR 0,00;4/EUR 255.645,94;9/EUR 180.877,40;648/EUR 4.090,23;0/EUR 0,00;47600/EUR 55,68;0/EUR 0,00;1051467/EUR 2,51
09.06.1968;12/16/19/24/25/39;31;0;NULL;NULL;0/EUR 0,00;5/EUR 255.645,94;40/EUR 27.567,50;1479/EUR 1.609,80;0/EUR 0,00;92286/EUR 25,79;0/EUR 0,00;1689859/EUR 1,41
16.06.1968;12/20/33/36/41/46;37;0;NULL;NULL;0/EUR 0,00;1/EUR 255.645,94;12/EUR 176.560,85;969/EUR 2.450,32;0/EUR 0,00;61347/EUR 38,68;0/EUR 0,00;1189074/EUR 1,99
23.06.1968;11/18/20/31/39/43;22;0;NULL;NULL;0/EUR 0,00;12/EUR 157.990,50;82/EUR 5.780,13;1237/EUR 1.915,79;0/EUR 0,00;67887/EUR 34,90;0/EUR 0,00;1288914/EUR 1,82
30.06.1968;25/28/41/43/46/47;15;0;NULL;NULL;0/EUR 0,00;6/EUR 255.645,94;14/EUR 63.717,91;873/EUR 2.778,82;0/EUR 0,00;51286/EUR 47,29;0/EUR 0,00;1010377/EUR 2,38
07.07.1968;8/21/24/46/48/49;28;0;NULL;NULL;0/EUR 0,00;0/EUR 0,00;18/EUR 131.685,93;742/EUR 3.194,53;0/EUR 0,00;50246/EUR 47,17;0/EUR 0,00;1083333/EUR 2,17
14.07.1968;8/11/17/19/31/41;20;0;NULL;NULL;0/EUR 0,00;9/EUR 212.105,73;26/EUR 18.355,30;1979/EUR 1.205,75;0/EUR 0,00;102334/EUR 23,31;0/EUR 0,00;1668357/EUR 1,41
21.07.1968;24/26/27/43/45/46;42;0;NULL;NULL;0/EUR 0,00;4/EUR 255.645,94;32/EUR 42.280,39;830/EUR 2.862,11;0/EUR 0,00;52790/EUR 44,99;0/EUR 0,00;1050419/EUR 2,25
28.07.1968;2/9/11/29/32/35;12;0;NULL;NULL;0/EUR 0,00;9/EUR 210.415,25;40/EUR 11.835,84;1602/EUR 1.477,63;0/EUR 0,00;77549/EUR 30,52;0/EUR 0,00;1403172/EUR 1,66
04.08.1968;6/16/22/26/28/47;9;0;NULL;NULL;0/EUR 0,00;7/EUR 255.645,94;28/EUR 20.346,81;926/EUR 2.547,74;0/EUR 0,00;62863/EUR 37,53;0/EUR 0,00;1201497/EUR 1,94
11.08.1968;3/14/28/32/40/49;8;0;NULL;NULL;0/EUR 0,00;4/EUR 255.645,94;27/EUR 49.811,84;1061/EUR 2.231,38;0/EUR 0,00;57269/EUR 41,34;0/EUR 0,00;1129267/EUR 2,10
18.08.1968;1/14/31/40/42/46;41;0;NULL;NULL;0/EUR 0,00;2/EUR 255.645,94;4/EUR 255.645,94;556/EUR 5.807,28;0/EUR 0,00;42255/EUR 56,34;0/EUR 0,00;928037/EUR 2,56
25.08.1968;9/12/25/26/28/45;44;0;NULL;NULL;0/EUR 0,00;4/EUR 255.645,94;25/EUR 52.714,88;1280/EUR 1.828,46;0/EUR 0,00;77712/EUR 30,12;0/EUR 0,00;1450142/EUR 1,61
01.09.1968;3/10/17/32/39/42;36;0;NULL;NULL;0/EUR 0,00;6/EUR 255.645,94;37/EUR 23.694,93;2156/EUR 1.118,07;0/EUR 0,00;80922/EUR 29,78;0/EUR 0,00;1386139/EUR 1,74
08.09.1968;6/8/33/35/36/40;12;0;NULL;NULL;0/EUR 0,00;1/EUR 255.645,94;16/EUR 134.599,81;747/EUR 3.225,20;0/EUR 0,00;49921/EUR 48,24;0/EUR 0,00;1122137/EUR 2,12
15.09.1968;17/21/34/38/45/47;26;0;NULL;NULL;0/EUR 0,00;5/EUR 255.645,94;33/EUR 35.248,39;1588/EUR 1.537,40;0/EUR 0,00;80244/EUR 30,42;0/EUR 0,00;1367021/EUR 1,76
22.09.1968;5/11/14/26/28/29;25;0;NULL;NULL;0/EUR 0,00;9/EUR 215.814,33;31/EUR 15.663,94;1635/EUR 1.484,95;0/EUR 0,00;84572/EUR 28,68;0/EUR 0,00;1458781/EUR 1,66
29.09.1968;16/21/22/37/42/49;44;0;NULL;NULL;0/EUR 0,00;5/EUR 255.645,94;23/EUR 50.505,03;912/EUR 2.675,26;0/EUR 0,00;55280/EUR 44,12;0/EUR 0,00;1134080/EUR 2,15
06.10.1968;3/13/19/20/24/35;22;0;NULL;NULL;0/EUR 0,00;2/EUR 255.645,94;16/EUR 122.165,76;1491/EUR 1.653,88;0/EUR 0,00;91080/EUR 27,07;0/EUR 0,00;1597787/EUR 1,53
13.10.1968;27/28/30/39/44/47;3;0;NULL;NULL;0/EUR 0,00;6/EUR 255.645,94;12/EUR 77.884,43;1172/EUR 2.106,22;0/EUR 0,00;65025/EUR 37,94;0/EUR 0,00;1271716/EUR 1,92
20.10.1968;10/12/17/29/39/40;2;0;NULL;NULL;0/EUR 0,00;6/EUR 255.645,94;39/EUR 23.531,24;1298/EUR 1.888,74;0/EUR 0,00;74150/EUR 33,06;0/EUR 0,00;1390866/EUR 1,74
27.10.1968;8/10/21/30/40/43;9;0;NULL;NULL;0/EUR 0,00;10/EUR 194.324,97;27/EUR 17.993,05;1254/EUR 1.937,03;0/EUR 0,00;64293/EUR 37,76;0/EUR 0,00;1187698/EUR 2,05
03.11.1968;4/8/9/16/22/25;35;0;NULL;NULL;0/EUR 0,00;3/EUR 255.645,94;32/EUR 51.332,99;1565/EUR 1.539,65;0/EUR 0,00;86495/EUR 27,84;0/EUR 0,00;1500275/EUR 1,59
10.11.1968;10/14/18/35/40/45;28;0;NULL;NULL;0/EUR 0,00;4/EUR 255.645,94;22/EUR 65.821,77;1078/EUR 2.291,89;0/EUR 0,00;60197/EUR 41,03;0/EUR 0,00;1180241/EUR 2,07
17.11.1968;2/17/19/23/28/41;31;0;NULL;NULL;0/EUR 0,00;6/EUR 255.645,94;55/EUR 17.033,74;1725/EUR 1.432,31;0/EUR 0,00;97572/EUR 25,31;0/EUR 0,00;1696920/EUR 1,43
24.11.1968;1/8/12/27/30/41;10;0;NULL;NULL;0/EUR 0,00;6/EUR 255.645,94;32/EUR 29.320,37;1313/EUR 1.882,81;0/EUR 0,00;67375/EUR 36,69;0/EUR 0,00;1252375/EUR 1,97
01.12.1968;28/31/36/39/44/48;2;0;NULL;NULL;0/EUR 0,00;18/EUR 125.319,66;9/EUR 62.659,82;2276/EUR 1.238,86;0/EUR 0,00;94826/EUR 29,73;0/EUR 0,00;1595254/EUR 1,76
08.12.1968;4/10/32/33/36/41;49;0;NULL;NULL;0/EUR 0,00;1/EUR 255.645,94;13/EUR 178.835,25;786/EUR 3.283,08;0/EUR 0,00;58744/EUR 43,92;0/EUR 0,00;1280854/EUR 1,99
15.12.1968;4/5/30/39/40/48;2;0;NULL;NULL;0/EUR 0,00;1/EUR 255.645,94;12/EUR 194.304,69;603/EUR 4.290,71;0/EUR 0,00;48682/EUR 53,12;0/EUR 0,00;1121130/EUR 2,30
22.12.1968;2/3/8/34/35/38;11;0;NULL;NULL;0/EUR 0,00;6/EUR 255.645,94;21/EUR 49.854,51;1149/EUR 2.246,13;0/EUR 0,00;50781/EUR 50,82;0/EUR 0,00;1146261/EUR 2,25
29.12.1968;2/16/17/18/26/37;31;0;NULL;NULL;0/EUR 0,00;2/EUR 255.645,94;7/EUR 255.645,94;680/EUR 3.462,70;0/EUR 0,00;54394/EUR 42,77;0/EUR 0,00;1204441/EUR 1,92
05.01.1969;3/12/16/36/38/39;22;0;NULL;NULL;0/EUR 0,00;1/EUR 255.645,94;20/EUR 108.943,01;1265/EUR 1.924,50;0/EUR 0,00;75737/EUR 32,13;0/EUR 0,00;1420044/EUR 1,71
12.01.1969;2/15/20/33/39/40;42;0;NULL;NULL;0/EUR 0,00;4/EUR 255.645,94;21/EUR 71.763,16;1007/EUR 2.512,00;0/EUR 0,00;59095/EUR 42,80;0/EUR 0,00;1173308/EUR 2,15
19.01.1969;14/15/35/36/37/40;32;0;NULL;NULL;0/EUR 0,00;2/EUR 255.645,94;20/EUR 101.473,82;1113/EUR 2.282,79;0/EUR 0,00;51059/EUR 49,75;0/EUR 0,00;1073009/EUR 2,35
26.01.1969;5/9/10/38/40/49;33;0;NULL;NULL;0/EUR 0,00;7/EUR 255.645,94;16/EUR 47.700,00;1305/EUR 1.956,10;0/EUR 0,00;70440/EUR 36,23;0/EUR 0,00;1352534/EUR 1,87
02.02.1969;2/9/10/11/24/35;28;0;NULL;NULL;0/EUR 0,00;5/EUR 255.645,94;41/EUR 32.054,52;1443/EUR 1.796,58;0/EUR 0,00;90095/EUR 28,76;0/EUR 0,00;1597418/EUR 1,61
09.02.1969;5/22/24/33/38/42;49;0;NULL;NULL;0/EUR 0,00;6/EUR 255.645,94;24/EUR 42.681,09;1603/EUR 1.595,90;0/EUR 0,00;87836/EUR 29,12;0/EUR 0,00;1510700/EUR 1,69
16.02.1969;14/15/19/21/33/38;7;0;NULL;NULL;0/EUR 0,00;1/EUR 255.645,94;71/EUR 32.371,30;1293/EUR 1.975,25;0/EUR 0,00;81066/EUR 31,50;0/EUR 0,00;1532391/EUR 1,66
23.02.1969;20/26/27/37/40/45;29;0;NULL;NULL;0/EUR 0,00;1/EUR 255.645,94;16/EUR 142.526,75;710/EUR 3.571,91;0/EUR 0,00;48925/EUR 51,82;0/EUR 0,00;1104792/EUR 2,28
02.03.1969;6/21/29/33/43/45;8;0;NULL;NULL;0/EUR 0,00;3/EUR 255.645,94;33/EUR 55.885,20;1385/EUR 1.885,29;0/EUR 0,00;77561/EUR 33,64;0/EUR 0,00;1383684/EUR 1,87
09.03.1969;9/21/36/41/42/48;39;0;NULL;NULL;0/EUR 0,00;3/EUR 255.645,94;41/EUR 43.815,90;1476/EUR 1.736,71;0/EUR 0,00;89302/EUR 28,68;0/EUR 0,00;1548361/EUR 1,64
16.03.1969;1/4/15/28/30/41;25;0;NULL;NULL;0/EUR 0,00;1/EUR 255.645,94;24/EUR 95.878,27;996/EUR 2.566,99;0/EUR 0,00;57351/EUR 44,56;0/EUR 0,00;1120947/EUR 2,28
23.03.1969;9/11/32/41/45/49;5;0;NULL;NULL;0/EUR 0,00;9/EUR 224.441,23;29/EUR 17.413,53;1299/EUR 1.943,75;0/EUR 0,00;73972/EUR 34,13;0/EUR 0,00;1397765/EUR 1,79
30.03.1969;15/17/27/29/30/41;6;0;NULL;NULL;0/EUR 0,00;4/EUR 255.645,94;27/EUR 56.114,23;1047/EUR 2.423,73;0/EUR 0,00;62908/EUR 40,32;0/EUR 0,00;1259068/EUR 1,99
06.04.1969;16/25/27/32/35/46;28;0;NULL;NULL;0/EUR 0,00;2/EUR 255.645,94;8/EUR 245.303,07;1038/EUR 2.383,13;0/EUR 0,00;67827/EUR 36,46;0/EUR 0,00;1302696/EUR 1,89
13.04.1969;15/16/31/40/43/47;46;0;NULL;NULL;0/EUR 0,00;3/EUR 255.645,94;11/EUR 151.347,00;815/EUR 2.983,75;0/EUR 0,00;54544/EUR 44,56;0/EUR 0,00;1088820/EUR 2,22
20.04.1969;8/9/19/24/34/43;10;0;NULL;NULL;0/EUR 0,00;4/EUR 255.645,94;44/EUR 34.196,56;1859/EUR 1.359,45;0/EUR 0,00;92641/EUR 27,28;0/EUR 0,00;1602185/EUR 1,56
27.04.1969;2/23/34/40/45/49;17;0;NULL;NULL;0/EUR 0,00;1/EUR 255.645,94;44/EUR 51.062,34;1101/EUR 2.272,82;0/EUR 0,00;61625/EUR 40,60;0/EUR 0,00;1173014/EUR 2,12
04.05.1969;1/18/25/26/46/48;40;0;NULL;NULL;0/EUR 0,00;3/EUR 255.645,94;13/EUR 130.171,54;943/EUR 2.607,79;0/EUR 0,00;58772/EUR 41,82;0/EUR 0,00;1198151/EUR 2,05
11.05.1969;14/21/25/34/48/49;36;0;NULL;NULL;0/EUR 0,00;2/EUR 255.645,94;32/EUR 62.173,02;1192/EUR 2.098,01;0/EUR 0,00;60013/EUR 41,67;0/EUR 0,00;1196126/EUR 2,07
18.05.1969;3/10/13/27/46/48;33;0;NULL;NULL;0/EUR 0,00;1/EUR 255.645,94;52/EUR 41.292,24;1179/EUR 2.038,01;0/EUR 0,00;67163/EUR 35,76;0/EUR 0,00;1310070/EUR 1,82
25.05.1969;4/11/12/13/32/48;31;0;NULL;NULL;0/EUR 0,00;1/EUR 255.645,94;42/EUR 52.686,17;817/EUR 3.021,38;0/EUR 0,00;63715/EUR 38,73;0/EUR 0,00;1357910/EUR 1,82
01.06.1969;17/26/29/40/43/47;7;0;NULL;NULL;0/EUR 0,00;9/EUR 245.482,79;57/EUR 9.690,11;1650/EUR 1.673,74;0/EUR 0,00;81805/EUR 33,75;0/EUR 0,00;1468917/EUR 1,87
08.06.1969;3/12/22/30/45/49;35;0;NULL;NULL;0/EUR 0,00;8/EUR 249.037,65;47/EUR 10.597,34;1261/EUR 1.974,92;0/EUR 0,00;67428/EUR 36,92;0/EUR 0,00;1280507/EUR 1,94
15.06.1969;2/15/18/24/36/48;17;0;NULL;NULL;0/EUR 0,00;10/EUR 194.999,26;32/EUR 15.234,30;2476/EUR 984,44;0/EUR 0,00;97246/EUR 25,05;0/EUR 0,00;1472444/EUR 1,64
22.06.1969;8/20/25/31/40/47;23;0;NULL;NULL;0/EUR 0,00;5/EUR 255.645,94;27/EUR 42.819,11;1237/EUR 1.967,94;0/EUR 0,00;64177/EUR 37,91;0/EUR 0,00;1191948/EUR 2,02
29.06.1969;3/11/17/20/41/46;19;0;NULL;NULL;0/EUR 0,00;4/EUR 255.645,94;35/EUR 41.574,96;1380/EUR 1.795,43;0/EUR 0,00;75573/EUR 32,77;0/EUR 0,00;1331053/EUR 1,84
06.07.1969;9/21/22/40/43/45;18;0;NULL;NULL;0/EUR 0,00;4/EUR 255.645,94;37/EUR 38.306,63;1673/EUR 1.458,41;0/EUR 0,00;85603/EUR 28,48;0/EUR 0,00;1501275/EUR 1,61
13.07.1969;1/10/20/22/26/40;18;0;NULL;NULL;0/EUR 0,00;3/EUR 255.645,94;21/EUR 80.682,93;1475/EUR 1.668,65;0/EUR 0,00;81843/EUR 30,06;0/EUR 0,00;1258329/EUR 1,94
20.07.1969;11/14/32/34/44/46;6;0;NULL;NULL;0/EUR 0,00;7/EUR 255.645,94;32/EUR 19.111,17;1362/EUR 1.762,88;0/EUR 0,00;72674/EUR 33,03;0/EUR 0,00;1317588/EUR 1,82
27.07.1969;13/21/26/44/48/49;30;0;NULL;NULL;0/EUR 0,00;6/EUR 255.645,94;20/EUR 40.640,75;1226/EUR 1.914,10;0/EUR 0,00;68007/EUR 34,49;0/EUR 0,00;1272685/EUR 1,84
03.08.1969;7/14/24/33/43/49;34;0;NULL;NULL;0/EUR 0,00;15/EUR 128.426,58;29/EUR 16.606,86;2196/EUR 1.096,52;0/EUR 0,00;79835/EUR 30,14;0/EUR 0,00;1356261/EUR 1,76
10.08.1969;5/8/22/25/31/49;16;0;NULL;NULL;0/EUR 0,00;4/EUR 255.645,94;24/EUR 56.322,66;1029/EUR 2.307,41;0/EUR 0,00;65066/EUR 36,48;0/EUR 0,00;1239210/EUR 1,89
17.08.1969;1/14/17/33/38/47;13;0;NULL;NULL;0/EUR 0,00;10/EUR 190.242,40;40/EUR 11.890,14;1440/EUR 1.651,40;0/EUR 0,00;69128/EUR 34,38;0/EUR 0,00;1228144/EUR 1,92
24.08.1969;6/10/23/33/36/40;47;0;NULL;NULL;0/EUR 0,00;5/EUR 255.645,94;32/EUR 35.109,83;1520/EUR 1.580,07;0/EUR 0,00;82262/EUR 29,19;0/EUR 0,00;1405839/EUR 1,69
31.08.1969;3/4/15/25/28/49;13;0;NULL;NULL;0/EUR 0,00;2/EUR 255.645,94;16/EUR 122.349,92;921/EUR 2.680,65;0/EUR 0,00;60725/EUR 40,65;0/EUR 0,00;1244783/EUR 1,97
07.09.1969;11/12/33/36/39/40;31;0;NULL;NULL;0/EUR 0,00;7/EUR 255.645,94;37/EUR 18.047,56;1512/EUR 1.625,17;0/EUR 0,00;82243/EUR 29,86;0/EUR 0,00;1548774/EUR 1,59
14.09.1969;12/22/26/27/40/41;29;0;NULL;NULL;0/EUR 0,00;6/EUR 255.645,94;22/EUR 42.352,07;1012/EUR 2.436,38;0/EUR 0,00;62000/EUR 39,75;0/EUR 0,00;1348671/EUR 1,82
21.09.1969;5/9/18/24/25/38;30;0;NULL;NULL;0/EUR 0,00;8/EUR 247.913,88;40/EUR 12.395,68;2349/EUR 1.055,38;0/EUR 0,00;113366/EUR 21,86;0/EUR 0,00;1812318/EUR 1,35
28.09.1969;10/33/39/43/46/48;19;0;NULL;NULL;0/EUR 0,00;0/EUR 0,00;32/EUR 77.266,99;1008/EUR 2.452,90;0/EUR 0,00;65453/EUR 37,76;0/EUR 0,00;1285829/EUR 1,92
05.10.1969;3/11/15/21/29/37;2;0;NULL;NULL;0/EUR 0,00;19/EUR 105.175,83;43/EUR 11.618,24;2357/EUR 1.059,78;0/EUR 0,00;96149/EUR 25,97;0/EUR 0,00;1514779/EUR 1,64
12.10.1969;2/4/6/7/20/39;3;0;NULL;NULL;0/EUR 0,00;2/EUR 255.645,94;12/EUR 164.381,29;871/EUR 2.851,73;0/EUR 0,00;60682/EUR 40,93;0/EUR 0,00;1223987/EUR 2,02
19.10.1969;8/14/17/27/36/45;1;0;NULL;NULL;0/EUR 0,00;14/EUR 143.069,72;65/EUR 7.703,74;2158/EUR 1.160,20;0/EUR 0,00;90078/EUR 27,79;0/EUR 0,00;1501246/EUR 1,66
26.10.1969;4/7/12/14/19/36;3;0;NULL;NULL;0/EUR 0,00;3/EUR 255.645,94;46/EUR 37.402,15;2175/EUR 1.143,63;0/EUR 0,00;112206/EUR 22,16;0/EUR 0,00;1809777/EUR 1,35
02.11.1969;7/10/19/28/32/38;11;0;NULL;NULL;0/EUR 0,00;10/EUR 202.389,34;43/EUR 11.766,82;2355/EUR 1.074,25;0/EUR 0,00;104200/EUR 24,26;0/EUR 0,00;1689336/EUR 1,48
09.11.1969;3/10/15/18/21/46;16;0;NULL;NULL;0/EUR 0,00;7/EUR 255.645,94;25/EUR 29.008,76;1449/EUR 1.735,48;0/EUR 0,00;81271/EUR 30,93;0/EUR 0,00;1429473/EUR 1,74
16.11.1969;4/12/18/21/38/42;41;0;NULL;NULL;0/EUR 0,00;22/EUR 92.540,61;26/EUR 19.575,88;2366/EUR 1.075,58;0/EUR 0,00;99987/EUR 25,44;0/EUR 0,00;1577737/EUR 1,61
23.11.1969;29/36/37/38/39/49;43;0;NULL;NULL;0/EUR 0,00;17/EUR 118.945,13;19/EUR 26.606,15;1231/EUR 2.053,27;0/EUR 0,00;56119/EUR 45,02;0/EUR 0,00;1053575/EUR 2,38
30.11.1969;1/6/23/29/32/38;25;0;NULL;NULL;0/EUR 0,00;1/EUR 255.645,94;22/EUR 106.248,80;644/EUR 4.026,58;0/EUR 0,00;49978/EUR 51,87;0/EUR 0,00;1115856/EUR 2,30
07.12.1969;9/22/34/38/41/45;35;0;NULL;NULL;0/EUR 0,00;4/EUR 255.645,94;20/EUR 97.186,28;1686/EUR 1.759,36;0/EUR 0,00;93983/EUR 31,55;0/EUR 0,00;1674338/EUR 1,76
14.12.1969;7/10/31/39/44/45;19;0;NULL;NULL;0/EUR 0,00;0/EUR 0,00;41/EUR 64.521,20;874/EUR 3.026,72;0/EUR 0,00;61177/EUR 43,23;0/EUR 0,00;1325368/EUR 1,99
21.12.1969;6/8/13/15/48/49;40;0;NULL;NULL;0/EUR 0,00;6/EUR 255.645,94;18/EUR 58.879,20;815/EUR 3.182,43;0/EUR 0,00;51518/EUR 50,34;0/EUR 0,00;1150625/EUR 2,25
28.12.1969;3/9/12/29/35/49;17;0;NULL;NULL;0/EUR 0,00;5/EUR 255.645,94;50/EUR 18.844,97;1357/EUR 1.636,31;0/EUR 0,00;75183/EUR 29,53;0/EUR 0,00;1342518/EUR 1,64
04.01.1970;2/17/24/40/42/43;33;0;NULL;NULL;0/EUR 0,00;4/EUR 255.645,94;42/EUR 33.868,18;1124/EUR 2.175,29;0/EUR 0,00;74023/EUR 33,03;0/EUR 0,00;1345380/EUR 1,82
11.01.1970;13/21/22/25/40/43;32;0;NULL;NULL;0/EUR 0,00;3/EUR 255.645,94;32/EUR 54.043,48;1545/EUR 1.615,73;0/EUR 0,00;81005/EUR 30,81;0/EUR 0,00;1411767/EUR 1,76
18.01.1970;15/17/21/35/44/45;16;0;NULL;NULL;0/EUR 0,00;2/EUR 255.645,94;22/EUR 93.670,67;973/EUR 2.643,40;0/EUR 0,00;61830/EUR 41,59;0/EUR 0,00;1273017/EUR 2,02
25.01.1970;2/5/16/24/45/48;10;0;NULL;NULL;0/EUR 0,00;3/EUR 255.645,94;25/EUR 73.011,89;1326/EUR 1.954,92;0/EUR 0,00;72354/EUR 35,82;0/EUR 0,00;1373260/EUR 1,87
01.02.1970;6/11/35/36/38/44;42;0;NULL;NULL;0/EUR 0,00;2/EUR 255.645,94;16/EUR 133.512,04;880/EUR 3.008,49;0/EUR 0,00;63390/EUR 41,75;0/EUR 0,00;1337772/EUR 1,97
08.02.1970;3/19/24/38/41/44;39;0;NULL;NULL;0/EUR 0,00;8/EUR 255.645,94;44/EUR 12.687,17;2082/EUR 1.250,42;0/EUR 0,00;95430/EUR 27,28;0/EUR 0,00;1600222/EUR 1,61
15.02.1970;6/12/19/23/33/46;29;0;NULL;NULL;0/EUR 0,00;22/EUR 95.193,17;65/EUR 8.054,79;3242/EUR 807,46;0/EUR 0,00;126894/EUR 20,61;0/EUR 0,00;1894293/EUR 1,38
22.02.1970;3/6/14/29/31/49;38;0;NULL;NULL;0/EUR 0,00;3/EUR 255.645,94;13/EUR 143.379,15;936/EUR 2.810,75;0/EUR 0,00;62985/EUR 41,75;0/EUR 0,00;1268197/EUR 2,07
01.03.1970;7/16/32/38/46/48;42;0;NULL;NULL;0/EUR 0,00;5/EUR 255.645,94;30/EUR 46.421,72;1587/EUR 1.682,97;0/EUR 0,00;86426/EUR 30,88;0/EUR 0,00;1502869/EUR 1,76
08.03.1970;14/23/24/25/36/38;30;0;NULL;NULL;0/EUR 0,00;2/EUR 255.645,94;7/EUR 255.645,94;1403/EUR 2.197,69;0/EUR 0,00;78529/EUR 34,26;0/EUR 0,00;1478340/EUR 1,82
15.03.1970;3/6/7/10/25/28;44;0;NULL;NULL;0/EUR 0,00;10/EUR 216.714,00;41/EUR 13.214,26;2107/EUR 1.285,67;0/EUR 0,00;101108/EUR 26,79;0/EUR 0,00;1691360/EUR 1,59
22.03.1970;5/21/22/28/38/44;6;0;NULL;NULL;0/EUR 0,00;4/EUR 255.645,94;32/EUR 51.208,98;1165/EUR 2.284,35;0/EUR 0,00;72225/EUR 36,84;0/EUR 0,00;1420951/EUR 1,87
29.03.1970;2/11/14/18/34/46;39;0;NULL;NULL;0/EUR 0,00;6/EUR 255.645,94;41/EUR 26.482,80;1727/EUR 1.516,88;0/EUR 0,00;85606/EUR 30,60;0/EUR 0,00;1449735/EUR 1,79
05.04.1970;5/17/28/29/38/39;11;0;NULL;NULL;0/EUR 0,00;5/EUR 255.645,94;49/EUR 27.890,90;2123/EUR 1.245,81;0/EUR 0,00;91322/EUR 28,94;0/EUR 0,00;1519670/EUR 1,74
12.04.1970;6/8/24/29/32/49;43;0;NULL;NULL;0/EUR 0,00;1/EUR 255.645,94;22/EUR 110.076,23;1039/EUR 2.576,81;0/EUR 0,00;66207/EUR 40,42;0/EUR 0,00;1366093/EUR 1,94
19.04.1970;4/7/12/17/35/36;20;0;NULL;NULL;0/EUR 0,00;9/EUR 235.693,75;35/EUR 15.151,73;2007/EUR 1.321,15;0/EUR 0,00;106233/EUR 24,95;0/EUR 0,00;1782756/EUR 1,48
26.04.1970;5/11/12/15/25/48;32;0;NULL;NULL;0/EUR 0,00;2/EUR 255.645,94;34/EUR 62.815,84;1235/EUR 2.143,34;0/EUR 0,00;85239/EUR 31,04;0/EUR 0,00;1596237/EUR 1,64
03.05.1970;12/14/18/24/44/48;46;0;NULL;NULL;0/EUR 0,00;7/EUR 255.645,94;66/EUR 12.195,44;1694/EUR 1.531,52;0/EUR 0,00;92626/EUR 27,99;0/EUR 0,00;1589473/EUR 1,61
10.05.1970;3/5/14/36/39/43;37;0;NULL;NULL;0/EUR 0,00;1/EUR 255.645,94;14/EUR 162.083,57;998/EUR 2.529,87;0/EUR 0,00;64342/EUR 39,22;0/EUR 0,00;1344568/EUR 1,87
17.05.1970;3/5/6/32/38/39;41;0;NULL;NULL;0/EUR 0,00;5/EUR 255.645,94;21/EUR 63.127,98;1248/EUR 2.086,45;0/EUR 0,00;65121/EUR 39,88;0/EUR 0,00;1460078/EUR 1,76
24.05.1970;10/14/26/42/46/48;36;0;NULL;NULL;0/EUR 0,00;3/EUR 255.645,94;31/EUR 57.537,34;1479/EUR 1.724,54;0/EUR 0,00;72908/EUR 34,97;0/EUR 0,00;1307879/EUR 1,94
31.05.1970;19/24/33/39/44/46;49;0;NULL;NULL;0/EUR 0,00;8/EUR 255.171,82;44/EUR 11.598,71;1902/EUR 1.341,58;0/EUR 0,00;95539/EUR 26,69;0/EUR 0,00;1645051/EUR 1,53
07.06.1970;2/18/30/31/46/47;34;0;NULL;NULL;0/EUR 0,00;6/EUR 255.645,94;29/EUR 35.379,92;910/EUR 2.813,05;0/EUR 0,00;60941/EUR 42,00;0/EUR 0,00;1187336/EUR 2,15
14.06.1970;1/2/9/19/27/49;26;0;NULL;NULL;0/EUR 0,00;11/EUR 180.673,86;77/EUR 6.452,63;2587/EUR 960,28;0/EUR 0,00;126684/EUR 19,61;0/EUR 0,00;1845535/EUR 1,33
21.06.1970;15/21/23/38/44/49;41;0;NULL;NULL;0/EUR 0,00;6/EUR 255.645,94;25/EUR 35.090,91;1295/EUR 1.861,87;0/EUR 0,00;68115/EUR 35,38;0/EUR 0,00;1258250/EUR 1,89
28.06.1970;4/10/13/19/29/30;37;0;NULL;NULL;0/EUR 0,00;14/EUR 139.494,66;36/EUR 13.561,97;2007/EUR 1.216,31;0/EUR 0,00;92217/EUR 26,46;0/EUR 0,00;1508815/EUR 1,61
05.07.1970;1/11/14/21/45/49;25;0;NULL;NULL;0/EUR 0,00;2/EUR 255.645,94;30/EUR 66.727,22;997/EUR 2.520,67;0/EUR 0,00;69530/EUR 36,12;0/EUR 0,00;1288431/EUR 1,94
12.07.1970;9/30/35/41/44/48;36;0;NULL;NULL;0/EUR 0,00;2/EUR 255.645,94;16/EUR 122.829,67;882/EUR 2.807,89;0/EUR 0,00;57577/EUR 43,00;0/EUR 0,00;1166313/EUR 2,12
19.07.1970;20/22/25/32/44/49;39;0;NULL;NULL;0/EUR 0,00;2/EUR 255.645,94;21/EUR 94.293,60;864/EUR 2.883,61;0/EUR 0,00;58338/EUR 42,69;0/EUR 0,00;1213675/EUR 2,05
26.07.1970;2/16/22/24/37/40;38;0;NULL;NULL;0/EUR 0,00;5/EUR 255.645,94;34/EUR 34.527,34;1680/EUR 1.459,61;0/EUR 0,00;83703/EUR 29,27;0/EUR 0,00;1428002/EUR 1,71
02.08.1970;5/14/18/21/36/41;16;0;NULL;NULL;0/EUR 0,00;11/EUR 179.946,24;17/EUR 29.108,95;1960/EUR 1.262,35;0/EUR 0,00;94858/EUR 26,08;0/EUR 0,00;1600855/EUR 1,53
09.08.1970;3/16/17/18/27/49;25;0;NULL;NULL;0/EUR 0,00;1/EUR 255.645,94;10/EUR 216.505,86;699/EUR 3.463,08;0/EUR 0,00;58415/EUR 41,41;0/EUR 0,00;1286123/EUR 1,87
16.08.1970;7/9/12/16/17/48;32;0;NULL;NULL;0/EUR 0,00;3/EUR 255.645,94;20/EUR 85.096,89;891/EUR 2.770,90;0/EUR 0,00;68202/EUR 36,17;0/EUR 0,00;1487676/EUR 1,64
23.08.1970;1/17/32/43/44/49;7;0;NULL;NULL;0/EUR 0,00;1/EUR 255.645,94;146/EUR 15.365,09;1035/EUR 2.414,42;0/EUR 0,00;64068/EUR 38,99;0/EUR 0,00;1171211/EUR 2,12
30.08.1970;11/13/17/20/26/49;18;0;NULL;NULL;0/EUR 0,00;5/EUR 255.645,94;12/EUR 102.496,38;933/EUR 2.688,30;0/EUR 0,00;68139/EUR 36,79;0/EUR 0,00;1331760/EUR 1,87
06.09.1970;7/10/24/30/45/48;43;0;NULL;NULL;0/EUR 0,00;2/EUR 255.645,94;16/EUR 128.557,54;1390/EUR 1.847,63;0/EUR 0,00;75787/EUR 33,87;0/EUR 0,00;1414449/EUR 1,82
13.09.1970;5/15/24/29/40/46;38;0;NULL;NULL;0/EUR 0,00;4/EUR 255.645,94;38/EUR 40.110,64;1100/EUR 2.315,26;0/EUR 0,00;62625/EUR 40,65;0/EUR 0,00;1250143/EUR 2,02
20.09.1970;4/27/29/34/41/46;33;0;NULL;NULL;0/EUR 0,00;4/EUR 255.645,94;18/EUR 85.394,03;1037/EUR 2.468,34;0/EUR 0,00;63489/EUR 40,32;0/EUR 0,00;1212073/EUR 2,10
27.09.1970;4/15/17/20/46/47;3;0;NULL;NULL;0/EUR 0,00;1/EUR 255.645,94;20/EUR 114.003,39;622/EUR 4.076,71;0/EUR 0,00;47328/EUR 53,56;0/EUR 0,00;1053511/EUR 2,40
04.10.1970;3/20/22/35/47/49;23;0;NULL;NULL;0/EUR 0,00;7/EUR 255.645,94;20/EUR 40.053,25;1192/EUR 2.173,30;0/EUR 0,00;63689/EUR 40,67;0/EUR 0,00;1231102/EUR 2,10
11.10.1970;8/17/20/36/37/40;43;0;NULL;NULL;0/EUR 0,00;1/EUR 255.645,94;17/EUR 136.717,79;1069/EUR 2.413,32;0/EUR 0,00;59509/EUR 43,33;0/EUR 0,00;1205324/EUR 2,12
18.10.1970;2/7/34/39/43/44;22;0;NULL;NULL;0/EUR 0,00;1/EUR 255.645,94;16/EUR 145.588,11;652/EUR 3.964,79;0/EUR 0,00;55792/EUR 46,32;0/EUR 0,00;1251092/EUR 2,05
25.10.1970;1/8/26/37/40/47;25;0;NULL;NULL;0/EUR 0,00;0/EUR 0,00;10/EUR 255.645,94;880/EUR 2.941,69;0/EUR 0,00;51809/EUR 49,65;0/EUR 0,00;1084748/EUR 2,35
01.11.1970;2/11/18/19/21/38;7;0;NULL;NULL;0/EUR 0,00;3/EUR 255.645,94;70/EUR 26.555,71;2185/EUR 1.201,74;0/EUR 0,00;104844/EUR 25,03;0/EUR 0,00;1852192/EUR 1,41
08.11.1970;15/24/32/35/36/40;12;0;NULL;NULL;0/EUR 0,00;3/EUR 255.645,94;52/EUR 36.649,43;1161/EUR 2.302,07;0/EUR 0,00;78527/EUR 34,03;0/EUR 0,00;1477248/EUR 1,79
15.11.1970;1/2/21/37/40/42;15;0;NULL;NULL;0/EUR 0,00;1/EUR 255.645,94;17/EUR 141.897,69;672/EUR 3.970,08;0/EUR 0,00;49033/EUR 54,40;0/EUR 0,00;1097368/EUR 2,43
22.11.1970;1/3/6/27/40/43;21;0;NULL;NULL;0/EUR 0,00;2/EUR 255.645,94;20/EUR 106.181,52;905/EUR 2.911,50;0/EUR 0,00;59230/EUR 44,48;0/EUR 0,00;1255704/EUR 2,10
29.11.1970;12/14/16/28/42/49;34;0;NULL;NULL;0/EUR 0,00;2/EUR 255.645,94;58/EUR 37.788,69;1450/EUR 1.864,14;0/EUR 0,00;87556/EUR 30,86;0/EUR 0,00;1536615/EUR 1,74
06.12.1970;14/16/23/33/34/41;45;0;NULL;NULL;0/EUR 0,00;2/EUR 255.645,94;25/EUR 106.203,68;1087/EUR 2.912,93;0/EUR 0,00;80564/EUR 39,29;0/EUR 0,00;1559724/EUR 2,02
13.12.1970;7/10/14/27/34/42;15;0;NULL;NULL;0/EUR 0,00;12/EUR 185.807,89;31/EUR 17.981,39;2136/EUR 1.304,82;0/EUR 0,00;91839/EUR 30,35;0/EUR 0,00;1608710/EUR 1,71
20.12.1970;1/6/21/30/31/45;40;0;NULL;NULL;0/EUR 0,00;5/EUR 255.645,94;18/EUR 82.369,68;839/EUR 3.290,67;0/EUR 0,00;58955/EUR 46,81;0/EUR 0,00;1260146/EUR 2,17
27.12.1970;2/7/8/17/20/26;31;0;NULL;NULL;0/EUR 0,00;23/EUR 86.727,43;35/EUR 14.248,07;1515/EUR 1.645,80;0/EUR 0,00;79327/EUR 31,42;0/EUR 0,00;1446337/EUR 1,71
03.01.1971;6/19/40/42/44/48;8;0;NULL;NULL;0/EUR 0,00;2/EUR 255.645,94;27/EUR 70.342,72;1071/EUR 2.250,73;0/EUR 0,00;77637/EUR 31,04;0/EUR 0,00;1364776/EUR 1,76
10.01.1971;8/16/26/41/45/48;5;0;NULL;NULL;0/EUR 0,00;4/EUR 255.645,94;21/EUR 77.901,30;1048/EUR 2.536,72;0/EUR 0,00;61887/EUR 42,95;0/EUR 0,00;1252646/EUR 2,12
17.01.1971;17/19/23/30/31/40;26;0;NULL;NULL;0/EUR 0,00;5/EUR 255.645,94;40/EUR 35.696,94;1570/EUR 1.723,62;0/EUR 0,00;89673/EUR 30,17;0/EUR 0,00;1623930/EUR 1,66
24.01.1971;2/6/13/24/27/38;41;0;NULL;NULL;0/EUR 0,00;29/EUR 74.589,20;130/EUR 4.159,77;2918/EUR 926,59;0/EUR 0,00;116111/EUR 23,26;0/EUR 0,00;1750955/EUR 1,53
31.01.1971;1/3/4/8/12/25;34;0;NULL;NULL;0/EUR 0,00;9/EUR 244.209,36;15/EUR 36.631,40;2207/EUR 1.244,82;0/EUR 0,00;105437/EUR 26,05;0/EUR 0,00;1753590/EUR 1,56
07.02.1971;2/8/30/37/40/49;3;0;NULL;NULL;0/EUR 0,00;1/EUR 255.645,94;12/EUR 206.961,03;1051/EUR 2.606,23;0/EUR 0,00;65561/EUR 41,77;0/EUR 0,00;1324318/EUR 2,05
14.02.1971;21/32/34/42/45/49;1;0;NULL;NULL;0/EUR 0,00;3/EUR 255.645,94;17/EUR 115.548,28;1339/EUR 2.039,77;0/EUR 0,00;73811/EUR 36,99;0/EUR 0,00;1433335/EUR 1,89
21.02.1971;17/24/26/39/43/49;42;0;NULL;NULL;0/EUR 0,00;4/EUR 255.645,94;19/EUR 89.319,55;1806/EUR 1.505,88;0/EUR 0,00;87402/EUR 31,11;0/EUR 0,00;1576692/EUR 1,71
28.02.1971;17/25/26/40/42/46;32;0;NULL;NULL;0/EUR 0,00;6/EUR 255.645,94;28/EUR 42.986,92;1314/EUR 2.083,34;0/EUR 0,00;81422/EUR 33,62;0/EUR 0,00;1548773/EUR 1,76
07.03.1971;3/15/36/40/45/48;19;0;NULL;NULL;0/EUR 0,00;4/EUR 255.645,94;48/EUR 36.503,50;1556/EUR 1.783,26;0/EUR 0,00;88247/EUR 31,42;0/EUR 0,00;1596744/EUR 1,71
14.03.1971;3/4/20/25/33/42;22;0;NULL;NULL;0/EUR 0,00;1/EUR 255.645,94;21/EUR 120.075,57;891/EUR 3.116,96;0/EUR 0,00;64784/EUR 42,85;0/EUR 0,00;1373156/EUR 2,02
21.03.1971;8/17/18/19/31/41;44;0;NULL;NULL;0/EUR 0,00;3/EUR 255.645,94;42/EUR 47.559,65;2222/EUR 1.244,10;0/EUR 0,00;90456/EUR 30,55;0/EUR 0,00;1620904/EUR 1,69
28.03.1971;3/13/20/27/36/41;4;0;NULL;NULL;0/EUR 0,00;9/EUR 245.306,11;25/EUR 22.077,53;1551/EUR 1.779,30;0/EUR 0,00;86454/EUR 31,90;0/EUR 0,00;1459885/EUR 1,87
04.04.1971;2/14/30/32/44/46;16;0;NULL;NULL;0/EUR 0,00;6/EUR 255.645,94;102/EUR 12.008,69;1454/EUR 1.897,35;0/EUR 0,00;79933/EUR 34,51;0/EUR 0,00;1382954/EUR 1,99
11.04.1971;14/21/26/35/36/37;33;0;NULL;NULL;0/EUR 0,00;0/EUR 0,00;36/EUR 74.268,47;940/EUR 2.844,32;0/EUR 0,00;69220/EUR 38,60;0/EUR 0,00;1462295/EUR 1,82
18.04.1971;4/22/37/38/46/48;47;0;NULL;NULL;0/EUR 0,00;1/EUR 255.645,94;9/EUR 255.645,94;801/EUR 3.488,01;0/EUR 0,00;61890/EUR 43,20;0/EUR 0,00;1332617/EUR 1,99
25.04.1971;4/12/16/19/20/43;14;0;NULL;NULL;0/EUR 0,00;7/EUR 255.645,94;19/EUR 47.882,41;1494/EUR 1.806,73;0/EUR 0,00;93352/EUR 28,91;0/EUR 0,00;1539165/EUR 1,74
02.05.1971;2/12/18/25/28/39;6;0;NULL;NULL;0/EUR 0,00;7/EUR 255.645,94;67/EUR 13.682,50;1895/EUR 1.428,09;0/EUR 0,00;98343/EUR 27,51;0/EUR 0,00;1703347/EUR 1,59
09.05.1971;13/16/21/22/35/40;47;0;NULL;NULL;0/EUR 0,00;0/EUR 0,00;38/EUR 71.091,84;1200/EUR 2.251,22;0/EUR 0,00;70051/EUR 38,55;0/EUR 0,00;1333831/EUR 2,02
16.05.1971;7/9/25/36/44/46;26;0;NULL;NULL;0/EUR 0,00;3/EUR 255.645,94;27/EUR 70.712,10;1687/EUR 1.586,33;0/EUR 0,00;91985/EUR 29,09;0/EUR 0,00;1683782/EUR 1,59
23.05.1971;6/11/16/21/43/46;23;0;NULL;NULL;0/EUR 0,00;1/EUR 255.645,94;32/EUR 73.171,98;1076/EUR 2.413,71;0/EUR 0,00;67972/EUR 38,19;0/EUR 0,00;1299659/EUR 1,99
30.05.1971;6/22/34/35/48/49;25;0;NULL;NULL;0/EUR 0,00;4/EUR 255.645,94;23/EUR 73.740,05;1091/EUR 2.491,83;0/EUR 0,00;68307/EUR 39,78;0/EUR 0,00;1362429/EUR 1,99
06.06.1971;1/4/5/20/39/43;25;0;NULL;NULL;0/EUR 0,00;1/EUR 255.645,94;26/EUR 90.965,40;690/EUR 3.798,18;0/EUR 0,00;49866/EUR 52,54;0/EUR 0,00;1139198/EUR 2,28
13.06.1971;2/5/17/38/41/44;29;0;NULL;NULL;0/EUR 0,00;7/EUR 255.645,94;40/EUR 21.536,94;1798/EUR 1.474,41;0/EUR 0,00;88907/EUR 29,81;0/EUR 0,00;1506166/EUR 1,74
20.06.1971;1/15/16/17/27/31;13;0;NULL;NULL;0/EUR 0,00;3/EUR 255.645,94;18/EUR 102.438,27;818/EUR 3.191,71;0/EUR 0,00;55381/EUR 47,14;0/EUR 0,00;1173787/EUR 2,22
27.06.1971;13/16/19/30/45/46;25;0;NULL;NULL;0/EUR 0,00;3/EUR 255.645,94;17/EUR 108.564,16;861/EUR 3.034,29;0/EUR 0,00;58614/EUR 44,56;0/EUR 0,00;1263076/EUR 2,05
04.07.1971;7/9/21/29/41/49;42;0;NULL;NULL;0/EUR 0,00;10/EUR 213.025,37;33/EUR 16.138,26;2448/EUR 1.087,75;0/EUR 0,00;111192/EUR 23,93;0/EUR 0,00;1856505/EUR 1,43
11.07.1971;4/21/34/36/37/41;20;0;NULL;NULL;0/EUR 0,00;5/EUR 255.645,94;9/EUR 142.165,22;838/EUR 3.052,16;0/EUR 0,00;60832/EUR 42,03;0/EUR 0,00;1273339/EUR 1,99
18.07.1971;3/5/9/30/38/42;25;0;NULL;NULL;0/EUR 0,00;3/EUR 255.645,94;54/EUR 33.883,93;1007/EUR 2.578,60;0/EUR 0,00;72905/EUR 35,61;0/EUR 0,00;1480085/EUR 1,74
25.07.1971;28/33/46/47/48/49;36;0;NULL;NULL;0/EUR 0,00;3/EUR 255.645,94;55/EUR 32.750,72;1572/EUR 1.633,73;0/EUR 0,00;86913/EUR 29,53;0/EUR 0,00;1338867/EUR 1,92
01.08.1971;3/12/28/31/37/40;30;0;NULL;NULL;0/EUR 0,00;5/EUR 255.645,94;20/EUR 65.412,00;1581/EUR 1.635,96;0/EUR 0,00;79696/EUR 32,44;0/EUR 0,00;1418698/EUR 1,82
08.08.1971;2/14/16/17/36/39;3;0;NULL;NULL;0/EUR 0,00;7/EUR 255.645,94;29/EUR 25.830,67;1454/EUR 1.745,93;0/EUR 0,00;79704/EUR 31,83;0/EUR 0,00;1480117/EUR 1,71
15.08.1971;12/17/18/19/28/35;11;0;NULL;NULL;0/EUR 0,00;2/EUR 255.645,94;29/EUR 71.666,86;1139/EUR 2.273,59;0/EUR 0,00;80155/EUR 32,29;0/EUR 0,00;1575464/EUR 1,64
22.08.1971;4/12/25/28/33/49;42;0;NULL;NULL;0/EUR 0,00;13/EUR 158.504,65;57/EUR 9.037,54;2118/EUR 1.216,08;0/EUR 0,00;97436/EUR 26,43;0/EUR 0,00;1589132/EUR 1,61
29.08.1971;10/13/26/36/44/47;4;0;NULL;NULL;0/EUR 0,00;2/EUR 255.645,94;30/EUR 70.336,35;1329/EUR 1.972,44;0/EUR 0,00;73674/EUR 35,56;0/EUR 0,00;1418924/EUR 1,84
05.09.1971;1/10/19/25/31/34;6;0;NULL;NULL;0/EUR 0,00;4/EUR 255.645,94;65/EUR 25.415,94;1928/EUR 1.387,24;0/EUR 0,00;94819/EUR 28,20;0/EUR 0,00;1570703/EUR 1,69
12.09.1971;1/2/8/18/24/25;33;0;NULL;NULL;0/EUR 0,00;8/EUR 255.645,94;20/EUR 30.225,81;1612/EUR 1.643,70;0/EUR 0,00;81255/EUR 32,59;0/EUR 0,00;1472428/EUR 1,79
19.09.1971;7/16/32/37/48/49;46;0;NULL;NULL;0/EUR 0,00;6/EUR 255.645,94;58/EUR 19.481,14;1672/EUR 1.593,16;0/EUR 0,00;89278/EUR 29,83;0/EUR 0,00;1560084/EUR 1,69
26.09.1971;10/11/22/25/34/37;9;0;NULL;NULL;0/EUR 0,00;7/EUR 255.645,94;50/EUR 17.490,02;1727/EUR 1.542,57;0/EUR 0,00;85089/EUR 31,29;0/EUR 0,00;1488071/EUR 1,79
03.10.1971;1/7/20/22/32/37;23;0;NULL;NULL;0/EUR 0,00;5/EUR 255.645,94;13/EUR 111.064,97;969/EUR 2.809,14;0/EUR 0,00;60721/EUR 44,81;0/EUR 0,00;1264980/EUR 2,15
10.10.1971;1/3/6/17/34/45;33;0;NULL;NULL;0/EUR 0,00;3/EUR 255.645,94;36/EUR 53.972,79;1191/EUR 2.275,35;0/EUR 0,00;74392/EUR 36,40;0/EUR 0,00;1479490/EUR 1,82
17.10.1971;10/13/21/30/31/41;8;0;NULL;NULL;0/EUR 0,00;7/EUR 255.645,94;30/EUR 30.792,94;1552/EUR 1.748,26;0/EUR 0,00;83030/EUR 32,67;0/EUR 0,00;1425885/EUR 1,89
24.10.1971;5/8/11/32/45/46;2;0;NULL;NULL;0/EUR 0,00;1/EUR 255.645,94;14/EUR 175.856,59;1011/EUR 2.688,07;0/EUR 0,00;69268/EUR 39,22;0/EUR 0,00;1409031/EUR 1,92
31.10.1971;3/16/22/26/42/48;33;0;NULL;NULL;0/EUR 0,00;5/EUR 255.645,94;44/EUR 34.843,83;1475/EUR 1.905,99;0/EUR 0,00;81911/EUR 34,31;0/EUR 0,00;1505264/EUR 1,87
07.11.1971;5/20/28/39/43/45;16;0;NULL;NULL;0/EUR 0,00;3/EUR 255.645,94;32/EUR 62.043,48;1181/EUR 2.330,49;0/EUR 0,00;66186/EUR 41,57;0/EUR 0,00;1267681/EUR 2,15
14.11.1971;6/31/34/42/44/49;19;0;NULL;NULL;0/EUR 0,00;2/EUR 255.645,94;31/EUR 72.864,92;785/EUR 3.528,78;0/EUR 0,00;62172/EUR 44,53;0/EUR 0,00;1316781/EUR 2,10
21.11.1971;8/24/26/28/29/43;31;0;NULL;NULL;0/EUR 0,00;1/EUR 255.645,94;21/EUR 118.851,36;888/EUR 3.098,56;0/EUR 0,00;65459/EUR 42,03;0/EUR 0,00;1317879/EUR 2,07
28.11.1971;20/26/30/31/35/36;49;0;NULL;NULL;0/EUR 0,00;5/EUR 255.645,94;8/EUR 189.586,98;822/EUR 3.400,14;0/EUR 0,00;47811/EUR 58,44;0/EUR 0,00;1081029/EUR 2,58
05.12.1971;1/4/16/43/46/48;35;0;NULL;NULL;0/EUR 0,00;3/EUR 255.645,94;30/EUR 82.472,97;1204/EUR 2.691,95;0/EUR 0,00;72963/EUR 44,41;0/EUR 0,00;1497532/EUR 2,15
12.12.1971;27/32/41/42/45/47;49;0;NULL;NULL;0/EUR 0,00;9/EUR 255.645,94;80/EUR 7.313,01;1594/EUR 1.810,43;0/EUR 0,00;87943/EUR 32,80;0/EUR 0,00;1516553/EUR 1,89
19.12.1971;1/2/39/43/47/49;12;0;NULL;NULL;0/EUR 0,00;2/EUR 255.645,94;23/EUR 104.709,79;1146/EUR 2.547,64;0/EUR 0,00;82936/EUR 35,20;0/EUR 0,00;1406304/EUR 2,07
26.12.1971;6/7/10/30/40/49;44;0;NULL;NULL;0/EUR 0,00;9/EUR 245.246,16;36/EUR 15.327,87;2349/EUR 1.174,54;0/EUR 0,00;105326/EUR 26,18;0/EUR 0,00;1547657/EUR 1,76
02.01.1972;9/12/19/21/26/47;24;0;NULL;NULL;0/EUR 0,00;5/EUR 255.645,94;49/EUR 29.000,50;1807/EUR 1.493,76;0/EUR 0,00;110142/EUR 24,49;0/EUR 0,00;1901813/EUR 1,41
09.01.1972;3/6/14/29/34/42;26;0;NULL;NULL;0/EUR 0,00;8/EUR 255.645,94;45/EUR 17.657,18;1383/EUR 2.053,30;0/EUR 0,00;80219/EUR 35,38;0/EUR 0,00;1433770/EUR 1,97
16.01.1972;6/21/22/35/38/48;34;0;NULL;NULL;0/EUR 0,00;10/EUR 230.031,21;36/EUR 15.974,37;1801/EUR 1.596,53;0/EUR 0,00;94587/EUR 30,40;0/EUR 0,00;1558220/EUR 1,84
23.01.1972;2/21/31/34/35/41;29;0;NULL;NULL;0/EUR 0,00;1/EUR 255.645,94;9/EUR 255.645,94;777/EUR 4.052,93;0/EUR 0,00;60375/EUR 47,24;0/EUR 0,00;1309108/EUR 2,17
30.01.1972;1/11/39/46/48/49;24;0;NULL;NULL;0/EUR 0,00;5/EUR 255.645,94;40/EUR 40.223,33;1783/EUR 1.619,26;0/EUR 0,00;96827/EUR 29,81;0/EUR 0,00;1738608/EUR 1,64
06.02.1972;2/9/22/25/33/44;21;0;NULL;NULL;0/EUR 0,00;8/EUR 255.645,94;45/EUR 19.521,89;2392/EUR 1.222,24;0/EUR 0,00;116091/EUR 25,18;0/EUR 0,00;1916838/EUR 1,51
13.02.1972;14/21/28/30/31/38;49;0;NULL;NULL;0/EUR 0,00;0/EUR 0,00;17/EUR 169.381,54;1082/EUR 2.661,25;0/EUR 0,00;64607/EUR 44,56;0/EUR 0,00;1384596/EUR 2,07
20.02.1972;4/11/19/38/41/48;5;0;NULL;NULL;0/EUR 0,00;6/EUR 255.645,94;21/EUR 63.742,09;1901/EUR 1.511,02;0/EUR 0,00;101231/EUR 28,35;0/EUR 0,00;1759300/EUR 1,61
27.02.1972;2/9/21/23/40/41;30;0;NULL;NULL;0/EUR 0,00;5/EUR 255.645,94;41/EUR 38.986,34;1806/EUR 1.592,83;0/EUR 0,00;96439/EUR 29,81;0/EUR 0,00;1774443/EUR 1,61
05.03.1972;20/23/27/33/36/41;15;0;NULL;NULL;0/EUR 0,00;5/EUR 255.645,94;31/EUR 53.183,30;1149/EUR 2.547,33;0/EUR 0,00;72025/EUR 40,62;0/EUR 0,00;1461381/EUR 1,99
12.03.1972;1/14/19/21/23/36;29;0;NULL;NULL;0/EUR 0,00;9/EUR 255.645,94;22/EUR 27.673,75;1589/EUR 1.831,09;0/EUR 0,00;99351/EUR 29,27;0/EUR 0,00;1822091/EUR 1,59
19.03.1972;1/9/15/23/24/41;34;0;NULL;NULL;0/EUR 0,00;2/EUR 255.645,94;24/EUR 98.580,58;1255/EUR 2.292,61;0/EUR 0,00;76706/EUR 37,50;0/EUR 0,00;1518971/EUR 1,89
26.03.1972;17/22/26/32/34/43;30;0;NULL;NULL;0/EUR 0,00;2/EUR 255.645,94;25/EUR 92.834,17;1711/EUR 1.655,26;0/EUR 0,00;94019/EUR 30,12;0/EUR 0,00;1638553/EUR 1,71
02.04.1972;14/19/23/26/29/33;46;0;NULL;NULL;0/EUR 0,00;6/EUR 255.645,94;30/EUR 44.082,87;1555/EUR 1.836,87;0/EUR 0,00;86065/EUR 33,18;0/EUR 0,00;1639525/EUR 1,74
09.04.1972;4/8/14/24/37/39;7;0;NULL;NULL;0/EUR 0,00;3/EUR 255.645,94;33/EUR 63.734,63;1860/EUR 1.543,10;0/EUR 0,00;82041/EUR 34,97;0/EUR 0,00;1505105/EUR 1,89
16.04.1972;14/17/18/25/42/47;29;0;NULL;NULL;0/EUR 0,00;1/EUR 255.645,94;28/EUR 95.187,85;960/EUR 3.042,60;0/EUR 0,00;75512/EUR 38,68;0/EUR 0,00;1574560/EUR 1,84
23.04.1972;6/26/27/32/41/49;2;0;NULL;NULL;0/EUR 0,00;2/EUR 255.645,94;29/EUR 82.916,69;1065/EUR 2.737,89;0/EUR 0,00;73840/EUR 39,47;0/EUR 0,00;1557203/EUR 1,87
30.04.1972;8/13/25/28/34/39;20;0;NULL;NULL;0/EUR 0,00;9/EUR 255.645,94;38/EUR 17.168,59;1703/EUR 1.734,12;0/EUR 0,00;91275/EUR 32,34;0/EUR 0,00;1623528/EUR 1,82
07.05.1972;2/15/17/21/43/45;27;0;NULL;NULL;0/EUR 0,00;11/EUR 211.284,98;27/EUR 21.519,76;1607/EUR 1.807,80;0/EUR 0,00;84210/EUR 34,49;0/EUR 0,00;1560410/EUR 1,84
14.05.1972;15/18/19/20/42/49;34;0;NULL;NULL;0/EUR 0,00;5/EUR 255.645,94;18/EUR 84.314,46;690/EUR 4.052,01;0/EUR 0,00;56806/EUR 49,21;0/EUR 0,00;1239565/EUR 2,25
21.05.1972;17/23/31/32/33/40;3;0;NULL;NULL;0/EUR 0,00;1/EUR 255.645,94;34/EUR 77.536,85;1285/EUR 2.250,50;0/EUR 0,00;86783/EUR 33,31;0/EUR 0,00;1648696/EUR 1,74
28.05.1972;7/10/11/17/37/48;33;0;NULL;NULL;0/EUR 0,00;2/EUR 255.645,94;49/EUR 47.397,27;1145/EUR 2.474,88;0/EUR 0,00;83912/EUR 33,75;0/EUR 0,00;1665116/EUR 1,69
04.06.1972;5/9/16/18/27/29;14;0;NULL;NULL;0/EUR 0,00;23/EUR 100.581,11;131/EUR 4.414,80;2688/EUR 1.075,78;0/EUR 0,00;118680/EUR 24,36;0/EUR 0,00;1894637/EUR 1,51
11.06.1972;3/7/19/20/29/47;14;0;NULL;NULL;0/EUR 0,00;8/EUR 255.645,94;37/EUR 22.390,70;1829/EUR 1.571,12;0/EUR 0,00;99622/EUR 28,84;0/EUR 0,00;1731025/EUR 1,64
18.06.1972;2/14/27/30/34/36;21;0;NULL;NULL;0/EUR 0,00;7/EUR 255.645,94;53/EUR 20.654,66;1216/EUR 2.371,88;0/EUR 0,00;77162/EUR 37,38;0/EUR 0,00;1518008/EUR 1,89
25.06.1972;16/28/29/33/37/42;34;0;NULL;NULL;0/EUR 0,00;1/EUR 255.645,94;16/EUR 163.425,48;1266/EUR 2.267,32;0/EUR 0,00;72916/EUR 39,34;0/EUR 0,00;1359237/EUR 2,10
02.07.1972;1/3/4/19/24/27;20;0;NULL;NULL;0/EUR 0,00;9/EUR 255.645,94;60/EUR 9.896,28;2627/EUR 1.101,86;0/EUR 0,00;123842/EUR 23,37;0/EUR 0,00;2048150/EUR 1,41
09.07.1972;1/3/6/7/18/28;8;0;NULL;NULL;0/EUR 0,00;9/EUR 253.487,47;82/EUR 6.955,44;2182/EUR 1.306,91;0/EUR 0,00;107765/EUR 26,46;0/EUR 0,00;1765020/EUR 1,61
16.07.1972;13/15/27/35/40/46;18;0;NULL;NULL;0/EUR 0,00;2/EUR 255.645,94;30/EUR 78.285,43;1409/EUR 2.029,70;0/EUR 0,00;81176/EUR 35,23;0/EUR 0,00;1506123/EUR 1,89
23.07.1972;12/21/28/33/41/42;7;0;NULL;NULL;0/EUR 0,00;7/EUR 255.645,94;61/EUR 15.468,16;1452/EUR 1.882,27;0/EUR 0,00;85499/EUR 31,96;0/EUR 0,00;1669039/EUR 1,64
30.07.1972;2/3/12/19/38/40;25;0;NULL;NULL;0/EUR 0,00;7/EUR 255.645,94;86/EUR 11.730,01;2104/EUR 1.329,97;0/EUR 0,00;110439/EUR 25,33;0/EUR 0,00;1893290/EUR 1,46
06.08.1972;15/26/29/39/47/49;9;0;NULL;NULL;0/EUR 0,00;5/EUR 255.645,94;36/EUR 41.967,43;1492/EUR 1.869,33;0/EUR 0,00;82106/EUR 33,95;0/EUR 0,00;1478755/EUR 1,87
13.08.1972;5/20/23/30/41/48;11;0;NULL;NULL;0/EUR 0,00;2/EUR 255.645,94;43/EUR 52.104,91;1238/EUR 2.222,76;0/EUR 0,00;70049/EUR 39,27;0/EUR 0,00;1346602/EUR 2,02
20.08.1972;7/10/16/23/25/29;3;0;NULL;NULL;0/EUR 0,00;2/EUR 255.645,94;64/EUR 35.454,49;1511/EUR 1.840,09;0/EUR 0,00;85172/EUR 32,62;0/EUR 0,00;1552419/EUR 1,79
27.08.1972;6/23/41/42/46/47;27;0;NULL;NULL;0/EUR 0,00;1/EUR 255.645,94;21/EUR 121.008,93;665/EUR 4.205,76;0/EUR 0,00;58467/EUR 47,83;0/EUR 0,00;1257858/EUR 2,20
03.09.1972;8/27/30/40/46/49;5;0;NULL;NULL;0/EUR 0,00;3/EUR 255.645,94;30/EUR 67.339,90;1212/EUR 2.299,61;0/EUR 0,00;74170/EUR 37,55;0/EUR 0,00;1419391/EUR 1,94
10.09.1972;20/23/37/38/45/46;3;0;NULL;NULL;0/EUR 0,00;3/EUR 255.645,94;13/EUR 153.750,22;720/EUR 3.841,23;0/EUR 0,00;51444/EUR 53,74;0/EUR 0,00;1159119/EUR 2,38
17.09.1972;17/25/34/39/42/43;26;0;NULL;NULL;0/EUR 0,00;4/EUR 255.645,94;48/EUR 37.567,91;1950/EUR 1.449,13;0/EUR 0,00;102124/EUR 27,66;0/EUR 0,00;1704447/EUR 1,64
24.09.1972;1/4/5/11/24/40;2;0;NULL;NULL;0/EUR 0,00;5/EUR 255.645,94;22/EUR 70.003,43;1330/EUR 2.119,02;0/EUR 0,00;85953/EUR 32,77;0/EUR 0,00;1631576/EUR 1,71
01.10.1972;9/13/24/25/31/44;10;0;NULL;NULL;0/EUR 0,00;6/EUR 255.645,94;26/EUR 53.285,51;2077/EUR 1.405,52;0/EUR 0,00;118653/EUR 24,59;0/EUR 0,00;2011394/EUR 1,43
08.10.1972;14/19/28/39/43/49;26;0;NULL;NULL;0/EUR 0,00;10/EUR 230.854,45;39/EUR 14.798,35;1772/EUR 1.628,46;0/EUR 0,00;100362/EUR 28,73;0/EUR 0,00;1800581/EUR 1,59
15.10.1972;3/4/16/17/30/38;24;0;NULL;NULL;0/EUR 0,00;1/EUR 255.645,94;24/EUR 111.130,75;1197/EUR 2.441,75;0/EUR 0,00;75098/EUR 38,91;0/EUR 0,00;1557857/EUR 1,87
22.10.1972;5/18/19/28/45/46;16;0;NULL;NULL;0/EUR 0,00;1/EUR 255.645,94;16/EUR 164.533,47;1381/EUR 2.091,36;0/EUR 0,00;81716/EUR 35,33;0/EUR 0,00;1634411/EUR 1,76
29.10.1972;16/18/23/29/38/47;1;0;NULL;NULL;0/EUR 0,00;4/EUR 255.645,94;17/EUR 110.222,80;1678/EUR 1.726,07;0/EUR 0,00;82489/EUR 35,10;0/EUR 0,00;1471853/EUR 1,94
05.11.1972;9/17/21/22/32/33;38;0;NULL;NULL;0/EUR 0,00;19/EUR 123.105,92;62/EUR 9.431,49;3172/EUR 921,73;0/EUR 0,00;164905/EUR 17,72;0/EUR 0,00;2264532/EUR 1,28
12.11.1972;3/6/11/27/36/42;40;0;NULL;NULL;0/EUR 0,00;12/EUR 195.815,23;52/EUR 11.297,02;3152/EUR 931,86;0/EUR 0,00;125437/EUR 23,39;0/EUR 0,00;1969781/EUR 1,48
19.11.1972;10/27/35/43/45/46;39;0;NULL;NULL;0/EUR 0,00;3/EUR 255.645,94;18/EUR 121.461,40;754/EUR 3.916,75;0/EUR 0,00;62840/EUR 46,99;0/EUR 0,00;1383787/EUR 2,12
26.11.1972;2/21/29/39/42/47;37;0;NULL;NULL;0/EUR 0,00;2/EUR 255.645,94;42/EUR 57.807,78;1450/EUR 2.027,04;0/EUR 0,00;79638/EUR 36,89;0/EUR 0,00;1492040/EUR 1,97
03.12.1972;2/11/12/14/25/40;8;0;NULL;NULL;0/EUR 0,00;5/EUR 255.645,94;21/EUR 99.558,14;1639/EUR 2.055,47;0/EUR 0,00;103138/EUR 32,65;0/EUR 0,00;1973035/EUR 1,69
10.12.1972;7/15/18/28/31/42;29;0;NULL;NULL;0/EUR 0,00;18/EUR 136.182,08;41/EUR 14.946,80;1976/EUR 1.550,65;0/EUR 0,00;97914/EUR 31,29;0/EUR 0,00;1813147/EUR 1,69
17.12.1972;23/31/36/38/40/49;21;0;NULL;NULL;0/EUR 0,00;1/EUR 255.645,94;39/EUR 71.704,60;1514/EUR 2.015,92;0/EUR 0,00;93896/EUR 32,49;0/EUR 0,00;1714937/EUR 1,76
24.12.1972;10/23/25/26/29/49;1;0;NULL;NULL;0/EUR 0,00;3/EUR 255.645,94;45/EUR 51.205,63;1155/EUR 2.659,02;0/EUR 0,00;84204/EUR 36,46;0/EUR 0,00;1637483/EUR 1,87
31.12.1972;8/12/19/26/30/49;6;0;NULL;NULL;0/EUR 0,00;10/EUR 237.466,83;80/EUR 7.420,81;2527/EUR 1.174,64;0/EUR 0,00;120154/EUR 24,70;0/EUR 0,00;1934801/EUR 1,53
07.01.1973;7/13/15/17/44/46;9;0;NULL;NULL;0/EUR 0,00;4/EUR 255.645,94;46/EUR 41.437,06;1450/EUR 2.019,78;0/EUR 0,00;82650/EUR 35,43;0/EUR 0,00;1636658/EUR 1,76
14.01.1973;4/7/8/19/29/41;13;0;NULL;NULL;0/EUR 0,00;5/EUR 255.645,94;42/EUR 41.524,95;2201/EUR 1.373,13;0/EUR 0,00;111731/EUR 27,05;0/EUR 0,00;1895146/EUR 1,59
21.01.1973;3/6/17/23/33/35;38;0;NULL;NULL;0/EUR 0,00;11/EUR 219.337,39;58/EUR 10.399,60;2106/EUR 1.432,03;0/EUR 0,00;114457/EUR 26,33;0/EUR 0,00;1962613/EUR 1,53
28.01.1973;1/6/9/17/20/42;10;0;NULL;NULL;0/EUR 0,00;7/EUR 255.645,94;20/EUR 61.389,97;1761/EUR 1.713,39;0/EUR 0,00;86790/EUR 34,74;0/EUR 0,00;1686649/EUR 1,76
04.02.1973;5/16/24/26/35/48;28;0;NULL;NULL;0/EUR 0,00;11/EUR 224.220,20;34/EUR 18.135,45;2402/EUR 1.283,52;0/EUR 0,00;146364/EUR 21,04;0/EUR 0,00;1968674/EUR 1,56
11.02.1973;1/5/13/26/37/46;11;0;NULL;NULL;0/EUR 0,00;3/EUR 255.645,94;24/EUR 96.051,50;1625/EUR 1.890,55;0/EUR 0,00;83559/EUR 36,76;0/EUR 0,00;1535377/EUR 1,99
18.02.1973;3/4/13/33/43/48;44;0;NULL;NULL;0/EUR 0,00;6/EUR 255.645,94;34/EUR 45.330,50;4353/EUR 706,43;0/EUR 0,00;113283/EUR 27,12;0/EUR 0,00;1525306/EUR 1,99
25.02.1973;8/20/32/33/43/49;46;0;NULL;NULL;0/EUR 0,00;3/EUR 255.645,94;16/EUR 142.817,58;923/EUR 3.306,63;0/EUR 0,00;59022/EUR 51,69;0/EUR 0,00;1309051/EUR 2,33
04.03.1973;3/14/19/24/27/31;44;0;NULL;NULL;0/EUR 0,00;8/EUR 255.645,94;61/EUR 17.496,82;2686/EUR 1.158,77;0/EUR 0,00;133847/EUR 23,24;0/EUR 0,00;2190858/EUR 1,41
11.03.1973;20/21/34/39/42/49;30;0;NULL;NULL;0/EUR 0,00;5/EUR 255.645,94;23/EUR 77.252,47;1297/EUR 2.355,45;0/EUR 0,00;84430/EUR 36,17;0/EUR 0,00;1697798/EUR 1,79
18.03.1973;8/9/13/21/26/29;20;0;NULL;NULL;0/EUR 0,00;6/EUR 255.645,94;20/EUR 78.189,13;1788/EUR 1.732,46;0/EUR 0,00;99354/EUR 31,16;0/EUR 0,00;1801802/EUR 1,71
25.03.1973;6/10/20/22/34/39;23;0;NULL;NULL;0/EUR 0,00;8/EUR 255.645,94;59/EUR 17.214,33;1892/EUR 1.617,75;0/EUR 0,00;88342/EUR 34,64;0/EUR 0,00;1571782/EUR 1,94
01.04.1973;1/25/26/30/39/43;23;0;NULL;NULL;0/EUR 0,00;0/EUR 0,00;17/EUR 180.307,21;870/EUR 3.523,24;0/EUR 0,00;67402/EUR 45,45;0/EUR 0,00;1412258/EUR 2,15
08.04.1973;11/22/28/37/40/43;30;0;NULL;NULL;0/EUR 0,00;6/EUR 255.645,94;19/EUR 80.389,58;1586/EUR 1.930,18;0/EUR 0,00;86320/EUR 35,46;0/EUR 0,00;1586878/EUR 1,92
15.04.1973;17/19/25/28/37/48;30;0;NULL;NULL;0/EUR 0,00;8/EUR 255.645,94;20/EUR 51.590,48;2216/EUR 1.388,52;0/EUR 0,00;110022/EUR 27,94;0/EUR 0,00;1959834/EUR 1,56
22.04.1973;1/3/34/42/47/48;44;0;NULL;NULL;0/EUR 0,00;2/EUR 255.645,94;16/EUR 156.780,09;725/EUR 4.165,19;0/EUR 0,00;66922/EUR 45,12;0/EUR 0,00;1299260/EUR 2,30
29.04.1973;1/12/26/28/31/45;35;0;NULL;NULL;0/EUR 0,00;2/EUR 255.645,94;23/EUR 107.591,02;1367/EUR 2.184,24;0/EUR 0,00;79911/EUR 37,35;0/EUR 0,00;1512585/EUR 1,97
06.05.1973;3/21/22/23/31/46;10;0;NULL;NULL;0/EUR 0,00;1/EUR 255.645,94;19/EUR 143.755,80;876/EUR 3.409,81;0/EUR 0,00;71441/EUR 41,80;0/EUR 0,00;1567477/EUR 1,89
13.05.1973;1/8/18/23/30/38;44;0;NULL;NULL;0/EUR 0,00;5/EUR 255.645,94;48/EUR 35.942,21;1214/EUR 2.474,01;0/EUR 0,00;72918/EUR 41,18;0/EUR 0,00;1455617/EUR 2,05
20.05.1973;11/14/25/28/30/46;37;0;NULL;NULL;0/EUR 0,00;12/EUR 198.854,19;34/EUR 17.545,95;2243/EUR 1.329,82;0/EUR 0,00;89433/EUR 33,34;0/EUR 0,00;1557031/EUR 1,89
27.05.1973;8/22/25/33/43/48;15;0;NULL;NULL;0/EUR 0,00;4/EUR 255.645,94;41/EUR 47.491,88;1534/EUR 1.935,93;0/EUR 0,00;85457/EUR 34,74;0/EUR 0,00;1570847/EUR 1,87
03.06.1973;10/15/18/25/36/48;35;0;NULL;NULL;0/EUR 0,00;10/EUR 233.810,02;36/EUR 16.236,79;1501/EUR 1.947,10;0/EUR 0,00;86634/EUR 33,72;0/EUR 0,00;1616984/EUR 1,79
10.06.1973;7/9/18/26/32/40;14;0;NULL;NULL;0/EUR 0,00;23/EUR 103.510,48;71/EUR 8.382,89;2851/EUR 1.043,80;0/EUR 0,00;126090/EUR 23,60;0/EUR 0,00;1966177/EUR 1,51
17.06.1973;6/9/17/23/28/46;39;0;NULL;NULL;0/EUR 0,00;8/EUR 255.645,94;88/EUR 10.052,97;2457/EUR 1.192,43;0/EUR 0,00;117796/EUR 24,85;0/EUR 0,00;1888412/EUR 1,53
24.06.1973;11/13/16/30/35/48;45;0;NULL;NULL;0/EUR 0,00;4/EUR 255.645,94;27/EUR 69.376,40;1256/EUR 2.305,52;0/EUR 0,00;70307/EUR 41,18;0/EUR 0,00;1424650/EUR 2,02
01.07.1973;6/12/26/27/37/38;5;0;NULL;NULL;0/EUR 0,00;5/EUR 255.645,94;38/EUR 42.841,22;1297/EUR 2.240,69;0/EUR 0,00;80849/EUR 35,94;0/EUR 0,00;1632445/EUR 1,76
08.07.1973;1/4/6/23/24/43;17;0;NULL;NULL;0/EUR 0,00;4/EUR 255.645,94;25/EUR 72.307,82;877/EUR 3.227,22;0/EUR 0,00;63601/EUR 44,48;0/EUR 0,00;1404512/EUR 1,99
15.07.1973;7/13/18/26/31/39;42;0;NULL;NULL;0/EUR 0,00;35/EUR 66.387,93;151/EUR 3.846,96;3926/EUR 739,79;0/EUR 0,00;143067/EUR 20,30;0/EUR 0,00;2024505/EUR 1,43
22.07.1973;20/21/24/30/31/46;2;0;NULL;NULL;0/EUR 0,00;3/EUR 255.645,94;14/EUR 151.040,58;906/EUR 3.180,47;0/EUR 0,00;56209/EUR 51,26;0/EUR 0,00;1233727/EUR 2,33
29.07.1973;11/16/22/28/41/49;5;0;NULL;NULL;0/EUR 0,00;7/EUR 255.645,94;46/EUR 23.853,38;1595/EUR 1.809,87;0/EUR 0,00;87001/EUR 33,16;0/EUR 0,00;1616055/EUR 1,76
05.08.1973;3/18/20/31/43/49;5;0;NULL;NULL;0/EUR 0,00;5/EUR 255.645,94;47/EUR 33.933,45;1726/EUR 1.664,59;0/EUR 0,00;82525/EUR 34,79;0/EUR 0,00;1513924/EUR 1,89
12.08.1973;10/16/17/30/39/42;3;0;NULL;NULL;0/EUR 0,00;1/EUR 255.645,94;24/EUR 107.869,27;927/EUR 3.068,49;0/EUR 0,00;67290/EUR 42,26;0/EUR 0,00;1398719/EUR 2,02
19.08.1973;12/35/36/38/39/44;9;0;NULL;NULL;0/EUR 0,00;1/EUR 255.645,94;23/EUR 112.765,07;985/EUR 2.892,61;0/EUR 0,00;71015/EUR 40,11;0/EUR 0,00;1409653/EUR 2,02
26.08.1973;1/4/5/31/35/45;33;0;NULL;NULL;0/EUR 0,00;2/EUR 255.645,94;18/EUR 132.248,33;776/EUR 3.726,47;0/EUR 0,00;55818/EUR 51,79;0/EUR 0,00;1257931/EUR 2,28
02.09.1973;8/9/25/26/34/45;14;0;NULL;NULL;0/EUR 0,00;2/EUR 255.645,94;38/EUR 64.384,40;1266/EUR 2.336,40;0/EUR 0,00;81472/EUR 36,30;0/EUR 0,00;1644423/EUR 1,79
09.09.1973;3/11/21/24/39/46;10;0;NULL;NULL;0/EUR 0,00;12/EUR 194.403,55;37/EUR 15.762,44;2488/EUR 1.172,03;0/EUR 0,00;114965/EUR 25,36;0/EUR 0,00;1884358/EUR 1,53
16.09.1973;19/22/37/39/47/49;10;0;NULL;NULL;0/EUR 0,00;4/EUR 255.645,94;26/EUR 75.306,65;1777/EUR 1.677,29;0/EUR 0,00;105571/EUR 28,22;0/EUR 0,00;1899553/EUR 1,56
23.09.1973;2/9/18/20/24/40;1;0;NULL;NULL;0/EUR 0,00;7/EUR 255.645,94;41/EUR 29.362,57;2584/EUR 1.158,41;0/EUR 0,00;126018/EUR 23,75;0/EUR 0,00;1993810/EUR 1,48
30.09.1973;7/29/34/35/41/45;43;0;NULL;NULL;0/EUR 0,00;3/EUR 255.645,94;9/EUR 255.645,94;822/EUR 3.733,04;0/EUR 0,00;63992/EUR 47,93;0/EUR 0,00;1390407/EUR 2,20
07.10.1973;1/23/24/31/36/48;18;0;NULL;NULL;0/EUR 0,00;1/EUR 255.645,94;94/EUR 29.539,61;1301/EUR 2.330,78;0/EUR 0,00;84436/EUR 35,89;0/EUR 0,00;1656060/EUR 1,82
14.10.1973;6/19/34/37/39/46;42;0;NULL;NULL;0/EUR 0,00;3/EUR 255.645,94;57/EUR 39.737,30;2031/EUR 1.492,82;0/EUR 0,00;108435/EUR 27,94;0/EUR 0,00;1846282/EUR 1,64
21.10.1973;8/15/25/31/32/33;28;0;NULL;NULL;0/EUR 0,00;2/EUR 255.645,94;43/EUR 58.288,94;1317/EUR 2.291,35;0/EUR 0,00;83015/EUR 36,33;0/EUR 0,00;1651482/EUR 1,82
28.10.1973;9/15/20/21/33/40;14;0;NULL;NULL;0/EUR 0,00;5/EUR 255.645,94;24/EUR 72.753,95;1644/EUR 1.839,60;0/EUR 0,00;86733/EUR 34,84;0/EUR 0,00;1642791/EUR 1,84
04.11.1973;11/17/20/27/34/45;46;0;NULL;NULL;0/EUR 0,00;4/EUR 255.645,94;14/EUR 145.382,47;1365/EUR 2.240,23;0/EUR 0,00;82816/EUR 36,92;0/EUR 0,00;1652163/EUR 1,84
11.11.1973;3/17/19/31/33/49;38;0;NULL;NULL;0/EUR 0,00;32/EUR 76.755,42;89/EUR 6.899,35;7505/EUR 409,08;0/EUR 0,00;190350/EUR 16,11;0/EUR 0,00;2524503/EUR 1,20
18.11.1973;2/7/11/39/41/48;46;0;NULL;NULL;0/EUR 0,00;6/EUR 255.645,94;59/EUR 26.397,62;1570/EUR 1.968,99;0/EUR 0,00;93487/EUR 33,06;0/EUR 0,00;1757454/EUR 1,74
25.11.1973;1/24/25/39/40/42;33;0;NULL;NULL;0/EUR 0,00;3/EUR 255.645,94;18/EUR 127.289,05;1377/EUR 2.220,85;0/EUR 0,00;77750/EUR 39,32;0/EUR 0,00;1569097/EUR 1,94
02.12.1973;5/20/30/33/37/43;31;0;NULL;NULL;0/EUR 0,00;2/EUR 255.645,94;17/EUR 164.630,28;1224/EUR 2.704,25;0/EUR 0,00;77846/EUR 42,51;0/EUR 0,00;1635010/EUR 2,02
09.12.1973;3/16/21/32/34/39;5;0;NULL;NULL;0/EUR 0,00;10/EUR 250.793,24;34/EUR 18.440,66;2271/EUR 1.380,41;0/EUR 0,00;107112/EUR 29,25;0/EUR 0,00;1860849/EUR 1,66
16.12.1973;4/31/32/33/36/39;46;0;NULL;NULL;0/EUR 0,00;5/EUR 255.645,94;25/EUR 75.613,40;1630/EUR 1.943,88;0/EUR 0,00;85883/EUR 36,89;0/EUR 0,00;1601532/EUR 1,97
23.12.1973;1/11/24/25/31/45;38;0;NULL;NULL;0/EUR 0,00;8/EUR 255.645,94;41/EUR 28.032,01;1812/EUR 1.762,93;0/EUR 0,00;103351/EUR 30,91;0/EUR 0,00;1851030/EUR 1,71
30.12.1973;2/20/21/24/25/32;12;0;NULL;NULL;0/EUR 0,00;9/EUR 255.645,94;49/EUR 15.446,79;1463/EUR 2.090,01;0/EUR 0,00;84723/EUR 36,07;0/EUR 0,00;1652874/EUR 1,84
06.01.1974;8/17/22/31/37/38;47;0;NULL;NULL;0/EUR 0,00;5/EUR 255.645,94;26/EUR 68.971,95;1215/EUR 2.527,98;0/EUR 0,00;75142/EUR 40,85;0/EUR 0,00;1583953/EUR 1,92
13.01.1974;13/15/22/28/37/48;18;0;NULL;NULL;0/EUR 0,00;9/EUR 255.645,94;21/EUR 42.327,71;1409/EUR 2.263,80;0/EUR 0,00;84346/EUR 37,81;0/EUR 0,00;1582047/EUR 1,99
20.01.1974;4/15/21/29/41/44;24;0;NULL;NULL;0/EUR 0,00;7/EUR 255.645,94;31/EUR 45.821,85;1494/EUR 2.148,58;0/EUR 0,00;79122/EUR 40,55;0/EUR 0,00;1492067/EUR 2,15
27.01.1974;7/12/14/26/35/44;11;0;NULL;NULL;0/EUR 0,00;27/EUR 94.650,28;90/EUR 7.098,75;4596/EUR 695,02;0/EUR 0,00;164148/EUR 19,45;0/EUR 0,00;2164610/EUR 1,46
02.02.1974;1/12/20/30/38/39;34;0;NULL;NULL;0/EUR 0,00;5/EUR 255.645,94;17/EUR 117.057,57;1149/EUR 2.844,39;0/EUR 0,00;71090/EUR 45,97;0/EUR 0,00;1530345/EUR 2,12
09.02.1974;10/14/17/19/31/32;26;0;NULL;NULL;0/EUR 0,00;5/EUR 255.645,94;60/EUR 32.838,31;1990/EUR 1.632,40;0/EUR 0,00;118488/EUR 27,41;0/EUR 0,00;2204960/EUR 1,46
16.02.1974;2/3/25/26/33/46;31;0;NULL;NULL;0/EUR 0,00;9/EUR 255.645,94;53/EUR 18.209,58;1692/EUR 1.930,20;0/EUR 0,00;98609/EUR 33,11;0/EUR 0,00;1926769/EUR 1,69
23.02.1974;3/7/8/15/20/41;32;0;NULL;NULL;0/EUR 0,00;2/EUR 255.645,94;28/EUR 97.815,02;1336/EUR 2.432,70;0/EUR 0,00;82835/EUR 39,22;0/EUR 0,00;1578665/EUR 2,05
02.03.1974;2/3/8/17/22/49;13;0;NULL;NULL;0/EUR 0,00;6/EUR 255.645,94;31/EUR 55.818,53;1456/EUR 2.241,91;0/EUR 0,00;94730/EUR 34,44;0/EUR 0,00;1887489/EUR 1,71
09.03.1974;20/30/32/38/39/40;42;0;NULL;NULL;0/EUR 0,00;9/EUR 255.645,94;47/EUR 20.962,35;2665/EUR 1.233,03;0/EUR 0,00;122189/EUR 26,87;0/EUR 0,00;1718544/EUR 1,89
16.03.1974;5/7/8/26/31/40;44;0;NULL;NULL;0/EUR 0,00;4/EUR 255.645,94;34/EUR 67.147,32;1435/EUR 2.303,55;0/EUR 0,00;89344/EUR 36,99;0/EUR 0,00;1753583/EUR 1,87
23.03.1974;12/13/17/18/32/45;15;0;NULL;NULL;0/EUR 0,00;5/EUR 255.645,94;18/EUR 108.492,63;1160/EUR 2.785,42;0/EUR 0,00;88635/EUR 36,43;0/EUR 0,00;1848348/EUR 1,74
30.03.1974;4/7/20/24/37/47;44;0;NULL;NULL;0/EUR 0,00;14/EUR 185.595,73;59/EUR 11.009,90;2087/EUR 1.556,24;0/EUR 0,00;98027/EUR 33,13;0/EUR 0,00;1730979/EUR 1,87
06.04.1974;4/21/22/24/29/48;45;0;NULL;NULL;0/EUR 0,00;0/EUR 0,00;24/EUR 133.182,46;1029/EUR 3.106,28;0/EUR 0,00;78877/EUR 40,52;0/EUR 0,00;1689580/EUR 1,89
13.04.1974;1/7/32/39/47/49;38;0;NULL;NULL;0/EUR 0,00;7/EUR 255.645,94;30/EUR 44.626,88;1590/EUR 1.967,48;0/EUR 0,00;108374/EUR 28,86;0/EUR 0,00;1857757/EUR 1,66
20.04.1974;23/30/41/42/45/47;1;0;NULL;NULL;0/EUR 0,00;4/EUR 255.645,94;9/EUR 237.720,89;1195/EUR 2.646,06;0/EUR 0,00;77413/EUR 40,83;0/EUR 0,00;1436542/EUR 2,20
27.04.1974;24/26/27/31/38/45;42;0;NULL;NULL;0/EUR 0,00;11/EUR 233.365,48;46/EUR 13.951,19;1438/EUR 2.231,41;0/EUR 0,00;97383/EUR 32,93;0/EUR 0,00;1816453/EUR 1,76
04.05.1974;3/6/12/26/33/45;29;0;NULL;NULL;0/EUR 0,00;8/EUR 255.645,94;68/EUR 17.103,79;2571/EUR 1.247,83;0/EUR 0,00;124211/EUR 25,82;0/EUR 0,00;2021284/EUR 1,59
11.05.1974;6/15/19/26/44/45;30;0;NULL;NULL;0/EUR 0,00;3/EUR 255.645,94;34/EUR 71.343,65;2263/EUR 1.410,78;0/EUR 0,00;72420/EUR 44,07;0/EUR 0,00;1570278/EUR 2,02
18.05.1974;20/36/37/41/43/48;21;0;NULL;NULL;0/EUR 0,00;5/EUR 255.645,94;27/EUR 71.354,05;1237/EUR 2.590,77;0/EUR 0,00;69707/EUR 45,97;0/EUR 0,00;1460601/EUR 2,17
25.05.1974;10/11/28/29/35/48;37;0;NULL;NULL;0/EUR 0,00;5/EUR 255.645,94;16/EUR 116.385,22;1261/EUR 2.490,37;0/EUR 0,00;78840/EUR 39,83;0/EUR 0,00;1514518/EUR 2,07
01.06.1974;6/16/38/41/44/48;49;0;NULL;NULL;0/EUR 0,00;2/EUR 255.645,94;15/EUR 184.755,14;1138/EUR 2.884,53;0/EUR 0,00;72999/EUR 44,94;0/EUR 0,00;1478655/EUR 2,20
08.06.1974;16/21/22/25/27/36;38;0;NULL;NULL;0/EUR 0,00;6/EUR 255.645,94;38/EUR 43.677,26;1531/EUR 2.085,94;0/EUR 0,00;101892/EUR 31,34;0/EUR 0,00;1895149/EUR 1,66
15.06.1974;3/4/16/20/24/39;49;0;NULL;NULL;0/EUR 0,00;3/EUR 255.645,94;33/EUR 72.917,05;1611/EUR 1.969,70;0/EUR 0,00;104488/EUR 30,35;0/EUR 0,00;1802805/EUR 1,74
22.06.1974;5/8/20/30/33/49;25;0;NULL;NULL;0/EUR 0,00;5/EUR 255.645,94;53/EUR 35.293,87;1788/EUR 1.761,07;0/EUR 0,00;94414/EUR 33,34;0/EUR 0,00;1654889/EUR 1,89
29.06.1974;13/28/30/37/43/49;1;0;NULL;NULL;0/EUR 0,00;5/EUR 255.645,94;37/EUR 51.687,44;1322/EUR 2.413,50;0/EUR 0,00;74974/EUR 42,54;0/EUR 0,00;1509527/EUR 2,10
06.07.1974;1/2/5/21/36/40;49;0;NULL;NULL;0/EUR 0,00;2/EUR 766.937,82;43/EUR 33.258,49;1161/EUR 2.552,96;0/EUR 0,00;82036/EUR 36,12;0/EUR 0,00;1725618/EUR 2,48
13.07.1974;2/7/22/25/26/35;33;0;NULL;NULL;0/EUR 0,00;3/EUR 665.029,86;34/EUR 29.339,54;1340/EUR 2.233,30;0/EUR 0,00;91828/EUR 32,57;0/EUR 0,00;1891979/EUR 2,28
20.07.1974;1/2/26/27/33/41;11;0;NULL;NULL;0/EUR 0,00;1/EUR 766.937,82;36/EUR 61.793,97;1008/EUR 2.967,77;0/EUR 0,00;70210/EUR 42,59;0/EUR 0,00;1551299/EUR 2,76
27.07.1974;19/20/27/29/31/39;48;0;NULL;NULL;0/EUR 0,00;4/EUR 500.000,31;19/EUR 52.631,59;1444/EUR 2.077,56;0/EUR 0,00;99191/EUR 30,24;0/EUR 0,00;1967720/EUR 2,20
03.08.1974;2/12/16/21/29/45;15;0;NULL;NULL;0/EUR 0,00;5/EUR 398.218,51;21/EUR 47.406,96;2413/EUR 1.237,71;0/EUR 0,00;84549/EUR 35,30;0/EUR 0,00;1620804/EUR 2,66
10.08.1974;4/7/10/12/19/42;20;0;NULL;NULL;0/EUR 0,00;6/EUR 334.128,61;63/EUR 15.910,87;3289/EUR 914,29;0/EUR 0,00;158605/EUR 18,94;0/EUR 0,00;2396480/EUR 1,79
17.08.1974;27/30/31/36/38/47;48;0;NULL;NULL;0/EUR 0,00;9/EUR 217.976,59;40/EUR 24.522,35;1019/EUR 2.887,80;0/EUR 0,00;75719/EUR 38,86;0/EUR 0,00;1547846/EUR 2,74
24.08.1974;6/12/21/36/45/47;28;0;NULL;NULL;0/EUR 0,00;8/EUR 251.183,00;68/EUR 14.775,47;1773/EUR 1.700,05;0/EUR 0,00;93397/EUR 32,26;0/EUR 0,00;1795168/EUR 2,40
31.08.1974;11/14/17/30/31/44;4;0;NULL;NULL;0/EUR 0,00;1/EUR 766.937,82;37/EUR 62.657,64;1458/EUR 2.116,08;0/EUR 0,00;95264/EUR 32,36;0/EUR 0,00;1903662/EUR 2,33
07.09.1974;3/8/15/22/23/27;16;0;NULL;NULL;0/EUR 0,00;10/EUR 205.943,28;62/EUR 16.608,32;2660/EUR 1.161,32;0/EUR 0,00;124282/EUR 24,85;0/EUR 0,00;2082957/EUR 2,12
14.09.1974;3/13/24/26/32/37;28;0;NULL;NULL;0/EUR 0,00;8/EUR 259.943,43;82/EUR 12.680,17;3306/EUR 943,51;0/EUR 0,00;158205/EUR 19,71;0/EUR 0,00;2417107/EUR 1,84
21.09.1974;12/17/31/36/37/39;3;0;NULL;NULL;0/EUR 0,00;8/EUR 260.612,22;48/EUR 21.717,69;2158/EUR 1.449,18;0/EUR 0,00;128022/EUR 24,41;0/EUR 0,00;2260572/EUR 1,99
28.09.1974;3/4/6/16/23/46;15;0;NULL;NULL;0/EUR 0,00;1/EUR 766.937,82;27/EUR 90.664,73;1373/EUR 2.341,49;0/EUR 0,00;92886/EUR 34,59;0/EUR 0,00;1901100/EUR 2,43
05.10.1974;3/16/24/35/44/49;34;0;NULL;NULL;0/EUR 0,00;8/EUR 264.518,18;21/EUR 50.384,41;1527/EUR 2.078,71;0/EUR 0,00;87339/EUR 36,33;0/EUR 0,00;1727431/EUR 2,63
12.10.1974;1/5/22/24/27/28;16;0;NULL;NULL;0/EUR 0,00;11/EUR 193.897,76;41/EUR 26.010,67;2079/EUR 1.538,86;0/EUR 0,00;110773/EUR 28,86;0/EUR 0,00;1931488/EUR 2,38
19.10.1974;13/15/21/22/31/33;30;0;NULL;NULL;0/EUR 0,00;9/EUR 239.504,58;42/EUR 25.661,20;2163/EUR 1.494,81;0/EUR 0,00;120476/EUR 26,82;0/EUR 0,00;2137607/EUR 2,17
26.10.1974;12/20/31/42/46/48;1;0;NULL;NULL;0/EUR 0,00;7/EUR 308.422,77;28/EUR 38.552,84;1506/EUR 2.150,34;0/EUR 0,00;90779/EUR 35,66;0/EUR 0,00;1818326/EUR 2,56
02.11.1974;6/9/35/38/39/45;28;0;NULL;NULL;0/EUR 0,00;2/EUR 766.937,82;32/EUR 51.517,57;1358/EUR 2.343,46;0/EUR 0,00;86448/EUR 36,81;0/EUR 0,00;1831960/EUR 2,51
09.11.1974;2/27/29/32/45/47;35;0;NULL;NULL;0/EUR 0,00;4/EUR 549.207,52;22/EUR 49.927,93;1527/EUR 2.157,98;0/EUR 0,00;90279/EUR 36,48;0/EUR 0,00;1785458/EUR 2,66
16.11.1974;22/28/29/43/46/48;36;0;NULL;NULL;0/EUR 0,00;7/EUR 319.066,84;44/EUR 25.380,30;1700/EUR 1.970,70;0/EUR 0,00;90572/EUR 36,97;0/EUR 0,00;1783288/EUR 2,71
23.11.1974;12/27/28/32/41/42;15;0;NULL;NULL;0/EUR 0,00;8/EUR 277.076,41;29/EUR 38.217,43;1390/EUR 2.392,00;0/EUR 0,00;95623/EUR 34,77;0/EUR 0,00;1911309/EUR 2,51
30.11.1974;8/19/22/29/32/40;4;0;NULL;NULL;0/EUR 0,00;3/EUR 766.937,82;49/EUR 23.548,75;1747/EUR 1.977,50;0/EUR 0,00;101491/EUR 34,03;0/EUR 0,00;2072659/EUR 2,40
07.12.1974;10/14/22/27/32/49;16;0;NULL;NULL;0/EUR 0,00;16/EUR 164.960,84;37/EUR 35.667,18;2635/EUR 1.502,48;0/EUR 0,00;127608/EUR 31,01;0/EUR 0,00;2384521/EUR 2,38
14.12.1974;6/9/14/42/45/48;24;0;NULL;NULL;0/EUR 0,00;8/EUR 292.655,22;30/EUR 39.020,67;2157/EUR 1.628,11;0/EUR 0,00;97288/EUR 36,10;0/EUR 0,00;1914878/EUR 2,63
21.12.1974;9/10/17/20/22/47;6;0;NULL;NULL;0/EUR 0,00;3/EUR 766.937,82;34/EUR 34.528,03;1214/EUR 2.862,24;0/EUR 0,00;83985/EUR 41,36;0/EUR 0,00;1889957/EUR 2,63
28.12.1974;6/7/22/23/42/46;40;0;NULL;NULL;0/EUR 0,00;4/EUR 539.487,20;27/EUR 39.962,01;1289/EUR 2.511,18;0/EUR 0,00;81908/EUR 39,50;0/EUR 0,00;1773886/EUR 2,63
04.01.1975;3/24/28/40/41/45;7;0;0/2/6/5/1/0/2;NULL;0/EUR 0,00;3/EUR 750.377,15;75/EUR 15.007,54;1688/EUR 2.000,40;0/EUR 0,00;99972/EUR 33,77;0/EUR 0,00;1957220/EUR 2,48
11.01.1975;1/13/37/38/42/43;35;0;0/7/8/7/5/3/5;NULL;0/EUR 0,00;6/EUR 386.608,42;22/EUR 52.719,33;1014/EUR 3.431,43;0/EUR 0,00;71651/EUR 48,55;0/EUR 0,00;1626715/EUR 3,07
18.01.1975;1/4/14/27/30/33;7;0;1/7/4/5/5/7/6;NULL;0/EUR 0,00;4/EUR 585.079,94;50/EUR 23.403,18;1611/EUR 2.179,05;0/EUR 0,00;95102/EUR 36,89;0/EUR 0,00;1921950/EUR 2,63
25.01.1975;1/6/23/32/42/48;3;0;4/0/4/2/7/9/6;NULL;0/EUR 0,00;12/EUR 195.146,74;49/EUR 23.895,51;1755/EUR 2.001,50;0/EUR 0,00;98180/EUR 35,76;0/EUR 0,00;1962780/EUR 2,58
01.02.1975;18/20/26/33/36/47;28;0;8/1/5/0/5/2/8;NULL;0/EUR 0,00;0/EUR 0,00;17/EUR 209.694,99;1549/EUR 2.301,35;0/EUR 0,00;103348/EUR 34,49;0/EUR 0,00;2120296/EUR 2,40
08.02.1975;7/25/27/30/37/47;20;0;3/2/7/5/3/5/4;NULL;0/EUR 0,00;4/EUR 583.329,76;42/EUR 27.777,59;2848/EUR 1.228,92;0/EUR 0,00;147572/EUR 23,70;0/EUR 0,00;2145332/EUR 2,35
15.02.1975;4/18/28/34/40/49;10;0;8/2/4/4/1/4/3;NULL;0/EUR 0,00;10/EUR 235.970,76;74/EUR 15.943,95;1973/EUR 1.794,00;0/EUR 0,00;111835/EUR 31,65;0/EUR 0,00;2116461/EUR 2,40
22.02.1975;1/4/14/20/33/38;23;0;0/0/0/6/5/9/1;NULL;0/EUR 0,00;4/EUR 593.963,18;42/EUR 28.283,95;1569/EUR 2.271,36;0/EUR 0,00;108466/EUR 32,85;0/EUR 0,00;1832280/EUR 2,79
01.03.1975;3/12/19/32/38/49;21;0;1/5/2/5/3/4/2;NULL;0/EUR 0,00;21/EUR 113.989,20;121/EUR 9.891,61;3633/EUR 988,33;0/EUR 0,00;172199/EUR 20,84;0/EUR 0,00;2801319/EUR 1,84
08.03.1975;2/8/20/23/41/49;34;0;8/7/8/3/7/1/0;NULL;0/EUR 0,00;6/EUR 395.764,30;45/EUR 26.384,27;1828/EUR 1.948,51;0/EUR 0,00;98320/EUR 36,23;0/EUR 0,00;1903310/EUR 2,68
15.03.1975;7/18/21/23/32/42;27;0;5/1/5/4/5/3/7;NULL;0/EUR 0,00;14/EUR 169.059,71;125/EUR 9.467,34;3615/EUR 982,09;0/EUR 0,00;161897/EUR 21,91;0/EUR 0,00;2691749/EUR 1,89
22.03.1975;11/12/15/24/47/49;16;0;4/2/8/6/8/0/5;NULL;0/EUR 0,00;5/EUR 472.122,12;31/EUR 38.074,35;1557/EUR 2.274,18;0/EUR 0,00;96338/EUR 36,74;0/EUR 0,00;2069832/EUR 2,45
29.03.1975;4/7/9/16/26/29;2;0;3/5/4/3/7/5/9;NULL;0/EUR 0,00;12/EUR 193.608,11;59/EUR 19.688,96;2386/EUR 1.460,56;0/EUR 0,00;123997/EUR 28,10;0/EUR 0,00;2257369/EUR 2,22
05.04.1975;5/10/13/16/22/31;38;0;8/9/6/9/9/6/7;NULL;0/EUR 0,00;37/EUR 63.994,67;74/EUR 15.998,66;7422/EUR 478,52;0/EUR 0,00;199780/EUR 17,77;0/EUR 0,00;2576003/EUR 1,97
12.04.1975;10/12/19/35/40/45;16;0;0/4/1/2/7/7/7;NULL;0/EUR 0,00;2/EUR 766.937,82;34/EUR 61.782,85;2310/EUR 1.573,37;0/EUR 0,00;129177/EUR 28,12;0/EUR 0,00;2317993/EUR 2,25
19.04.1975;1/4/19/33/38/39;36;0;5/9/2/6/2/5/7;NULL;0/EUR 0,00;8/EUR 301.303,10;74/EUR 16.286,64;2583/EUR 1.399,76;0/EUR 0,00;158574/EUR 22,78;0/EUR 0,00;2539995/EUR 2,05
26.04.1975;7/18/27/33/35/37;9;0;1/8/5/9/5/8/1;NULL;0/EUR 0,00;12/EUR 197.016,00;115/EUR 10.279,09;2637/EUR 1.344,80;0/EUR 0,00;139717/EUR 25,36;0/EUR 0,00;2495966/EUR 2,05
03.05.1975;6/23/25/31/34/40;35;0;3/5/1/5/4/7/1;NULL;0/EUR 0,00;7/EUR 332.288,01;15/EUR 77.533,86;2147/EUR 1.625,06;0/EUR 0,00;118995/EUR 29,30;0/EUR 0,00;2257283/EUR 2,22
10.05.1975;7/14/23/27/33/36;45;0;0/4/4/4/0/9/7;NULL;0/EUR 0,00;16/EUR 145.259,63;88/EUR 13.205,42;3638/EUR 958,26;0/EUR 0,00;169561/EUR 20,55;0/EUR 0,00;2621842/EUR 1,92
17.05.1975;9/10/11/27/35/46;15;0;8/2/9/6/6/1/0;NULL;0/EUR 0,00;9/EUR 261.259,06;25/EUR 47.026,61;1502/EUR 2.348,18;0/EUR 0,00;97165/EUR 36,28;0/EUR 0,00;1980354/EUR 2,56
24.05.1975;12/17/25/28/30/43;48;0;1/1/8/3/5/4/5;NULL;0/EUR 0,00;21/EUR 108.696,36;194/EUR 5.883,03;3649/EUR 938,30;0/EUR 0,00;184017/EUR 18,59;0/EUR 0,00;2519521/EUR 1,94
31.05.1975;10/12/31/38/43/49;18;0;1/1/6/3/3/2/8;NULL;0/EUR 0,00;4/EUR 578.269,51;41/EUR 28.208,25;1376/EUR 2.521,51;0/EUR 0,00;94759/EUR 36,61;0/EUR 0,00;1985855/EUR 2,51
07.06.1975;18/22/31/33/35/45;16;0;0/8/5/8/0/1/0;NULL;0/EUR 0,00;4/EUR 579.218,11;52/EUR 22.277,60;2325/EUR 1.494,74;0/EUR 0,00;131879/EUR 26,33;0/EUR 0,00;2288726/EUR 2,17
14.06.1975;7/12/24/30/31/39;20;0;6/8/8/1/0/7/2;NULL;0/EUR 0,00;8/EUR 288.535,56;46/EUR 25.090,04;2537/EUR 1.364,77;0/EUR 0,00;134962/EUR 25,64;0/EUR 0,00;2439906/EUR 2,05
21.06.1975;19/25/26/31/35/38;46;0;4/0/1/6/8/8/1;NULL;0/EUR 0,00;4/EUR 572.448,35;24/EUR 47.704,02;1947/EUR 1.764,08;0/EUR 0,00;117164/EUR 29,30;0/EUR 0,00;2328507/EUR 2,12
28.06.1975;1/3/9/11/13/44;47;0;1/8/9/6/7/5/7;NULL;0/EUR 0,00;2/EUR 766.937,82;38/EUR 51.063,79;3236/EUR 1.073,64;0/EUR 0,00;135464/EUR 25,64;0/EUR 0,00;2311292/EUR 2,15
05.07.1975;3/9/25/29/30/38;32;0;9/6/4/6/3/0/7;NULL;0/EUR 0,00;6/EUR 390.878,07;23/EUR 50.984,08;1766/EUR 1.991,99;0/EUR 0,00;114637/EUR 30,68;0/EUR 0,00;2212550/EUR 2,28
12.07.1975;9/15/17/26/29/42;39;0;4/7/6/8/4/7/6;NULL;0/EUR 0,00;4/EUR 570.510,19;53/EUR 21.528,69;1493/EUR 2.292,74;0/EUR 0,00;99484/EUR 34,38;0/EUR 0,00;1967532/EUR 2,51
19.07.1975;2/4/13/26/47/49;28;0;8/6/9/6/5/3/0;NULL;0/EUR 0,00;9/EUR 252.733,09;71/EUR 16.018,29;1925/EUR 1.772,39;0/EUR 0,00;107980/EUR 31,57;0/EUR 0,00;2030245/EUR 2,40
26.07.1975;3/28/36/39/40/48;6;0;9/4/3/7/8/8/3;NULL;0/EUR 0,00;2/EUR 766.937,82;39/EUR 47.742,62;1547/EUR 2.195,10;0/EUR 0,00;112342/EUR 30,22;0/EUR 0,00;2135817/EUR 2,28
02.08.1975;17/19/28/36/48/49;35;0;4/8/0/8/6/3/7;NULL;0/EUR 0,00;23/EUR 97.631,24;58/EUR 19.357,92;3084/EUR 1.092,17;0/EUR 0,00;147632/EUR 22,80;0/EUR 0,00;2496609/EUR 1,94
09.08.1975;9/15/25/33/38/49;3;0;2/3/0/7/3/9/0;NULL;0/EUR 0,00;6/EUR 371.833,83;122/EUR 9.143,43;2856/EUR 1.171,73;0/EUR 0,00;155545/EUR 21,50;0/EUR 0,00;2409003/EUR 1,99
16.08.1975;2/3/17/32/45/46;5;0;5/6/6/8/4/0/6;NULL;0/EUR 0,00;7/EUR 323.968,57;26/EUR 43.611,15;1969/EUR 1.727,60;0/EUR 0,00;109704/EUR 30,98;0/EUR 0,00;2041541/EUR 2,40
23.08.1975;3/7/27/31/32/43;21;0;2/8/9/2/4/3/8;NULL;0/EUR 0,00;8/EUR 287.385,20;65/EUR 17.685,23;2432/EUR 1.418,02;0/EUR 0,00;137052/EUR 25,16;0/EUR 0,00;2475256/EUR 1,99
30.08.1975;8/12/27/32/38/39;49;0;3/9/6/1/3/6/9;NULL;0/EUR 0,00;6/EUR 390.491,40;47/EUR 24.924,97;2109/EUR 1.666,38;0/EUR 0,00;127803/EUR 27,48;0/EUR 0,00;2398575/EUR 2,10
06.09.1975;7/13/16/32/40/46;45;0;6/6/4/0/8/1/0;NULL;0/EUR 0,00;12/EUR 200.100,49;21/EUR 57.171,56;2329/EUR 1.546,48;0/EUR 0,00;118170/EUR 30,47;0/EUR 0,00;2172277/EUR 2,38
13.09.1975;2/5/18/19/35/42;13;0;5/8/6/8/6/9/1;NULL;0/EUR 0,00;8/EUR 295.340,93;37/EUR 31.928,75;2269/EUR 1.561,95;0/EUR 0,00;121874/EUR 29,07;0/EUR 0,00;2251242/EUR 2,25
20.09.1975;4/12/14/30/32/44;1;0;7/2/0/9/8/2/5;NULL;0/EUR 0,00;4/EUR 589.559,75;22/EUR 53.596,32;2026/EUR 1.745,96;0/EUR 0,00;113709/EUR 31,09;0/EUR 0,00;2152379/EUR 2,35
27.09.1975;16/17/26/31/33/40;10;0;7/6/4/5/5/2/8;NULL;0/EUR 0,00;7/EUR 338.786,27;58/EUR 20.443,98;2555/EUR 1.392,25;0/EUR 0,00;153721/EUR 23,14;0/EUR 0,00;2491877/EUR 2,05
04.10.1975;7/15/18/35/41/44;6;0;3/8/8/9/5/6/3;NULL;0/EUR 0,00;7/EUR 342.596,37;20/EUR 59.954,34;1621/EUR 2.219,16;0/EUR 0,00;94456/EUR 38,07;0/EUR 0,00;1897206/EUR 2,74
11.10.1975;1/6/8/10/43/45;19;0;9/8/5/7/7/8/9;NULL;0/EUR 0,00;7/EUR 343.759,78;56/EUR 21.484,97;1387/EUR 2.602,35;0/EUR 0,00;84830/EUR 42,54;0/EUR 0,00;1795967/EUR 2,89
18.10.1975;17/30/32/37/40/47;46;0;4/3/9/2/5/3/3;NULL;0/EUR 0,00;7/EUR 343.367,14;34/EUR 35.346,60;2166/EUR 1.664,51;0/EUR 0,00;126308/EUR 28,53;0/EUR 0,00;2277447/EUR 2,28
25.10.1975;8/21/27/32/38/40;30;0;6/1/3/9/6/8/9;NULL;0/EUR 0,00;4/EUR 600.741,09;47/EUR 25.563,44;2282/EUR 1.579,51;0/EUR 0,00;133100/EUR 27,07;0/EUR 0,00;2274854/EUR 2,28
01.11.1975;3/16/27/32/33/34;25;0;5/3/6/2/9/8/2;NULL;0/EUR 0,00;6/EUR 409.485,36;36/EUR 34.123,77;1728/EUR 2.132,73;0/EUR 0,00;123742/EUR 29,76;0/EUR 0,00;2442179/EUR 2,17
08.11.1975;4/11/12/35/39/44;28;0;8/5/1/4/6/7/2;NULL;0/EUR 0,00;2/EUR 766.937,82;63/EUR 34.728,56;1758/EUR 2.117,03;0/EUR 0,00;109487/EUR 33,98;0/EUR 0,00;2227454/EUR 2,40
15.11.1975;7/13/16/26/44/46;8;0;9/8/0/9/0/9/8;NULL;0/EUR 0,00;3/EUR 766.937,82;28/EUR 51.448,69;2515/EUR 1.487,60;0/EUR 0,00;146103/EUR 25,59;0/EUR 0,00;2263413/EUR 2,38
22.11.1975;4/5/16/18/24/44;7;0;1/3/1/2/1/3/1;NULL;0/EUR 0,00;5/EUR 496.480,09;31/EUR 40.038,70;1550/EUR 2.402,30;0/EUR 0,00;109816/EUR 33,90;0/EUR 0,00;2207463/EUR 2,43
29.11.1975;2/14/19/20/32/43;40;0;2/4/9/5/9/1/3;NULL;0/EUR 0,00;8/EUR 320.060,10;47/EUR 27.239,15;2381/EUR 1.613,05;0/EUR 0,00;129541/EUR 29,63;0/EUR 0,00;2353508/EUR 2,35
06.12.1975;2/5/8/14/22/36;28;0;3/7/6/8/1/8/2;NULL;0/EUR 0,00;8/EUR 360.217,43;140/EUR 10.291,92;2825/EUR 1.530,12;0/EUR 0,00;154031/EUR 28,04;0/EUR 0,00;2553057/EUR 2,43
13.12.1975;29/31/35/37/39/46;45;0;0/0/4/2/0/4/6;NULL;0/EUR 0,00;5/EUR 521.217,39;74/EUR 17.608,69;3340/EUR 1.170,40;0/EUR 0,00;118188/EUR 33,06;0/EUR 0,00;2019368/EUR 2,79
20.12.1975;3/7/23/25/37/44;19;0;9/6/5/9/3/5/2;NULL;0/EUR 0,00;15/EUR 174.463,30;123/EUR 10.637,99;3317/EUR 1.183,41;0/EUR 0,00;164770/EUR 23,80;0/EUR 0,00;2840148/EUR 1,99
27.12.1975;2/13/25/35/45/46;47;0;8/6/4/9/8/4/1;NULL;0/EUR 0,00;4/EUR 572.297,49;33/EUR 34.684,69;2128/EUR 1.613,61;0/EUR 0,00;107669/EUR 31,88;0/EUR 0,00;1795379/EUR 2,76
03.01.1976;9/11/21/25/37/44;40;0;9/4/7/8/4/8/2;NULL;0/EUR 0,00;13/EUR 195.921,12;101/EUR 12.608,76;2583/EUR 1.479,07;0/EUR 0,00;143172/EUR 26,66;0/EUR 0,00;2569641/EUR 2,15
10.01.1976;3/11/16/28/39/49;13;0;4/0/0/7/8/4/0;NULL;0/EUR 0,00;20/EUR 129.560,93;62/EUR 20.896,91;2822/EUR 1.377,32;0/EUR 0,00;139918/EUR 27,76;0/EUR 0,00;2494414/EUR 2,25
17.01.1976;9/10/29/41/46/47;36;0;8/2/7/5/6/7/7;NULL;0/EUR 0,00;2/EUR 766.937,82;24/EUR 101.132,64;1073/EUR 3.691,55;0/EUR 0,00;78238/EUR 50,62;0/EUR 0,00;1840898/EUR 3,09
24.01.1976;6/13/22/38/41/45;37;0;8/5/1/8/6/3/4;NULL;0/EUR 0,00;15/EUR 175.143,37;37/EUR 35.502,04;2546/EUR 1.547,81;0/EUR 0,00;112654/EUR 34,97;0/EUR 0,00;2129109/EUR 2,66
31.01.1976;4/24/29/32/34/43;14;0;7/3/6/8/1/2/6;NULL;0/EUR 0,00;3/EUR 766.937,82;66/EUR 24.917,84;1590/EUR 2.481,38;0/EUR 0,00;112667/EUR 35,00;0/EUR 0,00;2243098/EUR 2,53
07.02.1976;1/3/7/32/41/46;40;0;6/1/5/5/3/5/6;NULL;0/EUR 0,00;4/EUR 658.236,68;35/EUR 37.613,52;2296/EUR 1.720,11;0/EUR 0,00;132106/EUR 29,89;0/EUR 0,00;2542557/EUR 2,22
14.02.1976;10/11/13/15/18/30;16;0;5/2/7/5/5/5/1;NULL;0/EUR 0,00;11/EUR 241.168,12;163/EUR 8.137,57;2339/EUR 1.701,25;0/EUR 0,00;124117/EUR 32,06;0/EUR 0,00;2270745/EUR 2,53
21.02.1976;9/17/20/23/24/31;29;0;7/2/4/9/9/3/5;NULL;0/EUR 0,00;4/EUR 662.487,08;49/EUR 27.040,28;2521/EUR 1.576,72;0/EUR 0,00;163405/EUR 24,31;0/EUR 0,00;2890116/EUR 1,97
28.02.1976;8/30/32/40/44/48;15;0;2/2/6/2/6/0/7;NULL;0/EUR 0,00;2/EUR 766.937,82;53/EUR 46.783,77;2899/EUR 1.384,40;0/EUR 0,00;187151/EUR 21,42;0/EUR 0,00;2594579/EUR 2,22
06.03.1976;1/10/13/26/38/46;23;0;9/5/3/3/0/4/4;NULL;0/EUR 0,00;14/EUR 190.169,31;142/EUR 9.374,54;2782/EUR 1.435,48;0/EUR 0,00;135963/EUR 29,35;0/EUR 0,00;2339904/EUR 2,45
13.03.1976;1/9/12/30/41/45;14;0;0/2/7/4/0/4/3;NULL;0/EUR 0,00;12/EUR 223.891,11;21/EUR 63.968,88;2377/EUR 1.695,42;0/EUR 0,00;126754/EUR 31,78;0/EUR 0,00;2366229/EUR 2,45
20.03.1976;4/8/26/29/32/43;39;0;9/6/3/1/8/9/7;NULL;0/EUR 0,00;9/EUR 294.634,55;48/EUR 27.621,98;2403/EUR 1.655,23;0/EUR 0,00;142755/EUR 27,84;0/EUR 0,00;2223180/EUR 2,58
27.03.1976;17/23/25/29/42/44;20;0;0/0/2/2/2/4/2;NULL;0/EUR 0,00;11/EUR 242.969,53;42/EUR 31.817,44;2081/EUR 1.926,47;0/EUR 0,00;120042/EUR 33,39;0/EUR 0,00;2332780/EUR 2,48
03.04.1976;2/10/11/13/40/41;33;0;6/6/6/2/6/7/9;NULL;0/EUR 0,00;15/EUR 175.569,55;49/EUR 26.872,89;2105/EUR 1.876,62;0/EUR 0,00;112698/EUR 35,05;0/EUR 0,00;2292558/EUR 2,48
10.04.1976;5/8/12/15/21/48;18;0;5/3/4/5/4/6/5;NULL;0/EUR 0,00;2/EUR 766.937,82;74/EUR 32.236,37;2165/EUR 1.810,33;0/EUR 0,00;123549/EUR 31,70;0/EUR 0,00;2308490/EUR 2,43
17.04.1976;1/20/23/36/41/42;33;0;0/2/4/7/3/9/8;NULL;0/EUR 0,00;1/EUR 766.937,82;30/EUR 102.497,64;1233/EUR 3.115,86;0/EUR 0,00;83453/EUR 46,02;0/EUR 0,00;1810655/EUR 3,04
24.04.1976;5/19/21/23/41/46;30;0;5/3/9/8/3/3/2;NULL;0/EUR 0,00;9/EUR 283.843,36;62/EUR 20.601,53;2610/EUR 1.468,15;0/EUR 0,00;138074/EUR 27,74;0/EUR 0,00;2474856/EUR 2,22
01.05.1976;20/26/29/42/45/48;6;0;6/4/1/2/1/9/1;NULL;0/EUR 0,00;5/EUR 518.374,09;39/EUR 33.229,09;1769/EUR 2.197,74;0/EUR 0,00;92337/EUR 42,08;0/EUR 0,00;1828701/EUR 3,07
08.05.1976;1/9/10/28/46/49;44;0;3/9/4/6/2/7/5;NULL;0/EUR 0,00;9/EUR 282.772,33;35/EUR 36.356,43;2632/EUR 1.450,38;0/EUR 0,00;138677/EUR 27,51;0/EUR 0,00;2421882/EUR 2,28
15.05.1976;2/5/22/43/44/45;4;0;1/6/5/9/0/8/0;NULL;0/EUR 0,00;1/EUR 766.937,82;38/EUR 80.859,81;1400/EUR 2.742,57;0/EUR 0,00;85105/EUR 45,10;0/EUR 0,00;1836633/EUR 3,02
22.05.1976;9/17/18/37/43/48;42;0;5/4/4/5/2/2/0;NULL;0/EUR 0,00;4/EUR 636.978,06;35/EUR 36.398,74;1827/EUR 2.091,87;0/EUR 0,00;115534/EUR 33,06;0/EUR 0,00;2245750/EUR 2,45
29.05.1976;12/15/17/25/32/41;8;0;5/8/1/3/0/3/9;NULL;0/EUR 0,00;6/EUR 417.197,23;116/EUR 10.789,56;2315/EUR 1.621,92;0/EUR 0,00;141145/EUR 26,59;0/EUR 0,00;2578284/EUR 2,10
05.06.1976;1/6/20/33/45/46;24;0;5/3/9/0/7/5/8;NULL;0/EUR 0,00;8/EUR 325.434,27;42/EUR 30.993,72;1754/EUR 2.226,45;0/EUR 0,00;114585/EUR 34,08;0/EUR 0,00;2010778/EUR 2,79
12.06.1976;5/11/13/29/35/47;34;0;2/9/8/4/9/0/3;NULL;0/EUR 0,00;17/EUR 145.786,03;57/EUR 21.740,00;2830/EUR 1.313,61;0/EUR 0,00;134543/EUR 27,61;0/EUR 0,00;2287570/EUR 2,33
19.06.1976;2/7/23/34/41/47;18;0;8/5/6/0/6/4/3;NULL;0/EUR 0,00;12/EUR 205.541,10;96/EUR 12.846,31;2437/EUR 1.518,15;0/EUR 0,00;127472/EUR 29,02;0/EUR 0,00;2249474/EUR 2,35
26.06.1976;7/19/20/24/25/35;5;0;3/4/2/1/7/0/4;NULL;0/EUR 0,00;3/EUR 766.937,82;52/EUR 25.860,12;1522/EUR 2.395,22;0/EUR 0,00;112467/EUR 32,39;0/EUR 0,00;2328964/EUR 2,25
03.07.1976;3/14/15/17/32/47;35;0;9/3/4/1/6/3/0;NULL;0/EUR 0,00;6/EUR 402.028,17;80/EUR 15.076,05;1985/EUR 1.822,78;0/EUR 0,00;122024/EUR 29,63;0/EUR 0,00;2297592/EUR 2,25
10.07.1976;5/6/12/15/32/33;48;0;1/9/7/2/7/3/5;NULL;0/EUR 0,00;5/EUR 482.012,67;29/EUR 41.552,79;1635/EUR 2.211,06;0/EUR 0,00;100097/EUR 36,10;0/EUR 0,00;2206415/EUR 2,35
17.07.1976;5/9/12/26/38/46;40;0;5/3/5/7/0/2/0;NULL;0/EUR 0,00;14/EUR 170.477,52;98/EUR 12.176,95;3578/EUR 1.000,55;0/EUR 0,00;160626/EUR 22,27;0/EUR 0,00;2568158/EUR 1,99
24.07.1976;5/20/25/26/27/41;38;0;0/1/7/4/9/7/5;NULL;0/EUR 0,00;1/EUR 766.937,82;24/EUR 116.653,98;1017/EUR 3.507,00;0/EUR 0,00;87558/EUR 40,72;0/EUR 0,00;1986478/EUR 2,58
31.07.1976;26/28/31/42/43/44;40;0;9/4/5/8/1/0/3;NULL;0/EUR 0,00;6/EUR 400.701,29;57/EUR 21.089,54;1487/EUR 2.425,21;0/EUR 0,00;91330/EUR 39,47;0/EUR 0,00;1883135/EUR 2,76
07.08.1976;5/16/21/33/35/40;4;0;1/1/8/1/9/3/1;NULL;0/EUR 0,00;11/EUR 222.321,27;42/EUR 29.113,50;2086/EUR 1.758,51;0/EUR 0,00;113096/EUR 32,42;0/EUR 0,00;2160780/EUR 2,43
14.08.1976;2/6/16/26/30/39;7;0;9/5/6/2/1/3/1;NULL;0/EUR 0,00;22/EUR 111.798,37;53/EUR 23.203,42;3366/EUR 1.096,06;0/EUR 0,00;138011/EUR 26,72;0/EUR 0,00;2291243/EUR 2,30
21.08.1976;7/11/19/20/26/37;29;0;4/7/4/0/9/8/7;NULL;0/EUR 0,00;9/EUR 271.996,62;57/EUR 21.473,42;2586/EUR 1.419,93;0/EUR 0,00;151644/EUR 24,21;0/EUR 0,00;2726402/EUR 1,94
28.08.1976;4/6/8/9/29/43;49;0;5/3/9/5/5/1/9;NULL;0/EUR 0,00;2/EUR 766.937,82;35/EUR 63.454,98;1440/EUR 2.607,49;0/EUR 0,00;111572/EUR 33,64;0/EUR 0,00;2104439/EUR 2,56
04.09.1976;6/16/17/19/28/30;36;0;0/9/6/5/6/0/7;NULL;0/EUR 0,00;4/EUR 639.640,56;39/EUR 32.802,06;2044/EUR 1.877,59;0/EUR 0,00;123101/EUR 31,16;0/EUR 0,00;2413911/EUR 2,28
11.09.1976;9/11/12/20/37/49;2;0;4/9/8/4/7/7/9;NULL;0/EUR 0,00;3/EUR 766.937,82;35/EUR 43.574,83;1635/EUR 2.340,00;0/EUR 0,00;112535/EUR 33,98;0/EUR 0,00;2404256/EUR 2,28
18.09.1976;3/6/11/24/32/40;10;0;2/5/8/3/0/1/1;NULL;0/EUR 0,00;42/EUR 62.467,49;92/EUR 14.258,88;5229/EUR 752,60;0/EUR 0,00;188916/EUR 20,81;0/EUR 0,00;2921519/EUR 1,94
25.09.1976;9/23/28/32/44/46;1;0;8/5/6/4/1/7/8;NULL;0/EUR 0,00;6/EUR 427.072,78;86/EUR 14.897,87;2929/EUR 1.312,26;0/EUR 0,00;151042/EUR 25,44;0/EUR 0,00;2533789/EUR 2,17
02.10.1976;3/16/37/39/47/48;28;0;6/8/6/9/5/3/2;NULL;0/EUR 0,00;0/EUR 0,00;30/EUR 129.664,00;1499/EUR 2.594,99;0/EUR 0,00;112438/EUR 34,59;0/EUR 0,00;2222469/EUR 2,51
09.10.1976;6/9/19/24/35/39;16;0;1/2/0/9/1/2/3;NULL;0/EUR 0,00;70/EUR 36.659,50;84/EUR 15.274,79;5435/EUR 708,22;0/EUR 0,00;203013/EUR 18,94;0/EUR 0,00;3007672/EUR 1,84
16.10.1976;1/2/23/33/34/47;16;0;2/8/5/1/9/9/5;NULL;0/EUR 0,00;6/EUR 432.677,71;30/EUR 43.267,77;1253/EUR 3.107,81;0/EUR 0,00;97556/EUR 39,91;0/EUR 0,00;1993893/EUR 2,81
23.10.1976;8/15/22/30/38/40;5;0;5/0/9/8/6/6/7;NULL;0/EUR 0,00;19/EUR 135.731,91;84/EUR 15.350,62;3195/EUR 1.210,74;0/EUR 0,00;128157/EUR 30,17;0/EUR 0,00;2185736/EUR 2,53
30.10.1976;2/7/16/38/43/47;15;0;6/0/3/9/6/0/3;NULL;0/EUR 0,00;6/EUR 437.486,44;30/EUR 43.748,64;2042/EUR 1.928,18;0/EUR 0,00;111382/EUR 35,33;0/EUR 0,00;2130264/EUR 2,66
06.11.1976;3/8/10/15/17/30;14;0;2/7/3/2/9/8/2;NULL;0/EUR 0,00;8/EUR 324.314,95;37/EUR 35.061,07;2771/EUR 1.404,44;0/EUR 0,00;131442/EUR 29,60;0/EUR 0,00;2447720/EUR 2,28
13.11.1976;2/8/11/17/25/45;48;0;2/1/3/6/2/6/4;NULL;0/EUR 0,00;5/EUR 526.362,80;576/EUR 2.284,55;2894/EUR 1.364,10;0/EUR 0,00;153639/EUR 25,69;0/EUR 0,00;2648215/EUR 2,15
20.11.1976;7/14/25/29/36/49;37;0;4/8/6/5/5/2/7;NULL;0/EUR 0,00;15/EUR 174.534,42;49/EUR 26.714,44;3780/EUR 1.038,89;0/EUR 0,00;161107/EUR 24,36;0/EUR 0,00;2652998/EUR 2,12
27.11.1976;3/13/18/35/40/43;49;0;3/3/1/5/8/1/7;NULL;0/EUR 0,00;10/EUR 265.906,11;58/EUR 22.922,93;2309/EUR 1.727,40;0/EUR 0,00;131676/EUR 30,27;0/EUR 0,00;2443657/EUR 2,35
04.12.1976;3/6/29/35/38/47;11;0;7/2/9/3/6/9/0;NULL;0/EUR 0,00;4/EUR 731.856,81;56/EUR 26.137,73;1858/EUR 2.363,34;0/EUR 0,00;116743/EUR 37,61;0/EUR 0,00;2283671/EUR 2,76
11.12.1976;1/2/15/28/32/44;7;0;9/3/1/0/9/0/4;NULL;0/EUR 0,00;3/EUR 766.937,82;85/EUR 20.804,13;2071/EUR 1.964,82;0/EUR 0,00;108070/EUR 37,63;0/EUR 0,00;2111475/EUR 2,76
18.12.1976;2/23/25/38/45/46;24;0;6/7/5/8/5/5/4;NULL;0/EUR 0,00;9/EUR 300.503,39;47/EUR 28.771,60;2247/EUR 1.805,42;0/EUR 0,00;128375/EUR 31,60;0/EUR 0,00;2380303/EUR 2,45
25.12.1976;12/16/25/38/43/44;27;0;4/6/7/8/4/1/8;NULL;0/EUR 0,00;8/EUR 321.998,69;73/EUR 17.643,76;2770/EUR 1.394,93;0/EUR 0,00;132027/EUR 29,25;0/EUR 0,00;2286931/EUR 2,43
01.01.1977;23/24/25/31/36/39;42;0;3/0/3/0/9/7/4;NULL;0/EUR 0,00;7/EUR 368.961,28;52/EUR 24.833,93;1753/EUR 2.209,96;0/EUR 0,00;117075/EUR 33,08;0/EUR 0,00;2438613/EUR 2,28
08.01.1977;2/7/13/30/31/33;1;0;0/2/8/3/0/3/0;NULL;0/EUR 0,00;5/EUR 529.110,97;45/EUR 29.395,04;2489/EUR 1.594,34;0/EUR 0,00;143207/EUR 27,69;0/EUR 0,00;2722422/EUR 2,10
15.01.1977;16/24/38/39/44/46;10;0;9/6/3/4/9/3/9;NULL;0/EUR 0,00;9/EUR 301.334,42;50/EUR 27.120,10;2875/EUR 1.414,95;0/EUR 0,00;146135/EUR 27,81;0/EUR 0,00;2470771/EUR 2,38
22.01.1977;2/3/12/16/19/38;42;0;2/8/7/3/8/3/0;NULL;0/EUR 0,00;12/EUR 228.146,95;70/EUR 19.555,43;4620/EUR 888,88;0/EUR 0,00;204324/EUR 20,09;0/EUR 0,00;3286560/EUR 1,79
29.01.1977;2/7/9/16/20/40;24;0;5/6/8/8/5/0/7;NULL;0/EUR 0,00;10/EUR 277.442,47;79/EUR 17.559,63;2765/EUR 1.505,09;0/EUR 0,00;151035/EUR 27,53;0/EUR 0,00;2725293/EUR 2,20
05.02.1977;4/8/9/23/37/42;16;0;9/9/7/4/7/1/7;NULL;0/EUR 0,00;7/EUR 396.183,08;83/EUR 16.706,51;2232/EUR 1.863,76;0/EUR 0,00;135790/EUR 30,63;0/EUR 0,00;2605152/EUR 2,30
12.02.1977;19/23/24/25/37/43;7;0;0/5/7/6/0/0/8;NULL;0/EUR 0,00;8/EUR 345.710,21;80/EUR 17.285,50;1863/EUR 2.226,78;0/EUR 0,00;153219/EUR 27,07;0/EUR 0,00;2760782/EUR 2,15
19.02.1977;5/9/10/15/16/31;35;0;3/0/4/6/4/2/4;NULL;0/EUR 0,00;6/EUR 456.396,67;33/EUR 41.490,59;2297/EUR 1.788,22;0/EUR 0,00;133212/EUR 30,83;0/EUR 0,00;2551638/EUR 2,30
26.02.1977;2/20/34/37/44/49;13;0;9/0/8/6/1/0/0;NULL;0/EUR 0,00;4/EUR 684.738,40;41/EUR 33.401,85;1247/EUR 3.294,64;0/EUR 0,00;94291/EUR 43,56;0/EUR 0,00;1958459/EUR 3,02
05.03.1977;9/10/34/39/40/49;6;0;2/5/0/0/8/2/3;NULL;0/EUR 0,00;4/EUR 696.031,86;49/EUR 28.409,45;2545/EUR 1.640,91;0/EUR 0,00;131971/EUR 31,62;0/EUR 0,00;2458875/EUR 2,43
12.03.1977;8/9/10/16/33/46;19;0;7/5/3/7/3/2/7;NULL;0/EUR 0,00;2/EUR 766.937,82;41/EUR 63.630,35;1524/EUR 2.718,31;0/EUR 0,00;112882/EUR 36,69;0/EUR 0,00;2420643/EUR 2,45
19.03.1977;15/19/21/22/31/49;25;0;6/6/5/6/8/9/0;NULL;0/EUR 0,00;0/EUR 0,00;60/EUR 69.743,41;1943/EUR 2.153,66;0/EUR 0,00;133954/EUR 31,21;0/EUR 0,00;2589568/EUR 2,33
26.03.1977;9/13/14/20/36/44;34;0;1/2/0/9/7/3/4;NULL;0/EUR 0,00;6/EUR 462.393,56;34/EUR 40.799,43;1375/EUR 3.026,57;0/EUR 0,00;95917/EUR 43,38;0/EUR 0,00;2104464/EUR 2,84
02.04.1977;3/5/17/18/34/47;30;0;0/9/8/6/2/9/9;NULL;0/EUR 0,00;11/EUR 253.040,55;98/EUR 14.201,23;2925/EUR 1.427,40;0/EUR 0,00;166063/EUR 25,13;0/EUR 0,00;2885579/EUR 2,07
09.04.1977;3/27/29/41/45/49;43;0;0/5/9/1/7/2/6;NULL;0/EUR 0,00;8/EUR 340.725,11;48/EUR 28.393,75;3189/EUR 1.282,12;0/EUR 0,00;158683/EUR 25,74;0/EUR 0,00;2704950/EUR 2,17
16.04.1977;5/20/25/39/48/49;47;0;1/7/6/0/9/8/0;NULL;0/EUR 0,00;5/EUR 548.778,63;36/EUR 38.109,63;2290/EUR 1.797,29;0/EUR 0,00;136228/EUR 30,19;0/EUR 0,00;2524820/EUR 2,35
23.04.1977;16/17/26/30/41/43;32;0;0/0/2/6/6/5/2;NULL;0/EUR 0,00;6/EUR 457.111,35;64/EUR 21.427,09;2569/EUR 1.601,39;0/EUR 0,00;117550/EUR 34,97;0/EUR 0,00;2325429/EUR 2,53
30.04.1977;1/8/12/15/27/34;39;0;1/0/2/4/5/5/6;NULL;0/EUR 0,00;8/EUR 349.245,72;71/EUR 19.675,79;2784/EUR 1.505,35;0/EUR 0,00;139216/EUR 30,09;0/EUR 0,00;2422332/EUR 2,48
07.05.1977;5/16/17/20/24/35;41;0;3/5/0/6/1/8/5;NULL;0/EUR 0,00;2/EUR 766.937,82;34/EUR 77.468,65;1428/EUR 2.918,63;0/EUR 0,00;117030/EUR 35,61;0/EUR 0,00;2456513/EUR 2,43
14.05.1977;15/25/31/36/37/41;22;0;4/9/6/1/3/5/4;NULL;0/EUR 0,00;5/EUR 554.873,58;33/EUR 42.035,86;1576/EUR 2.640,57;0/EUR 0,00;106573/EUR 39,04;0/EUR 0,00;2356659/EUR 2,53
21.05.1977;5/7/9/21/27/36;10;0;1/5/7/3/9/9/6;NULL;0/EUR 0,00;16/EUR 167.162,10;50/EUR 26.745,93;3605/EUR 1.112,85;0/EUR 0,00;186789/EUR 21,47;0/EUR 0,00;3131242/EUR 1,84
28.05.1977;12/13/22/39/45/48;38;0;1/9/9/0/0/4/7;NULL;0/EUR 0,00;2/EUR 766.937,82;36/EUR 69.572,48;1435/EUR 2.814,25;0/EUR 0,00;98889/EUR 40,83;0/EUR 0,00;2149054/EUR 2,71
04.06.1977;11/29/30/32/36/48;2;0;1/4/8/8/4/1/3;NULL;0/EUR 0,00;4/EUR 669.720,37;30/EUR 44.648,00;1359/EUR 2.956,80;0/EUR 0,00;101520/EUR 39,57;0/EUR 0,00;2191520/EUR 2,63
11.06.1977;3/12/14/32/40/46;19;0;0/7/0/7/5/7/1;NULL;0/EUR 0,00;4/EUR 662.265,30;87/EUR 15.224,48;2291/EUR 1.734,43;0/EUR 0,00;137834/EUR 28,81;0/EUR 0,00;2543939/EUR 2,25
18.06.1977;9/17/18/20/29/40;42;0;2/6/5/2/9/7/7;NULL;0/EUR 0,00;205/EUR 15.715,99;41/EUR 15.715,99;2008/EUR 1.925,35;0/EUR 0,00;124859/EUR 30,96;0/EUR 0,00;2428053/EUR 2,28
25.06.1977;6/20/32/38/40/41;45;0;0/9/8/5/9/2/0;NULL;0/EUR 0,00;5/EUR 527.868,91;23/EUR 57.377,05;1647/EUR 2.403,76;0/EUR 0,00;120475/EUR 32,85;0/EUR 0,00;2363584/EUR 2,40
02.07.1977;11/18/20/27/34/47;23;0;1/8/8/9/4/6/5;NULL;0/EUR 0,00;3/EUR 766.937,82;90/EUR 19.043,73;2202/EUR 1.823,22;0/EUR 0,00;118234/EUR 33,95;0/EUR 0,00;2287749/EUR 2,53
09.07.1977;3/7/19/24/30/36;13;0;5/3/6/5/4/9/2;NULL;0/EUR 0,00;24/EUR 109.315,10;374/EUR 3.507,44;5210/EUR 755,33;0/EUR 0,00;218153/EUR 18,02;0/EUR 0,00;3304562/EUR 1,71
16.07.1977;2/37/39/44/47/49;30;0;0/5/7/6/6/1/7;NULL;0/EUR 0,00;9/EUR 290.088,86;26/EUR 50.207,69;2803/EUR 1.397,13;0/EUR 0,00;134967/EUR 29,02;0/EUR 0,00;2345183/EUR 2,40
23.07.1977;6/13/22/24/37/42;7;0;7/5/9/7/0/3/1;NULL;0/EUR 0,00;7/EUR 371.606,43;71/EUR 18.318,62;2377/EUR 1.641,50;0/EUR 0,00;126483/EUR 30,83;0/EUR 0,00;2269622/EUR 2,48
30.07.1977;11/15/24/36/40/42;4;0;7/1/2/9/5/6/7;NULL;0/EUR 0,00;7/EUR 373.868,69;49/EUR 26.704,90;2326/EUR 1.687,70;0/EUR 0,00;125912/EUR 31,16;0/EUR 0,00;2230530/EUR 2,53
06.08.1977;2/15/28/36/37/42;18;0;1/2/0/4/8/2/3;NULL;0/EUR 0,00;10/EUR 256.854,12;28/EUR 45.866,79;2085/EUR 1.847,86;0/EUR 0,00;105158/EUR 36,63;0/EUR 0,00;2009985/EUR 2,76
13.08.1977;9/10/20/21/30/34;7;0;5/2/4/3/5/0/8;NULL;0/EUR 0,00;15/EUR 173.206,13;38/EUR 34.185,41;2487/EUR 1.566,98;0/EUR 0,00;145034/EUR 26,87;0/EUR 0,00;2525523/EUR 2,22
20.08.1977;13/16/19/27/32/37;35;0;7/2/3/1/9/4/5;NULL;0/EUR 0,00;21/EUR 124.694,38;129/EUR 10.149,53;4748/EUR 827,24;0/EUR 0,00;186967/EUR 20,99;0/EUR 0,00;2971893/EUR 1,89
27.08.1977;3/7/9/14/22/35;48;0;8/8/1/7/9/2/6;NULL;0/EUR 0,00;15/EUR 175.864,42;62/EUR 21.273,91;3075/EUR 1.286,79;0/EUR 0,00;161610/EUR 24,47;0/EUR 0,00;2829021/EUR 2,02
03.09.1977;3/21/24/28/29/36;34;0;9/3/7/9/0/5/2;NULL;0/EUR 0,00;8/EUR 336.427,19;35/EUR 38.448,82;2151/EUR 1.876,85;0/EUR 0,00;133058/EUR 30,32;0/EUR 0,00;2479958/EUR 2,33
10.09.1977;3/23/25/40/44/48;49;0;3/8/7/2/7/9/5;NULL;0/EUR 0,00;2/EUR 766.937,82;35/EUR 69.023,82;2522/EUR 1.566,09;0/EUR 0,00;133664/EUR 29,53;0/EUR 0,00;2490333/EUR 2,28
17.09.1977;1/22/32/33/37/40;8;0;6/7/8/4/6/7/0;NULL;0/EUR 0,00;4/EUR 664.714,03;30/EUR 44.314,26;985/EUR 4.049,00;0/EUR 0,00;88908/EUR 44,84;0/EUR 0,00;2099474/EUR 2,74
24.09.1977;10/11/12/13/18/32;14;0;8/7/9/5/9/3/0;NULL;0/EUR 0,00;4/EUR 668.991,53;114/EUR 11.736,68;2698/EUR 1.487,73;0/EUR 0,00;150799/EUR 26,61;0/EUR 0,00;2641032/EUR 2,17
01.10.1977;2/18/27/42/45/47;9;0;6/6/7/9/5/0/3;NULL;0/EUR 0,00;7/EUR 388.198,28;97/EUR 14.007,15;1954/EUR 2.085,99;0/EUR 0,00;122011/EUR 33,39;0/EUR 0,00;2314843/EUR 2,53
08.10.1977;7/12/24/26/44/45;43;0;9/3/6/3/0/0/6;NULL;0/EUR 0,00;10/EUR 271.025,24;56/EUR 24.198,68;2545/EUR 1.597,38;0/EUR 0,00;147883/EUR 27,48;0/EUR 0,00;2682001/EUR 2,17
15.10.1977;8/32/36/38/43/47;37;0;4/0/1/2/8/4/2;NULL;0/EUR 0,00;3/EUR 766.937,82;37/EUR 48.298,22;1984/EUR 2.060,40;0/EUR 0,00;118828/EUR 34,38;0/EUR 0,00;2355363/EUR 2,51
22.10.1977;1/2/3/6/26/48;11;0;0/7/8/8/3/3/1;NULL;0/EUR 0,00;5/EUR 538.746,41;49/EUR 27.487,05;2138/EUR 1.889,89;0/EUR 0,00;191457/EUR 21,09;0/EUR 0,00;2371571/EUR 2,45
29.10.1977;8/28/31/34/35/49;5;0;1/5/9/2/3/8/7;NULL;0/EUR 0,00;2/EUR 766.937,82;41/EUR 62.875,33;1248/EUR 3.294,66;0/EUR 0,00;101661/EUR 40,44;0/EUR 0,00;2226166/EUR 2,66
05.11.1977;10/17/19/26/42/43;2;0;0/9/4/9/2/4/1;NULL;0/EUR 0,00;7/EUR 392.929,19;52/EUR 26.447,13;1780/EUR 2.317,84;0/EUR 0,00;125248/EUR 32,93;0/EUR 0,00;2578515/EUR 2,30
12.11.1977;16/18/29/33/34/48;49;0;4/3/5/0/8/2/1;NULL;0/EUR 0,00;5/EUR 557.608,87;25/EUR 55.760,88;1677/EUR 2.493,78;0/EUR 0,00;114334/EUR 36,56;0/EUR 0,00;2296814/EUR 2,61
19.11.1977;19/21/35/36/43/47;13;0;3/9/7/1/4/3/9;NULL;0/EUR 0,00;16/EUR 173.656,12;66/EUR 21.049,22;2196/EUR 1.897,86;0/EUR 0,00;124312/EUR 33,52;0/EUR 0,00;2388302/EUR 2,51
26.11.1977;5/27/30/42/46/47;16;0;2/6/2/1/3/6/1;NULL;0/EUR 0,00;5/EUR 560.657,85;51/EUR 27.483,22;1437/EUR 2.926,17;0/EUR 0,00;105652/EUR 39,78;0/EUR 0,00;2311251/EUR 2,61
03.12.1977;13/16/23/25/26/47;43;0;0/9/9/3/5/1/6;NULL;0/EUR 0,00;4/EUR 766.937,82;38/EUR 41.925,73;1871/EUR 2.491,14;0/EUR 0,00;133618/EUR 34,87;0/EUR 0,00;2876641/EUR 2,33
10.12.1977;7/24/27/31/34/44;19;0;7/6/5/2/4/5/6;NULL;0/EUR 0,00;8/EUR 361.288,17;64/EUR 22.580,49;2397/EUR 1.808,70;0/EUR 0,00;144436/EUR 30,01;0/EUR 0,00;2811807/EUR 2,22
17.12.1977;1/7/12/26/35/41;10;0;8/4/6/5/0/9/9;NULL;0/EUR 0,00;11/EUR 266.836,30;45/EUR 32.613,32;2626/EUR 1.676,60;0/EUR 0,00;138082/EUR 31,88;0/EUR 0,00;2657513/EUR 2,38
24.12.1977;8/18/23/25/38/42;49;0;0/3/5/8/1/3/4;NULL;0/EUR 0,00;8/EUR 353.791,64;59/EUR 23.985,85;2864/EUR 1.482,36;0/EUR 0,00;151996/EUR 27,92;0/EUR 0,00;2690194/EUR 2,28
31.12.1977;4/14/15/18/29/44;8;0;7/7/0/3/5/5/9;NULL;0/EUR 0,00;4/EUR 713.890,62;33/EUR 43.266,08;1869/EUR 2.291,76;0/EUR 0,00;115664/EUR 37,02;0/EUR 0,00;2381699/EUR 2,58
07.01.1978;5/21/29/38/43/47;17;0;8/0/2/6/2/4/5;NULL;0/EUR 0,00;6/EUR 462.236,34;149/EUR 9.306,76;2355/EUR 1.766,49;0/EUR 0,00;120420/EUR 34,54;0/EUR 0,00;2183809/EUR 2,74
14.01.1978;10/18/25/26/34/36;2;0;1/5/4/3/4/6/7;NULL;0/EUR 0,00;13/EUR 221.907,83;85/EUR 16.969,42;2316/EUR 1.868,39;0/EUR 0,00;164248/EUR 26,33;0/EUR 0,00;2691587/EUR 2,30
21.01.1978;1/4/17/31/33/49;19;0;3/3/3/9/1/9/6;NULL;0/EUR 0,00;18/EUR 159.953,78;1757/EUR 940,73;4364/EUR 940,73;0/EUR 0,00;204606/EUR 21,09;0/EUR 0,00;3052312/EUR 2,02
28.01.1978;8/9/18/29/38/46;32;0;8/1/6/3/7/2/0;NULL;0/EUR 0,00;16/EUR 178.642,65;68/EUR 21.016,78;2929/EUR 1.463,78;0/EUR 0,00;147120/EUR 29,12;0/EUR 0,00;2589808/EUR 2,38
04.02.1978;2/17/25/26/37/43;3;0;4/1/1/7/4/6/1;NULL;0/EUR 0,00;15/EUR 188.221,80;90/EUR 15.685,13;3083/EUR 1.373,64;0/EUR 0,00;167583/EUR 25,26;0/EUR 0,00;2938134/EUR 2,07
11.02.1978;2/8/14/23/40/41;15;0;6/4/2/4/8/4/7;NULL;0/EUR 0,00;8/EUR 351.515,55;39/EUR 36.052,88;2042/EUR 2.065,70;0/EUR 0,00;115968/EUR 36,35;0/EUR 0,00;2181888/EUR 2,79
18.02.1978;3/23/25/29/35/36;40;0;4/1/6/8/4/4/8;NULL;0/EUR 0,00;4/EUR 706.137,65;43/EUR 32.843,60;1832/EUR 2.312,68;0/EUR 0,00;123353/EUR 34,33;0/EUR 0,00;2523961/EUR 2,40
25.02.1978;1/3/4/39/41/43;34;0;7/6/4/3/2/5/6;NULL;0/EUR 0,00;6/EUR 480.818,65;36/EUR 40.068,21;1456/EUR 2.972,09;0/EUR 0,00;87594/EUR 49,39;0/EUR 0,00;2122801/EUR 2,94
04.03.1978;7/11/34/35/47/49;46;0;9/0/7/0/5/9/6;NULL;0/EUR 0,00;29/EUR 100.123,48;45/EUR 32.262,01;2606/EUR 1.671,29;0/EUR 0,00;142341/EUR 30,58;0/EUR 0,00;2656761/EUR 2,35
11.03.1978;1/4/9/16/41/44;32;0;3/1/2/1/7/0/1;NULL;0/EUR 0,00;10/EUR 288.440,92;62/EUR 23.261,35;2244/EUR 1.928,06;0/EUR 0,00;126439/EUR 34,21;0/EUR 0,00;2512950/EUR 2,48
18.03.1978;6/10/20/23/29/45;40;0;9/3/3/2/4/6/5;NULL;0/EUR 0,00;7/EUR 410.473,38;146/EUR 9.840,09;2907/EUR 1.482,59;0/EUR 0,00;150504/EUR 28,63;0/EUR 0,00;2733646/EUR 2,28
25.03.1978;6/9/13/16/31/45;27;0;0/4/7/9/7/9/1;NULL;0/EUR 0,00;9/EUR 316.102,91;99/EUR 14.368,30;2231/EUR 1.912,77;0/EUR 0,00;143691/EUR 29,68;0/EUR 0,00;2664193/EUR 2,30
01.04.1978;15/23/25/28/47/48;16;0;8/0/6/7/9/1/3;NULL;0/EUR 0,00;5/EUR 566.001,49;17/EUR 83.235,51;1476/EUR 2.876,02;0/EUR 0,00;103235/EUR 41,11;0/EUR 0,00;2315286/EUR 2,61
08.04.1978;3/5/9/16/34/41;19;0;8/1/2/9/1/6/3;NULL;0/EUR 0,00;9/EUR 324.350,68;77/EUR 18.955,53;2747/EUR 1.594,00;0/EUR 0,00;150640/EUR 29,04;0/EUR 0,00;2849098/EUR 2,20
15.04.1978;21/26/32/34/42/43;14;0;9/4/6/3/4/1/5;NULL;0/EUR 0,00;9/EUR 321.850,11;63/EUR 22.989,27;2237/EUR 1.942,30;0/EUR 0,00;146673/EUR 29,60;0/EUR 0,00;2681884/EUR 2,30
22.04.1978;3/16/26/35/42/46;47;0;2/9/3/1/0/5/8;NULL;0/EUR 0,00;8/EUR 359.308,27;31/EUR 46.362,31;2643/EUR 1.631,33;0/EUR 0,00;136380/EUR 31,60;0/EUR 0,00;2442846/EUR 2,51
29.04.1978;1/7/18/35/37/46;19;0;8/8/4/7/4/8/0;NULL;0/EUR 0,00;28/EUR 102.511,47;46/EUR 31.199,13;3102/EUR 1.387,95;0/EUR 0,00;126952/EUR 33,90;0/EUR 0,00;2412875/EUR 2,56
06.05.1978;2/7/8/19/22/30;23;0;3/8/7/8/5/7/1;NULL;0/EUR 0,00;32/EUR 85.194,06;101/EUR 13.496,06;8255/EUR 495,34;0/EUR 0,00;275168/EUR 14,83;0/EUR 0,00;3464148/EUR 1,69
13.05.1978;15/17/30/31/44/45;8;0;0/8/1/7/6/7/3;NULL;0/EUR 0,00;16/EUR 177.416,90;39/EUR 36.393,19;2216/EUR 1.921,43;0/EUR 0,00;109490/EUR 38,86;0/EUR 0,00;2270711/EUR 2,66
20.05.1978;26/32/33/35/39/43;42;0;1/8/9/3/3/7/8;NULL;0/EUR 0,00;6/EUR 466.175,79;55/EUR 25.427,72;1751/EUR 2.396,07;0/EUR 0,00;124980/EUR 33,54;0/EUR 0,00;2516876/EUR 2,40
27.05.1978;3/5/24/26/32/48;6;0;2/2/9/9/4/7/7;NULL;0/EUR 0,00;8/EUR 355.612,35;65/EUR 21.883,80;3217/EUR 1.326,50;0/EUR 0,00;172244/EUR 24,75;0/EUR 0,00;3080281/EUR 1,99
03.06.1978;7/22/33/34/36/45;41;0;6/2/8/1/4/1/1;NULL;0/EUR 0,00;2/EUR 766.937,82;16/EUR 160.938,58;1784/EUR 2.303,17;0/EUR 0,00;117171/EUR 35,02;0/EUR 0,00;2353635/EUR 2,51
10.06.1978;8/18/23/30/31/48;44;0;1/3/9/8/1/1/0;NULL;0/EUR 0,00;3/EUR 766.937,82;42/EUR 43.945,59;1614/EUR 2.569,09;0/EUR 0,00;114364/EUR 36,25;0/EUR 0,00;2331767/EUR 2,56
17.06.1978;10/16/26/29/32/43;12;0;9/2/3/7/1/1/3;NULL;0/EUR 0,00;8/EUR 347.347,67;55/EUR 25.261,60;2589/EUR 1.609,90;0/EUR 0,00;149582/EUR 27,87;0/EUR 0,00;2624894/EUR 2,25
24.06.1978;21/24/28/33/36/43;10;0;0/8/1/6/5/1/4;NULL;0/EUR 0,00;14/EUR 198.325,37;56/EUR 24.790,65;3102/EUR 1.342,60;0/EUR 0,00;144130/EUR 28,89;0/EUR 0,00;2484451/EUR 2,40
01.07.1978;14/16/32/38/40/44;45;0;1/9/1/2/8/0/2;NULL;0/EUR 0,00;14/EUR 200.162,85;35/EUR 40.032,57;3018/EUR 1.392,76;0/EUR 0,00;168635/EUR 24,90;0/EUR 0,00;2852312/EUR 2,10
08.07.1978;2/8/14/17/31/41;24;0;2/9/0/7/2/5/4;NULL;0/EUR 0,00;8/EUR 350.377,38;69/EUR 20.311,73;2876/EUR 1.461,89;0/EUR 0,00;151166/EUR 27,76;0/EUR 0,00;2465063/EUR 2,45
15.07.1978;4/5/6/10/11/28;12;0;5/6/8/8/0/5/3;NULL;0/EUR 0,00;31/EUR 89.146,86;489/EUR 2.825,71;3720/EUR 1.114,31;0/EUR 0,00;152771/EUR 27,10;0/EUR 0,00;2567226/EUR 2,30
22.07.1978;17/39/44/47/48/49;8;0;4/6/8/1/4/6/0;NULL;0/EUR 0,00;9/EUR 308.721,00;39/EUR 35.621,65;3221/EUR 1.293,88;0/EUR 0,00;204905/EUR 20,30;0/EUR 0,00;2798038/EUR 2,15
29.07.1978;11/20/23/27/29/49;40;0;9/4/9/6/0/4/0;NULL;0/EUR 0,00;5/EUR 546.789,85;72/EUR 18.985,75;2156/EUR 1.902,06;0/EUR 0,00;145277/EUR 28,22;0/EUR 0,00;2604334/EUR 2,25
05.08.1978;4/11/23/31/33/45;16;0;7/4/7/4/9/6/3;NULL;0/EUR 0,00;14/EUR 196.336,49;97/EUR 14.168,61;3279/EUR 1.257,37;0/EUR 0,00;161509/EUR 25,51;0/EUR 0,00;2726301/EUR 2,15
12.08.1978;2/15/16/20/33/34;3;0;7/7/8/8/6/3/4;NULL;0/EUR 0,00;6/EUR 460.602,25;57/EUR 24.242,19;1643/EUR 2.523,07;0/EUR 0,00;102010/EUR 40,60;0/EUR 0,00;2072015/EUR 2,86
19.08.1978;4/7/17/35/36/42;49;0;5/9/8/3/3/4/5;NULL;0/EUR 0,00;7/EUR 394.667,28;65/EUR 21.251,28;3087/EUR 1.342,40;0/EUR 0,00;152875/EUR 27,10;0/EUR 0,00;2784415/EUR 2,15
26.08.1978;3/21/26/31/40/46;19;0;1/9/7/2/6/7/9;NULL;0/EUR 0,00;8/EUR 344.174,60;91/EUR 15.128,51;3597/EUR 1.148,16;0/EUR 0,00;168648/EUR 24,44;0/EUR 0,00;2808175/EUR 2,10
02.09.1978;19/26/36/40/42/43;24;0;0/2/0/3/2/9/1;NULL;0/EUR 0,00;8/EUR 352.578,85;42/EUR 33.578,89;1909/EUR 2.216,30;0/EUR 0,00;126683/EUR 33,39;0/EUR 0,00;2510025/EUR 2,40
09.09.1978;2/8/14/20/23/38;21;0;6/7/2/5/6/1/6;NULL;0/EUR 0,00;6/EUR 468.729,64;37/EUR 38.005,09;2779/EUR 1.517,97;0/EUR 0,00;145796/EUR 28,89;0/EUR 0,00;2383825/EUR 2,51
16.09.1978;4/14/15/33/35/38;46;0;4/7/1/9/6/1/6;NULL;0/EUR 0,00;6/EUR 473.811,02;29/EUR 49.014,89;1611/EUR 2.646,96;0/EUR 0,00;101713/EUR 41,87;0/EUR 0,00;2080551/EUR 2,91
23.09.1978;3/4/5/8/32/49;33;0;9/2/7/1/1/1/9;NULL;0/EUR 0,00;3/EUR 766.937,82;42/EUR 48.741,76;1584/EUR 2.744,92;0/EUR 0,00;127449/EUR 34,10;0/EUR 0,00;2629437/EUR 2,35
30.09.1978;4/5/15/32/37/42;43;0;9/9/1/4/1/2/7;NULL;0/EUR 0,00;6/EUR 480.423,15;26/EUR 55.433,40;1592/EUR 2.715,93;0/EUR 0,00;100652/EUR 42,95;0/EUR 0,00;2177160/EUR 2,86
07.10.1978;6/20/26/38/46/49;19;0;9/7/4/4/4/6/0;NULL;0/EUR 0,00;7/EUR 411.865,60;57/EUR 25.289,98;2310/EUR 1.872,10;0/EUR 0,00;131851/EUR 32,77;0/EUR 0,00;2451080/EUR 2,51
14.10.1978;8/13/22/32/34/35;27;0;5/6/1/5/3/5/4;NULL;0/EUR 0,00;9/EUR 321.589,35;43/EUR 33.654,66;1768/EUR 2.455,53;0/EUR 0,00;113338/EUR 38,30;0/EUR 0,00;2417218/EUR 2,56
21.10.1978;2/7/11/15/29/30;22;0;0/6/3/3/9/5/8;NULL;0/EUR 0,00;11/EUR 261.510,82;79/EUR 18.206,44;3106/EUR 1.389,18;0/EUR 0,00;153880/EUR 28,02;0/EUR 0,00;2640112/EUR 2,35
28.10.1978;7/13/16/32/40/43;31;0;0/7/6/0/1/5/9;NULL;0/EUR 0,00;23/EUR 125.630,40;72/EUR 20.065,96;5150/EUR 841,59;0/EUR 0,00;174318/EUR 24,85;0/EUR 0,00;2976880/EUR 2,10
04.11.1978;13/18/31/45/46/49;8;0;6/6/1/0/5/9/9;NULL;0/EUR 0,00;3/EUR 766.937,82;45/EUR 45.077,64;2142/EUR 2.021,14;0/EUR 0,00;130201/EUR 33,23;0/EUR 0,00;2543667/EUR 2,45
11.11.1978;5/8/21/35/38/40;33;0;1/0/5/4/0/2/2;NULL;0/EUR 0,00;11/EUR 264.531,78;63/EUR 23.094,03;2345/EUR 1.861,31;0/EUR 0,00;123780/EUR 35,23;0/EUR 0,00;2320441/EUR 2,71
18.11.1978;3/18/23/24/40/43;39;0;8/2/7/2/8/5/4;NULL;0/EUR 0,00;7/EUR 419.616,07;62/EUR 23.688,00;2273/EUR 1.938,36;0/EUR 0,00;151598/EUR 29,04;0/EUR 0,00;2896166/EUR 2,15
25.11.1978;10/21/22/25/35/49;30;0;9/4/5/8/2/6/8;NULL;0/EUR 0,00;6/EUR 487.279,52;28/EUR 52.208,47;1908/EUR 2.298,46;0/EUR 0,00;124580/EUR 35,18;0/EUR 0,00;2528550/EUR 2,45
02.12.1978;1/3/22/31/37/39;36;0;0/3/1/5/9/0/4;NULL;0/EUR 0,00;4/EUR 766.937,82;27/EUR 67.479,48;1927/EUR 2.537,44;0/EUR 0,00;123643/EUR 39,52;0/EUR 0,00;2722142/EUR 2,56
09.12.1978;18/24/35/38/39/47;44;0;1/6/2/3/3/9/3;NULL;0/EUR 0,00;5/EUR 594.235,18;34/EUR 43.693,73;2298/EUR 1.939,38;0/EUR 0,00;148525/EUR 29,96;0/EUR 0,00;2783983/EUR 2,30
16.12.1978;13/18/19/28/32/46;45;0;3/6/8/5/3/8/6;NULL;0/EUR 0,00;7/EUR 443.795,58;43/EUR 36.122,87;2556/EUR 1.823,06;0/EUR 0,00;176168/EUR 26,43;0/EUR 0,00;3208606/EUR 2,10
23.12.1978;12/15/21/30/32/48;28;0;0/2/9/3/9/0/7;NULL;0/EUR 0,00;9/EUR 345.419,28;56/EUR 27.756,86;2531/EUR 1.842,39;0/EUR 0,00;154814/EUR 30,12;0/EUR 0,00;2871255/EUR 2,30
30.12.1978;6/11/27/35/38/46;7;0;6/1/5/0/2/4/7;NULL;0/EUR 0,00;12/EUR 252.847,95;37/EUR 41.002,34;2908/EUR 1.565,06;0/EUR 0,00;147840/EUR 30,78;0/EUR 0,00;2671130/EUR 2,45
06.01.1979;8/10/37/39/41/43;36;0;0/4/0/0/2/0/2;NULL;0/EUR 0,00;12/EUR 242.563,98;30/EUR 48.512,75;1688/EUR 2.586,57;0/EUR 0,00;111337/EUR 39,16;0/EUR 0,00;2247463/EUR 2,76
13.01.1979;5/8/9/12/16/45;42;0;3/4/0/3/4/4/7;NULL;0/EUR 0,00;6/EUR 505.467,24;40/EUR 37.910,04;2491/EUR 1.828,43;0/EUR 0,00;150275/EUR 30,27;0/EUR 0,00;2958154/EUR 2,20
20.01.1979;1/6/11/20/32/43;24;0;2/6/4/1/9/0/2;NULL;0/EUR 0,00;13/EUR 235.012,86;80/EUR 19.094,76;2390/EUR 1.917,45;0/EUR 0,00;132838/EUR 34,46;0/EUR 0,00;2560707/EUR 2,56
27.01.1979;2/20/26/31/33/38;35;0;5/4/0/7/7/9/7;NULL;0/EUR 0,00;6/EUR 506.138,93;49/EUR 30.988,07;2486/EUR 1.832,32;0/EUR 0,00;154429/EUR 29,45;0/EUR 0,00;3031550/EUR 2,15
03.02.1979;5/18/23/29/33/48;46;0;6/8/1/5/7/2/9;NULL;0/EUR 0,00;8/EUR 387.635,38;74/EUR 20.953,25;2805/EUR 1.657,71;0/EUR 0,00;151747/EUR 30,63;0/EUR 0,00;2809024/EUR 2,35
10.02.1979;1/2/14/19/27/39;41;0;3/0/2/0/3/6/5;NULL;0/EUR 0,00;10/EUR 311.621,31;72/EUR 21.640,33;2815/EUR 1.660,47;0/EUR 0,00;160543/EUR 29,09;0/EUR 0,00;2930540/EUR 2,30
17.02.1979;5/17/19/21/32/47;3;0;8/5/5/7/2/0/2;NULL;0/EUR 0,00;27/EUR 114.072,80;222/EUR 6.936,85;5199/EUR 888,57;0/EUR 0,00;230121/EUR 20,04;0/EUR 0,00;3594397/EUR 1,84
24.02.1979;9/14/23/24/41/42;6;0;3/8/5/9/5/1/5;NULL;0/EUR 0,00;9/EUR 341.209,26;69/EUR 22.252,75;2019/EUR 2.281,49;0/EUR 0,00;125159/EUR 36,76;0/EUR 0,00;2614376/EUR 2,51
03.03.1979;1/17/24/32/42/44;41;0;2/4/5/8/1/9/2;NULL;0/EUR 0,00;9/EUR 354.039,82;35/EUR 45.519,40;2590/EUR 1.845,35;0/EUR 0,00;146658/EUR 32,57;0/EUR 0,00;2823998/EUR 2,40
10.03.1979;21/25/39/41/42/43;31;0;5/1/1/9/7/8/8;NULL;0/EUR 0,00;4/EUR 766.937,82;46/EUR 34.288,77;1891/EUR 2.456,35;0/EUR 0,00;133012/EUR 34,92;0/EUR 0,00;2622390/EUR 2,56
17.03.1979;16/21/27/38/45/49;7;0;9/5/2/5/0/8/8;NULL;0/EUR 0,00;5/EUR 627.111,35;77/EUR 20.360,72;3066/EUR 1.534,03;0/EUR 0,00;162747/EUR 28,89;0/EUR 0,00;2856331/EUR 2,35
24.03.1979;4/7/8/11/39/42;12;0;5/6/4/8/0/9/8;NULL;0/EUR 0,00;16/EUR 193.575,52;60/EUR 25.810,07;2324/EUR 1.999,05;0/EUR 0,00;143312/EUR 32,42;0/EUR 0,00;2839355/EUR 2,35
31.03.1979;5/7/9/16/26/43;19;0;4/0/2/3/9/2/3;NULL;0/EUR 0,00;9/EUR 345.826,48;75/EUR 20.749,55;3031/EUR 1.540,27;0/EUR 0,00;182255/EUR 25,62;0/EUR 0,00;3261752/EUR 2,05
07.04.1979;12/15/16/20/27/45;10;0;2/7/3/7/8/2/2;NULL;0/EUR 0,00;1/EUR 766.937,82;31/EUR 124.186,56;1559/EUR 2.961,30;0/EUR 0,00;113395/EUR 40,70;0/EUR 0,00;2441417/EUR 2,71
14.04.1979;7/11/21/25/26/41;36;0;7/5/9/2/8/6/7;NULL;0/EUR 0,00;7/EUR 431.713,75;66/EUR 22.893,86;3418/EUR 1.326,19;0/EUR 0,00;186744/EUR 24,24;0/EUR 0,00;3313308/EUR 1,94
21.04.1979;6/18/23/24/35/45;32;0;3/2/7/5/9/2/9;NULL;0/EUR 0,00;8/EUR 379.329,59;81/EUR 18.732,30;2369/EUR 1.921,43;0/EUR 0,00;145185/EUR 31,34;0/EUR 0,00;2821610/EUR 2,30
28.04.1979;6/20/33/37/38/41;17;0;7/6/8/8/5/3/2;NULL;0/EUR 0,00;3/EUR 766.937,82;114/EUR 20.408,88;1618/EUR 2.859,96;0/EUR 0,00;128162/EUR 36,10;0/EUR 0,00;2517338/EUR 2,61
05.05.1979;6/16/30/35/44/45;29;0;3/7/0/7/9/8/8;NULL;0/EUR 0,00;4/EUR 761.913,77;31/EUR 49.155,70;1689/EUR 2.706,57;0/EUR 0,00;100914/EUR 45,30;0/EUR 0,00;2164206/EUR 3,02
12.05.1979;2/4/10/32/35/46;49;0;5/6/8/2/5/0/0;NULL;0/EUR 0,00;8/EUR 381.984,73;42/EUR 36.379,49;1888/EUR 2.427,82;0/EUR 0,00;133375/EUR 34,36;0/EUR 0,00;2690675/EUR 2,45
19.05.1979;15/18/32/39/48/49;5;0;1/7/0/6/4/5/9;NULL;0/EUR 0,00;3/EUR 766.937,82;70/EUR 31.791,26;2290/EUR 1.976,50;0/EUR 0,00;152024/EUR 29,76;0/EUR 0,00;2927809/EUR 2,20
26.05.1979;7/21/23/33/41/45;27;0;0/1/7/9/8/1/3;NULL;0/EUR 0,00;16/EUR 185.823,36;97/EUR 15.325,62;4782/EUR 932,60;0/EUR 0,00;200692/EUR 22,19;0/EUR 0,00;3192965/EUR 1,99
02.06.1979;14/20/30/43/47/48;5;0;4/1/7/2/5/2/6;NULL;0/EUR 0,00;0/EUR 0,00;33/EUR 142.253,31;1082/EUR 4.338,57;0/EUR 0,00;80435/EUR 58,34;0/EUR 0,00;1931315/EUR 3,48
09.06.1979;17/25/30/34/35/41;39;0;9/3/4/7/3/8/5;NULL;0/EUR 0,00;4/EUR 755.187,93;73/EUR 20.690,04;1831/EUR 2.474,65;0/EUR 0,00;126997/EUR 35,64;0/EUR 0,00;2721027/EUR 2,40
16.06.1979;13/15/17/25/33/34;16;0;6/3/5/5/5/7/9;NULL;0/EUR 0,00;10/EUR 300.412,56;85/EUR 17.671,32;2768/EUR 1.627,95;0/EUR 0,00;171431/EUR 26,28;0/EUR 0,00;3134590/EUR 2,05
23.06.1979;1/17/30/40/41/43;20;0;8/5/7/4/0/4/1;NULL;0/EUR 0,00;7/EUR 427.920,22;93/EUR 16.104,52;2060/EUR 2.181,12;0/EUR 0,00;131770/EUR 34,05;0/EUR 0,00;2560373/EUR 2,51
30.06.1979;9/33/37/40/46/47;1;0;8/7/7/7/2/5/9;NULL;0/EUR 0,00;0/EUR 0,00;15/EUR 300.700,52;1520/EUR 2.967,44;0/EUR 0,00;126902/EUR 35,53;0/EUR 0,00;2584471/EUR 2,51
07.07.1979;8/16/18/35/37/43;9;0;7/7/6/7/6/3/1;NULL;0/EUR 0,00;6/EUR 498.765,13;41/EUR 36.494,99;2368/EUR 1.895,61;0/EUR 0,00;129887/EUR 34,51;0/EUR 0,00;2465446/EUR 2,61
14.07.1979;2/6/7/16/39/44;40;0;3/9/0/5/7/9/0;NULL;0/EUR 0,00;3/EUR 766.937,82;41/EUR 53.406,64;1867/EUR 2.405,17;0/EUR 0,00;129860/EUR 34,56;0/EUR 0,00;2637804/EUR 2,45
21.07.1979;27/32/43/45/46/48;18;0;6/7/9/6/6/2/2;NULL;0/EUR 0,00;8/EUR 370.468,75;59/EUR 25.116,50;2802/EUR 1.586,59;0/EUR 0,00;176321/EUR 25,21;0/EUR 0,00;2758680/EUR 2,30
28.07.1979;4/27/29/37/40/48;33;0;8/2/9/8/2/1/1;NULL;0/EUR 0,00;5/EUR 590.743,06;29/EUR 50.926,10;1525/EUR 2.905,26;0/EUR 0,00;104053/EUR 42,54;0/EUR 0,00;2184782/EUR 2,91
04.08.1979;2/20/24/31/42/48;3;0;3/7/7/8/8/3/3;NULL;0/EUR 0,00;5/EUR 593.298,75;51/EUR 29.083,25;2184/EUR 2.037,40;0/EUR 0,00;126305/EUR 35,23;0/EUR 0,00;2407375/EUR 2,66
11.08.1979;2/5/9/22/26/30;49;0;0/0/7/7/2/2/9;NULL;0/EUR 0,00;12/EUR 245.861,91;90/EUR 16.390,79;3428/EUR 1.290,96;0/EUR 0,00;167801/EUR 26,33;0/EUR 0,00;2975386/EUR 2,15
18.08.1979;28/31/43/44/45/49;14;0;6/2/9/1/3/5/5;NULL;0/EUR 0,00;10/EUR 296.958,07;26/EUR 57.107,32;1944/EUR 2.291,30;0/EUR 0,00;135664/EUR 32,82;0/EUR 0,00;2504888/EUR 2,56
25.08.1979;14/17/20/40/42/48;34;0;9/2/9/8/3/0/1;NULL;0/EUR 0,00;5/EUR 599.372,59;55/EUR 27.244,19;1921/EUR 2.340,03;0/EUR 0,00;110689/EUR 40,60;0/EUR 0,00;2318182/EUR 2,76
01.09.1979;5/19/24/27/28/38;8;0;8/7/3/9/3/5/0;NULL;0/EUR 0,00;12/EUR 249.092,56;90/EUR 16.606,15;3002/EUR 1.493,53;0/EUR 0,00;190057/EUR 23,57;0/EUR 0,00;3253389/EUR 1,94
08.09.1979;2/10/12/16/21/40;45;0;9/0/4/9/6/1/8;NULL;0/EUR 0,00;7/EUR 432.626,15;48/EUR 31.545,64;2667/EUR 1.703,22;0/EUR 0,00;158811/EUR 28,58;0/EUR 0,00;2942284/EUR 2,20
15.09.1979;4/5/7/20/32/37;10;0;6/6/5/5/3/3/6;NULL;0/EUR 0,00;11/EUR 278.000,80;75/EUR 20.386,69;2130/EUR 2.153,51;0/EUR 0,00;148858/EUR 30,78;0/EUR 0,00;2860273/EUR 2,30
22.09.1979;7/10/21/36/39/42;4;0;1/9/2/7/5/9/1;NULL;0/EUR 0,00;15/EUR 207.480,76;79/EUR 19.697,52;3354/EUR 1.391,84;0/EUR 0,00;168670/EUR 27,66;0/EUR 0,00;3020050/EUR 2,20
29.09.1979;11/12/15/23/29/44;48;0;2/1/1/6/7/8/1;NULL;0/EUR 0,00;2/EUR 766.937,82;42/EUR 73.519,58;2068/EUR 2.234,86;0/EUR 0,00;137302/EUR 33,64;0/EUR 0,00;2709719/EUR 2,45
06.10.1979;4/16/17/18/19/42;2;0;7/3/8/4/9/5/3;NULL;0/EUR 0,00;2/EUR 766.937,82;75/EUR 40.905,65;2176/EUR 2.114,75;0/EUR 0,00;152316/EUR 30,17;0/EUR 0,00;2781972/EUR 2,35
13.10.1979;11/18/22/26/43/45;4;0;0/7/2/7/5/3/3;NULL;0/EUR 0,00;10/EUR 318.503,24;91/EUR 17.500,14;2469/EUR 1.934,98;0/EUR 0,00;141076/EUR 33,85;0/EUR 0,00;2696882/EUR 2,56
20.10.1979;22/23/24/25/34/38;10;0;9/7/6/8/9/1/7;NULL;0/EUR 0,00;10/EUR 313.072,81;63/EUR 24.847,05;3265/EUR 1.438,26;0/EUR 0,00;197642/EUR 23,72;0/EUR 0,00;2976631/EUR 2,25
27.10.1979;1/12/17/19/20/38;46;0;7/8/2/3/0/5/0;NULL;0/EUR 0,00;4/EUR 766.937,82;36/EUR 45.421,18;2429/EUR 1.936,11;0/EUR 0,00;161336/EUR 29,14;0/EUR 0,00;3076402/EUR 2,20
03.11.1979;9/10/14/29/37/48;22;0;6/8/3/9/3/5/8;NULL;0/EUR 0,00;1/EUR 766.937,82;62/EUR 63.315,11;1450/EUR 3.236,17;0/EUR 0,00;109644/EUR 42,80;0/EUR 0,00;2383524/EUR 2,81
10.11.1979;1/2/22/36/41/49;18;0;0/5/8/6/8/8/7;NULL;0/EUR 0,00;12/EUR 262.297,23;48/EUR 32.787,15;2301/EUR 2.051,87;0/EUR 0,00;125250/EUR 37,68;0/EUR 0,00;2545230/EUR 2,66
17.11.1979;1/5/14/22/36/40;13;0;3/4/8/3/9/5/8;NULL;0/EUR 0,00;6/EUR 530.979,23;42/EUR 37.927,07;2756/EUR 1.733,94;0/EUR 0,00;124080/EUR 38,50;0/EUR 0,00;2377186/EUR 2,86
24.11.1979;5/6/11/14/16/26;10;0;5/3/3/7/9/8/7;NULL;0/EUR 0,00;9/EUR 350.182,94;88/EUR 17.907,08;3088/EUR 1.530,91;0/EUR 0,00;164875/EUR 28,63;0/EUR 0,00;2910744/EUR 2,30
01.12.1979;8/15/28/32/34/40;6;0;9/7/0/7/8/2/3;NULL;0/EUR 0,00;6/EUR 584.566,86;42/EUR 41.754,75;2746/EUR 1.915,91;0/EUR 0,00;159042/EUR 33,03;0/EUR 0,00;3096025/EUR 2,45
08.12.1979;14/15/20/22/23/28;24;0;4/0/7/2/3/1/3;NULL;0/EUR 0,00;11/EUR 297.379,68;55/EUR 29.737,96;1907/EUR 2.573,03;0/EUR 0,00;106818/EUR 45,91;0/EUR 0,00;2224065/EUR 3,17
15.12.1979;3/14/26/31/43/45;49;0;0/3/5/4/7/5/5;NULL;0/EUR 0,00;16/EUR 207.103,94;93/EUR 17.815,35;3418/EUR 1.454,17;0/EUR 0,00;178467/EUR 27,81;0/EUR 0,00;3152699/EUR 2,25
22.12.1979;5/8/16/23/35/46;36;0;3/6/5/5/3/9/4;NULL;0/EUR 0,00;14/EUR 237.531,99;68/EUR 24.451,82;3354/EUR 1.487,19;0/EUR 0,00;160157/EUR 31,14;0/EUR 0,00;2870633/EUR 2,51
29.12.1979;7/8/9/26/35/48;28;0;8/8/0/8/3/5/6;NULL;0/EUR 0,00;8/EUR 401.069,67;41/EUR 39.128,71;2237/EUR 2.151,47;0/EUR 0,00;142855/EUR 33,64;0/EUR 0,00;2912774/EUR 2,35
05.01.1980;5/11/16/18/19/35;23;0;6/0/0/8/9/8/2;NULL;0/EUR 0,00;4/EUR 766.937,82;73/EUR 21.649,84;2488/EUR 1.876,85;0/EUR 0,00;174757/EUR 26,69;0/EUR 0,00;3336895/EUR 1,99
12.01.1980;19/23/28/30/31/49;3;0;7/3/3/2/0/4/4;NULL;0/EUR 0,00;4/EUR 766.937,82;90/EUR 20.460,01;2045/EUR 2.400,52;0/EUR 0,00;141571/EUR 34,67;0/EUR 0,00;2939897/EUR 2,40
19.01.1980;1/3/18/30/31/39;15;0;7/0/6/2/7/4/2;NULL;0/EUR 0,00;7/EUR 465.889,67;53/EUR 30.766,27;2822/EUR 1.733,43;0/EUR 0,00;172802/EUR 28,27;0/EUR 0,00;3089709/EUR 2,25
26.01.1980;2/18/25/27/45/49;11;0;4/1/5/6/3/7/5;NULL;0/EUR 0,00;9/EUR 364.045,70;69/EUR 23.742,09;2549/EUR 1.928,03;0/EUR 0,00;163402/EUR 30,06;0/EUR 0,00;3083466/EUR 2,30
02.02.1980;13/21/26/27/44/47;23;0;9/1/2/4/7/7/9;NULL;0/EUR 0,00;20/EUR 164.472,17;61/EUR 26.962,62;7544/EUR 654,04;0/EUR 0,00;239462/EUR 20,61;0/EUR 0,00;3276302/EUR 2,15
09.02.1980;8/16/17/29/36/37;13;0;6/8/7/8/8/2/8;NULL;0/EUR 0,00;13/EUR 253.259,74;26/EUR 63.314,91;2765/EUR 1.786,10;0/EUR 0,00;148570/EUR 33,23;0/EUR 0,00;2877194/EUR 2,45
16.02.1980;1/5/30/33/35/37;26;0;1/8/9/9/4/6/5;NULL;0/EUR 0,00;12/EUR 271.923,17;16/EUR 101.971,18;1944/EUR 2.517,81;0/EUR 0,00;124952/EUR 39,16;0/EUR 0,00;2519708/EUR 2,76
23.02.1980;1/13/21/26/43/49;48;0;8/1/7/5/0/3/5;NULL;0/EUR 0,00;17/EUR 189.235,41;66/EUR 24.370,68;3694/EUR 1.306,25;0/EUR 0,00;190422/EUR 25,31;0/EUR 0,00;3076524/EUR 2,25
01.03.1980;16/21/28/39/40/48;35;0;1/4/0/2/5/9/4;NULL;0/EUR 0,00;6/EUR 572.983,39;60/EUR 28.649,17;2295/EUR 2.246,97;0/EUR 0,00;146292/EUR 35,23;0/EUR 0,00;2911414/EUR 2,56
08.03.1980;14/15/35/40/43/46;38;0;3/4/1/0/7/6/4;NULL;0/EUR 0,00;7/EUR 469.799,93;25/EUR 65.771,97;1428/EUR 3.454,13;0/EUR 0,00;101848/EUR 48,42;0/EUR 0,00;2216139/EUR 3,17
15.03.1980;1/5/9/33/41/43;10;0;1/9/5/6/1/9/7;NULL;0/EUR 0,00;6/EUR 549.292,32;53/EUR 31.092,02;2446/EUR 2.021,09;0/EUR 0,00;205345/EUR 24,03;0/EUR 0,00;2975244/EUR 2,35
22.03.1980;11/14/19/27/30/33;10;0;9/0/6/9/0/9/8;NULL;0/EUR 0,00;30/EUR 108.106,48;71/EUR 22.839,36;4263/EUR 1.141,15;0/EUR 0,00;205916/EUR 23,62;0/EUR 0,00;3266188/EUR 2,15
29.03.1980;16/19/27/40/42/43;31;0;7/1/5/0/2/9/5;NULL;0/EUR 0,00;3/EUR 766.937,82;125/EUR 20.800,27;2479/EUR 1.976,91;0/EUR 0,00;147484/EUR 33,18;0/EUR 0,00;2955617/EUR 2,35
05.04.1980;14/17/32/34/36/41;29;0;9/2/1/3/4/3/0;NULL;0/EUR 0,00;12/EUR 268.417,96;94/EUR 17.133,03;3811/EUR 1.267,75;0/EUR 0,00;189265/EUR 25,51;0/EUR 0,00;3227022/EUR 2,15
12.04.1980;3/13/15/19/20/21;2;0;4/8/4/1/0/1/7;NULL;0/EUR 0,00;17/EUR 188.777,50;121/EUR 13.261,22;3483/EUR 1.382,07;0/EUR 0,00;166180/EUR 28,94;0/EUR 0,00;2998161/EUR 2,30
19.04.1980;3/10/11/24/25/41;13;0;0/2/1/1/2/2/8;NULL;0/EUR 0,00;15/EUR 213.495,70;77/EUR 20.795,01;4387/EUR 1.094,93;0/EUR 0,00;207929/EUR 23,06;0/EUR 0,00;3478507/EUR 1,99
26.04.1980;5/11/13/39/42/49;19;0;2/0/5/9/3/9/5;NULL;0/EUR 0,00;9/EUR 359.195,02;55/EUR 29.388,65;2168/EUR 2.236,65;0/EUR 0,00;129187/EUR 37,53;0/EUR 0,00;2740287/EUR 2,51
03.05.1980;9/10/18/19/27/47;41;0;8/3/7/9/0/8/0;NULL;0/EUR 0,00;9/EUR 351.516,34;56/EUR 28.246,83;3666/EUR 1.294,44;0/EUR 0,00;188809/EUR 25,10;0/EUR 0,00;3450451/EUR 1,94
10.05.1980;14/17/21/26/43/46;37;0;7/1/4/2/9/3/8;NULL;0/EUR 0,00;36/EUR 89.406,65;101/EUR 15.933,85;3387/EUR 1.425,43;0/EUR 0,00;167093/EUR 28,89;0/EUR 0,00;3040600/EUR 2,25
17.05.1980;2/16/21/26/33/36;43;0;0/6/3/0/7/1/9;NULL;0/EUR 0,00;10/EUR 313.021,12;99/EUR 15.809,14;2614/EUR 1.796,17;0/EUR 0,00;159614/EUR 29,40;0/EUR 0,00;2958737/EUR 2,25
24.05.1980;1/5/11/14/33/38;47;0;4/0/0/4/6/9/1;NULL;0/EUR 0,00;10/EUR 316.819,15;52/EUR 30.463,33;2392/EUR 1.986,73;0/EUR 0,00;152528/EUR 31,14;0/EUR 0,00;2926117/EUR 2,30
31.05.1980;2/3/17/25/33/48;38;0;0/4/0/8/8/0/5;NULL;0/EUR 0,00;7/EUR 453.717,45;170/EUR 9.341,20;4816/EUR 989,20;0/EUR 0,00;218307/EUR 21,78;0/EUR 0,00;3520551/EUR 1,94
07.06.1980;7/10/28/42/43/45;47;0;0/0/0/9/7/2/1;NULL;0/EUR 0,00;5/EUR 622.266,25;30/EUR 51.855,48;1994/EUR 2.340,49;0/EUR 0,00;119698/EUR 38,96;0/EUR 0,00;2640036/EUR 2,51
14.06.1980;9/28/41/42/45/47;14;0;2/9/9/7/9/7/0;NULL;0/EUR 0,00;4/EUR 766.937,82;46/EUR 39.118,69;1625/EUR 2.995,20;0/EUR 0,00;132676/EUR 36,66;0/EUR 0,00;2529879/EUR 2,76
21.06.1980;11/20/25/29/41/47;36;0;7/5/6/7/2/4/8;NULL;0/EUR 0,00;11/EUR 286.219,56;44/EUR 35.777,44;2502/EUR 1.887,54;0/EUR 0,00;133380/EUR 35,38;0/EUR 0,00;2488730/EUR 2,71
28.06.1980;3/5/10/13/24/44;19;0;7/2/9/7/8/6/9;NULL;0/EUR 0,00;4/EUR 766.937,82;109/EUR 15.399,14;2595/EUR 1.828,99;0/EUR 0,00;165253/EUR 28,68;0/EUR 0,00;3109063/EUR 2,20
05.07.1980;13/15/16/25/26/32;31;0;4/6/3/4/0/7/2;NULL;0/EUR 0,00;15/EUR 211.919,90;124/EUR 12.817,73;2870/EUR 1.661,39;0/EUR 0,00;158461/EUR 30,06;0/EUR 0,00;3125939/EUR 2,20
12.07.1980;1/4/11/15/25/31;13;0;9/7/0/6/0/3/8;NULL;0/EUR 0,00;14/EUR 227.404,73;66/EUR 24.118,66;2879/EUR 1.658,73;0/EUR 0,00;160321/EUR 29,76;0/EUR 0,00;3029381/EUR 2,25
19.07.1980;15/21/28/32/40/43;7;0;3/4/4/6/7/0/5;NULL;0/EUR 0,00;13/EUR 243.552,76;131/EUR 12.084,64;2950/EUR 1.609,90;0/EUR 0,00;160968/EUR 29,50;0/EUR 0,00;2804391/EUR 2,40
26.07.1980;11/20/29/38/44/49;16;0;4/3/6/1/7/1/7;NULL;0/EUR 0,00;7/EUR 436.892,47;46/EUR 33.241,80;1813/EUR 2.530,23;0/EUR 0,00;113001/EUR 40,55;0/EUR 0,00;2314507/EUR 2,81
02.08.1980;3/8/34/39/41/47;1;0;9/4/7/4/3/9/4;NULL;0/EUR 0,00;12/EUR 254.030,46;20/EUR 76.209,13;1878/EUR 2.434,77;0/EUR 0,00;120118/EUR 38,04;0/EUR 0,00;2477171/EUR 2,66
09.08.1980;19/27/29/32/34/46;45;0;3/4/6/3/3/1/5;NULL;0/EUR 0,00;1/EUR 766.937,82;45/EUR 83.858,82;2262/EUR 2.007,33;0/EUR 0,00;148111/EUR 30,63;0/EUR 0,00;2851223/EUR 2,25
16.08.1980;8/21/22/23/42/43;31;0;9/9/7/1/6/6/1;NULL;0/EUR 0,00;7/EUR 435.794,16;55/EUR 27.732,32;2792/EUR 1.638,89;0/EUR 0,00;123134/EUR 37,12;0/EUR 0,00;2527824/EUR 2,61
23.08.1980;4/16/17/28/38/42;35;0;3/1/6/3/2/5/5;NULL;0/EUR 0,00;3/EUR 766.937,82;56/EUR 41.391,02;2926/EUR 1.578,46;0/EUR 0,00;149479/EUR 30,88;0/EUR 0,00;2700287/EUR 2,45
30.08.1980;6/11/14/25/28/35;26;0;8/9/6/7/7/2/3;NULL;0/EUR 0,00;10/EUR 315.466,17;48/EUR 32.861,04;2605/EUR 1.816,47;0/EUR 0,00;156123/EUR 30,27;0/EUR 0,00;2985834/EUR 2,25
06.09.1980;12/23/25/36/42/47;15;0;6/4/9/1/2/8/9;NULL;0/EUR 0,00;6/EUR 523.218,53;50/EUR 31.393,07;3844/EUR 1.225,00;0/EUR 0,00;169242/EUR 27,81;0/EUR 0,00;2917190/EUR 2,30
13.09.1980;11/12/19/34/37/41;27;0;7/3/2/8/5/5/0;NULL;0/EUR 0,00;9/EUR 352.288,54;111/EUR 14.281,97;3420/EUR 1.390,61;0/EUR 0,00;180860/EUR 26,28;0/EUR 0,00;3218693/EUR 2,10
20.09.1980;2/6/12/23/32/43;27;0;3/7/3/4/2/6/2;NULL;0/EUR 0,00;20/EUR 162.751,72;117/EUR 13.910,36;4104/EUR 1.189,67;0/EUR 0,00;193586/EUR 25,21;0/EUR 0,00;3247634/EUR 2,15
27.09.1980;13/21/22/33/45/48;40;0;1/0/1/5/8/8/8;NULL;0/EUR 0,00;12/EUR 262.891,05;79/EUR 19.966,41;3605/EUR 1.312,59;0/EUR 0,00;192044/EUR 24,59;0/EUR 0,00;3137478/EUR 2,15
04.10.1980;10/12/29/30/37/46;34;0;6/4/6/3/1/4/3;NULL;0/EUR 0,00;4/EUR 766.937,82;30/EUR 56.559,62;1772/EUR 2.688,63;0/EUR 0,00;119740/EUR 39,78;0/EUR 0,00;2542434/EUR 2,66
11.10.1980;18/22/28/31/35/49;1;0;4/3/8/0/9/4/6;NULL;0/EUR 0,00;12/EUR 265.470,87;76/EUR 20.957,85;2653/EUR 1.801,13;0/EUR 0,00;158921/EUR 30,06;0/EUR 0,00;3014975/EUR 2,25
18.10.1980;4/8/17/31/37/48;11;0;4/7/0/9/3/7/8;NULL;0/EUR 0,00;14/EUR 238.508,46;61/EUR 27.369,81;3278/EUR 1.527,94;0/EUR 0,00;168958/EUR 29,60;0/EUR 0,00;3027937/EUR 2,35
25.10.1980;5/7/8/21/23/40;27;0;6/3/5/7/9/2/9;NULL;0/EUR 0,00;10/EUR 322.689,55;65/EUR 24.822,25;3079/EUR 1.572,02;0/EUR 0,00;173475/EUR 27,87;0/EUR 0,00;3252020/EUR 2,15
01.11.1980;19/21/22/26/27/32;13;0;0/8/2/6/2/0/4;NULL;0/EUR 0,00;18/EUR 181.464,19;49/EUR 33.330,15;2667/EUR 1.837,07;0/EUR 0,00;165933/EUR 29,50;0/EUR 0,00;3406527/EUR 2,05
08.11.1980;12/13/15/16/30/36;41;0;2/2/0/7/7/2/8;NULL;0/EUR 0,00;7/EUR 468.495,83;30/EUR 54.657,82;1612/EUR 3.051,59;0/EUR 0,00;129337/EUR 37,99;0/EUR 0,00;2732320/EUR 2,56
15.11.1980;1/9/16/21/25/44;37;0;1/3/2/7/9/9/8;NULL;0/EUR 0,00;4/EUR 766.937,82;70/EUR 28.148,87;2544/EUR 1.980,39;0/EUR 0,00;182568/EUR 27,56;0/EUR 0,00;3508310/EUR 2,05
22.11.1980;5/21/26/30/31/45;47;0;0/0/5/4/0/4/8;NULL;0/EUR 0,00;6/EUR 557.602,09;31/EUR 53.961,49;2444/EUR 2.053,35;0/EUR 0,00;155930/EUR 32,16;0/EUR 0,00;3052394/EUR 2,35
29.11.1980;2/10/25/30/38/41;27;0;2/9/5/1/7/3/4;NULL;0/EUR 0,00;28/EUR 122.738,07;165/EUR 10.414,10;4467/EUR 1.153,73;0/EUR 0,00;198576/EUR 25,92;0/EUR 0,00;3276715/EUR 2,25
06.12.1980;12/14/36/38/42/49;6;0;3/0/5/1/3/1/2;NULL;0/EUR 0,00;9/EUR 402.545,62;81/EUR 22.363,60;2982/EUR 1.822,35;0/EUR 0,00;170403/EUR 31,85;0/EUR 0,00;3195243/EUR 2,45
13.12.1980;4/8/18/33/47/49;13;0;0/9/0/5/6/7/2;NULL;0/EUR 0,00;13/EUR 269.542,85;89/EUR 19.685,71;3047/EUR 1.725,00;0/EUR 0,00;162599/EUR 32,31;0/EUR 0,00;3035255/EUR 2,45
20.12.1980;3/6/8/32/33/40;25;0;3/2/2/3/2/1/4;NULL;0/EUR 0,00;11/EUR 315.891,62;60/EUR 28.956,40;2008/EUR 2.595,68;0/EUR 0,00;139372/EUR 37,38;0/EUR 0,00;3148817/EUR 2,35
27.12.1980;4/14/16/21/27/43;37;0;5/0/2/2/6/0/7;NULL;0/EUR 0,00;8/EUR 390.775,32;82/EUR 19.062,19;2642/EUR 1.774,90;0/EUR 0,00;154271/EUR 30,37;0/EUR 0,00;2826521/EUR 2,35
03.01.1981;6/12/19/22/31/40;28;0;6/6/0/1/7/6/3;NULL;0/EUR 0,00;24/EUR 139.142,26;140/EUR 11.926,45;4835/EUR 1.035,98;0/EUR 0,00;229599/EUR 21,78;0/EUR 0,00;3658614/EUR 1,94
10.01.1981;20/27/29/32/41/45;21;0;6/1/1/8/3/1/8;NULL;0/EUR 0,00;3/EUR 766.937,82;57/EUR 48.808,49;3137/EUR 1.620,28;0/EUR 0,00;169245/EUR 30,01;0/EUR 0,00;2995034/EUR 2,40
17.01.1981;23/28/29/34/38/46;30;0;4/3/6/5/4/0/5;NULL;0/EUR 0,00;9/EUR 382.620,78;52/EUR 33.111,36;2797/EUR 1.846,74;0/EUR 0,00;166385/EUR 31,04;0/EUR 0,00;3017859/EUR 2,45
24.01.1981;1/10/21/37/39/45;22;0;0/6/6/7/5/6/9;NULL;0/EUR 0,00;6/EUR 573.269,56;247/EUR 6.962,77;1945/EUR 2.652,63;0/EUR 0,00;124734/EUR 41,31;0/EUR 0,00;2742370/EUR 2,71
31.01.1981;11/12/24/31/42/48;43;0;7/2/1/4/1/4/2;NULL;0/EUR 0,00;19/EUR 182.290,13;72/EUR 24.052,14;4353/EUR 1.193,46;0/EUR 0,00;238285/EUR 21,78;0/EUR 0,00;4057479/EUR 1,84
07.02.1981;4/12/31/34/47/48;46;0;6/7/5/0/8/4/4;NULL;0/EUR 0,00;8/EUR 452.077,99;49/EUR 36.904,28;2703/EUR 2.006,97;0/EUR 0,00;160693/EUR 33,75;0/EUR 0,00;3052442/EUR 2,56
14.02.1981;17/20/22/33/34/45;25;0;9/2/8/7/0/9/6;NULL;0/EUR 0,00;8/EUR 434.947,72;43/EUR 40.460,21;2809/EUR 1.858,09;0/EUR 0,00;163186/EUR 31,96;0/EUR 0,00;3034538/EUR 2,45
21.02.1981;4/18/33/44/46/48;21;0;4/1/6/5/0/0/0;NULL;0/EUR 0,00;19/EUR 181.644,16;84/EUR 20.543,04;4098/EUR 1.263,25;0/EUR 0,00;176427/EUR 29,30;0/EUR 0,00;3104082/EUR 2,40
28.02.1981;7/9/20/22/26/29;30;0;4/6/7/4/4/2/5;NULL;0/EUR 0,00;9/EUR 381.750,51;57/EUR 30.138,15;3285/EUR 1.568,80;0/EUR 0,00;175182/EUR 29,40;0/EUR 0,00;3246977/EUR 2,25
07.03.1981;2/7/30/34/35/42;33;0;2/6/9/4/9/0/1;NULL;0/EUR 0,00;4/EUR 766.937,82;22/EUR 92.936,04;1750/EUR 2.921,32;0/EUR 0,00;131041/EUR 39,01;0/EUR 0,00;2890922/EUR 2,51
14.03.1981;8/10/11/21/27/48;20;0;7/5/5/6/3/2/0;NULL;0/EUR 0,00;2/EUR 766.937,82;43/EUR 84.605,00;2181/EUR 2.371,32;0/EUR 0,00;144120/EUR 35,84;0/EUR 0,00;2985986/EUR 2,45
21.03.1981;2/3/9/21/27/31;4;0;2/2/1/4/2/0/2;NULL;0/EUR 0,00;5/EUR 682.262,01;65/EUR 26.240,83;3958/EUR 1.292,80;0/EUR 0,00;213337/EUR 23,98;0/EUR 0,00;3739886/EUR 1,94
28.03.1981;6/15/18/23/36/47;14;0;3/1/2/1/4/8/9;NULL;0/EUR 0,00;24/EUR 140.714,79;71/EUR 23.782,74;4069/EUR 1.244,94;0/EUR 0,00;183301/EUR 27,61;0/EUR 0,00;3111484/EUR 2,30
04.04.1981;8/11/17/19/28/33;45;0;1/6/0/1/2/4/3;NULL;0/EUR 0,00;22/EUR 152.076,51;87/EUR 19.228,05;3785/EUR 1.325,88;0/EUR 0,00;221239/EUR 22,65;0/EUR 0,00;3846669/EUR 1,84
11.04.1981;2/19/27/28/37/39;47;0;4/7/5/1/5/2/6;NULL;0/EUR 0,00;5/EUR 658.259,66;35/EUR 47.018,50;2470/EUR 1.998,74;0/EUR 0,00;157362/EUR 31,34;0/EUR 0,00;3026279/EUR 2,35
18.04.1981;6/28/37/42/46/49;3;0;3/1/7/4/5/1/2;NULL;0/EUR 0,00;2/EUR 766.937,82;38/EUR 87.218,06;1922/EUR 2.522,41;0/EUR 0,00;123659/EUR 39,16;0/EUR 0,00;2431765/EUR 2,86
25.04.1981;2/14/26/27/43/47;41;0;3/8/6/6/4/3/2;NULL;0/EUR 0,00;8/EUR 407.050,56;46/EUR 35.395,66;2224/EUR 2.196,31;0/EUR 0,00;131696/EUR 37,07;0/EUR 0,00;2636525/EUR 2,66
02.05.1981;7/21/23/40/44/49;1;0;9/3/0/3/9/0/5;NULL;0/EUR 0,00;14/EUR 231.531,52;135/EUR 12.005,34;3184/EUR 1.527,02;0/EUR 0,00;179715/EUR 27,05;0/EUR 0,00;3180198/EUR 2,20
09.05.1981;5/6/18/27/29/32;43;0;0/5/7/0/6/2/2;NULL;0/EUR 0,00;13/EUR 257.571,26;76/EUR 22.029,11;3120/EUR 1.609,80;0/EUR 0,00;188539/EUR 26,64;0/EUR 0,00;3464891/EUR 2,05
16.05.1981;9/16/25/27/35/39;38;0;5/2/1/1/5/4/6;NULL;0/EUR 0,00;15/EUR 217.816,73;104/EUR 15.707,91;3500/EUR 1.400,22;0/EUR 0,00;204844/EUR 23,88;0/EUR 0,00;3624797/EUR 1,94
23.05.1981;25/30/35/41/44/48;37;0;6/5/6/9/3/8/6;NULL;0/EUR 0,00;11/EUR 294.521,92;88/EUR 18.407,58;2703/EUR 1.797,86;0/EUR 0,00;130936/EUR 37,07;0/EUR 0,00;2515279/EUR 2,76
30.05.1981;5/7/22/38/41/49;35;0;3/1/9/4/9/2/1;NULL;0/EUR 0,00;7/EUR 465.301,64;54/EUR 30.158,40;2158/EUR 2.263,95;0/EUR 0,00;133570/EUR 36,56;0/EUR 0,00;2791061/EUR 2,51
06.06.1981;12/13/18/29/33/45;31;0;8/6/1/3/4/5/0;NULL;0/EUR 0,00;5/EUR 681.321,38;87/EUR 19.578,18;3514/EUR 1.454,11;0/EUR 0,00;199101/EUR 25,62;0/EUR 0,00;3603139/EUR 2,05
13.06.1981;6/10/15/18/20/29;13;0;9/1/6/7/1/9/9;NULL;0/EUR 0,00;11/EUR 292.648,70;72/EUR 22.355,06;2439/EUR 1.979,77;0/EUR 0,00;132755/EUR 36,35;0/EUR 0,00;2595428/EUR 2,66
20.06.1981;7/10/23/34/36/43;2;0;3/5/8/5/4/7/8;NULL;0/EUR 0,00;9/EUR 352.430,53;71/EUR 22.337,12;2645/EUR 1.798,78;0/EUR 0,00;149913/EUR 31,70;0/EUR 0,00;2883039/EUR 2,35
27.06.1981;5/21/26/30/35/47;40;0;5/7/9/0/5/6/9;NULL;0/EUR 0,00;13/EUR 248.928,95;67/EUR 24.149,80;3555/EUR 1.365,40;0/EUR 0,00;165742/EUR 29,25;0/EUR 0,00;2907357/EUR 2,40
04.07.1981;7/11/29/30/35/48;21;0;8/6/4/3/2/1/6;NULL;0/EUR 0,00;5/EUR 735.929,96;44/EUR 41.814,17;1467/EUR 3.762,39;0/EUR 0,00;80182/EUR 68,82;0/EUR 0,00;1510936/EUR 5,27
11.07.1981;4/7/9/34/40/44;45;0;5/6/3/2/8/7/2;NULL;0/EUR 0,00;2/EUR 1.533.875,64;14/EUR 139.503,84;1134/EUR 4.429,42;0/EUR 0,00;73365/EUR 68,41;0/EUR 0,00;1489862/EUR 4,86
18.07.1981;7/15/23/25/32/46;45;0;7/9/9/2/9/0/8;NULL;0/EUR 0,00;9/EUR 383.742,86;27/EUR 63.957,14;1660/EUR 3.121,69;0/EUR 0,00;90053/EUR 57,52;0/EUR 0,00;1703849/EUR 4,35
25.07.1981;1/3/37/38/42/49;24;0;9/2/2/2/2/5/8;NULL;0/EUR 0,00;17/EUR 200.408,93;494/EUR 3.451,78;2630/EUR 1.943,47;0/EUR 0,00;121109/EUR 42,18;0/EUR 0,00;1715333/EUR 4,29
01.08.1981;1/5/14/16/18/48;35;0;0/1/0/9/6/7/8;NULL;0/EUR 0,00;2/EUR 1.533.875,64;15/EUR 132.380,11;916/EUR 5.519,65;0/EUR 0,00;59615/EUR 84,72;0/EUR 0,00;1294021/EUR 5,62
08.08.1981;4/7/9/11/42/48;10;0;5/7/0/4/6/9/1;NULL;0/EUR 0,00;6/EUR 547.713,45;33/EUR 50.558,13;1517/EUR 3.249,41;0/EUR 0,00;90144/EUR 54,66;0/EUR 0,00;1678672/EUR 4,19
15.08.1981;17/21/23/24/32/35;26;0;9/5/2/2/4/4/4;NULL;0/EUR 0,00;6/EUR 560.614,57;124/EUR 13.563,24;1914/EUR 2.636,12;0/EUR 0,00;106269/EUR 47,45;0/EUR 0,00;1880889/EUR 3,83
22.08.1981;15/25/30/34/41/42;46;0;4/7/8/7/5/8/6;NULL;0/EUR 0,00;2/EUR 1.533.875,64;21/EUR 95.572,83;920/EUR 5.516,02;0/EUR 0,00;60065/EUR 84,47;0/EUR 0,00;1273306/EUR 5,73
29.08.1981;2/12/14/34/36/48;4;0;4/7/8/8/0/6/4;NULL;0/EUR 0,00;13/EUR 272.393,36;28/EUR 60.802,17;1448/EUR 3.514,11;0/EUR 0,00;74688/EUR 68,10;0/EUR 0,00;1391243/EUR 5,27
05.09.1981;25/27/28/34/45/49;19;0;6/1/5/9/0/2/2;NULL;0/EUR 0,00;3/EUR 1.125.923,21;23/EUR 75.061,53;796/EUR 6.369,11;0/EUR 0,00;61405/EUR 82,47;0/EUR 0,00;1409817/EUR 5,16
12.09.1981;1/2/15/30/33/34;29;0;1/9/4/9/8/0/0;NULL;0/EUR 0,00;1/EUR 1.533.875,64;14/EUR 254.148,32;725/EUR 7.028,22;0/EUR 0,00;50325/EUR 101,13;0/EUR 0,00;1148308/EUR 6,39
19.09.1981;1/16/20/33/36/37;27;0;7/9/7/3/1/7/1;NULL;0/EUR 0,00;2/EUR 1.533.875,64;8/EUR 279.824,73;949/EUR 5.591,49;0/EUR 0,00;58243/EUR 91,06;0/EUR 0,00;1248780/EUR 6,14
26.09.1981;4/8/30/33/45/48;15;0;4/0/3/6/5/7/3;NULL;0/EUR 0,00;7/EUR 491.477,58;42/EUR 40.956,42;1517/EUR 3.401,78;0/EUR 0,00;75629/EUR 68,21;0/EUR 0,00;1388462/EUR 5,37
03.10.1981;4/19/21/32/36/42;17;0;9/8/1/6/1/9/8;NULL;0/EUR 0,00;10/EUR 346.140,67;111/EUR 15.662,46;2493/EUR 2.083,05;0/EUR 0,00;111005/EUR 46,73;0/EUR 0,00;1833119/EUR 4,09
10.10.1981;11/15/18/33/38/48;29;0;6/0/1/9/1/2/6;NULL;0/EUR 0,00;9/EUR 383.334,70;25/EUR 69.000,22;1903/EUR 2.719,36;0/EUR 0,00;93186/EUR 55,53;0/EUR 0,00;1598523/EUR 4,65
17.10.1981;5/11/17/18/37/40;42;0;4/8/3/8/0/3/1;NULL;0/EUR 0,00;4/EUR 867.672,34;39/EUR 45.073,86;1595/EUR 3.264,96;0/EUR 0,00;91756/EUR 56,70;0/EUR 0,00;1717304/EUR 4,35
24.10.1981;3/10/37/38/43/49;39;0;9/1/5/3/2/1/1;NULL;0/EUR 0,00;2/EUR 1.533.875,64;29/EUR 72.917,69;960/EUR 5.401,08;0/EUR 0,00;69476/EUR 74,55;0/EUR 0,00;1438512/EUR 5,16
31.10.1981;10/12/17/24/27/32;25;0;8/9/1/5/1/8/6;NULL;0/EUR 0,00;6/EUR 593.774,82;51/EUR 35.273,72;2829/EUR 1.889,33;0/EUR 0,00;139772/EUR 38,19;0/EUR 0,00;2156101/EUR 3,58
07.11.1981;1/2/10/20/26/37;42;0;3/7/7/6/9/1/8;NULL;0/EUR 0,00;6/EUR 592.488,36;36/EUR 50.069,43;1334/EUR 3.998,76;0/EUR 0,00;79811/EUR 66,77;0/EUR 0,00;1517963/EUR 5,06
14.11.1981;5/7/20/31/35/46;10;0;2/2/2/1/7/4/9;NULL;0/EUR 0,00;3/EUR 1.203.303,56;86/EUR 20.987,82;1845/EUR 2.935,63;0/EUR 0,00;90988/EUR 59,46;0/EUR 0,00;1667257/EUR 4,65
21.11.1981;14/17/25/35/45/46;24;0;5/3/2/2/1/1/0;NULL;0/EUR 0,00;2/EUR 1.533.875,64;43/EUR 53.378,92;1135/EUR 4.703,68;0/EUR 0,00;72126/EUR 73,98;0/EUR 0,00;1421718/EUR 5,42
28.11.1981;4/10/15/18/21/31;43;0;8/8/9/0/0/0/6;NULL;0/EUR 0,00;4/EUR 907.701,49;40/EUR 45.385,03;1922/EUR 2.833,58;0/EUR 0,00;101494/EUR 53,63;0/EUR 0,00;1743056/EUR 4,50
05.12.1981;17/23/28/42/47/48;44;0;7/3/6/6/4/7/2;NULL;0/EUR 0,00;3/EUR 1.319.708,21;28/EUR 71.984,07;1462/EUR 4.062,01;0/EUR 0,00;86526/EUR 68,62;0/EUR 0,00;1707357/EUR 5,01
12.12.1981;14/25/30/35/40/44;42;0;6/9/6/0/2/1/0;NULL;0/EUR 0,00;14/EUR 264.033,84;36/EUR 52.063,01;2263/EUR 2.450,67;0/EUR 0,00;99245/EUR 55,83;0/EUR 0,00;1511429/EUR 5,27
19.12.1981;1/21/22/23/30/47;10;0;0/8/6/5/6/4/8;NULL;0/EUR 0,00;3/EUR 1.229.763,78;27/EUR 68.320,20;654/EUR 8.461,68;0/EUR 0,00;53297/EUR 103,79;0/EUR 0,00;1267459/EUR 6,29
26.12.1981;4/6/11/19/20/49;34;0;1/4/0/7/3/5/8;NULL;0/EUR 0,00;11/EUR 315.662,56;40/EUR 43.953,00;2511/EUR 2.074,21;0/EUR 0,00;116553/EUR 44,69;0/EUR 0,00;1883767/EUR 3,99
02.01.1982;2/15/21/24/34/37;14;0;1/5/2/9/8/6/2;NULL;0/EUR 0,00;4/EUR 838.051,57;41/EUR 40.880,55;1577/EUR 3.189,49;0/EUR 0,00;78220/EUR 64,27;0/EUR 0,00;1421081/EUR 5,06
09.01.1982;22/26/28/33/44/46;32;0;1/0/9/8/7/0/8;NULL;0/EUR 0,00;11/EUR 341.213,76;23/EUR 79.616,53;1622/EUR 3.313,22;0/EUR 0,00;82328/EUR 65,24;0/EUR 0,00;1464153/EUR 5,27
16.01.1982;8/19/21/25/34/48;36;0;1/2/3/2/3/7/5;NULL;0/EUR 0,00;4/EUR 919.463,45;44/EUR 41.793,77;1688/EUR 3.268,23;0/EUR 0,00;98563/EUR 55,94;0/EUR 0,00;1867773/EUR 4,24
23.01.1982;8/12/26/27/39/45;7;0;0/6/6/9/6/4/6;NULL;0/EUR 0,00;16/EUR 227.979,37;31/EUR 58.833,39;1640/EUR 3.337,25;0/EUR 0,00;96330/EUR 56,75;0/EUR 0,00;1793318/EUR 4,40
30.01.1982;14/19/23/24/25/31;5;0;9/6/0/6/0/4/0;NULL;0/EUR 0,00;6/EUR 614.984,64;23/EUR 80.215,36;1203/EUR 4.600,86;0/EUR 0,00;88119/EUR 62,79;0/EUR 0,00;1814436/EUR 4,40
06.02.1982;1/7/14/40/41/47;38;0;2/8/9/9/2/4/4;NULL;0/EUR 0,00;4/EUR 932.627,84;22/EUR 84.784,31;1229/EUR 4.553,11;0/EUR 0,00;67374/EUR 83,03;0/EUR 0,00;1404509/EUR 5,73
13.02.1982;4/21/28/30/36/39;13;0;4/2/2/8/5/6/2;NULL;0/EUR 0,00;3/EUR 1.241.833,59;34/EUR 54.786,77;1257/EUR 4.445,68;0/EUR 0,00;77890/EUR 71,73;0/EUR 0,00;1590239/EUR 5,06
20.02.1982;2/12/16/17/33/49;32;0;4/9/1/7/2/2/7;NULL;0/EUR 0,00;8/EUR 490.935,26;70/EUR 26.300,09;2008/EUR 2.751,16;0/EUR 0,00;113489/EUR 48,62;0/EUR 0,00;1950698/EUR 4,04
27.02.1982;8/11/24/32/46/47;27;0;0/5/3/0/9/1/2;NULL;0/EUR 0,00;6/EUR 675.306,03;73/EUR 25.439,58;1862/EUR 2.992,85;0/EUR 0,00;98653/EUR 56,45;0/EUR 0,00;1786451/EUR 4,50
06.03.1982;24/27/28/31/35/36;17;0;3/9/6/9/6/3/9;NULL;0/EUR 0,00;11/EUR 377.808,19;40/EUR 50.215,00;1395/EUR 4.265,55;0/EUR 0,00;75453/EUR 78,84;0/EUR 0,00;1600571/EUR 5,37
13.03.1982;9/11/25/28/41/48;35;0;4/6/9/0/7/6/0;NULL;0/EUR 0,00;13/EUR 299.769,87;52/EUR 36.030,02;1959/EUR 2.869,88;0/EUR 0,00;104067/EUR 53,99;0/EUR 0,00;1935426/EUR 4,19
20.03.1982;7/10/14/36/40/48;8;0;6/9/1/8/8/7/8;NULL;0/EUR 0,00;5/EUR 740.574,59;20/EUR 92.571,80;1417/EUR 3.921,15;0/EUR 0,00;81208/EUR 68,36;0/EUR 0,00;1555798/EUR 5,11
27.03.1982;25/27/38/39/41/47;11;0;1/2/7/9/5/1/0;NULL;0/EUR 0,00;5/EUR 723.394,52;68/EUR 26.595,36;2242/EUR 2.419,89;0/EUR 0,00;107823/EUR 50,31;0/EUR 0,00;1782182/EUR 4,40
03.04.1982;6/26/32/37/42/48;40;0;0/8/2/6/5/5/5;NULL;0/EUR 0,00;10/EUR 359.489,99;19/EUR 94.602,60;1905/EUR 2.830,61;0/EUR 0,00;102894/EUR 52,36;0/EUR 0,00;1794599/EUR 4,29
10.04.1982;5/18/21/26/41/42;25;0;0/9/1/7/8/0/1;NULL;0/EUR 0,00;1/EUR 1.533.875,64;31/EUR 122.100,34;1391/EUR 3.825,23;0/EUR 0,00;86880/EUR 61,20;0/EUR 0,00;1680130/EUR 4,55
17.04.1982;6/13/23/35/37/39;28;0;0/4/6/0/9/9/3;NULL;0/EUR 0,00;7/EUR 504.806,25;24/EUR 73.617,54;1386/EUR 3.825,64;0/EUR 0,00;82290/EUR 64,37;0/EUR 0,00;1571067/EUR 4,86
24.04.1982;5/12/22/35/38/42;31;0;8/6/7/6/8/9/2;NULL;0/EUR 0,00;14/EUR 239.508,70;32/EUR 52.392,49;1784/EUR 2.820,08;0/EUR 0,00;82097/EUR 61,25;0/EUR 0,00;1421847/EUR 5,06
28.04.1982;1/12/17/18/20/21;0;0;8/9/0/4/8/4/0;NULL;0/EUR 0,00;0/EUR 0,00;22/EUR 68.365,30;292/EUR 5.150,81;0/EUR 0,00;25686/EUR 58,54;0/EUR 0,00;535414/EUR 4,04
01.05.1982;3/13/17/19/22/40;33;0;5/8/6/8/9/1/9;NULL;0/EUR 0,00;4/EUR 892.485,54;47/EUR 33.230,80;1662/EUR 2.819,21;0/EUR 0,00;98460/EUR 47,55;0/EUR 0,00;1739901/EUR 3,89
05.05.1982;4/11/14/27/29/34;0;0;4/6/3/4/9/5/9;NULL;0/EUR 0,00;2/EUR 537.093,41;24/EUR 22.378,89;993/EUR 1.622,64;0/EUR 0,00;45692/EUR 35,23;0/EUR 0,00;710291/EUR 3,27
08.05.1982;5/12/18/24/33/39;4;0;9/7/0/2/9/1/1;NULL;0/EUR 0,00;44/EUR 69.469,59;91/EUR 16.794,81;4869/EUR 941,65;0/EUR 0,00;136256/EUR 33,64;0/EUR 0,00;1867983/EUR 3,53
12.05.1982;1/3/9/10/22/35;0;0;3/0/8/5/4/3/3;NULL;0/EUR 0,00;5/EUR 219.148,44;22/EUR 24.903,19;636/EUR 2.584,27;0/EUR 0,00;36771/EUR 44,69;0/EUR 0,00;630219/EUR 3,73
15.05.1982;7/14/18/31/32/38;12;0;4/9/7/1/7/0/9;NULL;0/EUR 0,00;4/EUR 746.971,87;23/EUR 64.954,06;1379/EUR 3.251,20;0/EUR 0,00;81309/EUR 55,12;0/EUR 0,00;1532913/EUR 4,19
19.05.1982;10/11/17/19/22/26;0;0;4/5/9/2/0/3/8;NULL;0/EUR 0,00;3/EUR 350.084,62;17/EUR 30.889,80;735/EUR 2.143,34;0/EUR 0,00;40584/EUR 38,81;0/EUR 0,00;712671/EUR 3,17
22.05.1982;10/14/17/22/37/38;48;0;1/8/5/1/9/6/2;NULL;0/EUR 0,00;3/EUR 1.152.695,38;16/EUR 90.054,30;962/EUR 4.493,34;0/EUR 0,00;59703/EUR 72,40;0/EUR 0,00;1187535/EUR 5,22
26.05.1982;4/10/11/18/29/35;0;0;6/3/2/8/0/7/9;NULL;0/EUR 0,00;3/EUR 337.065,18;46/EUR 10.991,24;1037/EUR 1.462,65;0/EUR 0,00;42754/EUR 35,43;0/EUR 0,00;616529/EUR 3,53
29.05.1982;3/4/10/12/23/33;47;0;1/0/5/4/6/4/3;NULL;0/EUR 0,00;3/EUR 1.000.281,42;19/EUR 81.103,88;1547/EUR 2.910,58;0/EUR 0,00;92931/EUR 48,42;0/EUR 0,00;1654792/EUR 3,89
02.06.1982;3/9/10/13/16/35;0;0;3/7/4/5/1/9/1;NULL;0/EUR 0,00;1/EUR 766.937,82;23/EUR 25.964,37;475/EUR 2.871,82;0/EUR 0,00;29725/EUR 45,86;0/EUR 0,00;550234/EUR 3,58
05.06.1982;3/5/11/13/21/27;29;0;7/7/1/6/5/2/9;NULL;0/EUR 0,00;22/EUR 134.092,12;76/EUR 19.408,03;2947/EUR 1.501,51;0/EUR 0,00;126543/EUR 34,92;0/EUR 0,00;1831285/EUR 3,48
09.06.1982;2/6/8/28/36/38;0;0;4/7/4/8/1/5/3;NULL;0/EUR 0,00;14/EUR 67.063,19;37/EUR 12.687,61;1438/EUR 979,33;0/EUR 0,00;54686/EUR 25,72;0/EUR 0,00;694397/EUR 2,91
12.06.1982;1/3/12/20/33/37;44;0;5/0/1/5/3/9/9;NULL;0/EUR 0,00;5/EUR 572.394,12;27/EUR 52.999,44;1240/EUR 3.462,06;0/EUR 0,00;73472/EUR 58,39;0/EUR 0,00;1329609/EUR 4,65
16.06.1982;4/11/13/16/25/37;0;0;2/2/8/7/5/3/0;NULL;0/EUR 0,00;4/EUR 237.619,68;45/EUR 10.560,84;1021/EUR 1.396,39;0/EUR 0,00;47591/EUR 29,91;0/EUR 0,00;692345/EUR 2,97
19.06.1982;1/2/6/11/22/48;26;0;4/8/7/4/5/6/6;NULL;0/EUR 0,00;1/EUR 1.533.875,64;32/EUR 86.063,41;994/EUR 4.313,77;0/EUR 0,00;68536/EUR 62,53;0/EUR 0,00;1315599/EUR 4,70
23.06.1982;3/10/30/31/35/38;0;0;7/1/3/6/1/7/4;NULL;0/EUR 0,00;5/EUR 179.810,62;26/EUR 17.289,44;603/EUR 2.236,44;0/EUR 0,00;33771/EUR 39,93;0/EUR 0,00;584086/EUR 3,32
26.06.1982;7/11/13/14/21/35;40;0;3/4/0/1/3/4/5;NULL;0/EUR 0,00;5/EUR 569.311,34;21/EUR 67.775,16;2293/EUR 1.862,48;0/EUR 0,00;168773/EUR 25,26;0/EUR 0,00;1656396/EUR 3,68
30.06.1982;1/11/14/17/27/38;0;0;9/7/6/6/2/1/6;NULL;0/EUR 0,00;2/EUR 440.251,96;43/EUR 10.238,42;813/EUR 1.624,53;0/EUR 0,00;41290/EUR 31,96;0/EUR 0,00;639794/EUR 2,97
03.07.1982;1/7/13/16/37/39;17;0;3/7/4/2/7/2/2;NULL;0/EUR 0,00;5/EUR 576.525,46;41/EUR 35.153,98;1278/EUR 3.384,65;0/EUR 0,00;72495/EUR 59,62;0/EUR 0,00;1381089/EUR 4,50
07.07.1982;2/10/19/22/26/35;0;0;6/1/6/0/3/9/0;NULL;0/EUR 0,00;5/EUR 178.967,24;29/EUR 15.428,18;781/EUR 1.718,61;0/EUR 0,00;38488/EUR 34,87;0/EUR 0,00;640821/EUR 3,02
10.07.1982;1/12/14/21/29/46;47;0;8/2/3/1/0/7/9;NULL;0/EUR 0,00;2/EUR 1.391.808,90;10/EUR 139.180,86;716/EUR 5.831,59;0/EUR 0,00;48434/EUR 86,20;0/EUR 0,00;1046826/EUR 5,73
14.07.1982;15/25/29/32/33/38;0;0;6/1/2/3/5/5/6;NULL;0/EUR 0,00;0/EUR 0,00;26/EUR 49.066,53;628/EUR 2.031,41;0/EUR 0,00;35508/EUR 35,89;0/EUR 0,00;597884/EUR 3,07
17.07.1982;21/27/28/37/39/44;14;0;4/8/8/6/4/0/8;NULL;0/EUR 0,00;2/EUR 1.378.493,27;34/EUR 40.543,91;1413/EUR 2.926,74;0/EUR 0,00;51087/EUR 80,94;0/EUR 0,00;1075441/EUR 5,52
21.07.1982;6/14/22/30/31/37;0;0;8/9/4/5/9/8/4;NULL;0/EUR 0,00;7/EUR 119.253,67;31/EUR 13.464,10;889/EUR 1.408,51;0/EUR 0,00;36904/EUR 33,90;0/EUR 0,00;540295/EUR 3,32
24.07.1982;5/13/26/31/33/38;1;0;3/1/4/8/7/2/7;NULL;0/EUR 0,00;7/EUR 394.202,05;35/EUR 39.420,20;1868/EUR 2.215,79;0/EUR 0,00;87980/EUR 47,04;0/EUR 0,00;1507093/EUR 3,94
28.07.1982;2/4/5/15/30/35;0;0;2/5/1/1/5/9/7;NULL;0/EUR 0,00;0/EUR 0,00;13/EUR 96.103,39;294/EUR 4.249,45;0/EUR 0,00;20418/EUR 61,15;0/EUR 0,00;418926/EUR 4,29
31.07.1982;18/19/21/28/34/38;33;0;8/3/4/2/8/7/6;NULL;0/EUR 0,00;4/EUR 695.013,37;21/EUR 66.191,74;850/EUR 4.905,95;0/EUR 0,00;62004/EUR 67,23;0/EUR 0,00;1319777/EUR 4,55
04.08.1982;6/7/18/19/21/33;0;0;4/9/0/2/6/5/6;NULL;0/EUR 0,00;3/EUR 269.999,74;18/EUR 22.499,96;657/EUR 1.849,29;0/EUR 0,00;32344/EUR 37,53;0/EUR 0,00;576079/EUR 3,02
07.08.1982;2/14/38/41/46/49;47;0;6/4/4/3/0/0/0;NULL;0/EUR 0,00;1/EUR 1.533.875,64;9/EUR 291.467,10;690/EUR 6.024,71;0/EUR 0,00;48788/EUR 85,18;0/EUR 0,00;1021502/EUR 5,83
11.08.1982;7/16/28/31/35/37;0;0;9/5/1/7/8/7/6;NULL;0/EUR 0,00;1/EUR 766.937,82;31/EUR 14.565,68;698/EUR 1.745,65;0/EUR 0,00;37727/EUR 32,26;0/EUR 0,00;585996/EUR 2,97
14.08.1982;2/8/17/24/28/37;14;0;3/8/1/3/6/1/9;NULL;0/EUR 0,00;6/EUR 472.047,72;48/EUR 29.502,97;1573/EUR 2.700,80;0/EUR 0,00;79734/EUR 53,28;0/EUR 0,00;1393575/EUR 4,40
18.08.1982;2/6/7/9/10/20;0;0;8/8/2/0/1/4/0;NULL;0/EUR 0,00;0/EUR 0,00;10/EUR 122.799,02;423/EUR 2.903,01;0/EUR 0,00;24481/EUR 50,16;0/EUR 0,00;436202/EUR 4,04
21.08.1982;6/17/21/34/35/39;36;0;2/4/9/1/2/7/7;NULL;0/EUR 0,00;2/EUR 1.421.053,82;21/EUR 67.669,22;1335/EUR 3.193,38;0/EUR 0,00;73655/EUR 57,88;0/EUR 0,00;1319508/EUR 4,65
25.08.1982;13/15/16/17/20/34;0;0;0/2/9/4/8/8/6;NULL;0/EUR 0,00;1/EUR 766.937,82;1/EUR 460.974,16;613/EUR 2.003,09;0/EUR 0,00;33063/EUR 37,12;0/EUR 0,00;422563/EUR 4,19
28.08.1982;4/11/16/27/28/41;19;0;0/7/4/1/6/2/8;NULL;0/EUR 0,00;4/EUR 719.983,69;52/EUR 27.691,67;1588/EUR 2.720,33;0/EUR 0,00;83550/EUR 51,69;0/EUR 0,00;1442943/EUR 4,29
01.09.1982;2/21/22/26/33/38;0;0;0/0/7/2/1/7/8;NULL;0/EUR 0,00;18/EUR 46.329,74;52/EUR 8.018,59;1076/EUR 1.162,52;0/EUR 0,00;46301/EUR 27,00;0/EUR 0,00;664626/EUR 2,71
04.09.1982;1/10/28/30/34/35;33;0;0/4/4/7/2/7/8;NULL;0/EUR 0,00;1/EUR 1.533.875,64;15/EUR 197.698,47;732/EUR 6.146,65;0/EUR 0,00;52130/EUR 86,31;0/EUR 0,00;1142999/EUR 5,68
08.09.1982;1/5/15/23/29/38;0;0;9/4/2/5/1/4/0;NULL;0/EUR 0,00;5/EUR 164.250,27;30/EUR 13.687,49;688/EUR 1.790,49;0/EUR 0,00;31658/EUR 38,91;0/EUR 0,00;505901/EUR 3,48
11.09.1982;1/4/16/20/31/42;24;0;8/4/5/4/2/4/4;NULL;0/EUR 0,00;6/EUR 477.900,84;25/EUR 57.348,08;1265/EUR 3.400,04;0/EUR 0,00;62416/EUR 68,87;0/EUR 0,00;1145693/EUR 5,42
15.09.1982;3/7/9/13/21/32;0;0;9/7/5/0/8/2/4;NULL;0/EUR 0,00;2/EUR 395.996,79;15/EUR 26.399,74;996/EUR 1.192,74;0/EUR 0,00;45418/EUR 26,13;0/EUR 0,00;625594/EUR 2,71
18.09.1982;6/7/21/25/33/48;2;0;6/3/0/0/6/2/1;NULL;0/EUR 0,00;5/EUR 569.584,73;33/EUR 43.150,32;1390/EUR 3.073,27;0/EUR 0,00;85596/EUR 49,90;0/EUR 0,00;1566462/EUR 3,94
22.09.1982;4/7/16/22/24/32;0;0;2/1/8/0/6/1/4;NULL;0/EUR 0,00;2/EUR 389.104,27;13/EUR 29.931,08;558/EUR 2.091,95;0/EUR 0,00;27575/EUR 42,28;0/EUR 0,00;480150/EUR 3,48
25.09.1982;10/16/26/42/44/48;22;0;7/5/0/8/6/8/7;NULL;0/EUR 0,00;2/EUR 1.424.021,87;17/EUR 83.765,97;974/EUR 4.386,07;0/EUR 0,00;56145/EUR 76,08;0/EUR 0,00;1124047/EUR 5,47
29.09.1982;11/15/19/22/25/27;0;0;6/9/6/0/2/8/9;NULL;0/EUR 0,00;11/EUR 70.004,29;27/EUR 14.260,14;1054/EUR 1.095,85;0/EUR 0,00;42044/EUR 27,46;0/EUR 0,00;599210/EUR 2,76
02.10.1982;3/5/20/33/37/47;4;0;6/9/0/0/1/9/2;NULL;0/EUR 0,00;6/EUR 475.584,53;16/EUR 89.172,07;1579/EUR 2.710,72;0/EUR 0,00;73224/EUR 58,44;0/EUR 0,00;1267860/EUR 4,86
06.10.1982;2/7/15/17/29/33;0;0;5/4/3/6/5/3/3;NULL;0/EUR 0,00;4/EUR 192.681,62;18/EUR 21.409,07;768/EUR 1.505,29;0/EUR 0,00;32609/EUR 35,43;0/EUR 0,00;480645/EUR 3,43
09.10.1982;2/18/34/36/38/44;37;0;6/2/0/8/1/0/7;NULL;0/EUR 0,00;3/EUR 953.524,49;13/EUR 110.022,04;1051/EUR 4.082,61;0/EUR 0,00;65255/EUR 65,75;0/EUR 0,00;1234534/EUR 5,01
13.10.1982;7/11/16/21/30/37;0;0;1/9/9/5/3/5/8;NULL;0/EUR 0,00;1/EUR 762.208,88;23/EUR 16.569,74;668/EUR 1.711,50;0/EUR 0,00;32354/EUR 35,33;0/EUR 0,00;528550/EUR 3,12
16.10.1982;2/19/25/28/40/47;35;0;0/8/2/8/1/4/9;NULL;0/EUR 0,00;6/EUR 478.285,89;20/EUR 71.742,84;1179/EUR 3.651,03;0/EUR 0,00;70433/EUR 61,10;0/EUR 0,00;1354101/EUR 4,55
20.10.1982;9/12/14/15/25/34;0;0;0/6/5/0/5/7/3;NULL;0/EUR 0,00;0/EUR 0,00;7/EUR 163.663,20;290/EUR 3.950,45;0/EUR 0,00;20300/EUR 56,40;0/EUR 0,00;428054/EUR 3,83
23.10.1982;3/10/15/27/42/45;16;0;5/6/7/0/1/9/0;NULL;0/EUR 0,00;8/EUR 360.340,52;11/EUR 131.032,91;1412/EUR 3.062,38;0/EUR 0,00;67748/EUR 63,81;0/EUR 0,00;1248741/EUR 4,96
27.10.1982;1/2/21/28/30/36;0;0;7/1/9/2/5/4/4;NULL;0/EUR 0,00;4/EUR 196.732,38;31/EUR 12.692,41;464/EUR 2.543,93;0/EUR 0,00;25695/EUR 45,91;0/EUR 0,00;433832/EUR 3,89
30.10.1982;9/14/22/23/38/44;35;0;8/3/2/2/6/6/9;NULL;0/EUR 0,00;5/EUR 586.306,84;31/EUR 47.282,79;1198/EUR 3.670,51;0/EUR 0,00;72965/EUR 60,23;0/EUR 0,00;1372614/EUR 4,60
03.11.1982;3/4/5/11/12/32;0;0;9/9/2/5/7/8/7;NULL;0/EUR 0,00;2/EUR 378.796,47;10/EUR 37.879,62;541/EUR 2.100,49;0/EUR 0,00;23693/EUR 47,96;0/EUR 0,00;429836/EUR 3,78
06.11.1982;10/11/20/25/35/47;32;0;4/6/6/3/1/4/7;NULL;0/EUR 0,00;1/EUR 1.533.875,64;34/EUR 84.092,12;1235/EUR 3.557,06;0/EUR 0,00;74355/EUR 59,05;0/EUR 0,00;1350381/EUR 4,65
10.11.1982;1/3/17/26/31/35;0;0;9/9/4/8/4/3/7;NULL;0/EUR 0,00;10/EUR 77.685,69;73/EUR 5.320,91;1259/EUR 925,54;0/EUR 0,00;38991/EUR 29,86;0/EUR 0,00;528202/EUR 3,17
13.11.1982;9/19/20/27/30/39;46;0;0/4/6/9/9/1/1;NULL;0/EUR 0,00;4/EUR 745.629,68;43/EUR 34.680,42;1883/EUR 2.375,87;0/EUR 0,00;95554/EUR 46,78;0/EUR 0,00;1603290/EUR 3,99
17.11.1982;5/6/7/12/27/30;0;0;7/5/9/8/0/9/6;NULL;0/EUR 0,00;4/EUR 203.931,02;19/EUR 21.466,39;606/EUR 2.019,09;0/EUR 0,00;30084/EUR 40,65;0/EUR 0,00;514953/EUR 3,43
20.11.1982;6/13/28/29/32/48;49;0;5/5/0/2/9/1/6;NULL;0/EUR 0,00;5/EUR 591.595,64;39/EUR 37.922,77;1474/EUR 3.010,13;0/EUR 0,00;71985/EUR 61,61;0/EUR 0,00;1343219/EUR 4,76
24.11.1982;2/17/23/26/28/37;0;0;9/5/2/1/5/4/7;NULL;0/EUR 0,00;4/EUR 198.181,18;14/EUR 28.311,56;998/EUR 1.191,46;0/EUR 0,00;39561/EUR 30,01;0/EUR 0,00;571219/EUR 2,97
27.11.1982;2/13/17/22/36/45;14;0;8/7/0/0/4/1/8;NULL;0/EUR 0,00;8/EUR 374.014,61;29/EUR 51.588,23;1399/EUR 3.208,10;0/EUR 0,00;68781/EUR 65,24;0/EUR 0,00;1256695/EUR 5,11
01.12.1982;6/8/9/13/15/18;0;0;3/8/2/9/0/7/3;NULL;0/EUR 0,00;4/EUR 202.660,66;11/EUR 36.847,37;1073/EUR 1.133,23;0/EUR 0,00;33490/EUR 36,30;0/EUR 0,00;490566/EUR 3,58
04.12.1982;3/27/30/38/44/46;8;0;9/2/7/3/0/9/2;NULL;0/EUR 0,00;2/EUR 1.533.875,64;42/EUR 44.216,83;1025/EUR 4.804,71;0/EUR 0,00;68720/EUR 71,63;0/EUR 0,00;1364347/EUR 5,16
08.12.1982;3/4/6/7/29/33;0;0;5/1/9/4/4/2/4;NULL;0/EUR 0,00;1/EUR 766.937,82;10/EUR 45.919,28;475/EUR 2.581,31;0/EUR 0,00;25670/EUR 47,75;0/EUR 0,00;534379/EUR 3,27
11.12.1982;15/18/27/31/33/35;21;0;6/9/8/7/0/3/6;NULL;0/EUR 0,00;15/EUR 205.049,06;90/EUR 17.087,37;2044/EUR 2.257,10;0/EUR 0,00;98368/EUR 46,89;0/EUR 0,00;1557520/EUR 4,24
15.12.1982;3/7/10/15/29/32;0;0;4/1/5/1/0/8/6;NULL;0/EUR 0,00;2/EUR 406.675,12;24/EUR 16.944,78;520/EUR 2.346,17;0/EUR 0,00;26864/EUR 45,40;0/EUR 0,00;464579/EUR 3,78
18.12.1982;11/17/24/25/36/46;41;0;7/5/5/1/2/0/4;NULL;0/EUR 0,00;6/EUR 515.526,20;34/EUR 45.487,59;1272/EUR 3.647,56;0/EUR 0,00;86747/EUR 53,48;0/EUR 0,00;1628876/EUR 4,09
22.12.1982;2/10/22/24/32/37;0;0;7/1/3/1/0/6/5;NULL;0/EUR 0,00;0/EUR 0,00;19/EUR 64.596,51;564/EUR 2.176,11;0/EUR 0,00;30047/EUR 40,80;0/EUR 0,00;507636/EUR 3,48
25.12.1982;10/16/20/21/22/44;39;0;9/8/8/2/3/0/8;NULL;0/EUR 0,00;0/EUR 0,00;12/EUR 367.739,83;754/EUR 5.852,60;0/EUR 0,00;56155/EUR 78,53;0/EUR 0,00;1164865/EUR 5,47
29.12.1982;7/13/18/20/24/27;0;0;9/0/1/7/9/1/0;NULL;0/EUR 0,00;2/EUR 385.274,64;18/EUR 21.404,11;611/EUR 1.891,68;0/EUR 0,00;31888/EUR 36,20;0/EUR 0,00;491934/EUR 3,37
01.01.1983;6/7/9/12/29/48;16;0;NULL;NULL;0/EUR 0,00;5/EUR 577.889,34;29/EUR 49.818,03;1383/EUR 3.133,86;0/EUR 0,00;80633/EUR 53,74;0/EUR 0,00;1519347/EUR 4,09
05.01.1983;14/19/21/22/25/27;0;0;2/0/4/2/7/3/7;NULL;0/EUR 0,00;3/EUR 255.182,35;51/EUR 7.505,36;918/EUR 1.250,88;0/EUR 0,00;37950/EUR 30,22;0/EUR 0,00;512921/EUR 3,22
08.01.1983;5/6/16/20/28/41;26;0;8/8/1/2/8/1/0;NULL;0/EUR 0,00;4/EUR 756.780,70;70/EUR 21.622,28;1331/EUR 3.411,44;0/EUR 0,00;59066/EUR 76,85;0/EUR 0,00;1199374/EUR 5,42
12.01.1983;3/10/15/20/25/32;0;0;7/2/8/7/1/6/6;NULL;0/EUR 0,00;6/EUR 135.607,59;42/EUR 9.686,22;726/EUR 1.681,08;0/EUR 0,00;33144/EUR 36,81;0/EUR 0,00;561702/EUR 3,12
15.01.1983;2/4/24/34/37/42;38;0;7/7/9/6/2/1/8;NULL;0/EUR 0,00;8/EUR 387.259,88;23/EUR 67.349,51;1443/EUR 3.220,42;0/EUR 0,00;85170/EUR 54,55;0/EUR 0,00;1489594/EUR 4,50
19.01.1983;13/15/32/34/36/37;0;0;0/8/2/8/6/9/6;NULL;0/EUR 0,00;0/EUR 0,00;18/EUR 68.015,83;483/EUR 2.534,73;0/EUR 0,00;25764/EUR 47,50;0/EUR 0,00;483999/EUR 3,63
22.01.1983;1/4/9/10/38/48;44;0;2/4/1/8/9/6/2;NULL;0/EUR 0,00;3/EUR 1.018.257,52;22/EUR 69.426,64;967/EUR 4.738,50;0/EUR 0,00;68044/EUR 67,34;0/EUR 0,00;1383018/EUR 4,76
26.01.1983;6/8/12/33/34/37;0;0;0/9/2/4/9/9/3;NULL;0/EUR 0,00;1/EUR 766.937,82;12/EUR 37.210,44;333/EUR 3.644,03;0/EUR 0,00;20747/EUR 58,44;0/EUR 0,00;410073/EUR 4,24
29.01.1983;6/10/19/30/43/47;14;0;1/5/3/4/1/3/5;NULL;0/EUR 0,00;4/EUR 764.271,03;37/EUR 41.311,92;1758/EUR 2.608,41;0/EUR 0,00;86367/EUR 53,07;0/EUR 0,00;1486397/EUR 4,45
02.02.1983;1/2/4/7/24/28;0;0;9/6/7/3/8/4/9;NULL;0/EUR 0,00;1/EUR 766.937,82;26/EUR 17.934,64;501/EUR 2.461,51;0/EUR 0,00;31503/EUR 39,11;0/EUR 0,00;537242/EUR 3,27
05.02.1983;2/19/38/43/44/47;14;0;9/0/9/8/0/5/4;NULL;0/EUR 0,00;1/EUR 1.533.875,64;25/EUR 121.249,80;936/EUR 4.877,26;0/EUR 0,00;64373/EUR 70,92;0/EUR 0,00;1278852/EUR 5,11
09.02.1983;11/15/29/32/34/38;0;0;3/5/8/6/3/1/1;NULL;0/EUR 0,00;5/EUR 164.881,92;25/EUR 16.488,19;880/EUR 1.405,23;0/EUR 0,00;38396/EUR 32,16;0/EUR 0,00;598647/EUR 2,97
12.02.1983;6/13/17/19/33/44;26;0;1/8/1/1/5/0/1;NULL;0/EUR 0,00;7/EUR 433.165,61;54/EUR 28.075,55;2012/EUR 2.260,52;0/EUR 0,00;100599/EUR 45,20;0/EUR 0,00;1692202/EUR 3,83
16.02.1983;4/6/13/22/30/32;0;0;6/1/5/8/3/4/4;NULL;0/EUR 0,00;3/EUR 262.530,69;19/EUR 20.726,09;518/EUR 2.280,67;0/EUR 0,00;26851/EUR 43,97;0/EUR 0,00;483425/EUR 3,53
19.02.1983;3/12/22/26/29/39;23;0;9/2/3/2/6/4/7;NULL;0/EUR 0,00;7/EUR 430.143,11;38/EUR 39.618,42;1554/EUR 2.906,34;0/EUR 0,00;85209/EUR 52,97;0/EUR 0,00;1503363/EUR 4,29
23.02.1983;5/6/16/17/25/30;0;0;5/0/1/1/0/1/5;NULL;0/EUR 0,00;1/EUR 766.937,82;17/EUR 26.588,81;550/EUR 2.216,25;0/EUR 0,00;29680/EUR 41,06;0/EUR 0,00;518425/EUR 3,37
26.02.1983;5/13/17/36/44/48;32;0;0/2/6/6/1/2/5;NULL;0/EUR 0,00;7/EUR 431.752,86;76/EUR 19.883,32;1488/EUR 3.046,63;0/EUR 0,00;73447/EUR 61,71;0/EUR 0,00;1315134/EUR 4,96
02.03.1983;4/5/7/21/25/37;0;0;2/0/1/3/6/1/0;NULL;0/EUR 0,00;4/EUR 208.001,26;16/EUR 26.000,11;685/EUR 1.821,89;0/EUR 0,00;37700/EUR 33,08;0/EUR 0,00;692060/EUR 2,56
05.03.1983;18/20/26/27/37/39;7;0;8/8/8/7/0/6/8;NULL;0/EUR 0,00;1/EUR 1.533.875,64;15/EUR 229.904,34;947/EUR 5.261,24;0/EUR 0,00;69586/EUR 71,58;0/EUR 0,00;1468308/EUR 4,86
09.03.1983;11/15/19/20/24/30;0;0;9/6/0/0/0/7/1;NULL;0/EUR 0,00;5/EUR 190.305,80;27/EUR 17.620,91;691/EUR 2.065,52;0/EUR 0,00;34744/EUR 41,06;0/EUR 0,00;558087/EUR 3,68
12.03.1983;1/15/29/31/32/44;7;0;2/0/2/5/5/7/2;NULL;0/EUR 0,00;4/EUR 762.866,71;25/EUR 61.029,33;638/EUR 7.174,29;0/EUR 0,00;44055/EUR 103,89;0/EUR 0,00;1016437/EUR 6,49
16.03.1983;16/17/19/23/25/29;0;0;6/9/7/8/3/5/7;NULL;0/EUR 0,00;6/EUR 139.399,18;17/EUR 24.599,84;748/EUR 1.677,24;0/EUR 0,00;33872/EUR 37,02;0/EUR 0,00;537009/EUR 3,37
19.03.1983;9/22/34/37/45/48;19;0;9/4/7/9/5/0/3;NULL;0/EUR 0,00;8/EUR 378.162,93;59/EUR 25.638,12;1284/EUR 3.534,20;0/EUR 0,00;68629/EUR 66,11;0/EUR 0,00;1225452/EUR 5,32
23.03.1983;1/2/10/16/20/38;0;0;0/5/1/0/5/4/8;NULL;0/EUR 0,00;0/EUR 0,00;20/EUR 61.730,37;554/EUR 2.228,52;0/EUR 0,00;30966/EUR 39,83;0/EUR 0,00;524543/EUR 3,37
26.03.1983;1/7/11/26/27/42;19;0;9/4/0/7/5/5/1;NULL;0/EUR 0,00;4/EUR 752.226,93;44/EUR 34.192,13;1488/EUR 3.033,14;0/EUR 0,00;86052/EUR 52,41;0/EUR 0,00;1565920/EUR 4,14
30.03.1983;3/5/12/13/16/38;0;0;9/0/3/3/6/1/9;NULL;0/EUR 0,00;2/EUR 407.405,04;17/EUR 23.964,97;504/EUR 2.425,01;0/EUR 0,00;29270/EUR 41,72;0/EUR 0,00;540332/EUR 3,22
02.04.1983;4/5/15/32/39/46;31;0;4/3/7/8/6/2/9;NULL;0/EUR 0,00;3/EUR 972.483,34;9/EUR 162.080,55;967/EUR 4.525,50;0/EUR 0,00;59182/EUR 73,93;0/EUR 0,00;1155281/EUR 5,47
06.04.1983;4/6/11/14/20/24;0;0;2/2/4/0/9/1/6;NULL;0/EUR 0,00;2/EUR 371.916,99;17/EUR 21.877,46;1046/EUR 1.066,66;0/EUR 0,00;35942/EUR 31,04;0/EUR 0,00;533111/EUR 3,02
09.04.1983;8/18/35/40/42/46;27;0;9/5/5/0/1/9/6;NULL;0/EUR 0,00;3/EUR 984.287,34;40/EUR 36.910,77;788/EUR 5.620,89;0/EUR 0,00;58451/EUR 75,77;0/EUR 0,00;1239324/EUR 5,11
13.04.1983;2/3/11/24/33/36;0;0;1/5/3/2/6/9/0;NULL;0/EUR 0,00;3/EUR 267.995,79;21/EUR 19.142,51;906/EUR 1.331,10;0/EUR 0,00;36049/EUR 33,44;0/EUR 0,00;543877/EUR 3,17
16.04.1983;6/10/12/15/32/44;4;0;1/9/4/0/4/6/6;NULL;0/EUR 0,00;5/EUR 608.364,22;20/EUR 76.045,52;1252/EUR 3.644,34;0/EUR 0,00;76710/EUR 59,46;0/EUR 0,00;1437337/EUR 4,55
20.04.1983;13/14/16/21/29/37;0;0;5/2/8/2/3/3/6;NULL;0/EUR 0,00;2/EUR 394.629,29;23/EUR 17.157,78;417/EUR 2.839,05;0/EUR 0,00;24398/EUR 48,52;0/EUR 0,00;447991/EUR 3,78
23.04.1983;4/12/30/32/34/39;22;0;1/5/4/0/5/4/9;NULL;0/EUR 0,00;2/EUR 1.475.893,66;26/EUR 56.765,11;1361/EUR 3.253,25;0/EUR 0,00;82028/EUR 53,94;0/EUR 0,00;1435332/EUR 4,45
27.04.1983;2/3/8/18/19/23;0;0;8/4/6/4/0/1/3;NULL;0/EUR 0,00;4/EUR 192.928,37;23/EUR 16.776,36;820/EUR 1.411,63;0/EUR 0,00;31517/EUR 36,71;0/EUR 0,00;507923/EUR 3,27
30.04.1983;2/18/33/38/39/47;20;0;1/3/8/7/9/7/5;NULL;0/EUR 0,00;4/EUR 743.676,14;33/EUR 45.071,25;1561/EUR 2.858,43;0/EUR 0,00;85028/EUR 52,46;0/EUR 0,00;1471827/EUR 4,35
04.05.1983;3/13/24/30/35/37;0;0;4/7/4/3/3/8/6;NULL;0/EUR 0,00;2/EUR 399.047,05;7/EUR 57.006,69;347/EUR 3.449,94;0/EUR 0,00;22243/EUR 53,79;0/EUR 0,00;424223/EUR 4,04
07.05.1983;6/9/21/38/44/49;40;0;9/9/5/3/8/0/8;NULL;0/EUR 0,00;4/EUR 734.780,02;33/EUR 44.532,09;1501/EUR 2.937,12;0/EUR 0,00;78566/EUR 56,09;0/EUR 0,00;1400069/EUR 4,50
11.05.1983;5/13/14/25/26/32;0;0;3/2/0/5/5/1/6;NULL;0/EUR 0,00;10/EUR 77.441,44;56/EUR 6.914,40;757/EUR 1.534,49;0/EUR 0,00;27743/EUR 41,82;0/EUR 0,00;469031/EUR 3,53
14.05.1983;5/13/20/42/43/44;22;0;2/1/2/3/9/4/1;NULL;0/EUR 0,00;2/EUR 1.456.423,21;11/EUR 132.402,10;745/EUR 5.864,77;0/EUR 0,00;46388/EUR 94,18;0/EUR 0,00;1016543/EUR 6,19
18.05.1983;1/15/20/31/32/36;0;0;8/4/0/9/8/5/4;NULL;0/EUR 0,00;2/EUR 382.348,62;17/EUR 22.491,07;429/EUR 2.673,75;0/EUR 0,00;23296/EUR 49,24;0/EUR 0,00;412424/EUR 3,99
21.05.1983;1/2/20/23/32/35;21;0;2/2/3/8/3/5/0;NULL;0/EUR 0,00;3/EUR 969.498,32;17/EUR 85.543,94;1298/EUR 3.361,08;0/EUR 0,00;58817/EUR 74,14;0/EUR 0,00;1198816/EUR 5,22
25.05.1983;4/6/10/15/27/38;0;0;8/8/6/8/7/9/1;NULL;0/EUR 0,00;4/EUR 180.745,57;19/EUR 19.025,84;582/EUR 1.863,35;0/EUR 0,00;31692/EUR 34,21;0/EUR 0,00;544469/EUR 2,86
28.05.1983;9/11/17/24/35/43;10;0;2/9/8/6/3/0/9;NULL;0/EUR 0,00;12/EUR 242.813,08;27/EUR 53.958,42;1685/EUR 2.593,83;0/EUR 0,00;81497/EUR 53,58;0/EUR 0,00;1451492/EUR 4,35
01.06.1983;4/6/19/24/29/32;0;0;4/4/3/9/0/3/6;NULL;0/EUR 0,00;2/EUR 377.542,27;29/EUR 13.018,67;532/EUR 2.128,97;0/EUR 0,00;27415/EUR 41,31;0/EUR 0,00;474858/EUR 3,43
04.06.1983;1/9/15/35/38/44;18;0;1/1/0/4/7/2/2;NULL;0/EUR 0,00;4/EUR 708.047,33;24/EUR 59.003,90;869/EUR 4.888,67;0/EUR 0,00;49032/EUR 86,61;0/EUR 0,00;1019978/EUR 5,98
08.06.1983;16/27/30/31/35/37;0;0;2/1/4/1/5/5/3;NULL;0/EUR 0,00;1/EUR 727.917,46;18/EUR 20.219,91;487/EUR 2.242,01;0/EUR 0,00;28572/EUR 38,19;0/EUR 0,00;480225/EUR 3,27
11.06.1983;8/26/36/38/40/46;18;0;3/9/7/5/9/0/5;NULL;0/EUR 0,00;0/EUR 0,00;32/EUR 133.502,86;868/EUR 4.921,75;0/EUR 0,00;61110/EUR 69,89;0/EUR 0,00;1159876/EUR 5,32
15.06.1983;3/6/23/25/33/35;0;0;5/4/0/5/0/5/6;NULL;0/EUR 0,00;7/EUR 105.575,79;36/EUR 10.264,29;1139/EUR 973,24;0/EUR 0,00;32671/EUR 33,90;0/EUR 0,00;496169/EUR 3,22
18.06.1983;2/16/21/27/37/48;36;0;5/0/8/3/6/7/4;NULL;0/EUR 0,00;12/EUR 228.551,51;15/EUR 91.420,57;1784/EUR 2.305,98;0/EUR 0,00;80600/EUR 51,03;0/EUR 0,00;1385069/EUR 4,24
22.06.1983;1/4/18/19/27/35;0;0;3/1/3/8/2/5/8;NULL;0/EUR 0,00;3/EUR 236.293,75;16/EUR 22.152,54;461/EUR 2.306,54;0/EUR 0,00;24245/EUR 43,82;0/EUR 0,00;416805/EUR 3,68
25.06.1983;4/5/31/32/33/48;27;0;6/9/0/1/2/0/3;NULL;0/EUR 0,00;11/EUR 254.258,70;26/EUR 53.785,45;1206/EUR 3.478,63;0/EUR 0,00;57425/EUR 73,01;0/EUR 0,00;1209918/EUR 4,96
29.06.1983;1/5/25/28/30/31;0;0;1/8/1/7/6/1/0;NULL;0/EUR 0,00;3/EUR 238.680,20;22/EUR 16.273,60;475/EUR 2.261,14;0/EUR 0,00;22577/EUR 47,55;0/EUR 0,00;396610/EUR 3,89
02.07.1983;2/8/14/24/27/34;17;0;1/5/1/3/8/6/4;NULL;0/EUR 0,00;7/EUR 409.460,28;45/EUR 31.846,89;1390/EUR 3.093,01;0/EUR 0,00;77660/EUR 55,32;0/EUR 0,00;1324878/EUR 4,65
06.07.1983;5/13/17/19/25/26;0;0;6/9/1/1/7/2/1;NULL;0/EUR 0,00;6/EUR 118.508,36;36/EUR 9.875,65;909/EUR 1.173,31;0/EUR 0,00;39888/EUR 26,69;0/EUR 0,00;582222/EUR 2,61
09.07.1983;11/21/26/32/33/44;42;0;9/0/7/8/7/0/5;NULL;0/EUR 0,00;5/EUR 561.226,59;28/EUR 50.109,52;1507/EUR 2.793,09;0/EUR 0,00;85198/EUR 49,39;0/EUR 0,00;1531727/EUR 3,94
13.07.1983;2/6/10/18/23/33;0;0;4/9/0/5/1/3/6;NULL;0/EUR 0,00;6/EUR 114.368,84;23/EUR 14.917,66;855/EUR 1.203,84;0/EUR 0,00;34785/EUR 29,55;0/EUR 0,00;513578/EUR 2,86
16.07.1983;8/37/39/41/46/48;10;0;1/6/6/0/6/8/1;NULL;0/EUR 0,00;4/EUR 697.192,19;13/EUR 107.260,29;1337/EUR 3.128,75;0/EUR 0,00;48472/EUR 86,25;0/EUR 0,00;981734/EUR 6,14
20.07.1983;6/13/25/30/31/32;0;0;0/9/5/6/7/3/8;NULL;0/EUR 0,00;1/EUR 690.396,71;16/EUR 21.574,88;576/EUR 1.797,91;0/EUR 0,00;27734/EUR 37,32;0/EUR 0,00;458640/EUR 3,22
23.07.1983;3/16/27/44/46/48;9;0;1/1/4/2/7/7/7;NULL;0/EUR 0,00;5/EUR 578.922,96;36/EUR 40.202,98;1161/EUR 3.739,79;0/EUR 0,00;67898/EUR 63,91;0/EUR 0,00;1262582/EUR 4,96
27.07.1983;6/12/22/24/29/31;0;0;4/2/7/3/1/3/3;NULL;0/EUR 0,00;2/EUR 344.072,49;23/EUR 14.959,63;508/EUR 2.031,87;0/EUR 0,00;24975/EUR 41,31;0/EUR 0,00;422408/EUR 3,53
30.07.1983;8/25/38/41/42/49;12;0;2/0/8/2/6/0/5;NULL;0/EUR 0,00;1/EUR 1.533.875,64;24/EUR 117.450,65;850/EUR 5.120,79;0/EUR 0,00;61890/EUR 70,30;0/EUR 0,00;1260876/EUR 4,96
03.08.1983;6/9/27/32/35/36;0;0;6/9/0/7/0/4/2;NULL;0/EUR 0,00;2/EUR 350.161,11;13/EUR 26.935,47;456/EUR 2.303,68;0/EUR 0,00;25045/EUR 41,93;0/EUR 0,00;437994/EUR 3,43
06.08.1983;14/15/31/32/45/47;11;0;2/5/6/4/0/2/9;NULL;0/EUR 0,00;6/EUR 476.344,42;24/EUR 59.543,01;858/EUR 4.996,60;0/EUR 0,00;50502/EUR 84,87;0/EUR 0,00;1070476/EUR 5,78
10.08.1983;8/10/18/19/21/30;0;0;3/3/9/4/2/2/1;NULL;0/EUR 0,00;2/EUR 346.229,48;26/EUR 13.316,49;450/EUR 2.308,18;0/EUR 0,00;25244/EUR 41,11;0/EUR 0,00;451854/EUR 3,27
13.08.1983;3/9/18/41/47/49;44;0;7/6/3/2/8/4/1;NULL;0/EUR 0,00;3/EUR 947.596,42;30/EUR 47.379,78;1321/EUR 3.227,99;0/EUR 0,00;72271/EUR 58,95;0/EUR 0,00;1384815/EUR 4,40
17.08.1983;7/13/16/18/31/36;0;0;2/4/5/1/8/0/7;NULL;0/EUR 0,00;0/EUR 0,00;27/EUR 38.638,48;676/EUR 1.543,23;0/EUR 0,00;28086/EUR 37,12;0/EUR 0,00;444373/EUR 3,37
20.08.1983;8/10/29/36/47/49;17;0;8/4/9/7/1/5/1;NULL;0/EUR 0,00;1/EUR 1.533.875,64;21/EUR 128.189,82;611/EUR 6.916,30;0/EUR 0,00;42172/EUR 100,16;0/EUR 0,00;967435/EUR 6,29
24.08.1983;4/14/16/22/37/38;0;0;3/2/6/2/0/3/5;NULL;0/EUR 0,00;2/EUR 345.462,64;22/EUR 15.702,85;490/EUR 2.115,06;0/EUR 0,00;28029/EUR 36,97;0/EUR 0,00;450480/EUR 3,27
27.08.1983;3/18/19/27/41/47;29;0;0/6/3/0/5/1/7;NULL;0/EUR 0,00;2/EUR 1.415.499,25;31/EUR 45.661,23;1625/EUR 2.613,21;0/EUR 0,00;99336/EUR 42,74;0/EUR 0,00;1519327/EUR 3,99
31.08.1983;12/15/20/24/30/31;0;0;1/3/2/3/8/7/7;NULL;0/EUR 0,00;1/EUR 690.190,51;18/EUR 19.171,91;488/EUR 2.121,45;0/EUR 0,00;24385/EUR 42,44;0/EUR 0,00;425531/EUR 3,48
03.09.1983;4/13/17/24/35/37;32;0;2/6/0/3/2/5/7;NULL;0/EUR 0,00;19/EUR 155.925,82;89/EUR 16.643,73;2359/EUR 1.883,75;0/EUR 0,00;104319/EUR 42,59;0/EUR 0,00;1592070/EUR 3,99
07.09.1983;8/12/32/33/35/38;0;0;0/7/7/5/9/6/0;NULL;0/EUR 0,00;3/EUR 236.961,29;11/EUR 32.312,88;419/EUR 2.544,90;0/EUR 0,00;24883/EUR 42,85;0/EUR 0,00;460365/EUR 3,32
10.09.1983;6/27/31/41/45/46;10;0;0/8/8/7/4/3/8;NULL;0/EUR 0,00;2/EUR 1.436.988,75;124/EUR 11.588,58;1230/EUR 3.504,80;0/EUR 0,00;65802/EUR 65,50;0/EUR 0,00;1212158/EUR 5,11
14.09.1983;16/24/30/32/33/38;0;0;4/2/3/6/2/8/6;NULL;0/EUR 0,00;6/EUR 115.968,31;24/EUR 14.495,99;779/EUR 1.339,79;0/EUR 0,00;32052/EUR 32,52;0/EUR 0,00;482499/EUR 3,12
17.09.1983;2/8/25/34/41/49;6;0;3/2/5/3/1/9/3;NULL;0/EUR 0,00;4/EUR 730.910,00;23/EUR 63.557,36;1310/EUR 3.347,63;0/EUR 0,00;69479/EUR 63,09;0/EUR 0,00;1241853/EUR 5,06
21.09.1983;4/5/6/18/23/25;0;0;0/8/0/8/1/3/4;NULL;0/EUR 0,00;8/EUR 87.220,00;21/EUR 16.613,30;951/EUR 1.100,56;0/EUR 0,00;34507/EUR 30,32;0/EUR 0,00;504506/EUR 2,97
24.09.1983;7/11/13/19/23/30;35;0;1/1/1/8/8/8/2;NULL;0/EUR 0,00;17/EUR 170.007,36;65/EUR 22.231,69;3195/EUR 1.356,82;0/EUR 0,00;132986/EUR 32,57;0/EUR 0,00;2002631/EUR 3,12
28.09.1983;1/6/9/18/24/33;0;0;3/6/7/7/3/6/9;NULL;0/EUR 0,00;10/EUR 68.738,34;20/EUR 17.184,57;692/EUR 1.489,96;0/EUR 0,00;29463/EUR 34,97;0/EUR 0,00;452183/EUR 3,27
01.10.1983;1/11/15/16/20/33;34;0;6/2/0/8/7/8/9;NULL;0/EUR 0,00;2/EUR 1.456.182,39;35/EUR 41.605,20;1030/EUR 4.241,27;0/EUR 0,00;69268/EUR 63,04;0/EUR 0,00;1298692/EUR 4,86
05.10.1983;20/21/23/24/25/29;0;0;5/8/3/9/9/6/4;NULL;0/EUR 0,00;4/EUR 172.128,30;16/EUR 21.516,03;727/EUR 1.420,57;0/EUR 0,00;27671/EUR 37,27;0/EUR 0,00;353561/EUR 4,19
08.10.1983;3/19/20/27/33/47;22;0;9/2/2/8/9/2/8;NULL;0/EUR 0,00;10/EUR 294.360,71;19/EUR 77.463,33;1932/EUR 2.285,37;0/EUR 0,00;102578/EUR 43,00;0/EUR 0,00;1582695/EUR 3,99
12.10.1983;2/4/13/29/32/36;0;0;2/6/4/5/1/7/1;NULL;0/EUR 0,00;0/EUR 0,00;18/EUR 59.120,73;491/EUR 2.167,32;0/EUR 0,00;23670/EUR 44,94;0/EUR 0,00;404286/EUR 3,78
15.10.1983;7/9/12/20/33/46;21;0;8/0/4/4/6/8/0;NULL;0/EUR 0,00;9/EUR 336.947,33;28/EUR 54.152,20;1579/EUR 2.880,77;0/EUR 0,00;84693/EUR 53,69;0/EUR 0,00;1513517/EUR 4,29
19.10.1983;4/11/24/28/29/32;0;0;8/3/1/4/4/0/0;NULL;0/EUR 0,00;3/EUR 232.493,42;25/EUR 13.949,58;639/EUR 1.637,26;0/EUR 0,00;29383/EUR 35,59;0/EUR 0,00;435740/EUR 3,43
22.10.1983;1/6/13/21/30/37;5;0;0/6/3/8/2/4/6;NULL;0/EUR 0,00;5/EUR 588.697,23;22/EUR 66.897,38;1087/EUR 4.061,80;0/EUR 0,00;63817/EUR 69,18;0/EUR 0,00;1242079/EUR 5,11
26.10.1983;1/8/9/17/22/37;0;0;7/2/2/2/9/6/9;NULL;0/EUR 0,00;3/EUR 227.842,91;7/EUR 48.823,47;382/EUR 2.683,98;0/EUR 0,00;23541/EUR 43,51;0/EUR 0,00;422481/EUR 3,48
29.10.1983;9/19/21/29/44/46;31;0;1/0/8/4/9/8/2;NULL;0/EUR 0,00;5/EUR 582.436,82;40/EUR 36.402,29;1134/EUR 3.852,07;0/EUR 0,00;68585/EUR 63,66;0/EUR 0,00;1327663/EUR 4,70
02.11.1983;2/3/12/17/24/33;0;0;6/0/5/2/7/9/6;NULL;0/EUR 0,00;3/EUR 223.652,16;22/EUR 15.248,97;729/EUR 1.380,54;0/EUR 0,00;30871/EUR 32,57;0/EUR 0,00;484129/EUR 2,97
05.11.1983;13/15/24/30/43/47;7;0;4/2/6/1/3/3/0;NULL;0/EUR 0,00;5/EUR 576.785,10;33/EUR 43.695,82;784/EUR 5.517,71;0/EUR 0,00;51129/EUR 84,57;0/EUR 0,00;1042087/EUR 5,98
09.11.1983;1/4/7/13/19/20;0;0;2/8/8/5/2/9/3;NULL;0/EUR 0,00;8/EUR 83.441,81;53/EUR 6.297,48;1192/EUR 840,00;0/EUR 0,00;34743/EUR 28,79;0/EUR 0,00;493924/EUR 2,91
12.11.1983;2/23/27/30/46/48;40;0;4/5/3/3/7/9/1;NULL;0/EUR 0,00;1/EUR 1.533.875,64;21/EUR 141.359,83;961/EUR 4.685,12;0/EUR 0,00;62296/EUR 72,25;0/EUR 0,00;1265005/EUR 5,11
16.11.1983;6/9/10/21/23/29;0;0;0/7/2/6/5/3/7;NULL;0/EUR 0,00;0/EUR 0,00;18/EUR 56.502,92;497/EUR 2.046,34;0/EUR 0,00;25573/EUR 39,73;0/EUR 0,00;438180/EUR 3,32
19.11.1983;2/3/11/16/38/40;4;0;9/4/7/4/4/8/4;NULL;0/EUR 0,00;7/EUR 415.417,29;14/EUR 103.854,32;1303/EUR 3.347,53;0/EUR 0,00;77300/EUR 56,40;0/EUR 0,00;1431834/EUR 4,40
23.11.1983;1/4/12/14/26/27;0;0;4/1/7/9/5/5/5;NULL;0/EUR 0,00;3/EUR 220.338,48;14/EUR 23.607,68;389/EUR 2.548,89;0/EUR 0,00;20043/EUR 49,44;0/EUR 0,00;365089/EUR 3,89
26.11.1983;2/16/17/26/30/33;20;0;1/3/3/1/7/4/1;NULL;0/EUR 0,00;5/EUR 581.141,61;29/EUR 50.098,37;1337/EUR 3.259,95;0/EUR 0,00;85693/EUR 50,82;0/EUR 0,00;1491172/EUR 4,19
30.11.1983;6/7/13/15/16/18;0;0;4/4/2/8/6/7/9;NULL;0/EUR 0,00;2/EUR 336.239,81;10/EUR 33.623,93;648/EUR 1.556,63;0/EUR 0,00;33074/EUR 30,47;0/EUR 0,00;518088/EUR 2,81
03.12.1983;9/15/33/37/42/49;30;0;8/3/6/5/8/8/8;NULL;0/EUR 0,00;5/EUR 646.081,51;27/EUR 59.822,33;1359/EUR 3.565,55;0/EUR 0,00;71207/EUR 68,00;0/EUR 0,00;1350283/EUR 5,16
07.12.1983;6/18/20/26/34/36;0;0;2/1/8/9/1/9/1;NULL;0/EUR 0,00;6/EUR 129.102,68;18/EUR 21.517,11;590/EUR 1.969,34;0/EUR 0,00;27932/EUR 41,57;0/EUR 0,00;444340/EUR 3,73
10.12.1983;3/19/20/28/38/43;23;0;4/0/3/7/6/8/0;NULL;0/EUR 0,00;3/EUR 1.007.934,13;30/EUR 50.396,66;1152/EUR 3.937,20;0/EUR 0,00;67342/EUR 67,34;0/EUR 0,00;1346332/EUR 4,86
14.12.1983;5/15/17/18/28/31;0;0;6/4/3/5/5/2/3;NULL;0/EUR 0,00;2/EUR 347.329,27;19/EUR 18.280,47;336/EUR 3.101,14;0/EUR 0,00;17968/EUR 57,98;0/EUR 0,00;353863/EUR 4,24
17.12.1983;1/7/8/11/15/36;25;0;9/5/7/6/8/6/0;NULL;0/EUR 0,00;1/EUR 1.533.875,64;30/EUR 102.004,11;1235/EUR 3.719,80;0/EUR 0,00;87488/EUR 52,51;0/EUR 0,00;1442555/EUR 4,55
21.12.1983;4/19/28/33/36/37;0;0;5/0/2/6/8/9/8;NULL;0/EUR 0,00;1/EUR 735.156,74;17/EUR 21.622,23;572/EUR 1.927,83;0/EUR 0,00;26284/EUR 41,93;0/EUR 0,00;420670/EUR 3,78
24.12.1983;15/17/31/32/40/47;46;0;1/3/3/3/4/4/4;NULL;0/EUR 0,00;12/EUR 264.010,47;27/EUR 58.668,95;1199/EUR 3.963,43;0/EUR 0,00;76309/EUR 62,28;0/EUR 0,00;1440589/EUR 4,76
28.12.1983;7/8/11/17/25/33;0;0;5/3/7/4/2/4/8;NULL;0/EUR 0,00;3/EUR 215.550,99;20/EUR 16.166,28;735/EUR 1.319,70;0/EUR 0,00;32300/EUR 30,01;0/EUR 0,00;439557/EUR 3,17
31.12.1983;2/9/17/21/27/45;44;0;3/8/4/5/3/3/7;NULL;0/EUR 0,00;8/EUR 386.411,40;27/EUR 57.246,13;1947/EUR 2.381,55;0/EUR 0,00;104732/EUR 44,23;0/EUR 0,00;1768034/EUR 3,78
04.01.1984;5/6/7/8/21/24;0;0;4/0/7/4/6/5/6;NULL;0/EUR 0,00;2/EUR 333.109,37;18/EUR 18.506,06;452/EUR 2.210,88;0/EUR 0,00;23341/EUR 42,80;0/EUR 0,00;423888/EUR 3,37
07.01.1984;6/19/22/40/41/46;33;0;1/6/8/1/7/8/8;NULL;0/EUR 0,00;2/EUR 1.457.872,51;22/EUR 66.266,90;1136/EUR 3.849,98;0/EUR 0,00;66529/EUR 65,70;0/EUR 0,00;1287726/EUR 4,86
11.01.1984;5/7/12/25/27/36;0;0;9/1/7/4/6/5/0;NULL;0/EUR 0,00;4/EUR 171.091,35;23/EUR 14.877,47;616/EUR 1.666,45;0/EUR 0,00;28974/EUR 35,38;0/EUR 0,00;471109/EUR 3,12
14.01.1984;10/15/23/27/32/33;17;0;3/9/3/0/1/9/2;NULL;0/EUR 0,00;1/EUR 1.533.875,64;25/EUR 124.449,26;1396/EUR 3.327,44;0/EUR 0,00;85586/EUR 54,25;0/EUR 0,00;1571723/EUR 4,24
18.01.1984;12/13/14/21/22/23;0;0;3/2/6/4/8/3/2;NULL;0/EUR 0,00;7/EUR 100.095,71;17/EUR 20.607,93;815/EUR 1.289,53;0/EUR 0,00;26462/EUR 39,68;0/EUR 0,00;406122/EUR 3,73
21.01.1984;3/7/16/24/28/46;18;0;0/1/8/2/1/6/0;NULL;0/EUR 0,00;10/EUR 305.924,03;27/EUR 56.652,57;2293/EUR 2.001,25;0/EUR 0,00;97839/EUR 46,89;0/EUR 0,00;1600032/EUR 4,14
25.01.1984;6/9/10/11/16/32;0;0;5/7/8/3/7/4/1;NULL;0/EUR 0,00;0/EUR 0,00;24/EUR 43.109,68;501/EUR 2.065,11;0/EUR 0,00;31180/EUR 33,13;0/EUR 0,00;516296/EUR 2,86
28.01.1984;3/7/12/22/25/31;23;0;9/1/8/3/4/2/7;NULL;0/EUR 0,00;14/EUR 218.948,43;49/EUR 31.278,33;2580/EUR 1.782,11;0/EUR 0,00;115793/EUR 39,68;0/EUR 0,00;1843132/EUR 3,58
01.02.1984;3/4/12/21/25/30;0;0;0/8/8/1/6/4/8;NULL;0/EUR 0,00;10/EUR 71.356,56;20/EUR 17.839,13;997/EUR 1.073,56;0/EUR 0,00;42731/EUR 25,00;0/EUR 0,00;541480/EUR 2,81
04.02.1984;10/32/36/37/39/44;25;0;8/2/3/1/7/4/5;NULL;0/EUR 0,00;2/EUR 1.533.875,64;11/EUR 141.099,79;665/EUR 6.947,13;0/EUR 0,00;53898/EUR 85,69;0/EUR 0,00;1234407/EUR 5,37
08.02.1984;4/9/17/22/25/38;0;0;3/5/8/8/8/7/8;NULL;0/EUR 0,00;5/EUR 141.689,51;39/EUR 9.082,64;969/EUR 1.096,62;0/EUR 0,00;34046/EUR 31,19;0/EUR 0,00;494565/EUR 3,07
11.02.1984;2/14/15/33/38/49;8;0;6/4/6/4/7/3/0;NULL;0/EUR 0,00;8/EUR 384.318,58;31/EUR 49.589,48;1312/EUR 3.515,08;0/EUR 0,00;72580/EUR 63,50;0/EUR 0,00;1302849/EUR 5,11
15.02.1984;2/6/21/25/28/35;0;0;3/5/1/0/1/6/6;NULL;0/EUR 0,00;2/EUR 347.696,78;18/EUR 19.316,45;377/EUR 2.766,80;0/EUR 0,00;20535/EUR 50,77;0/EUR 0,00;387106/EUR 3,89
18.02.1984;3/7/19/39/41/46;29;0;0/0/7/9/8/7/5;NULL;0/EUR 0,00;6/EUR 506.602,72;57/EUR 26.663,26;2008/EUR 2.270,60;0/EUR 0,00;101726/EUR 44,79;0/EUR 0,00;1721554/EUR 3,78
22.02.1984;5/7/15/16/21/31;0;0;2/6/6/0/4/2/9;NULL;0/EUR 0,00;4/EUR 171.334,42;23/EUR 14.898,64;717/EUR 1.433,71;0/EUR 0,00;29470/EUR 34,87;0/EUR 0,00;481608/EUR 3,07
25.02.1984;1/6/22/30/31/36;14;0;7/0/5/2/0/2/6;NULL;0/EUR 0,00;4/EUR 756.825,49;30/EUR 50.455,00;800/EUR 5.676,16;0/EUR 0,00;54031/EUR 84,01;0/EUR 0,00;1146418/EUR 5,68
29.02.1984;7/11/33/34/35/36;0;0;4/3/3/2/5/7/5;NULL;0/EUR 0,00;1/EUR 687.773,94;26/EUR 13.226,41;348/EUR 2.964,52;0/EUR 0,00;20801/EUR 49,60;0/EUR 0,00;407821/EUR 3,63
03.03.1984;21/25/28/32/44/45;1;0;0/8/5/3/7/0/7;NULL;0/EUR 0,00;7/EUR 448.678,00;15/EUR 104.691,51;1033/EUR 4.560,57;0/EUR 0,00;65923/EUR 71,43;0/EUR 0,00;1366904/EUR 4,96
07.03.1984;10/11/16/19/27/30;0;0;3/0/7/4/5/0/3;NULL;0/EUR 0,00;2/EUR 341.687,93;15/EUR 22.779,18;527/EUR 1.945,06;0/EUR 0,00;32962/EUR 31,09;0/EUR 0,00;501620/EUR 2,91
10.03.1984;9/13/28/32/42/47;19;0;4/3/7/6/0/5/4;NULL;0/EUR 0,00;8/EUR 380.535,94;52/EUR 29.271,97;1435/EUR 3.182,18;0/EUR 0,00;73213/EUR 62,33;0/EUR 0,00;1348498/EUR 4,86
14.03.1984;1/2/6/10/11/28;0;0;9/7/7/1/6/3/3;NULL;0/EUR 0,00;2/EUR 365.746,05;53/EUR 6.900,86;699/EUR 1.569,72;0/EUR 0,00;30896/EUR 35,48;0/EUR 0,00;457264/EUR 3,43
17.03.1984;6/22/24/32/45/47;4;0;6/1/8/2/2/3/9;NULL;0/EUR 0,00;1/EUR 1.533.875,64;18/EUR 166.874,27;895/EUR 5.069,92;0/EUR 0,00;59783/EUR 75,88;0/EUR 0,00;1203615/EUR 5,42
21.03.1984;6/14/20/24/36/37;0;0;3/8/3/8/9/3/2;NULL;0/EUR 0,00;2/EUR 344.073,46;7/EUR 49.153,35;361/EUR 2.859,30;0/EUR 0,00;22568/EUR 45,71;0/EUR 0,00;397147/EUR 3,73
24.03.1984;6/15/17/23/35/44;29;0;0/3/0/0/9/0/3;NULL;0/EUR 0,00;7/EUR 426.902,18;23/EUR 64.963,37;1328/EUR 3.375,34;0/EUR 0,00;65780/EUR 68,10;0/EUR 0,00;1242224/EUR 5,16
28.03.1984;4/5/16/21/33/38;0;0;5/9/9/1/7/2/7;NULL;0/EUR 0,00;4/EUR 168.443,78;32/EUR 10.527,70;993/EUR 1.017,78;0/EUR 0,00;39596/EUR 25,51;0/EUR 0,00;575731/EUR 2,51
31.03.1984;8/13/14/21/31/43;40;0;2/9/7/1/1/5/6;NULL;0/EUR 0,00;3/EUR 1.007.161,41;28/EUR 53.955,05;924/EUR 4.904,98;0/EUR 0,00;61827/EUR 73,27;0/EUR 0,00;1268142/EUR 5,11
04.04.1984;2/8/11/12/18/19;0;0;6/5/9/2/6/2/7;NULL;0/EUR 0,00;5/EUR 145.934,82;17/EUR 21.460,97;860/EUR 1.272,66;0/EUR 0,00;32057/EUR 34,10;0/EUR 0,00;504120/EUR 3,12
07.04.1984;5/11/29/32/43/48;13;0;2/6/4/3/8/7/2;NULL;0/EUR 0,00;6/EUR 510.379,43;49/EUR 31.247,71;1875/EUR 2.449,80;0/EUR 0,00;97000/EUR 47,35;0/EUR 0,00;1534437/EUR 4,29
11.04.1984;13/22/24/30/36/37;0;0;5/9/0/4/6/9/0;NULL;0/EUR 0,00;2/EUR 337.953,91;15/EUR 22.530,23;485/EUR 2.090,42;0/EUR 0,00;29047/EUR 34,87;0/EUR 0,00;445094/EUR 3,27
14.04.1984;1/16/20/21/32/47;3;0;8/1/9/8/4/0/6;NULL;0/EUR 0,00;3/EUR 1.001.348,28;20/EUR 75.101,11;972/EUR 4.635,83;0/EUR 0,00;61983/EUR 72,65;0/EUR 0,00;1243077/EUR 5,22
18.04.1984;8/13/18/24/30/36;0;0;1/2/7/6/4/9/9;NULL;0/EUR 0,00;12/EUR 55.649,72;22/EUR 15.177,19;732/EUR 1.368,42;0/EUR 0,00;29816/EUR 33,59;0/EUR 0,00;423325/EUR 3,37
21.04.1984;9/24/26/30/36/37;49;0;2/7/8/2/0/0/5;NULL;0/EUR 0,00;3/EUR 950.092,59;22/EUR 64.778,99;4586/EUR 932,24;0/EUR 0,00;67217/EUR 63,60;0/EUR 0,00;1363549/EUR 4,50
25.04.1984;1/3/5/9/12/25;0;0;9/4/9/7/4/4/3;NULL;0/EUR 0,00;69/EUR 8.644,41;38/EUR 7.848,23;1807/EUR 495,08;0/EUR 0,00;47921/EUR 18,66;0/EUR 0,00;589307/EUR 2,15
28.04.1984;5/12/18/33/37/47;8;0;6/6/4/9/6/1/6;NULL;0/EUR 0,00;9/EUR 317.872,72;42/EUR 34.057,77;2440/EUR 1.758,69;0/EUR 0,00;102162/EUR 41,98;0/EUR 0,00;1540156/EUR 3,99
02.05.1984;1/2/12/16/17/35;0;0;1/8/3/3/4/2/0;NULL;0/EUR 0,00;1/EUR 597.977,38;5/EUR 59.797,73;330/EUR 2.718,08;0/EUR 0,00;18781/EUR 47,75;0/EUR 0,00;354221/EUR 3,63
05.05.1984;1/2/6/7/35/40;37;0;3/0/8/2/8/5/8;NULL;0/EUR 0,00;4/EUR 729.099,00;14/EUR 104.156,96;844/EUR 5.183,12;0/EUR 0,00;66014/EUR 66,26;0/EUR 0,00;1298826/EUR 4,86
09.05.1984;8/12/19/21/24/26;0;0;8/4/1/4/7/1/6;NULL;0/EUR 0,00;3/EUR 213.587,79;32/EUR 10.011,91;452/EUR 2.126,41;0/EUR 0,00;27012/EUR 35,53;0/EUR 0,00;474348/EUR 2,91
12.05.1984;4/23/24/26/31/47;17;0;7/6/6/9/8/3/8;NULL;0/EUR 0,00;2/EUR 1.485.143,80;40/EUR 37.128,58;938/EUR 4.749,90;0/EUR 0,00;67438/EUR 66,06;0/EUR 0,00;1393286/EUR 4,60
16.05.1984;3/16/20/26/28/36;0;0;5/8/4/5/1/1/3;NULL;0/EUR 0,00;0/EUR 0,00;9/EUR 106.472,75;264/EUR 3.629,71;0/EUR 0,00;15634/EUR 61,25;0/EUR 0,00;314402/EUR 4,40
19.05.1984;11/13/17/29/32/38;30;0;4/0/5/0/8/3/1;NULL;0/EUR 0,00;9/EUR 324.028,78;39/EUR 37.387,91;2238/EUR 1.954,57;0/EUR 0,00;105326/EUR 41,52;0/EUR 0,00;1656301/EUR 3,78
23.05.1984;1/3/7/14/16/32;0;0;3/1/8/9/5/6/8;NULL;0/EUR 0,00;1/EUR 637.132,98;11/EUR 28.960,54;371/EUR 2.575,99;0/EUR 0,00;21199/EUR 45,04;0/EUR 0,00;379346/EUR 3,63
26.05.1984;1/21/27/34/35/41;10;0;5/0/1/8/8/8/4;NULL;0/EUR 0,00;4/EUR 725.914,68;26/EUR 55.839,57;881/EUR 4.943,78;0/EUR 0,00;60280/EUR 72,25;0/EUR 0,00;1232600/EUR 5,06
30.05.1984;1/2/5/6/14/16;0;0;1/4/5/2/0/0/9;NULL;0/EUR 0,00;9/EUR 70.597,24;12/EUR 26.473,93;999/EUR 953,97;0/EUR 0,00;42615/EUR 22,34;0/EUR 0,00;510919/EUR 2,66
02.06.1984;8/10/23/32/36/43;48;0;1/9/7/4/0/9/1;NULL;0/EUR 0,00;4/EUR 709.733,67;28/EUR 50.695,25;1103/EUR 3.860,71;0/EUR 0,00;67123/EUR 63,40;0/EUR 0,00;1250441/EUR 4,91
06.06.1984;12/14/24/25/29/33;0;0;3/1/2/8/0/1/1;NULL;0/EUR 0,00;1/EUR 647.287,14;19/EUR 17.033,84;356/EUR 2.727,33;0/EUR 0,00;21675/EUR 44,79;0/EUR 0,00;398172/EUR 3,48
09.06.1984;1/5/7/14/41/45;15;0;3/1/9/5/4/0/2;NULL;0/EUR 0,00;4/EUR 732.686,23;25/EUR 58.614,86;974/EUR 4.513,43;0/EUR 0,00;62757/EUR 70,05;0/EUR 0,00;1251532/EUR 5,06
13.06.1984;1/4/8/12/22/35;0;0;6/7/3/9/5/3/6;NULL;0/EUR 0,00;0/EUR 0,00;3/EUR 299.181,11;391/EUR 2.295,50;0/EUR 0,00;22446/EUR 39,98;0/EUR 0,00;403348/EUR 3,17
16.06.1984;22/27/36/37/39/47;31;0;1/9/7/8/7/7/4;NULL;0/EUR 0,00;6/EUR 476.405,31;22/EUR 64.964,34;796/EUR 5.386,46;0/EUR 0,00;55811/EUR 76,80;0/EUR 0,00;1177448/EUR 5,22
20.06.1984;13/18/28/31/32/35;0;0;6/3/9/3/4/3/6;NULL;0/EUR 0,00;2/EUR 310.991,91;3/EUR 103.663,97;295/EUR 3.162,60;0/EUR 0,00;17204/EUR 54,20;0/EUR 0,00;335566/EUR 3,99
23.06.1984;2/6/22/25/35/36;7;0;0/7/9/7/5/0/5;NULL;0/EUR 0,00;4/EUR 698.433,71;37/EUR 37.753,13;1025/EUR 4.088,39;0/EUR 0,00;60870/EUR 68,82;0/EUR 0,00;1189766/EUR 5,06
27.06.1984;9/11/13/24/26/36;0;0;3/0/7/4/5/6/1;NULL;0/EUR 0,00;7/EUR 88.880,78;23/EUR 13.525,31;860/EUR 1.085,17;0/EUR 0,00;28257/EUR 32,98;0/EUR 0,00;414420/EUR 3,22
30.06.1984;4/6/10/22/30/43;26;0;0/6/8/0/3/2/0;NULL;0/EUR 0,00;4/EUR 718.040,58;37/EUR 38.812,98;1142/EUR 3.772,52;0/EUR 0,00;65651/EUR 65,60;0/EUR 0,00;1194545/EUR 5,16
04.07.1984;3/17/23/24/26/29;0;0;5/1/6/3/7/8/6;NULL;0/EUR 0,00;0/EUR 0,00;21/EUR 45.541,74;517/EUR 1.849,85;0/EUR 0,00;29533/EUR 32,36;0/EUR 0,00;466274/EUR 2,91
07.07.1984;10/18/26/35/46/48;31;0;2/1/7/0/4/4/8;NULL;0/EUR 0,00;4/EUR 718.135,88;34/EUR 42.243,24;1176/EUR 3.663,92;0/EUR 0,00;67996/EUR 63,35;0/EUR 0,00;1240645/EUR 5,01
11.07.1984;4/5/15/17/19/25;0;0;6/7/1/3/7/0/6;NULL;0/EUR 0,00;2/EUR 305.228,57;19/EUR 16.064,64;679/EUR 1.348,53;0/EUR 0,00;30645/EUR 29,86;0/EUR 0,00;505447/EUR 2,61
14.07.1984;3/10/20/33/40/47;36;0;7/4/7/8/5/6/4;NULL;0/EUR 0,00;7/EUR 404.789,07;14/EUR 101.197,24;2124/EUR 2.001,04;0/EUR 0,00;84936/EUR 50,00;0/EUR 0,00;1400064/EUR 4,35
18.07.1984;1/5/11/12/26/29;0;0;3/7/9/7/2/0/9;NULL;0/EUR 0,00;4/EUR 155.630,19;18/EUR 17.292,20;361/EUR 2.586,63;0/EUR 0,00;20139/EUR 46,32;0/EUR 0,00;369247/EUR 3,63
21.07.1984;4/10/14/16/35/46;34;0;9/6/1/3/3/0/0;NULL;0/EUR 0,00;2/EUR 1.419.499,24;26/EUR 54.596,10;861/EUR 4.945,98;0/EUR 0,00;55462/EUR 76,74;0/EUR 0,00;1101075/EUR 5,57
25.07.1984;18/28/30/31/33/34;0;0;6/0/3/8/9/5/9;NULL;0/EUR 0,00;3/EUR 203.403,16;17/EUR 17.947,32;1197/EUR 764,64;0/EUR 0,00;48637/EUR 18,82;0/EUR 0,00;375323/EUR 3,48
28.07.1984;5/8/16/18/21/47;17;0;2/6/3/4/8/1/8;NULL;0/EUR 0,00;5/EUR 572.674,31;9/EUR 159.076,20;1063/EUR 4.040,48;0/EUR 0,00;66680/EUR 64,37;0/EUR 0,00;1285448/EUR 4,81
01.08.1984;4/14/15/22/32/36;0;0;0/7/6/3/8/8/2;NULL;0/EUR 0,00;3/EUR 202.871,67;13/EUR 23.408,22;486/EUR 1.878,44;0/EUR 0,00;22423/EUR 40,70;0/EUR 0,00;374493/EUR 3,48
04.08.1984;12/29/31/37/39/45;11;0;1/8/2/2/7/4/6;NULL;0/EUR 0,00;2/EUR 1.402.827,50;19/EUR 73.833,00;1377/EUR 3.056,25;0/EUR 0,00;66020/EUR 63,71;0/EUR 0,00;1189475/EUR 5,06
08.08.1984;9/14/18/19/21/38;0;0;1/7/4/8/8/9/5;NULL;0/EUR 0,00;3/EUR 200.645,10;14/EUR 21.497,68;298/EUR 3.029,86;0/EUR 0,00;18970/EUR 47,55;0/EUR 0,00;358063/EUR 3,63
11.08.1984;11/15/19/22/38/49;35;0;6/7/4/7/4/3/9;NULL;0/EUR 0,00;5/EUR 563.153,90;38/EUR 37.049,59;1924/EUR 2.195,23;0/EUR 0,00;97073/EUR 43,46;0/EUR 0,00;1540679/EUR 3,94
15.08.1984;15/16/17/27/30/31;0;0;2/6/8/1/2/7/2;NULL;0/EUR 0,00;0/EUR 0,00;17/EUR 52.933,28;556/EUR 1.618,44;0/EUR 0,00;24576/EUR 36,61;0/EUR 0,00;412994/EUR 3,12
18.08.1984;1/4/6/17/25/41;29;0;7/8/9/7/7/5/9;NULL;0/EUR 0,00;6/EUR 472.129,43;25/EUR 56.655,49;1364/EUR 3.115,20;0/EUR 0,00;107807/EUR 39,37;0/EUR 0,00;1518957/EUR 4,04
22.08.1984;14/17/18/26/28/31;0;0;5/9/2/4/3/8/6;NULL;0/EUR 0,00;2/EUR 301.703,16;10/EUR 30.170,31;391/EUR 2.314,82;0/EUR 0,00;19247/EUR 46,99;0/EUR 0,00;332428/EUR 3,89
25.08.1984;3/5/11/13/33/42;16;0;2/6/3/6/7/7/7;NULL;0/EUR 0,00;8/EUR 351.119,01;33/EUR 42.559,83;1591/EUR 2.648,29;0/EUR 0,00;99414/EUR 42,33;0/EUR 0,00;1643683/EUR 3,68
29.08.1984;5/15/17/18/21/35;0;0;2/0/6/6/6/1/5;NULL;0/EUR 0,00;2/EUR 301.080,56;8/EUR 37.635,07;444/EUR 2.034,33;0/EUR 0,00;21392/EUR 42,18;0/EUR 0,00;379916/EUR 3,43
01.09.1984;5/11/22/40/47/48;4;0;7/0/1/7/4/1/5;NULL;0/EUR 0,00;1/EUR 1.533.875,64;13/EUR 217.472,12;792/EUR 5.506,31;0/EUR 0,00;52472/EUR 83,08;0/EUR 0,00;1119982/EUR 5,62
05.09.1984;9/15/25/26/27/38;0;0;1/6/7/9/6/7/1;NULL;0/EUR 0,00;2/EUR 313.786,07;10/EUR 31.378,60;360/EUR 2.614,85;0/EUR 0,00;22163/EUR 42,44;0/EUR 0,00;396010/EUR 3,43
08.09.1984;2/4/28/38/40/43;5;0;9/7/4/2/2/6/8;NULL;0/EUR 0,00;2/EUR 1.449.704,88;9/EUR 161.078,31;615/EUR 7.071,73;0/EUR 0,00;45944/EUR 94,64;0/EUR 0,00;1080016/EUR 5,78
12.09.1984;1/7/20/21/30/37;0;0;6/6/4/1/2/7/4;NULL;0/EUR 0,00;1/EUR 613.963,28;12/EUR 25.581,77;407/EUR 2.262,72;0/EUR 0,00;21087/EUR 43,66;0/EUR 0,00;371931/EUR 3,53
15.09.1984;5/7/21/31/42/48;8;0;9/8/1/4/8/3/0;NULL;0/EUR 0,00;4/EUR 727.830,69;20/EUR 72.783,06;1461/EUR 2.989,01;0/EUR 0,00;78787/EUR 55,42;0/EUR 0,00;1486230/EUR 4,24
19.09.1984;20/25/28/29/34/37;0;0;4/1/7/6/5/6/1;NULL;0/EUR 0,00;0/EUR 0,00;9/EUR 106.884,60;413/EUR 2.329,19;0/EUR 0,00;20827/EUR 46,17;0/EUR 0,00;337138/EUR 4,09
22.09.1984;5/12/14/38/44/48;7;0;9/3/6/6/8/0/7;NULL;0/EUR 0,00;4/EUR 727.311,17;23/EUR 63.244,40;786/EUR 5.551,97;0/EUR 0,00;54619/EUR 79,86;0/EUR 0,00;1150424/EUR 5,47
26.09.1984;6/16/18/33/35/36;0;0;1/3/0/2/1/6/5;NULL;0/EUR 0,00;1/EUR 642.263,80;22/EUR 14.596,87;438/EUR 2.199,53;0/EUR 0,00;22528/EUR 42,74;0/EUR 0,00;385658/EUR 3,58
29.09.1984;5/9/12/23/32/46;13;0;9/4/9/8/9/4/6;NULL;0/EUR 0,00;12/EUR 245.942,18;32/EUR 46.114,13;2743/EUR 1.613,89;0/EUR 0,00;127035/EUR 34,82;0/EUR 0,00;1882508/EUR 3,37
03.10.1984;2/8/12/13/19/30;0;0;2/1/1/2/3/4/0;NULL;0/EUR 0,00;4/EUR 167.687,94;14/EUR 23.955,41;652/EUR 1.543,13;0/EUR 0,00;32731/EUR 30,73;0/EUR 0,00;526704/EUR 2,71
06.10.1984;12/15/29/34/36/47;5;0;6/1/0/7/6/8/6;NULL;0/EUR 0,00;2/EUR 1.483.461,19;19/EUR 78.076,88;1022/EUR 4.354,57;0/EUR 0,00;56307/EUR 78,99;0/EUR 0,00;1106774/EUR 5,78
10.10.1984;4/6/21/23/27/31;0;0;9/8/0/9/7/2/0;NULL;0/EUR 0,00;4/EUR 158.877,77;10/EUR 31.775,51;484/EUR 1.969,55;0/EUR 0,00;25181/EUR 37,84;0/EUR 0,00;404313/EUR 3,37
13.10.1984;1/14/20/22/40/45;23;0;4/5/9/8/7/6/8;NULL;0/EUR 0,00;4/EUR 738.220,55;14/EUR 105.460,03;836/EUR 5.298,21;0/EUR 0,00;51046/EUR 86,77;0/EUR 0,00;1046566/EUR 6,08
17.10.1984;11/16/21/24/35/37;0;0;1/6/2/3/0/5/9;NULL;0/EUR 0,00;4/EUR 157.565,94;14/EUR 22.509,42;591/EUR 1.599,63;0/EUR 0,00;25921/EUR 36,46;0/EUR 0,00;397753/EUR 3,43
20.10.1984;7/9/16/38/44/49;22;0;5/8/0/5/3/2/9;NULL;0/EUR 0,00;8/EUR 365.950,16;26/EUR 56.299,99;1198/EUR 3.665,60;0/EUR 0,00;73009/EUR 60,13;0/EUR 0,00;1385059/EUR 4,55
24.10.1984;1/4/10/17/26/28;0;0;7/7/5/8/0/6/1;NULL;0/EUR 0,00;3/EUR 206.764,70;13/EUR 23.857,44;349/EUR 2.665,98;0/EUR 0,00;19624/EUR 47,40;0/EUR 0,00;350019/EUR 3,83
27.10.1984;19/32/33/34/40/49;42;0;8/1/4/0/6/8/6;NULL;0/EUR 0,00;0/EUR 0,00;25/EUR 175.777,34;702/EUR 6.259,85;0/EUR 0,00;55289/EUR 79,45;0/EUR 0,00;1262235/EUR 5,01
31.10.1984;5/8/14/16/30/38;0;0;2/8/0/1/6/6/1;NULL;0/EUR 0,00;3/EUR 205.680,81;30/EUR 10.284,02;443/EUR 2.089,29;0/EUR 0,00;22324/EUR 41,41;0/EUR 0,00;387425/EUR 3,43
03.11.1984;4/10/13/30/33/42;24;0;8/9/5/4/2/0/7;NULL;0/EUR 0,00;2/EUR 1.449.386,04;39/EUR 37.163,71;1306/EUR 3.329,33;0/EUR 0,00;73592/EUR 59,05;0/EUR 0,00;1368996/EUR 4,55
07.11.1984;7/8/15/22/24/28;0;0;3/8/7/4/2/8/4;NULL;0/EUR 0,00;2/EUR 310.949,11;12/EUR 25.912,43;509/EUR 1.832,67;0/EUR 0,00;24572/EUR 37,94;0/EUR 0,00;410364/EUR 3,27
10.11.1984;11/12/19/21/36/49;37;0;7/8/7/6/4/9/5;NULL;0/EUR 0,00;3/EUR 982.247,89;26/EUR 56.668,12;1422/EUR 3.108,35;0/EUR 0,00;82520/EUR 53,53;0/EUR 0,00;1525789/EUR 4,14
14.11.1984;2/25/27/30/33/34;0;0;5/4/2/8/1/4/9;NULL;0/EUR 0,00;2/EUR 309.541,78;10/EUR 30.954,17;268/EUR 3.464,97;0/EUR 0,00;19311/EUR 48,06;0/EUR 0,00;371134/EUR 3,58
17.11.1984;7/9/10/19/43/45;15;0;0/3/5/2/0/6/7;NULL;0/EUR 0,00;6/EUR 493.750,94;29/EUR 51.077,65;1377/EUR 3.227,12;0/EUR 0,00;88654/EUR 50,11;0/EUR 0,00;1595978/EUR 3,99
21.11.1984;2/3/22/32/35/38;0;0;1/6/8/5/1/5/5;NULL;0/EUR 0,00;1/EUR 629.661,98;25/EUR 12.593,22;524/EUR 1.802,46;0/EUR 0,00;22589/EUR 41,77;0/EUR 0,00;380366/EUR 3,58
24.11.1984;10/13/17/21/46/48;39;0;1/2/5/0/0/2/5;NULL;0/EUR 0,00;1/EUR 1.533.875,64;23/EUR 125.553,55;967/EUR 4.572,48;0/EUR 0,00;63086/EUR 70,05;0/EUR 0,00;1322737/EUR 4,81
28.11.1984;7/22/26/28/29/31;0;0;2/4/4/1/3/9/6;NULL;0/EUR 0,00;0/EUR 0,00;10/EUR 94.059,81;303/EUR 3.104,26;0/EUR 0,00;19862/EUR 47,35;0/EUR 0,00;374910/EUR 3,58
01.12.1984;17/23/33/37/40/42;24;0;8/1/4/6/1/0/8;NULL;0/EUR 0,00;6/EUR 548.032,40;25/EUR 65.763,84;1411/EUR 3.495,55;0/EUR 0,00;86766/EUR 56,80;0/EUR 0,00;1582473/EUR 4,50
05.12.1984;6/8/22/24/32/34;0;0;6/9/2/4/1/6/5;NULL;0/EUR 0,00;2/EUR 372.758,62;11/EUR 33.887,15;662/EUR 1.689,21;0/EUR 0,00;30027/EUR 37,22;0/EUR 0,00;466695/EUR 3,43
08.12.1984;3/6/36/37/38/49;17;0;7/2/0/0/9/1/2;NULL;0/EUR 0,00;2/EUR 1.533.875,64;23/EUR 67.573,20;862/EUR 5.361,87;0/EUR 0,00;53394/EUR 86,56;0/EUR 0,00;1163857/EUR 5,73
12.12.1984;1/7/10/12/23/25;0;0;7/6/0/4/1/9/1;NULL;0/EUR 0,00;4/EUR 164.883,14;21/EUR 15.703,15;912/EUR 1.084,76;0/EUR 0,00;50244/EUR 19,68;0/EUR 0,00;574729/EUR 2,45
15.12.1984;2/26/29/36/39/49;40;0;0/9/8/8/8/9/7;NULL;0/EUR 0,00;3/EUR 1.037.171,43;13/EUR 119.673,59;1054/EUR 4.428,15;0/EUR 0,00;59774/EUR 78,07;0/EUR 0,00;1200855/EUR 5,57
19.12.1984;5/12/18/26/30/35;0;0;8/8/3/3/4/9/8;NULL;0/EUR 0,00;3/EUR 231.877,41;25/EUR 13.912,61;700/EUR 1.490,62;0/EUR 0,00;30781/EUR 33,90;0/EUR 0,00;485710/EUR 3,07
22.12.1984;15/17/18/24/31/44;14;0;5/7/8/5/5/6/1;NULL;0/EUR 0,00;5/EUR 650.076,69;22/EUR 73.872,32;1225/EUR 3.980,05;0/EUR 0,00;80934/EUR 60,23;0/EUR 0,00;1603543/EUR 4,35
26.12.1984;2/7/16/25/30/36;0;0;8/2/2/9/0/7/5;NULL;0/EUR 0,00;3/EUR 175.252,35;21/EUR 12.518,01;564/EUR 1.398,28;0/EUR 0,00;26266/EUR 30,01;0/EUR 0,00;350732/EUR 3,22
29.12.1984;7/13/17/20/23/43;36;0;7/9/4/2/3/0/6;NULL;0/EUR 0,00;1/EUR 1.533.875,64;41/EUR 74.725,92;1691/EUR 2.718,85;0/EUR 0,00;88930/EUR 51,69;0/EUR 0,00;1547957/EUR 4,24
02.01.1985;9/15/16/18/20/23;0;0;8/1/1/6/6/8/5;NULL;0/EUR 0,00;2/EUR 259.761,69;11/EUR 23.614,68;841/EUR 926,61;0/EUR 0,00;37150/EUR 20,96;0/EUR 0,00;374608/EUR 2,97
05.01.1985;10/21/27/34/37/40;32;0;0/2/0/6/7/8/5;NULL;0/EUR 0,00;3/EUR 980.720,77;35/EUR 42.030,85;1139/EUR 3.874,62;0/EUR 0,00;67996/EUR 64,88;0/EUR 0,00;1315113/EUR 4,81
09.01.1985;7/10/17/26/27/30;0;0;4/0/5/1/6/4/8;NULL;0/EUR 0,00;3/EUR 212.360,74;18/EUR 17.696,68;593/EUR 1.611,49;0/EUR 0,00;30575/EUR 31,24;0/EUR 0,00;461817/EUR 2,97
12.01.1985;1/11/14/37/38/39;22;0;2/5/3/0/6/2/4;NULL;0/EUR 0,00;2/EUR 1.533.875,64;28/EUR 55.446,18;884/EUR 5.226,48;0/EUR 0,00;53701/EUR 86,00;0/EUR 0,00;1150681/EUR 5,78
16.01.1985;1/2/8/9/16/21;0;0;7/1/0/1/0/2/6;NULL;0/EUR 0,00;2/EUR 321.358,66;14/EUR 22.954,14;574/EUR 1.679,54;0/EUR 0,00;26479/EUR 36,40;0/EUR 0,00;436155/EUR 3,17
19.01.1985;21/40/41/44/48/49;29;0;6/9/8/4/8/0/4;NULL;0/EUR 0,00;5/EUR 620.706,55;24/EUR 64.656,90;2238/EUR 2.080,09;0/EUR 0,00;76844/EUR 60,54;0/EUR 0,00;1256729/EUR 5,32
23.01.1985;3/6/11/15/25/32;0;0;8/4/0/5/9/5/0;NULL;0/EUR 0,00;3/EUR 212.932,16;28/EUR 11.407,08;662/EUR 1.447,42;0/EUR 0,00;32064/EUR 29,86;0/EUR 0,00;511539/EUR 2,66
26.01.1985;1/20/29/34/38/39;35;0;3/9/4/7/8/1/1;NULL;0/EUR 0,00;0/EUR 0,00;12/EUR 389.019,70;529/EUR 8.824,64;0/EUR 0,00;44020/EUR 106,04;0/EUR 0,00;1029029/EUR 6,54
30.01.1985;1/3/15/23/32/33;0;0;5/2/0/4/3/2/7;NULL;0/EUR 0,00;2/EUR 342.133,06;9/EUR 38.014,76;492/EUR 2.086,17;0/EUR 0,00;24547/EUR 41,77;0/EUR 0,00;412855/EUR 3,58
02.02.1985;10/16/17/31/42/43;7;0;5/5/1/5/8/7/7;NULL;0/EUR 0,00;2/EUR 1.533.875,64;22/EUR 84.531,02;1091/EUR 4.516,39;0/EUR 0,00;63073/EUR 78,07;0/EUR 0,00;1346131/EUR 5,27
06.02.1985;3/7/8/19/20/29;0;0;2/1/5/8/5/9/6;NULL;0/EUR 0,00;2/EUR 330.523,41;22/EUR 15.023,75;529/EUR 1.874,40;0/EUR 0,00;25485/EUR 38,86;0/EUR 0,00;427114/EUR 3,32
09.02.1985;6/7/15/20/27/34;36;0;8/7/4/5/4/1/2;NULL;0/EUR 0,00;1/EUR 1.533.875,64;61/EUR 53.301,05;1121/EUR 4.268,72;0/EUR 0,00;70966/EUR 67,39;0/EUR 0,00;1336275/EUR 5,16
13.02.1985;8/13/19/20/35/36;0;0;7/3/2/9/4/9/8;NULL;0/EUR 0,00;4/EUR 162.704,33;5/EUR 65.081,73;299/EUR 3.264,96;0/EUR 0,00;15822/EUR 61,66;0/EUR 0,00;313457/EUR 4,45
16.02.1985;2/8/11/17/19/39;7;0;2/2/7/2/2/0/6;NULL;0/EUR 0,00;10/EUR 316.683,30;73/EUR 21.690,64;2666/EUR 1.781,75;0/EUR 0,00;132012/EUR 35,94;0/EUR 0,00;2042308/EUR 3,32
20.02.1985;12/13/28/31/32/34;0;0;8/9/4/9/6/6/1;NULL;0/EUR 0,00;0/EUR 0,00;8/EUR 117.148,53;279/EUR 3.359,09;0/EUR 0,00;16331/EUR 57,37;0/EUR 0,00;326299/EUR 4,14
23.02.1985;5/14/23/29/32/33;31;0;8/0/8/9/0/1/9;NULL;0/EUR 0,00;7/EUR 450.770,77;17/EUR 92.805,71;1432/EUR 3.305,20;0/EUR 0,00;81759/EUR 57,88;0/EUR 0,00;1458793/EUR 4,65
27.02.1985;12/17/18/20/28/38;0;0;5/9/9/9/0/4/5;NULL;0/EUR 0,00;1/EUR 747.185,70;12/EUR 31.132,72;349/EUR 3.211,37;0/EUR 0,00;24914/EUR 44,94;0/EUR 0,00;459475/EUR 3,48
02.03.1985;1/6/14/24/40/47;15;0;3/3/7/2/7/2/2;NULL;0/EUR 0,00;3/EUR 1.165.957,27;19/EUR 92.049,26;910/EUR 5.765,69;0/EUR 0,00;60604/EUR 86,56;0/EUR 0,00;1304473/EUR 5,78
06.03.1985;3/9/10/16/20/35;0;0;4/1/3/5/0/0/2;NULL;0/EUR 0,00;1/EUR 684.064,31;17/EUR 20.119,49;511/EUR 2.008,00;0/EUR 0,00;24625/EUR 41,62;0/EUR 0,00;433345/EUR 3,37
09.03.1985;1/5/13/30/41/46;49;0;4/9/6/4/1/3/9;NULL;0/EUR 0,00;5/EUR 630.050,77;27/EUR 58.337,99;1100/EUR 4.295,77;0/EUR 0,00;65478/EUR 72,14;0/EUR 0,00;1293531/EUR 5,27
13.03.1985;4/10/15/17/28/32;0;0;0/7/4/7/7/4/4;NULL;0/EUR 0,00;6/EUR 108.268,05;30/EUR 10.826,76;668/EUR 1.458,66;0/EUR 0,00;31422/EUR 30,98;0/EUR 0,00;441790/EUR 3,17
16.03.1985;1/5/7/34/42/46;11;0;4/8/4/3/0/6/0;NULL;0/EUR 0,00;1/EUR 1.533.875,64;20/EUR 160.165,51;772/EUR 6.136,22;0/EUR 0,00;56983/EUR 83,08;0/EUR 0,00;1291164/EUR 5,27
20.03.1985;7/11/23/24/27/29;0;0;5/3/7/9/2/9/6;NULL;0/EUR 0,00;3/EUR 218.881,55;17/EUR 19.313,03;578/EUR 1.704,08;0/EUR 0,00;28702/EUR 34,31;0/EUR 0,00;472108/EUR 2,97
23.03.1985;5/12/22/23/33/37;18;0;2/7/1/8/8/2/8;NULL;0/EUR 0,00;7/EUR 450.964,55;49/EUR 32.211,75;1524/EUR 3.107,02;0/EUR 0,00;90633/EUR 52,20;0/EUR 0,00;1622056/EUR 4,19
27.03.1985;1/3/20/21/22/27;0;0;4/9/3/0/9/3/1;NULL;0/EUR 0,00;3/EUR 214.667,53;4/EUR 80.500,30;443/EUR 2.180,56;0/EUR 0,00;22478/EUR 42,95;0/EUR 0,00;403548/EUR 3,43
30.03.1985;14/16/17/30/36/48;32;0;8/0/9/5/8/3/1;NULL;0/EUR 0,00;0/EUR 0,00;33/EUR 144.121,32;643/EUR 7.396,55;0/EUR 0,00;51212/EUR 92,85;0/EUR 0,00;1165866/EUR 5,88
03.04.1985;9/13/21/25/33/36;0;0;7/5/6/7/2/3/1;NULL;0/EUR 0,00;2/EUR 321.134,71;11/EUR 29.194,05;676/EUR 1.425,12;0/EUR 0,00;30092/EUR 32,01;0/EUR 0,00;465315/EUR 2,97
06.04.1985;14/17/42/45/46/47;30;0;3/3/5/3/2/4/7;NULL;0/EUR 0,00;1/EUR 1.533.875,64;7/EUR 423.036,05;570/EUR 7.886,17;0/EUR 0,00;48090/EUR 93,46;0/EUR 0,00;1008963/EUR 6,39
10.04.1985;4/6/17/20/22/28;0;0;0/6/0/7/6/6/8;NULL;0/EUR 0,00;3/EUR 194.663,70;7/EUR 41.713,65;392/EUR 2.234,65;0/EUR 0,00;20237/EUR 43,26;0/EUR 0,00;351261/EUR 3,58
13.04.1985;6/19/22/26/35/36;48;0;7/0/9/5/0/4/0;NULL;0/EUR 0,00;2/EUR 1.533.875,64;39/EUR 40.230,03;1394/EUR 3.326,16;0/EUR 0,00;80400/EUR 57,62;0/EUR 0,00;1458997/EUR 4,55
17.04.1985;2/3/13/17/24/30;0;0;2/8/6/3/6/7/6;NULL;0/EUR 0,00;1/EUR 624.717,08;30/EUR 10.411,95;493/EUR 1.900,73;0/EUR 0,00;25444/EUR 36,81;0/EUR 0,00;443711/EUR 3,02
20.04.1985;13/19/22/28/34/40;25;0;3/8/6/1/0/1/4;NULL;0/EUR 0,00;3/EUR 1.027.194,03;75/EUR 20.543,86;1337/EUR 3.457,25;0/EUR 0,00;70012/EUR 66,01;0/EUR 0,00;1342246/EUR 4,96
24.04.1985;1/12/20/21/28/36;0;0;7/3/7/3/0/8/9;NULL;0/EUR 0,00;1/EUR 610.892,56;9/EUR 33.938,43;1349/EUR 679,25;0/EUR 0,00;18561/EUR 49,34;0/EUR 0,00;349439/EUR 3,78
27.04.1985;10/18/20/26/43/46;14;0;3/8/6/2/7/6/2;NULL;0/EUR 0,00;2/EUR 1.533.875,64;29/EUR 53.091,32;879/EUR 5.241,61;0/EUR 0,00;62534/EUR 73,68;0/EUR 0,00;1275892/EUR 5,22
01.05.1985;4/19/22/23/25/35;0;0;7/7/6/8/5/1/0;NULL;0/EUR 0,00;2/EUR 312.737,20;15/EUR 20.849,10;381/EUR 2.462,48;0/EUR 0,00;19863/EUR 47,19;0/EUR 0,00;371945/EUR 3,63
04.05.1985;3/6/13/18/38/39;17;0;6/2/8/2/4/6/9;NULL;0/EUR 0,00;7/EUR 441.318,83;52/EUR 29.704,12;1433/EUR 3.233,67;0/EUR 0,00;84858/EUR 54,61;0/EUR 0,00;1573428/EUR 4,24
08.05.1985;3/6/10/17/26/31;0;0;8/2/8/4/7/5/0;NULL;0/EUR 0,00;14/EUR 45.936,00;34/EUR 9.457,42;712/EUR 1.354,82;0/EUR 0,00;33691/EUR 28,63;0/EUR 0,00;531189/EUR 2,61
11.05.1985;3/4/11/16/22/32;33;0;5/6/4/2/4/0/6;NULL;0/EUR 0,00;2/EUR 1.533.875,64;34/EUR 47.998,09;1391/EUR 3.378,62;0/EUR 0,00;93341/EUR 50,31;0/EUR 0,00;1758426/EUR 3,83
15.05.1985;3/5/9/10/35/36;0;0;8/6/9/3/4/2/8;NULL;0/EUR 0,00;3/EUR 201.413,42;9/EUR 33.568,87;399/EUR 2.271,57;0/EUR 0,00;19701/EUR 45,97;0/EUR 0,00;359835/EUR 3,63
18.05.1985;1/27/29/38/44/45;8;0;2/1/9/7/5/3/9;NULL;0/EUR 0,00;2/EUR 1.491.455,70;9/EUR 165.717,27;526/EUR 8.506,36;0/EUR 0,00;44261/EUR 101,08;0/EUR 0,00;1047844/EUR 6,14
22.05.1985;4/20/23/25/27/28;0;0;8/8/5/5/8/9/7;NULL;0/EUR 0,00;2/EUR 291.808,44;12/EUR 24.317,35;577/EUR 1.517,16;0/EUR 0,00;29153/EUR 30,01;0/EUR 0,00;434278/EUR 2,86
25.05.1985;17/28/32/33/37/49;45;0;4/2/5/7/4/9/7;NULL;0/EUR 0,00;2/EUR 1.533.875,64;28/EUR 54.785,95;1467/EUR 3.136,83;0/EUR 0,00;89519/EUR 51,38;0/EUR 0,00;1638813/EUR 4,04
29.05.1985;6/8/12/15/19/25;0;0;2/8/2/8/4/9/5;NULL;0/EUR 0,00;2/EUR 275.354,86;18/EUR 15.297,44;442/EUR 1.868,87;0/EUR 0,00;23509/EUR 35,13;0/EUR 0,00;390839/EUR 3,02
01.06.1985;14/22/24/30/41/45;46;0;0/6/9/1/7/4/1;NULL;0/EUR 0,00;1/EUR 3.077.100,00;8/EUR 192.318,71;792/EUR 5.827,81;0/EUR 0,00;51566/EUR 89,48;0/EUR 0,00;1099440/EUR 6,03
05.06.1985;6/21/22/31/35/37;0;0;8/8/0/6/2/5/7;NULL;0/EUR 0,00;1/EUR 573.590,24;10/EUR 28.679,49;375/EUR 2.294,32;0/EUR 0,00;21821/EUR 39,42;0/EUR 0,00;334417/EUR 3,68
08.06.1985;12/23/28/30/45/47;32;0;4/0/7/8/6/8/9;NULL;0/EUR 0,00;0/EUR 3.175.940,09;28/EUR 56.713,21;1017/EUR 4.684,25;0/EUR 0,00;63910/EUR 74,50;0/EUR 0,00;1264247/EUR 5,42
12.06.1985;4/12/26/27/32/33;0;0;8/0/2/3/8/9/1;NULL;0/EUR 0,00;3/EUR 197.814,89;15/EUR 19.781,47;1045/EUR 851,81;0/EUR 0,00;24746/EUR 35,94;0/EUR 0,00;397720/EUR 3,22
15.06.1985;6/7/16/24/46/48;30;0;9/8/3/9/4/8/3;NULL;0/EUR 0,00;4/EUR 1.920.456,33;26/EUR 86.651,60;1562/EUR 4.327,01;0/EUR 0,00;100556/EUR 67,18;0/EUR 0,00;2033681/EUR 4,76
19.06.1985;6/10/11/26/28/36;0;0;9/2/3/1/0/2/3;NULL;0/EUR 0,00;4/EUR 140.637,89;8/EUR 35.159,45;410/EUR 2.058,10;0/EUR 0,00;21302/EUR 39,57;0/EUR 0,00;358350/EUR 3,37
22.06.1985;7/9/29/42/46/49;5;0;5/8/4/7/9/4/5;NULL;0/EUR 0,00;3/EUR 1.175.926,13;25/EUR 70.555,52;1145/EUR 4.621,52;0/EUR 0,00;73276/EUR 72,19;0/EUR 0,00;1493377/EUR 5,11
26.06.1985;2/9/15/17/25/29;0;0;4/9/9/3/7/4/0;NULL;0/EUR 0,00;7/EUR 84.679,85;33/EUR 8.981,15;690/EUR 1.288,56;0/EUR 0,00;29254/EUR 30,37;0/EUR 0,00;426528/EUR 2,97
29.06.1985;4/5/8/15/36/39;45;0;2/1/7/4/1/7/2;NULL;0/EUR 0,00;1/EUR 3.564.323,54;17/EUR 104.833,04;1333/EUR 4.010,83;0/EUR 0,00;84075/EUR 63,55;0/EUR 0,00;1625265/EUR 4,70
03.07.1985;17/19/20/26/32/33;0;0;7/0/2/5/3/3/0;NULL;0/EUR 0,00;1/EUR 598.249,90;12/EUR 24.927,06;396/EUR 2.266,10;0/EUR 0,00;22268/EUR 40,29;0/EUR 0,00;382744/EUR 3,37
06.07.1985;4/10/11/15/20/25;46;0;5/9/8/0/7/1/7;NULL;0/EUR 0,00;14/EUR 251.931,92;15/EUR 117.568,24;2238/EUR 2.363,96;0/EUR 0,00;118760/EUR 44,53;0/EUR 0,00;1830537/EUR 4,14
10.07.1985;5/17/23/24/28/29;0;0;4/9/7/1/0/8/3;NULL;0/EUR 0,00;1/EUR 579.261,80;15/EUR 19.308,68;525/EUR 1.655,00;0/EUR 0,00;30956/EUR 28,02;0/EUR 0,00;413992/EUR 3,02
13.07.1985;2/3/10/31/32/42;43;0;5/2/7/1/5/7/9;NULL;0/EUR 0,00;0/EUR 3.501.911,62;46/EUR 38.064,25;1155/EUR 4.547,89;0/EUR 0,00;78700/EUR 66,72;0/EUR 0,00;1674638/EUR 4,50
17.07.1985;7/16/23/26/30/34;0;0;1/1/6/5/0/3/7;NULL;0/EUR 0,00;0/EUR 577.052,10;19/EUR 15.185,57;357/EUR 2.424,55;0/EUR 0,00;20156/EUR 42,90;0/EUR 0,00;381622/EUR 3,27
20.07.1985;2/15/16/22/30/35;7;0;7/5/9/0/2/9/5;NULL;0/EUR 0,00;5/EUR 1.554.436,74;27/EUR 79.079,11;1123/EUR 5.703,82;0/EUR 0,00;76820/EUR 83,34;0/EUR 0,00;1552206/EUR 5,93
24.07.1985;1/10/16/18/27/29;0;0;2/7/2/2/4/2/2;NULL;0/EUR 0,00;2/EUR 584.195,41;8/EUR 36.958,63;378/EUR 2.346,57;0/EUR 0,00;20256/EUR 43,77;0/EUR 0,00;356975/EUR 3,58
27.07.1985;4/20/26/33/39/40;10;0;1/1/1/7/3/0/9;NULL;0/EUR 0,00;5/EUR 715.693,24;73/EUR 24.510,00;1509/EUR 3.557,11;0/EUR 0,00;85964/EUR 62,43;0/EUR 0,00;1628435/EUR 4,76
31.07.1985;1/12/16/19/26/31;0;0;7/0/9/3/3/8/0;NULL;0/EUR 0,00;0/EUR 575.087,05;11/EUR 26.140,31;307/EUR 2.809,86;0/EUR 0,00;17287/EUR 49,85;0/EUR 0,00;326305/EUR 3,78
03.08.1985;1/2/21/23/30/38;10;0;6/2/8/5/2/7/0;NULL;0/EUR 0,00;2/EUR 1.767.087,68;35/EUR 50.488,18;965/EUR 5.493,52;0/EUR 0,00;74111/EUR 71,53;0/EUR 0,00;1642064/EUR 4,65
07.08.1985;1/3/17/24/30/34;0;0;0/0/8/3/6/0/8;NULL;0/EUR 0,00;0/EUR 1.156.970,60;14/EUR 20.781,51;331/EUR 2.636,89;0/EUR 0,00;19587/EUR 44,53;0/EUR 0,00;335941/EUR 3,73
10.08.1985;13/20/22/29/39/46;4;0;9/2/3/5/3/8/1;NULL;0/EUR 0,00;14/EUR 247.190,66;29/EUR 59.666,69;873/EUR 5.946,12;0/EUR 0,00;52837/EUR 98,22;0/EUR 0,00;1163510/EUR 6,44
14.08.1985;16/18/21/22/27/32;0;0;1/3/1/9/3/1/6;NULL;0/EUR 0,00;7/EUR 249.475,93;25/EUR 11.787,17;590/EUR 1.498,34;0/EUR 0,00;26728/EUR 33,03;0/EUR 0,00;428794/EUR 2,97
17.08.1985;5/9/11/18/19/48;13;0;1/5/0/5/0/0/6;NULL;0/EUR 0,00;10/EUR 339.699,82;42/EUR 40.440,43;2505/EUR 2.034,12;0/EUR 0,00;130444/EUR 39,06;0/EUR 0,00;2206661/EUR 3,32
21.08.1985;8/10/20/23/32/38;0;0;1/9/0/8/2/0/5;NULL;0/EUR 0,00;9/EUR 63.556,60;11/EUR 26.000,42;531/EUR 1.615,84;0/EUR 0,00;23067/EUR 37,17;0/EUR 0,00;371095/EUR 3,32
24.08.1985;2/24/26/30/38/42;37;0;9/0/9/6/6/6/4;NULL;0/EUR 0,00;21/EUR 161.830,73;15/EUR 113.281,47;1522/EUR 3.349,32;0/EUR 0,00;89629/EUR 56,86;0/EUR 0,00;1613886/EUR 4,55
28.08.1985;3/9/16/22/26/36;0;0;6/5/4/3/7/8/6;NULL;0/EUR 0,00;3/EUR 187.000,76;22/EUR 12.750,03;551/EUR 1.527,23;0/EUR 0,00;24102/EUR 34,87;0/EUR 0,00;385966/EUR 3,12
31.08.1985;1/3/13/21/24/49;4;0;0/6/5/8/3/8/5;NULL;0/EUR 0,00;13/EUR 263.303,71;34/EUR 50.337,45;2196/EUR 2.338,04;0/EUR 0,00;108176/EUR 47,45;0/EUR 0,00;1817290/EUR 4,04
04.09.1985;5/6/20/31/36/37;0;0;7/4/7/1/6/9/4;NULL;0/EUR 0,00;1/EUR 582.305,82;5/EUR 58.230,57;210/EUR 4.159,31;0/EUR 0,00;13158/EUR 66,37;0/EUR 0,00;280776/EUR 4,45
07.09.1985;3/7/18/26/38/43;8;0;9/3/7/3/2/7/4;NULL;0/EUR 0,00;16/EUR 222.066,59;37/EUR 48.014,40;2620/EUR 2.034,17;0/EUR 0,00;116497/EUR 45,71;0/EUR 0,00;1921712/EUR 3,99
11.09.1985;8/18/27/28/37/38;0;0;8/5/5/3/3/4/5;NULL;0/EUR 0,00;4/EUR 139.495,30;9/EUR 30.998,91;805/EUR 1.039,71;0/EUR 0,00;20850/EUR 40,14;0/EUR 0,00;295274/EUR 4,09
14.09.1985;7/14/33/34/35/45;40;0;4/6/8/7/0/7/2;NULL;0/EUR 0,00;3/EUR 1.148.679,18;25/EUR 68.920,71;1246/EUR 4.148,52;0/EUR 0,00;75324/EUR 68,62;0/EUR 0,00;1530524/EUR 4,86
18.09.1985;1/8/11/13/20/22;0;0;3/1/4/5/1/8/0;NULL;0/EUR 0,00;2/EUR 282.337,93;18/EUR 15.685,41;274/EUR 3.091,27;0/EUR 0,00;15644/EUR 54,09;0/EUR 0,00;289541/EUR 4,19
21.09.1985;9/12/19/24/37/38;2;0;5/4/6/4/1/5/4;NULL;0/EUR 0,00;11/EUR 313.267,56;83/EUR 20.758,65;2772/EUR 1.864,68;0/EUR 0,00;144788/EUR 35,69;0/EUR 0,00;2169645/EUR 3,43
25.09.1985;16/17/28/30/32/34;0;0;2/3/1/3/6/6/3;NULL;0/EUR 0,00;1/EUR 555.723,04;8/EUR 34.732,67;400/EUR 2.083,92;0/EUR 0,00;21235/EUR 39,22;0/EUR 0,00;359727/EUR 3,32
28.09.1985;3/5/7/16/34/48;32;0;6/1/4/1/9/9/2;NULL;0/EUR 0,00;2/EUR 1.713.651,60;53/EUR 32.333,02;1311/EUR 3.921,35;0/EUR 0,00;88627/EUR 57,98;0/EUR 0,00;1700398/EUR 4,35
02.10.1985;8/12/19/20/21/29;0;0;2/7/7/1/3/1/3;NULL;0/EUR 0,00;0/EUR 563.060,95;18/EUR 15.640,57;342/EUR 2.469,54;0/EUR 0,00;20117/EUR 41,98;0/EUR 0,00;356566/EUR 3,37
05.10.1985;30/31/37/38/45/48;9;0;4/5/9/9/9/6/3;NULL;0/EUR 0,00;6/EUR 595.641,08;13/EUR 137.455,61;1196/EUR 4.482,24;0/EUR 0,00;55796/EUR 96,07;0/EUR 0,00;1191435/EUR 6,49
09.10.1985;2/3/4/7/10/36;0;0;2/4/8/5/8/7/5;NULL;0/EUR 0,00;1/EUR 1.194.863,82;10/EUR 31.590,12;372/EUR 2.547,56;0/EUR 0,00;24140/EUR 39,22;0/EUR 0,00;434733/EUR 3,12
12.10.1985;10/12/15/34/35/49;7;0;3/4/6/6/8/5/9;NULL;0/EUR 0,00;4/EUR 907.139,32;22/EUR 82.467,19;935/EUR 5.821,21;0/EUR 0,00;62031/EUR 87,74;0/EUR 0,00;1349484/EUR 5,78
16.10.1985;6/10/18/19/26/29;0;0;6/1/4/0/3/1/8;NULL;0/EUR 0,00;4/EUR 146.044,24;14/EUR 20.863,42;483/EUR 1.814,17;0/EUR 0,00;23730/EUR 36,92;0/EUR 0,00;396545/EUR 3,17
19.10.1985;13/15/19/25/38/43;20;0;3/2/0/6/7/5/5;NULL;0/EUR 0,00;1/EUR 3.569.767,82;22/EUR 81.131,08;1477/EUR 3.625,32;0/EUR 0,00;101564/EUR 52,71;0/EUR 0,00;1652256/EUR 4,65
23.10.1985;2/5/9/10/24/33;0;0;8/0/9/0/6/4/6;NULL;0/EUR 0,00;2/EUR 285.524,46;23/EUR 12.414,06;616/EUR 1.390,51;0/EUR 0,00;28045/EUR 30,52;0/EUR 0,00;441178/EUR 2,76
26.10.1985;15/28/38/39/44/46;4;0;1/9/9/0/4/4/9;NULL;0/EUR 0,00;3/EUR 1.207.613,44;19/EUR 95.337,89;753/EUR 7.216,78;0/EUR 0,00;59255/EUR 91,67;0/EUR 0,00;1286202/EUR 6,08
30.10.1985;3/5/8/13/16/32;0;0;8/1/9/4/0/7/7;NULL;0/EUR 0,00;1/EUR 585.186,75;17/EUR 17.211,36;549/EUR 1.598,86;0/EUR 0,00;24943/EUR 35,18;0/EUR 0,00;408462/EUR 3,07
02.11.1985;2/5/9/24/34/42;15;0;0/4/2/3/2/4/8;NULL;0/EUR 0,00;6/EUR 595.556,82;42/EUR 42.539,74;1815/EUR 2.953,17;0/EUR 0,00;97261/EUR 55,07;0/EUR 0,00;1752582/EUR 4,40
06.11.1985;3/5/8/10/12/36;0;0;6/2/6/4/2/3/1;NULL;0/EUR 0,00;4/EUR 145.674,98;28/EUR 10.405,35;549/EUR 1.592,06;0/EUR 0,00;25442/EUR 34,31;0/EUR 0,00;397984/EUR 3,17
09.11.1985;3/14/19/20/36/46;24;0;0/7/8/1/4/1/9;NULL;0/EUR 0,00;4/EUR 923.106,51;53/EUR 34.834,16;1079/EUR 5.133,11;0/EUR 0,00;70415/EUR 78,64;0/EUR 0,00;1485166/EUR 5,37
13.11.1985;3/9/11/13/23/24;0;0;9/4/5/3/6/7/0;NULL;0/EUR 0,00;3/EUR 198.518,69;15/EUR 19.851,83;609/EUR 1.466,85;0/EUR 0,00;28237/EUR 31,60;0/EUR 0,00;455847/EUR 2,81
16.11.1985;1/10/11/15/38/48;49;0;8/3/3/1/4/5/4;NULL;0/EUR 0,00;6/EUR 615.213,95;113/EUR 16.333,07;1457/EUR 3.800,18;0/EUR 0,00;83697/EUR 66,11;0/EUR 0,00;1585779/EUR 5,01
20.11.1985;1/2/16/24/32/33;0;0;5/8/9/4/9/5/3;NULL;0/EUR 0,00;15/EUR 40.118,62;51/EUR 5.899,80;869/EUR 1.038,74;0/EUR 0,00;27654/EUR 32,62;0/EUR 0,00;383493/EUR 3,37
23.11.1985;8/15/31/38/39/48;24;0;0/4/9/1/8/3/6;NULL;0/EUR 0,00;3/EUR 1.192.679,37;28/EUR 63.893,49;1047/EUR 5.126,11;0/EUR 0,00;67725/EUR 79,20;0/EUR 0,00;1399001/EUR 5,52
27.11.1985;2/14/24/26/35/36;0;0;9/0/3/4/1/0/1;NULL;0/EUR 0,00;3/EUR 196.941,09;10/EUR 29.541,12;401/EUR 2.210,06;0/EUR 0,00;19213/EUR 46,12;0/EUR 0,00;337159/EUR 3,78
30.11.1985;3/15/22/30/36/48;7;0;0/7/4/0/3/8/4;NULL;0/EUR 0,00;6/EUR 614.235,24;69/EUR 26.705,85;1821/EUR 3.035,74;0/EUR 0,00;80535/EUR 68,62;0/EUR 0,00;1457617/EUR 5,47
04.12.1985;11/25/26/31/34/38;0;0;0/5/7/8/9/6/6;NULL;0/EUR 0,00;3/EUR 228.763,29;13/EUR 26.395,75;441/EUR 2.334,30;0/EUR 0,00;25431/EUR 40,44;0/EUR 0,00;429263/EUR 3,43
07.12.1985;6/12/23/28/33/48;41;0;2/7/8/0/4/1/0;NULL;0/EUR 0,00;13/EUR 317.289,28;77/EUR 26.784,13;2471/EUR 2.503,90;0/EUR 0,00;121371/EUR 50,98;0/EUR 0,00;2069802/EUR 4,29
11.12.1985;7/9/10/16/21/35;0;0;8/9/1/1/4/0/5;NULL;0/EUR 0,00;3/EUR 206.631,20;9/EUR 34.438,52;383/EUR 2.427,77;0/EUR 0,00;22657/EUR 41,01;0/EUR 0,00;405653/EUR 3,27
14.12.1985;8/17/19/20/23/29;3;0;8/9/2/2/5/2/9;NULL;0/EUR 0,00;2/EUR 1.907.571,01;53/EUR 35.991,88;1289/EUR 4.439,65;0/EUR 0,00;86557/EUR 66,11;0/EUR 0,00;1722611/EUR 4,76
18.12.1985;2/12/21/25/27/28;0;0;1/7/3/0/0/6/7;NULL;0/EUR 0,00;1/EUR 647.150,57;10/EUR 32.357,52;365/EUR 2.659,48;0/EUR 0,00;21448/EUR 45,25;0/EUR 0,00;400466/EUR 3,48
21.12.1985;7/9/17/36/37/44;12;0;5/0/7/2/5/4/4;NULL;0/EUR 0,00;3/EUR 1.295.257,26;27/EUR 71.958,71;1450/EUR 4.019,73;0/EUR 0,00;95559/EUR 60,95;0/EUR 0,00;1900650/EUR 4,40
25.12.1985;15/18/21/30/33/34;0;0;8/9/2/7/8/4/7;NULL;0/EUR 0,00;1/EUR 539.480,99;10/EUR 26.974,02;353/EUR 2.292,38;0/EUR 0,00;18967/EUR 42,64;0/EUR 0,00;331465/EUR 3,48
28.12.1985;1/14/30/35/37/49;23;0;9/4/0/6/9/9/6;NULL;0/EUR 0,00;3/EUR 1.179.946,83;23/EUR 76.953,01;1052/EUR 5.047,27;0/EUR 0,00;63166/EUR 84,06;0/EUR 0,00;1261955/EUR 6,03
01.01.1986;5/6/11/14/15/16;0;0;8/6/5/4/6/7/6;NULL;0/EUR 0,00;0/EUR 545.963,45;9/EUR 30.331,27;269/EUR 3.044,39;0/EUR 0,00;16761/EUR 48,83;0/EUR 0,00;307196/EUR 3,83
04.01.1986;8/31/32/33/43/46;27;0;7/8/3/3/2/6/4;NULL;0/EUR 0,00;0/EUR 3.572.092,56;10/EUR 178.604,58;944/EUR 5.675,95;0/EUR 0,00;68857/EUR 77,77;0/EUR 0,00;1451175/EUR 5,32
08.01.1986;1/6/12/16/26/30;0;0;4/1/8/9/5/9/1;NULL;0/EUR 0,00;4/EUR 315.648,19;16/EUR 22.394,64;572/EUR 1.879,25;0/EUR 0,00;25346/EUR 42,39;0/EUR 0,00;414818/EUR 3,73
11.01.1986;7/8/10/31/32/38;13;0;0/2/9/7/6/6/0;NULL;0/EUR 0,00;6/EUR 1.322.232,71;34/EUR 64.136,81;1412/EUR 4.633,07;0/EUR 0,00;93386/EUR 70,05;0/EUR 0,00;2115563/EUR 4,45
15.01.1986;9/15/18/20/36/37;0;0;1/4/1/8/0/5/5;NULL;0/EUR 0,00;2/EUR 342.714,45;26/EUR 13.181,31;492/EUR 2.089,70;0/EUR 0,00;23717/EUR 43,31;0/EUR 0,00;392757/EUR 3,73
18.01.1986;3/19/28/29/36/41;44;0;5/6/7/4/3/9/1;NULL;0/EUR 0,00;8/EUR 488.165,18;32/EUR 61.020,64;1463/EUR 4.004,08;0/EUR 0,00;90042/EUR 65,04;0/EUR 0,00;1713819/EUR 4,91
22.01.1986;6/13/19/20/22/31;0;0;1/3/8/3/3/0/6;NULL;0/EUR 0,00;0/EUR 663.119,39;5/EUR 66.311,90;445/EUR 2.235,21;0/EUR 0,00;23650/EUR 42,03;0/EUR 0,00;409265/EUR 3,48
25.01.1986;20/24/27/31/45/48;46;0;1/2/8/8/1/9/3;NULL;0/EUR 0,00;5/EUR 756.391,71;25/EUR 75.639,14;1400/EUR 4.052,09;0/EUR 0,00;78837/EUR 71,94;0/EUR 0,00;1583778/EUR 5,16
29.01.1986;6/12/16/21/24/32;0;0;7/8/9/7/4/1/8;NULL;0/EUR 0,00;10/EUR 134.731,14;90/EUR 3.801,05;1372/EUR 748,02;0/EUR 0,00;48093/EUR 21,32;0/EUR 0,00;602258/EUR 2,45
01.02.1986;3/6/33/37/42/43;39;0;9/0/7/3/5/9/6;NULL;0/EUR 0,00;3/EUR 1.274.821,38;23/EUR 83.140,51;956/EUR 6.000,73;0/EUR 0,00;75294/EUR 76,18;0/EUR 0,00;1598476/EUR 5,16
05.02.1986;7/9/11/14/22/28;0;0;2/7/7/8/9/3/4;NULL;0/EUR 0,00;4/EUR 176.046,28;11/EUR 32.008,41;730/EUR 1.446,90;0/EUR 0,00;31270/EUR 33,75;0/EUR 0,00;454416/EUR 3,32
08.02.1986;11/29/30/31/48/49;39;0;1/1/9/5/8/6/6;NULL;0/EUR 0,00;3/EUR 1.265.424,81;24/EUR 79.089,03;1489/EUR 3.824,31;0/EUR 0,00;69924/EUR 81,40;0/EUR 0,00;1437584/EUR 5,68
12.02.1986;5/6/7/10/19/29;0;0;4/2/0/2/1/0/0;NULL;0/EUR 0,00;10/EUR 62.271,16;25/EUR 12.454,20;891/EUR 1.048,30;0/EUR 0,00;30799/EUR 30,32;0/EUR 0,00;445301/EUR 3,02
15.02.1986;14/17/29/33/44/48;43;0;4/3/4/0/8/0/7;NULL;0/EUR 0,00;16/EUR 238.655,51;21/EUR 90.916,39;2188/EUR 2.617,76;0/EUR 0,00;86460/EUR 66,21;0/EUR 0,00;1545679/EUR 5,32
19.02.1986;6/12/14/22/32/37;0;0;1/8/9/1/6/1/6;NULL;0/EUR 0,00;2/EUR 324.714,57;20/EUR 16.235,72;510/EUR 1.910,08;0/EUR 0,00;25186/EUR 38,65;0/EUR 0,00;389539/EUR 3,58
22.02.1986;6/10/18/27/41/48;17;0;1/3/8/6/0/7/6;NULL;0/EUR 0,00;9/EUR 421.510,25;26/EUR 72.953,68;1860/EUR 3.059,31;0/EUR 0,00;98553/EUR 57,72;0/EUR 0,00;1768392/EUR 4,60
26.02.1986;1/7/26/30/31/34;0;0;3/3/2/1/8/2/2;NULL;0/EUR 0,00;1/EUR 725.548,64;8/EUR 45.346,78;286/EUR 3.805,29;0/EUR 0,00;18378/EUR 59,21;0/EUR 0,00;392085/EUR 3,99
01.03.1986;11/13/24/26/41/42;34;0;5/1/9/0/7/1/9;NULL;0/EUR 0,00;14/EUR 291.723,16;33/EUR 61.880,63;2178/EUR 2.812,72;0/EUR 0,00;112375/EUR 54,50;0/EUR 0,00;1978922/EUR 4,45
05.03.1986;1/5/8/16/25/28;0;0;0/5/0/7/2/2/3;NULL;0/EUR 0,00;1/EUR 650.391,09;13/EUR 25.015,01;365/EUR 2.672,83;0/EUR 0,00;19754/EUR 49,34;0/EUR 0,00;355893/EUR 3,94
08.03.1986;5/14/17/33/37/43;32;0;4/7/8/1/0/6/1;NULL;0/EUR 0,00;13/EUR 292.889,11;53/EUR 35.920,35;2395/EUR 2.384,67;0/EUR 0,00;112500/EUR 50,72;0/EUR 0,00;1855022/EUR 4,40
12.03.1986;5/6/10/11/22/24;0;0;2/6/9/0/3/6/6;NULL;0/EUR 0,00;2/EUR 313.926,98;16/EUR 19.620,42;606/EUR 1.554,07;0/EUR 0,00;29667/EUR 31,70;0/EUR 0,00;469473/EUR 2,86
15.03.1986;20/23/28/35/36/42;45;0;1/6/9/3/6/6/2;NULL;0/EUR 0,00;7/EUR 540.445,44;34/EUR 55.634,08;1400/EUR 4.053,32;0/EUR 0,00;75571/EUR 75,06;0/EUR 0,00;1467562/EUR 5,57
19.03.1986;1/8/12/17/27/29;0;0;1/6/5/5/2/6/3;NULL;0/EUR 0,00;2/EUR 308.173,21;6/EUR 51.362,18;496/EUR 1.863,91;0/EUR 0,00;21299/EUR 43,36;0/EUR 0,00;351253/EUR 3,78
22.03.1986;5/6/18/19/26/44;34;0;9/2/5/9/1/0/9;NULL;0/EUR 0,00;6/EUR 621.467,97;31/EUR 60.142,04;1635/EUR 3.420,90;0/EUR 0,00;98953/EUR 56,50;0/EUR 0,00;1882718/EUR 4,24
26.03.1986;16/18/19/24/31/35;0;0;1/8/3/1/3/9/7;NULL;0/EUR 0,00;0/EUR 620.871,80;49/EUR 6.335,42;428/EUR 2.175,90;0/EUR 0,00;22912/EUR 40,60;0/EUR 0,00;380973/EUR 3,53
29.03.1986;3/6/29/31/41/45;33;0;0/6/2/7/1/1/5;NULL;0/EUR 0,00;2/EUR 1.841.176,79;38/EUR 48.452,01;1504/EUR 3.672,56;0/EUR 0,00;84192/EUR 65,60;0/EUR 0,00;1562962/EUR 5,06
02.04.1986;2/12/13/17/19/25;0;0;4/6/5/8/6/6/8;NULL;0/EUR 0,00;1/EUR 1.195.207,05;24/EUR 11.965,30;570/EUR 1.511,38;0/EUR 0,00;27203/EUR 31,65;0/EUR 0,00;435172/EUR 2,81
05.04.1986;1/21/24/27/45/49;31;0;9/2/2/2/9/3/2;NULL;0/EUR 0,00;2/EUR 1.843.326,36;24/EUR 76.805,24;1575/EUR 3.511,09;0/EUR 0,00;84990/EUR 65,04;0/EUR 0,00;1589379/EUR 5,01
09.04.1986;1/8/12/22/23/31;0;0;3/6/0/8/2/9/0;NULL;0/EUR 0,00;1/EUR 617.205,53;5/EUR 61.720,55;386/EUR 2.398,42;0/EUR 0,00;18794/EUR 49,24;0/EUR 0,00;339164/EUR 3,94
12.04.1986;11/19/24/42/46/47;6;0;5/0/3/8/2/1/4;NULL;0/EUR 0,00;4/EUR 938.715,43;53/EUR 35.423,22;1536/EUR 3.666,83;0/EUR 0,00;92523/EUR 60,84;0/EUR 0,00;1784365/EUR 4,55
16.04.1986;3/4/11/17/19/20;0;0;7/2/2/6/7/6/1;NULL;0/EUR 0,00;3/EUR 207.231,87;18/EUR 17.269,29;808/EUR 1.154,09;0/EUR 0,00;36518/EUR 25,51;0/EUR 0,00;528549/EUR 2,51
19.04.1986;1/21/23/24/36/44;42;0;0/5/6/5/7/4/6;NULL;0/EUR 0,00;1/EUR 3.684.880,43;13/EUR 141.726,12;844/EUR 6.548,93;0/EUR 0,00;63301/EUR 87,28;0/EUR 0,00;1412886/EUR 5,62
23.04.1986;3/5/6/8/16/17;0;0;2/0/2/2/3/5/9;NULL;0/EUR 0,00;1/EUR 602.013,21;17/EUR 17.706,24;467/EUR 1.933,65;0/EUR 0,00;25038/EUR 36,05;0/EUR 0,00;424136/EUR 3,07
26.04.1986;3/24/33/35/44/49;34;0;4/5/1/1/5/2/4;NULL;0/EUR 0,00;5/EUR 747.879,98;24/EUR 77.904,16;1558/EUR 3.600,16;0/EUR 0,00;84795/EUR 66,11;0/EUR 0,00;1646623/EUR 4,91
30.04.1986;2/14/17/27/32/37;0;0;7/2/8/0/8/5/7;NULL;0/EUR 0,00;2/EUR 299.318,14;21/EUR 14.253,23;534/EUR 1.681,54;0/EUR 0,00;25195/EUR 35,64;0/EUR 0,00;398373/EUR 3,22
03.05.1986;8/15/33/37/38/49;18;0;0/9/3/7/1/5/6;NULL;0/EUR 0,00;3/EUR 1.191.184,51;20/EUR 89.338,80;1201/EUR 4.463,22;0/EUR 0,00;71796/EUR 74,65;0/EUR 0,00;1460401/EUR 5,27
07.05.1986;4/5/9/15/17/26;0;0;3/9/2/0/0/6/9;NULL;0/EUR 0,00;1/EUR 571.781,70;16/EUR 17.868,17;501/EUR 1.711,91;0/EUR 0,00;24553/EUR 34,92;0/EUR 0,00;396527/EUR 3,12
10.05.1986;3/8/14/37/41/42;23;0;5/4/3/9/2/7/4;NULL;0/EUR 0,00;1/EUR 3.543.097,36;40/EUR 44.288,72;1020/EUR 5.210,42;0/EUR 0,00;62858/EUR 84,52;0/EUR 0,00;1298790/EUR 5,88
14.05.1986;4/6/8/14/26/29;0;0;7/0/0/9/5/6/0;NULL;0/EUR 0,00;1/EUR 572.581,10;10/EUR 28.629,02;505/EUR 1.700,71;0/EUR 0,00;19465/EUR 44,07;0/EUR 0,00;317617/EUR 3,89
17.05.1986;5/12/22/23/36/49;18;0;9/3/3/1/9/8/3;NULL;0/EUR 0,00;8/EUR 454.134,82;43/EUR 42.245,08;1523/EUR 3.578,17;0/EUR 0,00;84584/EUR 64,42;0/EUR 0,00;1592018/EUR 4,91
21.05.1986;4/5/9/15/20/26;0;0;9/5/3/1/6/8/5;NULL;0/EUR 0,00;0/EUR 520.918,38;10/EUR 26.045,87;437/EUR 1.788,04;0/EUR 0,00;24808/EUR 31,50;0/EUR 0,00;308583/EUR 3,63
24.05.1986;5/12/18/26/39/42;20;0;0/7/8/5/6/8/1;NULL;0/EUR 0,00;20/EUR 174.805,43;69/EUR 25.334,10;2848/EUR 1.841,32;0/EUR 0,00;113085/EUR 46,32;0/EUR 0,00;1792798/EUR 4,19
28.05.1986;1/16/28/30/35/36;0;0;8/6/3/6/5/0/2;NULL;0/EUR 0,00;3/EUR 363.682,63;18/EUR 15.836,91;260/EUR 3.289,19;0/EUR 0,00;18460/EUR 46,32;0/EUR 0,00;346893/EUR 3,53
31.05.1986;6/12/15/30/31/49;9;0;5/4/4/9/2/8/9;NULL;0/EUR 0,00;7/EUR 501.857,22;32/EUR 54.890,61;1302/EUR 4.047,23;0/EUR 0,00;77086/EUR 68,31;0/EUR 0,00;1510265/EUR 5,01
04.06.1986;4/15/28/31/35/43;25;0;5/1/7/0/4/0/5;NULL;0/EUR 0,00;1/EUR 685.029,58;10/EUR 34.251,44;543/EUR 1.892,34;0/EUR 0,00;33185/EUR 30,93;0/EUR 0,00;657569/EUR 2,25
04.06.1986;11/26/27/30/35/38;49;0;5/1/7/0/4/0/5;NULL;0/EUR 0,00;3/EUR 228.343,16;10/EUR 34.251,44;535/EUR 1.920,62;0/EUR 0,00;28264/EUR 36,35;0/EUR 0,00;529125/EUR 2,76
07.06.1986;3/13/14/27/38/39;41;0;0/9/6/7/5/9/3;NULL;0/EUR 0,00;9/EUR 373.995,44;41/EUR 41.048,25;1710/EUR 2.952,56;0/EUR 0,00;90489/EUR 55,78;0/EUR 0,00;1618877/EUR 4,50
11.06.1986;16/19/32/37/41/47;22;0;4/5/3/0/0/3/4;NULL;0/EUR 0,00;1/EUR 682.842,07;16/EUR 21.338,77;750/EUR 1.365,66;0/EUR 0,00;36855/EUR 27,76;0/EUR 0,00;650411/EUR 2,25
11.06.1986;8/16/23/32/34/42;26;0;4/5/3/0/0/3/4;NULL;0/EUR 0,00;15/EUR 45.522,77;21/EUR 16.258,11;1572/EUR 651,54;0/EUR 0,00;45867/EUR 22,29;0/EUR 0,00;673569/EUR 2,15
14.06.1986;5/17/18/22/28/47;36;0;4/0/1/2/7/0/8;NULL;0/EUR 0,00;2/EUR 1.675.456,35;37/EUR 45.282,57;1110/EUR 4.528,26;0/EUR 0,00;72132/EUR 69,64;0/EUR 0,00;1454519/EUR 4,96
18.06.1986;17/19/25/31/36/49;34;0;3/9/2/4/0/1/5;NULL;0/EUR 0,00;3/EUR 200.692,34;11/EUR 27.367,10;840/EUR 1.075,09;0/EUR 0,00;40938/EUR 22,04;0/EUR 0,00;686553/EUR 1,89
18.06.1986;16/21/27/31/32/47;23;0;3/9/2/4/0/1/5;NULL;0/EUR 0,00;3/EUR 200.692,34;6/EUR 50.173,07;577/EUR 1.565,17;0/EUR 0,00;33755/EUR 26,74;0/EUR 0,00;621336/EUR 2,10
21.06.1986;10/21/27/29/32/49;46;0;8/1/1/7/3/6/3;NULL;0/EUR 0,00;2/EUR 1.631.754,40;32/EUR 50.992,32;1379/EUR 3.549,85;0/EUR 0,00;81063/EUR 60,38;0/EUR 0,00;1584219/EUR 4,45
25.06.1986;2/3/9/18/27/42;47;0;4/4/4/3/8/8/6;NULL;0/EUR 0,00;1/EUR 629.673,13;12/EUR 26.236,38;807/EUR 1.170,35;0/EUR 0,00;40270/EUR 23,42;0/EUR 0,00;674289/EUR 1,99
25.06.1986;3/10/20/32/41/44;30;0;4/4/4/3/8/8/6;NULL;0/EUR 0,00;5/EUR 125.934,62;40/EUR 7.870,88;936/EUR 1.009,09;0/EUR 0,00;35972/EUR 26,23;0/EUR 0,00;576631/EUR 2,35
28.06.1986;1/3/31/37/40/45;48;0;5/7/4/0/9/2/5;NULL;0/EUR 0,00;4/EUR 807.966,49;11/EUR 146.902,95;854/EUR 5.676,57;0/EUR 0,00;67451/EUR 71,84;0/EUR 0,00;1411085/EUR 4,96
02.07.1986;7/17/27/29/32/38;16;0;5/9/1/2/9/9/6;NULL;0/EUR 0,00;7/EUR 84.918,37;16/EUR 18.575,85;977/EUR 912,60;0/EUR 0,00;45754/EUR 19,48;0/EUR 0,00;719520/EUR 1,79
02.07.1986;18/23/34/35/42/49;15;0;5/9/1/2/9/9/6;NULL;0/EUR 0,00;1/EUR 594.428,61;6/EUR 49.535,70;404/EUR 2.206,99;0/EUR 0,00;25034/EUR 35,59;0/EUR 0,00;476516/EUR 2,66
05.07.1986;2/5/6/15/18/27;33;0;0/1/1/3/3/8/3;NULL;0/EUR 0,00;6/EUR 535.088,12;36/EUR 44.590,63;1622/EUR 2.969,02;0/EUR 0,00;91631/EUR 52,51;0/EUR 0,00;1662440/EUR 4,14
09.07.1986;4/6/18/24/31/32;46;0;8/1/6/1/2/6/1;NULL;0/EUR 0,00;0/EUR 585.955,17;30/EUR 9.765,88;909/EUR 966,90;0/EUR 0,00;46659/EUR 18,82;0/EUR 0,00;733296/EUR 1,69
09.07.1986;2/18/20/33/35/45;48;0;8/1/6/1/2/6/1;NULL;0/EUR 0,00;5/EUR 117.191,01;19/EUR 15.419,85;524/EUR 1.677,34;0/EUR 0,00;26451/EUR 33,18;0/EUR 0,00;488270/EUR 2,56
12.07.1986;10/22/23/30/34/40;24;0;8/9/3/9/9/1/0;NULL;0/EUR 0,00;4/EUR 815.615,31;24/EUR 67.967,92;1206/EUR 4.057,77;0/EUR 0,00;69952/EUR 69,94;0/EUR 0,00;1408059/EUR 5,01
16.07.1986;9/12/18/24/39/47;10;0;0/2/2/5/3/9/4;NULL;0/EUR 0,00;6/EUR 196.057,43;17/EUR 17.364,39;1139/EUR 777,47;0/EUR 0,00;45307/EUR 19,53;0/EUR 0,00;672790/EUR 1,89
16.07.1986;15/25/32/33/42/46;21;0;0/2/2/5/3/9/4;NULL;0/EUR 0,00;0/EUR 590.389,50;10/EUR 29.519,44;354/EUR 2.501,65;0/EUR 0,00;24454/EUR 36,20;0/EUR 0,00;512456/EUR 2,45
19.07.1986;4/6/18/28/29/45;5;0;2/0/3/4/4/7/9;NULL;0/EUR 0,00;4/EUR 808.139,41;30/EUR 53.875,95;1191/EUR 4.071,21;0/EUR 0,00;68974/EUR 70,25;0/EUR 0,00;1334807/EUR 5,22
23.07.1986;7/8/16/30/37/41;45;0;1/7/2/1/2/2/3;NULL;0/EUR 0,00;2/EUR 283.019,08;8/EUR 35.377,36;386/EUR 2.199,63;0/EUR 0,00;24800/EUR 34,21;0/EUR 0,00;506094/EUR 2,40
23.07.1986;1/12/15/21/29/42;8;0;1/7/2/1/2/2/3;NULL;0/EUR 0,00;2/EUR 578.213,85;8/EUR 35.377,36;338/EUR 2.511,98;0/EUR 0,00;22168/EUR 38,30;0/EUR 0,00;442450/EUR 2,76
26.07.1986;8/16/22/27/28/29;34;0;0/2/6/4/1/9/5;NULL;0/EUR 0,00;4/EUR 807.922,01;15/EUR 107.722,91;953/EUR 5.086,59;0/EUR 0,00;62645/EUR 77,36;0/EUR 0,00;1250577/EUR 5,57
30.07.1986;1/3/11/29/38/41;47;0;2/5/0/1/2/4/4;NULL;0/EUR 0,00;0/EUR 545.246,62;5/EUR 54.524,63;332/EUR 2.463,46;0/EUR 0,00;22702/EUR 35,99;0/EUR 0,00;475143/EUR 2,45
30.07.1986;5/15/18/37/38/41;10;0;2/5/0/1/2/4/4;NULL;0/EUR 0,00;2/EUR 272.623,29;8/EUR 34.077,91;368/EUR 2.222,43;0/EUR 0,00;24578/EUR 33,23;0/EUR 0,00;481480/EUR 2,40
02.08.1986;6/32/33/35/44/47;40;0;3/6/9/0/9/2/6;NULL;0/EUR 0,00;0/EUR 3.214.734,51;10/EUR 160.736,72;1101/EUR 4.379,73;0/EUR 0,00;70124/EUR 68,72;0/EUR 0,00;1392065/EUR 4,96
06.08.1986;3/10/18/19/48/49;9;0;8/7/5/3/0/4/0;NULL;0/EUR 0,00;5/EUR 217.995,22;21/EUR 12.969,74;662/EUR 1.234,26;0/EUR 0,00;32125/EUR 25,41;0/EUR 0,00;568339/EUR 2,05
06.08.1986;8/17/18/19/39/41;22;0;8/7/5/3/0/4/0;NULL;0/EUR 0,00;2/EUR 272.364,83;7/EUR 38.909,26;587/EUR 1.391,94;0/EUR 0,00;28303/EUR 28,84;0/EUR 0,00;519909/EUR 2,25
09.08.1986;8/14/17/34/38/43;47;0;7/4/7/0/8/5/8;NULL;0/EUR 0,00;11/EUR 651.265,45;62/EUR 31.848,27;1910/EUR 3.101,45;0/EUR 0,00;93395/EUR 63,40;0/EUR 0,00;1663314/EUR 5,11
13.08.1986;5/19/22/23/38/41;39;0;9/4/3/3/1/5/5;NULL;0/EUR 0,00;1/EUR 536.614,23;9/EUR 29.811,90;473/EUR 1.701,73;0/EUR 0,00;27103/EUR 29,65;0/EUR 0,00;494821/EUR 2,30
13.08.1986;5/13/22/25/29/34;28;0;9/4/3/3/1/5/5;NULL;0/EUR 0,00;2/EUR 268.307,11;11/EUR 24.391,54;814/EUR 988,84;0/EUR 0,00;32188/EUR 25,00;0/EUR 0,00;561535/EUR 2,05
16.08.1986;2/3/28/31/42/49;23;0;6/9/0/7/3/7/4;NULL;0/EUR 0,00;2/EUR 1.687.559,19;22/EUR 76.707,23;1021/EUR 4.958,51;0/EUR 0,00;70984/EUR 71,27;0/EUR 0,00;1445072/EUR 5,01
20.08.1986;9/10/13/35/42/43;22;0;3/7/8/5/1/2/1;NULL;0/EUR 0,00;0/EUR 525.047,37;6/EUR 43.753,90;333/EUR 2.365,03;0/EUR 0,00;17173/EUR 45,81;0/EUR 0,00;378621/EUR 2,97
20.08.1986;2/4/11/30/37/45;28;0;3/7/8/5/1/2/1;NULL;0/EUR 0,00;2/EUR 262.523,69;8/EUR 32.815,43;377/EUR 2.089,04;0/EUR 0,00;21858/EUR 35,99;0/EUR 0,00;444812/EUR 2,56
23.08.1986;18/23/26/32/34/45;7;0;6/7/5/3/4/2/4;NULL;0/EUR 0,00;14/EUR 254.123,57;78/EUR 22.805,92;2695/EUR 1.980,18;0/EUR 0,00;118977/EUR 44,84;0/EUR 0,00;1859379/EUR 4,14
27.08.1986;3/5/14/16/18/35;26;0;0/5/2/2/7/1/0;NULL;0/EUR 0,00;0/EUR 1.066.608,04;13/EUR 20.829,21;601/EUR 1.351,60;0/EUR 0,00;31336/EUR 25,92;0/EUR 0,00;570232/EUR 2,05
27.08.1986;1/12/13/14/29/31;39;0;0/5/2/2/7/1/0;NULL;0/EUR 0,00;3/EUR 180.520,19;3/EUR 90.260,09;403/EUR 2.015,72;0/EUR 0,00;21451/EUR 37,84;0/EUR 0,00;434882/EUR 2,66
30.08.1986;1/19/32/37/39/48;35;0;2/4/1/3/0/7/0;NULL;0/EUR 0,00;7/EUR 514.016,56;21/EUR 85.669,41;1642/EUR 3.286,94;0/EUR 0,00;100486/EUR 53,69;0/EUR 0,00;1850980/EUR 4,19
03.09.1986;13/14/15/16/27/47;32;0;7/6/3/6/2/9/0;NULL;0/EUR 0,00;0/EUR 1.684.718,05;5/EUR 61.811,00;294/EUR 3.153,60;0/EUR 0,00;22755/EUR 40,70;0/EUR 0,00;465829/EUR 2,86
03.09.1986;13/21/25/32/47/48;31;0;7/6/3/6/2/9/0;NULL;0/EUR 0,00;2/EUR 309.054,98;8/EUR 38.631,83;576/EUR 1.609,65;0/EUR 0,00;32299/EUR 28,68;0/EUR 0,00;594882/EUR 2,25
06.09.1986;15/16/31/32/37/49;10;0;5/5/1/0/1/6/4;NULL;0/EUR 0,00;6/EUR 619.502,00;24/EUR 77.437,71;1548/EUR 3.601,74;0/EUR 0,00;84936/EUR 65,60;0/EUR 0,00;1654008/EUR 4,86
10.09.1986;1/3/13/22/26/27;45;0;2/0/2/8/0/9/5;NULL;0/EUR 0,00;2/EUR 1.123.267,16;10/EUR 28.090,78;620/EUR 1.359,22;0/EUR 0,00;32261/EUR 26,08;0/EUR 0,00;573177/EUR 2,10
10.09.1986;8/13/20/23/29/48;9;0;2/0/2/8/0/9/5;NULL;0/EUR 0,00;0/EUR 561.816,31;2/EUR 140.454,08;274/EUR 3.075,63;0/EUR 0,00;18346/EUR 45,91;0/EUR 0,00;393134/EUR 3,07
13.09.1986;6/10/14/16/23/28;17;0;0/3/8/0/4/2/0;NULL;0/EUR 0,00;6/EUR 593.046,99;24/EUR 74.130,83;1478/EUR 3.611,20;0/EUR 0,00;79334/EUR 67,23;0/EUR 0,00;1496818/EUR 5,11
17.09.1986;3/6/27/40/42/46;19;0;0/6/6/1/9/1/7;NULL;0/EUR 0,00;0/EUR 538.297,30;14/EUR 19.224,88;346/EUR 2.333,64;0/EUR 0,00;21660/EUR 37,27;0/EUR 0,00;452802/EUR 2,56
17.09.1986;13/16/23/31/32/33;6;0;0/6/6/1/9/1/7;NULL;0/EUR 0,00;4/EUR 275.028,40;38/EUR 7.082,82;1131/EUR 713,92;0/EUR 0,00;46740/EUR 17,23;0/EUR 0,00;716724/EUR 1,59
20.09.1986;3/8/13/23/35/38;7;0;2/9/9/5/4/3/1;NULL;0/EUR 0,00;11/EUR 320.125,73;37/EUR 47.586,24;2159/EUR 2.446,53;0/EUR 0,00;103139/EUR 51,18;0/EUR 0,00;1747325/EUR 4,35
24.09.1986;4/8/14/28/33/35;44;0;1/3/2/0/9/5/2;NULL;0/EUR 0,00;1/EUR 1.065.550,69;3/EUR 87.875,53;421/EUR 1.878,54;0/EUR 0,00;23966/EUR 32,98;0/EUR 0,00;471636/EUR 2,40
24.09.1986;17/19/41/43/44/47;46;0;1/3/2/0/9/5/2;NULL;0/EUR 0,00;2/EUR 263.626,70;9/EUR 29.291,81;375/EUR 2.108,98;0/EUR 0,00;22356/EUR 35,33;0/EUR 0,00;428543/EUR 2,66
27.09.1986;17/20/27/39/47/49;11;0;9/8/1/5/5/5/7;NULL;0/EUR 0,00;6/EUR 585.196,00;37/EUR 47.448,30;1489/EUR 3.537,07;0/EUR 0,00;87433/EUR 60,23;0/EUR 0,00;1583220/EUR 4,76
01.10.1986;3/10/13/30/36/47;49;0;9/3/5/5/9/5/6;NULL;0/EUR 0,00;2/EUR 264.995,68;7/EUR 37.856,51;624/EUR 1.273,99;0/EUR 0,00;31682/EUR 25,05;0/EUR 0,00;554189/EUR 2,05
01.10.1986;7/11/20/23/28/31;41;0;9/3/5/5/9/5/6;NULL;0/EUR 0,00;1/EUR 529.991,36;5/EUR 52.999,14;360/EUR 2.208,27;0/EUR 0,00;22997/EUR 34,56;0/EUR 0,00;473896/EUR 2,40
04.10.1986;4/9/20/21/25/35;49;0;1/3/7/9/7/8/3;NULL;0/EUR 0,00;4/EUR 898.129,49;36/EUR 49.896,05;1670/EUR 3.226,76;0/EUR 0,00;100963/EUR 53,33;0/EUR 0,00;1802445/EUR 4,29
08.10.1986;3/8/9/17/19/46;21;0;2/6/1/3/6/4/2;NULL;0/EUR 0,00;3/EUR 177.462,20;20/EUR 13.309,64;663/EUR 1.204,45;0/EUR 0,00;40052/EUR 19,89;0/EUR 0,00;665600/EUR 1,69
08.10.1986;3/15/16/26/28/43;5;0;2/6/1/3/6/4/2;NULL;0/EUR 0,00;0/EUR 532.386,66;16/EUR 16.637,08;321/EUR 2.487,74;0/EUR 0,00;23499/EUR 33,95;0/EUR 0,00;464445/EUR 2,45
11.10.1986;7/17/22/26/27/35;44;0;9/2/0/8/9/1/1;NULL;0/EUR 0,00;4/EUR 890.932,34;53/EUR 33.620,05;1259/EUR 4.245,87;0/EUR 0,00;92221/EUR 57,93;0/EUR 0,00;1792498/EUR 4,29
15.10.1986;3/14/29/30/34/38;45;0;8/6/3/9/2/5/4;NULL;0/EUR 0,00;1/EUR 528.914,73;4/EUR 66.114,34;289/EUR 2.745,23;0/EUR 0,00;20393/EUR 38,86;0/EUR 0,00;431902/EUR 2,61
15.10.1986;12/13/19/34/40/49;9;0;8/6/3/9/2/5/4;NULL;0/EUR 0,00;0/EUR 1.061.301,39;7/EUR 37.779,61;280/EUR 2.833,43;0/EUR 0,00;20948/EUR 37,84;0/EUR 0,00;445633/EUR 2,56
18.10.1986;5/25/30/31/38/41;49;0;9/3/2/1/0/9/3;NULL;0/EUR 0,00;5/EUR 728.689,97;12/EUR 151.810,38;1237/EUR 4.418,07;0/EUR 0,00;90230/EUR 60,54;0/EUR 0,00;1809382/EUR 4,35
22.10.1986;1/15/36/40/42/44;12;0;7/6/9/4/9/0/9;NULL;0/EUR 0,00;0/EUR 1.587.446,15;9/EUR 29.230,25;268/EUR 2.944,84;0/EUR 0,00;20139/EUR 39,16;0/EUR 0,00;440038/EUR 2,56
22.10.1986;12/25/26/29/36/45;30;0;7/6/9/4/9/0/9;NULL;0/EUR 0,00;1/EUR 526.144,76;3/EUR 87.690,75;269/EUR 2.933,84;0/EUR 0,00;14967/EUR 52,71;0/EUR 0,00;325241/EUR 3,48
25.10.1986;10/14/19/42/44/46;31;0;4/4/3/0/6/5/0;NULL;0/EUR 0,00;5/EUR 715.713,99;50/EUR 35.785,68;1276/EUR 4.206,76;0/EUR 0,00;74584/EUR 71,94;0/EUR 0,00;1474331/EUR 5,22
29.10.1986;9/12/18/26/33/37;29;0;7/2/7/4/1/5/8;NULL;0/EUR 0,00;0/EUR 2.152.833,53;11/EUR 25.699,42;270/EUR 3.141,02;0/EUR 0,00;20751/EUR 40,85;0/EUR 0,00;460766/EUR 2,61
29.10.1986;12/15/19/20/22/41;6;0;7/2/7/4/1/5/8;NULL;0/EUR 0,00;4/EUR 141.346,85;19/EUR 14.878,59;944/EUR 898,39;0/EUR 0,00;44491/EUR 19,02;0/EUR 0,00;686215/EUR 1,74
01.11.1986;11/15/17/20/34/41;23;0;8/0/0/4/9/8/7;NULL;0/EUR 0,00;3/EUR 1.201.575,55;43/EUR 41.915,40;1163/EUR 4.649,23;0/EUR 0,00;76259/EUR 70,87;0/EUR 0,00;1549734/EUR 5,01
05.11.1986;1/7/23/34/37/41;17;0;8/5/4/1/6/1/1;NULL;0/EUR 0,00;1/EUR 2.830.218,83;12/EUR 28.224,39;384/EUR 2.645,99;0/EUR 0,00;23712/EUR 42,85;0/EUR 0,00;525786/EUR 2,76
05.11.1986;3/6/21/44/45/47;11;0;8/5/4/1/6/1/1;NULL;0/EUR 0,00;1/EUR 677.385,30;23/EUR 14.725,72;512/EUR 1.984,48;0/EUR 0,00;29145/EUR 34,82;0/EUR 0,00;573113/EUR 2,56
08.11.1986;3/5/8/23/43/48;44;0;7/9/3/8/7/0/7;NULL;0/EUR 0,00;5/EUR 721.565,22;23/EUR 78.431,00;2000/EUR 2.705,86;0/EUR 0,00;95931/EUR 56,40;0/EUR 0,00;1711141/EUR 4,55
12.11.1986;20/31/33/37/44/45;35;0;6/2/4/8/3/4/4;NULL;0/EUR 0,00;1/EUR 573.157,94;10/EUR 28.657,86;396/EUR 2.171,05;0/EUR 0,00;25002/EUR 34,36;0/EUR 0,00;475714/EUR 2,61
12.11.1986;2/21/25/26/35/47;22;0;6/2/4/8/3/4/4;NULL;0/EUR 0,00;1/EUR 573.157,94;8/EUR 35.822,34;326/EUR 2.637,19;0/EUR 0,00;22556/EUR 38,09;0/EUR 0,00;490143/EUR 2,51
15.11.1986;16/23/26/28/45/46;38;0;3/9/6/0/0/3/1;NULL;0/EUR 0,00;0/EUR 3.643.170,73;23/EUR 79.199,32;915/EUR 5.972,40;0/EUR 0,00;67617/EUR 80,78;0/EUR 0,00;1468190/EUR 5,37
19.11.1986;9/10/28/32/45/48;30;0;5/5/7/1/8/8/7;NULL;0/EUR 0,00;1/EUR 591.434,69;5/EUR 59.143,43;470/EUR 1.887,54;0/EUR 0,00;27185/EUR 32,62;0/EUR 0,00;522835/EUR 2,40
19.11.1986;4/11/13/30/36/48;41;0;5/5/7/1/8/8/7;NULL;0/EUR 0,00;3/EUR 197.144,90;11/EUR 26.883,37;480/EUR 1.848,22;0/EUR 0,00;26662/EUR 33,23;0/EUR 0,00;509985/EUR 2,51
22.11.1986;6/11/12/16/17/27;2;0;3/6/9/9/8/5/0;NULL;0/EUR 0,00;6/EUR 1.365.292,38;82/EUR 27.735,23;2183/EUR 3.125,43;0/EUR 0,00;127073/EUR 53,69;0/EUR 0,00;2417195/EUR 4,04
26.11.1986;10/11/23/24/31/35;28;0;5/6/3/3/4/0/7;NULL;0/EUR 0,00;3/EUR 191.872,61;11/EUR 26.164,44;452/EUR 1.910,19;0/EUR 0,00;27095/EUR 31,85;0/EUR 0,00;528801/EUR 2,35
26.11.1986;5/18/19/34/36/44;31;0;5/6/3/3/4/0/7;NULL;0/EUR 0,00;2/EUR 287.808,91;19/EUR 15.147,79;617/EUR 1.399,35;0/EUR 0,00;33200/EUR 25,97;0/EUR 0,00;613514/EUR 1,99
29.11.1986;2/5/6/18/25/29;35;0;1/2/3/8/8/6/9;NULL;0/EUR 0,00;9/EUR 443.803,81;39/EUR 51.208,13;2127/EUR 2.816,76;0/EUR 0,00;115845/EUR 51,69;0/EUR 0,00;2018364/EUR 4,24
03.12.1986;6/8/9/20/26/47;44;0;4/2/6/3/9/0/2;NULL;0/EUR 0,00;3/EUR 228.453,55;8/EUR 42.835,01;476/EUR 2.159,75;0/EUR 0,00;31255/EUR 32,88;0/EUR 0,00;618344/EUR 2,35
03.12.1986;6/17/18/39/44/48;2;0;4/2/6/3/9/0/2;NULL;0/EUR 0,00;2/EUR 342.680,35;21/EUR 16.318,08;592/EUR 1.736,55;0/EUR 0,00;31660/EUR 32,47;0/EUR 0,00;584370/EUR 2,51
06.12.1986;5/9/14/28/31/33;43;0;3/6/5/3/4/5/7;NULL;0/EUR 0,00;12/EUR 360.566,82;42/EUR 51.509,54;2351/EUR 2.760,57;0/EUR 0,00;120876/EUR 53,69;0/EUR 0,00;2147932/EUR 4,35
10.12.1986;3/11/15/22/26/28;30;0;7/4/0/0/5/6/5;NULL;0/EUR 0,00;4/EUR 148.337,89;28/EUR 10.595,55;919/EUR 968,44;0/EUR 0,00;40925/EUR 21,73;0/EUR 0,00;640254/EUR 1,99
10.12.1986;8/17/21/29/33/39;11;0;7/4/0/0/5/6/5;NULL;0/EUR 0,00;3/EUR 197.783,86;18/EUR 16.481,95;613/EUR 1.451,92;0/EUR 0,00;30551/EUR 29,09;0/EUR 0,00;552742/EUR 2,30
13.12.1986;1/10/13/15/35/45;44;0;1/5/4/8/6/7/6;NULL;0/EUR 0,00;6/EUR 658.442,91;17/EUR 116.195,78;1304/EUR 4.544,46;0/EUR 0,00;82006/EUR 72,25;0/EUR 0,00;1538752/EUR 5,52
17.12.1986;11/16/21/23/33/37;2;0;5/1/7/1/5/1/2;NULL;0/EUR 0,00;3/EUR 200.028,68;12/EUR 25.003,55;490/EUR 1.836,97;0/EUR 0,00;30873/EUR 29,14;0/EUR 0,00;587724/EUR 2,20
17.12.1986;1/11/24/26/28/35;38;0;5/1/7/1/5/1/2;NULL;0/EUR 0,00;4/EUR 150.021,47;35/EUR 8.572,63;1024/EUR 879,01;0/EUR 0,00;42020/EUR 21,37;0/EUR 0,00;679035/EUR 1,89
20.12.1986;15/25/27/30/42/48;2;0;1/4/6/5/5/8/9;NULL;0/EUR 0,00;2/EUR 1.987.522,13;34/EUR 58.456,51;1114/EUR 5.352,36;0/EUR 0,00;73014/EUR 81,65;0/EUR 0,00;1530736/EUR 5,62
24.12.1986;3/15/18/19/24/44;39;0;8/3/0/9/0/9/1;NULL;0/EUR 0,00;1/EUR 603.874,26;5/EUR 60.387,41;564/EUR 1.606,02;0/EUR 0,00;33035/EUR 27,41;0/EUR 0,00;567420/EUR 2,30
24.12.1986;18/32/33/42/45/48;46;0;8/3/0/9/0/9/1;NULL;0/EUR 0,00;0/EUR 603.874,26;9/EUR 33.548,57;435/EUR 2.082,29;0/EUR 0,00;33667/EUR 26,89;0/EUR 0,00;659726/EUR 1,94
27.12.1986;7/15/21/25/28/34;2;0;8/6/9/6/0/7/6;NULL;0/EUR 0,00;4/EUR 826.622,25;41/EUR 40.323,03;1526/EUR 3.250,13;0/EUR 0,00;88081/EUR 56,29;0/EUR 0,00;1608820/EUR 4,45
31.12.1986;12/18/24/25/37/44;34;0;6/1/6/6/4/1/8;NULL;0/EUR 0,00;6/EUR 194.560,01;9/EUR 31.304,77;821/EUR 1.029,49;0/EUR 0,00;36816/EUR 22,96;0/EUR 0,00;619870/EUR 1,94
31.12.1986;9/11/17/22/28/43;16;0;6/1/6/6/4/1/8;NULL;0/EUR 0,00;2/EUR 281.742,94;3/EUR 93.914,30;499/EUR 1.693,81;0/EUR 0,00;28314/EUR 29,81;0/EUR 0,00;536476/EUR 2,25
03.01.1987;4/7/10/21/30/40;23;0;0/3/5/0/2/1/6;NULL;0/EUR 0,00;13/EUR 285.137,92;52/EUR 35.642,21;3108/EUR 1.788,96;0/EUR 0,00;133725/EUR 41,57;0/EUR 0,00;2010222/EUR 3,99
07.01.1987;7/11/16/30/38/46;35;0;4/5/4/0/7/6/1;NULL;0/EUR 0,00;0/EUR 539.297,08;13/EUR 20.742,19;573/EUR 1.411,73;0/EUR 0,00;29422/EUR 27,46;0/EUR 0,00;522500/EUR 2,20
07.01.1987;10/23/25/31/36/49;42;0;4/5/4/0/7/6/1;NULL;0/EUR 0,00;3/EUR 179.765,67;10/EUR 26.964,82;401/EUR 2.017,30;0/EUR 0,00;25950/EUR 31,14;0/EUR 0,00;507590/EUR 2,30
10.01.1987;6/10/24/31/47/49;1;0;1/2/3/8/7/7/4;NULL;0/EUR 0,00;6/EUR 619.400,41;46/EUR 40.395,64;1682/EUR 3.314,25;0/EUR 0,00;97906/EUR 56,91;0/EUR 0,00;1886940/EUR 4,24
14.01.1987;2/22/26/28/38/39;12;0;8/6/3/3/8/2/5;NULL;0/EUR 0,00;1/EUR 1.083.117,19;16/EUR 16.994,37;398/EUR 2.049,56;0/EUR 0,00;25647/EUR 31,80;0/EUR 0,00;478058/EUR 2,45
14.01.1987;8/13/25/26/27/46;11;0;8/6/3/3/8/2/5;NULL;0/EUR 0,00;2/EUR 271.910,03;11/EUR 24.719,07;378/EUR 2.158,01;0/EUR 0,00;26696/EUR 30,52;0/EUR 0,00;528251/EUR 2,20
17.01.1987;19/29/31/39/40/45;10;0;9/3/6/2/5/3/3;NULL;0/EUR 0,00;2/EUR 1.857.242,30;52/EUR 35.716,19;1135/EUR 4.908,96;0/EUR 0,00;87652/EUR 63,55;0/EUR 0,00;1684819/EUR 4,76
21.01.1987;8/15/19/26/28/35;30;0;8/6/8/2/0/9/1;NULL;0/EUR 0,00;3/EUR 179.781,01;15/EUR 17.978,10;593/EUR 1.364,23;0/EUR 0,00;32188/EUR 25,10;0/EUR 0,00;549268/EUR 2,10
21.01.1987;7/13/19/24/43/46;34;0;8/6/8/2/0/9/1;NULL;0/EUR 0,00;4/EUR 134.835,75;7/EUR 38.524,46;677/EUR 1.194,99;0/EUR 0,00;31654/EUR 25,51;0/EUR 0,00;537712/EUR 2,15
24.01.1987;2/16/27/32/39/46;22;0;1/0/6/4/1/4/4;NULL;0/EUR 0,00;9/EUR 413.924,22;59/EUR 31.570,48;2554/EUR 2.187,92;0/EUR 0,00;111195/EUR 50,21;0/EUR 0,00;1868257/EUR 4,29
28.01.1987;17/23/24/27/39/41;44;0;0/8/5/6/3/7/8;NULL;0/EUR 0,00;2/EUR 272.454,97;11/EUR 24.768,61;427/EUR 1.914,17;0/EUR 0,00;24395/EUR 33,49;0/EUR 0,00;490222/EUR 2,40
28.01.1987;18/22/24/27/44/47;40;0;0/8/5/6/3/7/8;NULL;0/EUR 0,00;1/EUR 544.909,94;15/EUR 18.163,64;636/EUR 1.285,13;0/EUR 0,00;33699/EUR 24,24;0/EUR 0,00;589249/EUR 1,99
31.01.1987;7/19/38/40/42/49;29;0;5/6/0/4/6/8/0;NULL;0/EUR 0,00;2/EUR 1.884.558,42;30/EUR 62.818,60;1509/EUR 3.746,59;0/EUR 0,00;98991/EUR 57,11;0/EUR 0,00;1873934/EUR 4,35
04.02.1987;6/17/19/24/33/41;25;0;2/1/1/6/3/7/9;NULL;0/EUR 0,00;5/EUR 113.697,97;17/EUR 16.720,27;909/EUR 938,07;0/EUR 0,00;46174/EUR 18,46;0/EUR 0,00;737782/EUR 1,64
04.02.1987;8/15/29/32/34/40;49;0;2/1/1/6/3/7/9;NULL;0/EUR 0,00;1/EUR 568.489,95;6/EUR 47.374,16;381/EUR 2.238,13;0/EUR 0,00;21368/EUR 39,88;0/EUR 0,00;445912/EUR 2,76
07.02.1987;1/9/10/23/26/37;48;0;7/8/7/2/9/5/1;NULL;0/EUR 0,00;7/EUR 544.760,49;61/EUR 31.256,70;2113/EUR 2.707,03;0/EUR 0,00;122170/EUR 46,78;0/EUR 0,00;2039450/EUR 4,04
11.02.1987;2/14/21/22/27/34;31;0;7/6/5/9/7/7/4;NULL;0/EUR 0,00;0/EUR 574.895,06;9/EUR 31.938,61;311/EUR 2.772,79;0/EUR 0,00;23692/EUR 36,35;0/EUR 0,00;448952/EUR 2,76
11.02.1987;2/19/34/36/44/48;24;0;7/6/5/9/7/7/4;NULL;0/EUR 0,00;2/EUR 287.447,53;16/EUR 17.965,47;535/EUR 1.611,85;0/EUR 0,00;30508/EUR 28,22;0/EUR 0,00;514725/EUR 2,40
14.02.1987;13/15/30/31/42/44;17;0;8/1/6/7/3/2/8;NULL;0/EUR 0,00;6/EUR 645.083,42;33/EUR 58.643,90;1227/EUR 4.731,65;0/EUR 0,00;73850/EUR 78,59;0/EUR 0,00;1523209/EUR 5,47
18.02.1987;4/17/31/35/41/42;32;0;2/4/7/7/7/5/0;NULL;0/EUR 0,00;1/EUR 561.880,12;7/EUR 40.134,27;411/EUR 2.050,64;0/EUR 0,00;27622/EUR 30,47;0/EUR 0,00;511493/EUR 2,35
18.02.1987;6/12/18/23/24/28;26;0;2/4/7/7/7/5/0;NULL;0/EUR 0,00;6/EUR 189.462,53;75/EUR 3.745,83;1187/EUR 710,03;0/EUR 0,00;58310/EUR 14,42;0/EUR 0,00;715098/EUR 1,69
21.02.1987;3/10/24/33/46/47;12;0;5/5/4/1/3/7/1;NULL;0/EUR 0,00;3/EUR 1.247.928,71;83/EUR 22.552,88;2285/EUR 2.457,63;0/EUR 0,00;120345/EUR 46,63;0/EUR 0,00;1978981/EUR 4,09
25.02.1987;22/28/31/32/35/40;4;0;5/8/9/9/1/8/5;NULL;0/EUR 0,00;4/EUR 136.309,60;9/EUR 30.291,03;340/EUR 2.405,42;0/EUR 0,00;21983/EUR 37,17;0/EUR 0,00;460602/EUR 2,56
25.02.1987;5/24/26/27/36/48;20;0;5/8/9/9/1/8/5;NULL;0/EUR 0,00;2/EUR 272.619,25;4/EUR 68.154,80;371/EUR 2.204,43;0/EUR 0,00;26700/EUR 30,63;0/EUR 0,00;540993/EUR 2,15
28.02.1987;4/5/20/23/31/43;44;0;9/6/2/2/8/2/3;NULL;0/EUR 0,00;3/EUR 1.256.172,52;21/EUR 89.726,56;1333/EUR 4.240,60;0/EUR 0,00;84478/EUR 66,88;0/EUR 0,00;1694303/EUR 4,81
04.03.1987;3/9/14/17/35/38;47;0;5/0/0/0/4/8/3;NULL;0/EUR 0,00;1/EUR 520.995,69;11/EUR 23.681,61;382/EUR 2.045,78;0/EUR 0,00;26989/EUR 28,94;0/EUR 0,00;499454/EUR 2,25
04.03.1987;2/3/16/20/25/46;32;0;5/0/0/0/4/8/3;NULL;0/EUR 0,00;2/EUR 260.497,84;16/EUR 16.281,07;631/EUR 1.238,45;0/EUR 0,00;31650/EUR 24,64;0/EUR 0,00;559304/EUR 1,99
07.03.1987;6/18/29/40/48/49;38;0;4/8/2/3/2/7/2;NULL;0/EUR 0,00;9/EUR 415.397,71;40/EUR 46.732,23;1572/EUR 3.567,33;0/EUR 0,00;88034/EUR 63,66;0/EUR 0,00;1633024/EUR 4,96
11.03.1987;15/23/30/36/40/49;24;0;5/7/6/4/9/5/6;NULL;0/EUR 0,00;1/EUR 538.403,44;4/EUR 67.300,43;255/EUR 3.167,04;0/EUR 0,00;17932/EUR 44,99;0/EUR 0,00;387186/EUR 2,97
11.03.1987;6/13/22/23/39/49;4;0;5/7/6/4/9/5/6;NULL;0/EUR 0,00;2/EUR 269.201,72;13/EUR 20.707,78;348/EUR 2.320,70;0/EUR 0,00;20299/EUR 39,78;0/EUR 0,00;427226/EUR 2,71
14.03.1987;14/15/28/32/33/34;17;0;7/3/2/4/8/7/4;NULL;0/EUR 0,00;6/EUR 630.227,83;44/EUR 42.970,04;1357/EUR 4.179,81;0/EUR 0,00;73140/EUR 77,51;0/EUR 0,00;1551334/EUR 5,27
18.03.1987;4/15/18/19/33/40;10;0;2/3/3/8/9/9/3;NULL;0/EUR 0,00;1/EUR 533.377,59;20/EUR 13.334,39;415/EUR 1.927,83;0/EUR 0,00;27634/EUR 28,94;0/EUR 0,00;541239/EUR 2,10
18.03.1987;2/18/20/35/42/43;31;0;2/3/3/8/9/9/3;NULL;0/EUR 0,00;0/EUR 533.377,59;9/EUR 29.632,07;326/EUR 2.454,15;0/EUR 0,00;18466/EUR 43,31;0/EUR 0,00;375067/EUR 3,07
21.03.1987;10/14/22/39/41/49;31;0;4/3/5/0/5/1/0;NULL;0/EUR 0,00;4/EUR 933.876,46;21/EUR 88.940,60;983/EUR 5.700,14;0/EUR 0,00;63644/EUR 87,99;0/EUR 0,00;1393276/EUR 5,78
25.03.1987;2/6/38/43/45/46;12;0;6/8/1/1/6/4/7;NULL;0/EUR 0,00;1/EUR 537.544,16;0/EUR 268.772,08;197/EUR 4.092,94;0/EUR 0,00;14397/EUR 55,99;0/EUR 0,00;343779/EUR 3,37
25.03.1987;1/4/14/25/33/45;35;0;6/8/1/1/6/4/7;NULL;0/EUR 0,00;3/EUR 356.973,92;7/EUR 38.395,98;517/EUR 1.559,59;0/EUR 0,00;24044/EUR 33,49;0/EUR 0,00;463535/EUR 2,51
28.03.1987;10/13/18/41/42/43;33;0;8/6/7/3/7/9/8;NULL;0/EUR 0,00;2/EUR 1.850.285,91;36/EUR 51.396,80;885/EUR 6.272,12;0/EUR 0,00;60660/EUR 91,47;0/EUR 0,00;1392191/EUR 5,73
01.04.1987;4/21/33/40/41/48;25;0;2/9/4/1/2/6/8;NULL;0/EUR 0,00;2/EUR 297.875,58;16/EUR 18.617,21;784/EUR 1.139,82;0/EUR 0,00;36023/EUR 24,80;0/EUR 0,00;587833/EUR 2,15
01.04.1987;14/23/25/33/38/46;9;0;2/9/4/1/2/6/8;NULL;0/EUR 0,00;0/EUR 595.751,22;5/EUR 113.329,53;277/EUR 3.226,05;0/EUR 0,00;21099/EUR 42,33;0/EUR 0,00;470882/EUR 2,71
04.04.1987;13/16/18/27/47/49;9;0;7/9/4/5/1/9/0;NULL;0/EUR 0,00;2/EUR 1.949.895,24;33/EUR 59.087,70;1275/EUR 4.587,98;0/EUR 0,00;83945/EUR 69,64;0/EUR 0,00;1703431/EUR 4,96
08.04.1987;2/6/12/18/28/46;13;0;7/0/2/4/2/0/8;NULL;0/EUR 0,00;2/EUR 563.580,73;9/EUR 29.522,76;728/EUR 1.094,93;0/EUR 0,00;38016/EUR 20,96;0/EUR 0,00;569286/EUR 1,99
08.04.1987;3/5/6/14/23/34;32;0;7/0/2/4/2/0/8;NULL;0/EUR 0,00;4/EUR 132.852,55;26/EUR 10.219,40;516/EUR 1.544,77;0/EUR 0,00;29019/EUR 27,46;0/EUR 0,00;540628/EUR 2,10
11.04.1987;1/9/14/15/22/49;23;0;3/5/8/7/0/3/7;NULL;0/EUR 0,00;3/EUR 1.215.684,80;34/EUR 53.633,14;1294/EUR 4.227,62;0/EUR 0,00;78117/EUR 70,00;0/EUR 0,00;1474578/EUR 5,32
15.04.1987;14/15/22/29/32/35;43;0;7/4/8/5/3/4/9;NULL;0/EUR 0,00;3/EUR 172.239,77;5/EUR 51.671,92;529/EUR 1.465,16;0/EUR 0,00;24576/EUR 31,50;0/EUR 0,00;451786/EUR 2,45
15.04.1987;2/4/29/34/39/43;31;0;7/4/8/5/3/4/9;NULL;0/EUR 0,00;0/EUR 516.719,40;2/EUR 129.179,84;176/EUR 4.403,81;0/EUR 0,00;13999/EUR 55,32;0/EUR 0,00;330687/EUR 3,37
18.04.1987;4/12/27/30/37/44;2;0;7/7/6/5/9/7/9;NULL;0/EUR 0,00;8/EUR 443.716,94;25/EUR 70.994,67;1595/EUR 3.338,28;0/EUR 0,00;87156/EUR 61,05;0/EUR 0,00;1613354/EUR 4,76
22.04.1987;1/8/29/32/40/47;5;0;1/4/3/6/9/6/6;NULL;0/EUR 0,00;1/EUR 987.742,39;16/EUR 14.719,43;431/EUR 1.639,25;0/EUR 0,00;27355/EUR 25,82;0/EUR 0,00;506937/EUR 1,99
22.04.1987;4/19/23/24/31/43;27;0;1/4/3/6/9/6/6;NULL;0/EUR 0,00;1/EUR 471.022,99;4/EUR 58.877,87;261/EUR 2.706,98;0/EUR 0,00;16419/EUR 43,00;0/EUR 0,00;329746/EUR 3,07
25.04.1987;8/16/18/36/38/45;21;0;8/1/2/8/7/1/4;NULL;0/EUR 0,00;2/EUR 1.741.186,25;45/EUR 38.692,98;1540/EUR 3.391,91;0/EUR 0,00;92026/EUR 56,75;0/EUR 0,00;1649501/EUR 4,55
29.04.1987;2/5/32/36/43/48;47;0;0/8/2/1/7/1/7;NULL;0/EUR 0,00;1/EUR 489.770,63;1/EUR 244.885,29;324/EUR 2.267,43;0/EUR 0,00;19449/EUR 37,73;0/EUR 0,00;392348/EUR 2,66
29.04.1987;3/11/20/35/44/45;13;0;0/8/2/1/7/1/7;NULL;0/EUR 0,00;4/EUR 122.442,65;9/EUR 27.209,47;408/EUR 1.800,62;0/EUR 0,00;19249/EUR 38,14;0/EUR 0,00;392383/EUR 2,66
02.05.1987;7/21/22/33/37/39;25;0;1/3/8/9/8/6/0;NULL;0/EUR 0,00;5/EUR 678.690,27;53/EUR 32.013,67;1641/EUR 3.101,85;0/EUR 0,00;94341/EUR 53,94;0/EUR 0,00;1700445/EUR 4,29
06.05.1987;1/12/24/39/41/47;40;0;6/0/4/8/7/0/8;NULL;0/EUR 0,00;1/EUR 491.881,50;4/EUR 61.485,15;442/EUR 1.669,27;0/EUR 0,00;22568/EUR 32,67;0/EUR 0,00;406168/EUR 2,61
06.05.1987;10/15/16/25/31/43;34;0;6/0/4/8/7/0/8;NULL;0/EUR 0,00;0/EUR 491.881,50;5/EUR 49.188,12;417/EUR 1.769,33;0/EUR 0,00;23361/EUR 31,55;0/EUR 0,00;461441/EUR 2,30
09.05.1987;2/12/14/19/23/30;38;0;4/6/9/2/1/9/8;NULL;0/EUR 0,00;2/EUR 1.787.360,30;35/EUR 51.067,42;1819/EUR 2.947,80;0/EUR 0,00;99642/EUR 53,79;0/EUR 0,00;1809265/EUR 4,24
13.05.1987;1/5/11/35/41/48;44;0;3/4/1/6/0/0/1;NULL;0/EUR 0,00;0/EUR 536.787,96;3/EUR 89.464,63;296/EUR 2.720,18;0/EUR 0,00;20395/EUR 39,47;0/EUR 0,00;429017/EUR 2,71
13.05.1987;1/3/4/11/22/36;44;0;3/4/1/6/0/0/1;NULL;0/EUR 0,00;1/EUR 1.028.669,47;4/EUR 67.098,47;488/EUR 1.649,94;0/EUR 0,00;28301/EUR 28,43;0/EUR 0,00;526342/EUR 2,20
16.05.1987;15/16/19/39/42/47;2;0;8/3/0/8/3/2/1;NULL;0/EUR 0,00;2/EUR 1.804.513,74;24/EUR 75.188,03;967/EUR 5.598,24;0/EUR 0,00;62567/EUR 86,51;0/EUR 0,00;1374266/EUR 5,68
20.05.1987;5/17/25/32/36/40;33;0;4/2/0/4/0/3/8;NULL;0/EUR 0,00;4/EUR 269.726,36;8/EUR 33.882,34;712/EUR 1.142,07;0/EUR 0,00;35109/EUR 23,11;0/EUR 0,00;592084/EUR 1,94
20.05.1987;9/18/25/35/42/49;8;0;4/2/0/4/0/3/8;NULL;0/EUR 0,00;2/EUR 271.058,73;19/EUR 14.266,22;603/EUR 1.348,53;0/EUR 0,00;26977/EUR 30,12;0/EUR 0,00;496921/EUR 2,35
23.05.1987;3/8/11/21/26/45;19;0;7/6/5/3/4/5/7;NULL;0/EUR 0,00;10/EUR 358.300,57;66/EUR 27.143,97;2116/EUR 2.539,89;0/EUR 0,00;107282/EUR 50,06;0/EUR 0,00;1851466/EUR 4,19
27.05.1987;18/21/24/34/35/48;33;0;5/6/4/1/9/7/8;NULL;0/EUR 0,00;1/EUR 503.023,68;7/EUR 35.930,22;352/EUR 2.143,54;0/EUR 0,00;23242/EUR 32,42;0/EUR 0,00;452772/EUR 2,40
27.05.1987;4/7/19/28/29/41;13;0;5/6/4/1/9/7/8;NULL;0/EUR 0,00;4/EUR 125.755,92;18/EUR 13.972,84;690/EUR 1.093,50;0/EUR 0,00;31981/EUR 23,57;0/EUR 0,00;529364/EUR 2,05
30.05.1987;5/7/12/27/41/44;4;0;8/4/2/5/6/7/1;NULL;0/EUR 0,00;6/EUR 584.292,30;30/EUR 58.429,21;1804/EUR 2.914,98;0/EUR 0,00;100594/EUR 52,25;0/EUR 0,00;1803335/EUR 4,19
03.06.1987;4/17/31/33/37/44;16;0;2/6/4/4/9/5/3;NULL;0/EUR 0,00;0/EUR 524.665,28;5/EUR 52.466,52;203/EUR 3.876,82;0/EUR 0,00;13275/EUR 59,26;0/EUR 0,00;302043/EUR 3,73
03.06.1987;20/29/36/37/45/46;16;0;2/6/4/4/9/5/3;NULL;0/EUR 0,00;4/EUR 131.166,31;18/EUR 14.574,02;759/EUR 1.036,85;0/EUR 0,00;37116/EUR 21,17;0/EUR 0,00;583845/EUR 1,94
06.06.1987;10/15/22/23/26/36;41;0;9/6/1/4/9/2/2;NULL;0/EUR 0,00;2/EUR 1.795.245,19;13/EUR 138.095,74;928/EUR 5.803,57;0/EUR 0,00;70169/EUR 76,74;0/EUR 0,00;1512582/EUR 5,11
10.06.1987;13/22/26/31/42/48;9;0;5/6/4/6/7/0/1;NULL;0/EUR 0,00;3/EUR 339.107,28;11/EUR 22.393,46;474/EUR 1.559,03;0/EUR 0,00;18030/EUR 40,95;0/EUR 0,00;363801/EUR 2,91
10.06.1987;22/33/34/35/47/48;41;0;5/6/4/6/7/0/1;NULL;0/EUR 0,00;1/EUR 492.656,67;14/EUR 17.594,83;434/EUR 1.702,70;0/EUR 0,00;24211/EUR 30,47;0/EUR 0,00;438163/EUR 2,40
13.06.1987;13/15/16/19/20/27;3;0;8/9/9/3/7/2/1;NULL;0/EUR 0,00;6/EUR 585.899,69;45/EUR 39.059,94;1298/EUR 4.062,47;0/EUR 0,00;73549/EUR 71,68;0/EUR 0,00;1468750/EUR 5,16
17.06.1987;3/14/29/31/36/41;19;0;5/1/3/4/8/4/9;NULL;0/EUR 0,00;1/EUR 579.464,47;13/EUR 22.287,06;583/EUR 1.490,88;0/EUR 0,00;31282/EUR 27,76;0/EUR 0,00;543373/EUR 2,30
17.06.1987;15/19/28/31/35/48;45;0;5/1/3/4/8/4/9;NULL;0/EUR 0,00;2/EUR 289.732,24;18/EUR 16.096,24;342/EUR 2.541,48;0/EUR 0,00;23586/EUR 36,81;0/EUR 0,00;460547/EUR 2,71
20.06.1987;4/15/20/24/27/40;39;0;9/2/8/9/9/3/7;NULL;0/EUR 0,00;4/EUR 872.461,15;33/EUR 52.876,43;1342/EUR 3.900,70;0/EUR 0,00;77901/EUR 67,18;0/EUR 0,00;1534675/EUR 4,91
24.06.1987;2/7/29/30/36/47;14;0;3/9/8/2/9/9/6;NULL;0/EUR 0,00;1/EUR 514.952,94;12/EUR 21.456,36;267/EUR 2.892,99;0/EUR 0,00;18350/EUR 42,08;0/EUR 0,00;382701/EUR 2,91
24.06.1987;18/19/28/35/41/45;47;0;3/9/8/2/9/9/6;NULL;0/EUR 0,00;1/EUR 514.952,94;4/EUR 64.369,09;611/EUR 1.264,17;0/EUR 0,00;29313/EUR 26,33;0/EUR 0,00;487701/EUR 2,25
27.06.1987;20/25/26/31/33/40;12;0;4/5/9/2/5/1/2;NULL;0/EUR 0,00;6/EUR 605.647,47;52/EUR 34.941,18;1607/EUR 3.391,91;0/EUR 0,00;96593/EUR 56,40;0/EUR 0,00;1767624/EUR 4,45
01.07.1987;6/15/16/18/32/45;36;0;9/4/0/7/7/3/5;NULL;0/EUR 0,00;1/EUR 504.903,90;12/EUR 21.037,62;695/EUR 1.089,72;0/EUR 0,00;35446/EUR 21,32;0/EUR 0,00;597779/EUR 1,79
01.07.1987;2/7/17/18/21/31;48;0;9/4/0/7/7/3/5;NULL;0/EUR 0,00;1/EUR 504.903,90;11/EUR 22.950,15;486/EUR 1.558,32;0/EUR 0,00;28621/EUR 26,43;0/EUR 0,00;523050/EUR 2,05
04.07.1987;1/6/17/27/29/42;2;0;8/9/2/7/5/0/7;NULL;0/EUR 0,00;7/EUR 503.143,93;30/EUR 58.700,09;1730/EUR 3.053,74;0/EUR 0,00;99986/EUR 52,82;0/EUR 0,00;1718629/EUR 4,40
08.07.1987;13/18/24/35/39/42;9;0;2/0/6/4/9/8/3;NULL;0/EUR 0,00;3/EUR 164.470,89;16/EUR 15.419,13;629/EUR 1.176,64;0/EUR 0,00;27031/EUR 27,35;0/EUR 0,00;442709/EUR 2,40
08.07.1987;1/13/21/27/43/49;34;0;2/0/6/4/9/8/3;NULL;0/EUR 0,00;4/EUR 123.353,15;22/EUR 11.213,91;631/EUR 1.172,90;0/EUR 0,00;27576/EUR 26,79;0/EUR 0,00;485950/EUR 2,20
11.07.1987;2/4/14/16/22/23;47;0;9/6/6/8/5/8/8;NULL;0/EUR 0,00;6/EUR 581.876,95;7/EUR 249.375,81;1481/EUR 3.536,04;0/EUR 0,00;74632/EUR 70,15;0/EUR 0,00;1465166/EUR 5,11
15.07.1987;2/4/6/15/48/49;26;0;0/0/8/2/3/0/8;NULL;0/EUR 0,00;4/EUR 126.128,50;14/EUR 18.018,33;719/EUR 1.052,49;0/EUR 0,00;33394/EUR 22,65;0/EUR 0,00;548472/EUR 1,94
15.07.1987;4/19/23/27/41/44;48;0;0/0/8/2/3/0/8;NULL;0/EUR 0,00;1/EUR 504.514,04;7/EUR 36.036,67;386/EUR 1.960,50;0/EUR 0,00;20563/EUR 36,76;0/EUR 0,00;412286/EUR 2,61
18.07.1987;3/25/33/38/42/43;14;0;6/1/7/4/4/0/0;NULL;0/EUR 0,00;5/EUR 697.165,45;39/EUR 44.690,08;1383/EUR 3.780,70;0/EUR 0,00;93861/EUR 55,68;0/EUR 0,00;1681665/EUR 4,45
22.07.1987;1/2/8/14/30/49;47;0;0/2/0/8/5/5/5;NULL;0/EUR 0,00;0/EUR 488.795,55;9/EUR 27.155,27;323/EUR 2.269,93;0/EUR 0,00;20866/EUR 35,13;0/EUR 0,00;396587/EUR 2,66
22.07.1987;2/7/9/44/48/49;29;0;0/2/0/8/5/5/5;NULL;0/EUR 0,00;6/EUR 81.465,92;7/EUR 34.913,92;407/EUR 1.801,43;0/EUR 0,00;21475/EUR 34,10;0/EUR 0,00;417998/EUR 2,51
25.07.1987;1/6/7/20/45/46;44;0;1/2/1/0/5/1/5;NULL;0/EUR 0,00;5/EUR 692.004,78;29/EUR 59.655,54;1092/EUR 4.752,76;0/EUR 0,00;59193/EUR 87,64;0/EUR 0,00;1278933/EUR 5,83
29.07.1987;1/7/19/25/33/49;41;0;6/4/5/1/7/3/4;NULL;0/EUR 0,00;16/EUR 60.732,78;30/EUR 8.048,81;1426/EUR 507,97;0/EUR 0,00;49516/EUR 14,62;0/EUR 0,00;608921/EUR 1,69
29.07.1987;3/9/10/14/38/43;35;0;6/4/5/1/7/3/4;NULL;0/EUR 0,00;1/EUR 482.929,70;9/EUR 26.829,43;341/EUR 2.124,32;0/EUR 0,00;21784/EUR 33,23;0/EUR 0,00;440809/EUR 2,35
01.08.1987;1/33/43/46/48/49;4;0;8/9/6/4/2/7/8;NULL;0/EUR 0,00;5/EUR 692.116,70;47/EUR 36.814,70;1480/EUR 3.507,31;0/EUR 0,00;92563/EUR 56,04;0/EUR 0,00;1499184/EUR 4,96
05.08.1987;11/13/24/30/39/41;12;0;0/0/1/0/9/6/4;NULL;0/EUR 0,00;4/EUR 123.653,18;3/EUR 82.435,44;564/EUR 1.315,45;0/EUR 0,00;28021/EUR 26,43;0/EUR 0,00;479024/EUR 2,20
05.08.1987;11/13/16/18/41/48;7;0;0/0/1/0/9/6/4;NULL;0/EUR 0,00;1/EUR 494.612,77;8/EUR 30.913,27;322/EUR 2.304,09;0/EUR 0,00;20769/EUR 35,69;0/EUR 0,00;435614/EUR 2,45
08.08.1987;9/19/23/38/45/49;31;0;6/2/7/7/2/9/5;NULL;0/EUR 0,00;8/EUR 436.326,06;41/EUR 42.568,37;2153/EUR 2.431,91;0/EUR 0,00;112094/EUR 46,68;0/EUR 0,00;1879734/EUR 3,99
12.08.1987;4/17/28/35/38/40;13;0;8/8/7/4/4/9/8;NULL;0/EUR 0,00;2/EUR 243.462,52;19/EUR 12.813,79;370/EUR 1.974,00;0/EUR 0,00;23672/EUR 30,83;0/EUR 0,00;438169/EUR 2,40
12.08.1987;1/7/19/26/29/45;42;0;8/8/7/4/4/9/8;NULL;0/EUR 0,00;0/EUR 486.925,04;22/EUR 11.066,45;524/EUR 1.393,83;0/EUR 0,00;28070/EUR 25,97;0/EUR 0,00;498075/EUR 2,10
15.08.1987;11/17/21/23/28/31;44;0;5/8/0/8/7/0/3;NULL;0/EUR 0,00;8/EUR 436.953,67;32/EUR 54.619,16;2242/EUR 2.338,70;0/EUR 0,00;119853/EUR 43,72;0/EUR 0,00;2019080/EUR 3,73
19.08.1987;16/17/20/29/40/46;2;0;5/2/8/1/6/4/2;NULL;0/EUR 0,00;1/EUR 975.987,43;6/EUR 40.755,18;223/EUR 3.289,65;0/EUR 0,00;14625/EUR 50,16;0/EUR 0,00;354572/EUR 2,97
19.08.1987;16/20/26/27/47/48;2;0;5/2/8/1/6/4/2;NULL;0/EUR 0,00;0/EUR 489.062,39;4/EUR 61.132,77;220/EUR 3.334,49;0/EUR 0,00;15897/EUR 46,12;0/EUR 0,00;353304/EUR 2,97
22.08.1987;1/8/22/32/34/40;16;0;7/3/8/7/2/1/0;NULL;0/EUR 0,00;2/EUR 1.726.938,03;37/EUR 46.674,00;996/EUR 5.201,58;0/EUR 0,00;65549/EUR 78,99;0/EUR 0,00;1407877/EUR 5,27
26.08.1987;2/13/14/24/35/48;18;0;2/1/4/1/6/7/2;NULL;0/EUR 0,00;1/EUR 492.037,55;2/EUR 123.009,36;325/EUR 2.270,90;0/EUR 0,00;19183/EUR 38,45;0/EUR 0,00;392394/EUR 2,71
26.08.1987;14/16/20/23/30/35;44;0;2/1/4/1/6/7/2;NULL;0/EUR 0,00;2/EUR 490.549,95;39/EUR 6.308,17;523/EUR 1.411,17;0/EUR 0,00;26792/EUR 27,51;0/EUR 0,00;436578/EUR 2,40
29.08.1987;1/9/25/35/36/46;30;0;8/0/7/7/7/7/8;NULL;0/EUR 0,00;4/EUR 880.883,77;22/EUR 80.080,32;1494/EUR 3.537,68;0/EUR 0,00;76511/EUR 69,08;0/EUR 0,00;1469025/EUR 5,16
02.09.1987;3/11/23/29/42/47;24;0;4/0/9/4/9/5/4;NULL;0/EUR 0,00;3/EUR 162.864,36;8/EUR 30.537,06;474/EUR 1.546,15;0/EUR 0,00;23740/EUR 30,83;0/EUR 0,00;431742/EUR 2,40
02.09.1987;8/13/28/29/38/46;31;0;4/0/9/4/9/5/4;NULL;0/EUR 0,00;1/EUR 488.593,18;3/EUR 81.432,18;308/EUR 2.379,50;0/EUR 0,00;18714/EUR 39,11;0/EUR 0,00;376195/EUR 2,81
05.09.1987;7/11/27/28/41/47;29;0;3/8/8/8/0/2/2;NULL;0/EUR 0,00;3/EUR 1.166.503,73;29/EUR 60.336,38;1838/EUR 2.855,92;0/EUR 0,00;103643/EUR 50,62;0/EUR 0,00;1843945/EUR 4,09
09.09.1987;5/12/23/26/29/38;8;0;9/9/4/3/7/0/8;NULL;0/EUR 0,00;6/EUR 81.023,35;6/EUR 40.511,65;778/EUR 937,25;0/EUR 0,00;37706/EUR 19,33;0/EUR 0,00;596964/EUR 1,74
09.09.1987;4/5/6/9/13/24;37;0;9/9/4/3/7/0/8;NULL;0/EUR 0,00;4/EUR 121.535,05;18/EUR 13.503,88;646/EUR 1.128,78;0/EUR 0,00;33126/EUR 21,99;0/EUR 0,00;530055/EUR 1,94
12.09.1987;1/5/21/40/41/45;26;0;8/3/8/4/2/5/2;NULL;0/EUR 0,00;8/EUR 438.611,94;18/EUR 97.469,31;1149/EUR 4.580,77;0/EUR 0,00;68250/EUR 77,10;0/EUR 0,00;1365222/EUR 5,52
16.09.1987;27/39/43/44/45/49;25;0;1/0/3/8/9/1/4;NULL;0/EUR 0,00;0/EUR 486.692,35;11/EUR 22.122,37;424/EUR 1.721,78;0/EUR 0,00;20997/EUR 34,77;0/EUR 0,00;357604/EUR 2,91
16.09.1987;2/18/22/30/33/45;3;0;1/0/3/8/9/1/4;NULL;0/EUR 0,00;0/EUR 486.692,30;15/EUR 16.223,04;558/EUR 1.308,29;0/EUR 0,00;26294/EUR 27,76;0/EUR 0,00;450707/EUR 2,30
19.09.1987;18/20/24/32/41/43;19;0;7/6/9/3/9/8/0;NULL;0/EUR 0,00;5/EUR 704.223,78;17/EUR 103.562,32;1575/EUR 3.353,41;0/EUR 0,00;87884/EUR 60,08;0/EUR 0,00;1621908/EUR 4,65
23.09.1987;10/24/27/28/30/34;49;0;8/2/5/7/2/4/9;NULL;0/EUR 0,00;0/EUR 978.974,55;2/EUR 123.070,56;351/EUR 2.103,76;0/EUR 0,00;22069/EUR 33,44;0/EUR 0,00;448287/EUR 2,35
23.09.1987;5/22/28/40/47/48;13;0;8/2/5/7/2/4/9;NULL;0/EUR 0,00;0/EUR 978.974,55;9/EUR 27.349,00;295/EUR 2.503,08;0/EUR 0,00;16901/EUR 43,66;0/EUR 0,00;356333/EUR 2,97
26.09.1987;8/12/19/33/43/45;35;0;8/9/6/1/4/4/4;NULL;0/EUR 0,00;3/EUR 1.181.993,73;32/EUR 55.405,94;1382/EUR 3.848,70;0/EUR 0,00;84771/EUR 62,74;0/EUR 0,00;1634990/EUR 4,65
30.09.1987;3/8/12/26/29/43;30;0;8/1/3/3/2/4/8;NULL;0/EUR 0,00;2/EUR 772.055,60;21/EUR 13.455,62;726/EUR 1.167,64;0/EUR 0,00;33971/EUR 24,95;0/EUR 0,00;567546/EUR 2,15
30.09.1987;1/13/22/27/33/48;39;0;8/1/3/3/2/4/8;NULL;0/EUR 0,00;4/EUR 386.027,77;18/EUR 15.698,19;503/EUR 1.685,27;0/EUR 0,00;28485/EUR 29,76;0/EUR 0,00;514341/EUR 2,35
03.10.1987;16/35/42/46/47/48;49;0;0/1/9/3/1/4/2;NULL;0/EUR 0,00;2/EUR 1.868.738,54;91/EUR 20.535,58;824/EUR 6.803,66;0/EUR 0,00;67309/EUR 83,29;0/EUR 0,00;1387893/EUR 5,83
07.10.1987;7/8/14/23/33/46;39;0;1/4/1/4/7/8/8;NULL;0/EUR 0,00;1/EUR 501.406,00;8/EUR 31.337,85;391/EUR 1.923,53;0/EUR 0,00;23308/EUR 32,26;0/EUR 0,00;442293/EUR 2,45
07.10.1987;4/19/26/33/34/47;9;0;1/4/1/4/7/8/8;NULL;0/EUR 0,00;1/EUR 501.406,00;9/EUR 27.855,85;520/EUR 1.446,34;0/EUR 0,00;27910/EUR 26,95;0/EUR 0,00;496528/EUR 2,15
10.10.1987;11/15/17/41/46/49;33;0;0/7/6/3/0/3/7;NULL;0/EUR 0,00;6/EUR 597.091,31;40/EUR 44.781,81;1054/EUR 5.098,50;0/EUR 0,00;66607/EUR 80,63;0/EUR 0,00;1445779/EUR 5,37
14.10.1987;2/18/28/34/38/46;22;0;6/5/2/1/8/8/5;NULL;0/EUR 0,00;2/EUR 243.807,49;18/EUR 13.544,84;451/EUR 1.621,77;0/EUR 0,00;24736/EUR 29,55;0/EUR 0,00;429905/EUR 2,45
14.10.1987;17/25/27/36/37/44;30;0;6/5/2/1/8/8/5;NULL;0/EUR 0,00;4/EUR 121.903,74;6/EUR 40.634,56;551/EUR 1.327,42;0/EUR 0,00;27840/EUR 26,23;0/EUR 0,00;489655/EUR 2,15
17.10.1987;3/4/7/12/27/33;37;0;4/7/8/0/4/2/2;NULL;0/EUR 0,00;7/EUR 512.726,52;50/EUR 35.890,85;2702/EUR 1.992,45;0/EUR 0,00;136821/EUR 39,32;0/EUR 0,00;2243089/EUR 3,43
21.10.1987;5/12/16/19/32/34;46;0;7/3/3/5/9/4/6;NULL;0/EUR 0,00;1/EUR 486.936,65;11/EUR 22.133,47;299/EUR 2.442,80;0/EUR 0,00;20648/EUR 35,33;0/EUR 0,00;436143/EUR 2,40
21.10.1987;2/5/30/31/33/49;18;0;7/3/3/5/9/4/6;NULL;0/EUR 0,00;1/EUR 486.936,65;20/EUR 12.173,40;815/EUR 896,19;0/EUR 0,00;36954/EUR 19,74;0/EUR 0,00;592466/EUR 1,74
24.10.1987;11/18/19/20/33/48;36;0;0/4/7/1/3/6/6;NULL;0/EUR 0,00;2/EUR 1.794.675,05;28/EUR 64.095,50;1201/EUR 4.482,90;0/EUR 0,00;90757/EUR 59,31;0/EUR 0,00;1799163/EUR 4,29
28.10.1987;2/19/25/31/38/46;44;0;5/4/9/3/6/1/5;NULL;0/EUR 0,00;2/EUR 244.706,49;9/EUR 27.189,58;638/EUR 1.150,61;0/EUR 0,00;30258/EUR 24,24;0/EUR 0,00;526849/EUR 1,99
28.10.1987;2/4/13/38/39/44;42;0;5/4/9/3/6/1/5;NULL;0/EUR 0,00;1/EUR 489.412,99;4/EUR 61.176,58;284/EUR 2.584,89;0/EUR 0,00;18375/EUR 39,93;0/EUR 0,00;393688/EUR 2,66
31.10.1987;9/20/37/39/46/48;2;0;6/0/9/2/6/8/7;NULL;0/EUR 0,00;6/EUR 626.529,66;21/EUR 89.504,20;1339/EUR 4.211,15;0/EUR 0,00;81616/EUR 69,08;0/EUR 0,00;1554628/EUR 5,22
04.11.1987;3/5/18/23/43/49;27;0;4/5/8/2/5/0/8;NULL;0/EUR 0,00;0/EUR 489.249,63;17/EUR 14.389,65;465/EUR 1.578,20;0/EUR 0,00;27778/EUR 26,38;0/EUR 0,00;490159/EUR 2,15
04.11.1987;18/21/26/40/43/46;30;0;4/5/8/2/5/0/8;NULL;0/EUR 0,00;1/EUR 489.249,63;5/EUR 48.924,96;289/EUR 2.539,33;0/EUR 0,00;18842/EUR 38,91;0/EUR 0,00;374116/EUR 2,81
07.11.1987;14/21/22/23/25/42;6;0;8/8/7/2/6/5/3;NULL;0/EUR 0,00;2/EUR 1.814.744,28;20/EUR 90.737,18;1212/EUR 4.491,90;0/EUR 0,00;84953/EUR 64,06;0/EUR 0,00;1600819/EUR 4,91
11.11.1987;7/14/20/23/35/39;31;0;5/7/6/0/0/9/7;NULL;0/EUR 0,00;2/EUR 492.318,45;17/EUR 14.570,18;422/EUR 1.760,84;0/EUR 0,00;23270/EUR 31,90;0/EUR 0,00;431649/EUR 2,45
11.11.1987;6/7/14/26/39/42;31;0;5/7/6/0/0/9/7;NULL;0/EUR 0,00;4/EUR 123.846,81;11/EUR 22.517,60;395/EUR 1.881,20;0/EUR 0,00;21863/EUR 33,95;0/EUR 0,00;436171/EUR 2,45
14.11.1987;6/19/23/30/36/45;17;0;9/9/6/0/6/2/7;NULL;0/EUR 0,00;12/EUR 312.472,86;34/EUR 55.142,27;1761/EUR 3.193,89;0/EUR 0,00;91739/EUR 61,30;0/EUR 0,00;1755396/EUR 4,60
18.11.1987;13/14/32/34/38/44;3;0;3/0/6/3/4/8/3;NULL;0/EUR 0,00;3/EUR 169.318,65;19/EUR 13.367,21;549/EUR 1.387,85;0/EUR 0,00;28064/EUR 27,15;0/EUR 0,00;482990/EUR 2,25
18.11.1987;5/9/18/30/44/48;26;0;3/0/6/3/4/8/3;NULL;0/EUR 0,00;0/EUR 507.955,96;10/EUR 25.397,76;312/EUR 2.442,08;0/EUR 0,00;24414/EUR 31,19;0/EUR 0,00;447144/EUR 2,45
21.11.1987;18/20/23/25/31/38;41;0;5/2/1/0/8/8/8;NULL;0/EUR 0,00;7/EUR 519.003,59;48/EUR 37.843,98;1853/EUR 2.940,90;0/EUR 0,00;96669/EUR 56,34;0/EUR 0,00;1764345/EUR 4,45
25.11.1987;6/13/20/25/40/45;31;0;8/6/1/4/0/9/1;NULL;0/EUR 0,00;1/EUR 1.002.581,82;26/EUR 9.512,02;470/EUR 1.578,56;0/EUR 0,00;25304/EUR 29,30;0/EUR 0,00;431259/EUR 2,45
25.11.1987;16/20/24/34/39/44;3;0;8/6/1/4/0/9/1;NULL;0/EUR 0,00;4/EUR 123.656,45;17/EUR 14.547,79;600/EUR 1.236,56;0/EUR 0,00;23934/EUR 30,98;0/EUR 0,00;402056/EUR 2,66
28.11.1987;9/10/11/16/35/44;42;0;5/5/6/4/5/6/7;NULL;0/EUR 0,00;2/EUR 1.854.645,24;18/EUR 103.035,85;949/EUR 5.862,93;0/EUR 0,00;71302/EUR 78,02;0/EUR 0,00;1593075/EUR 5,01
02.12.1987;4/10/27/34/39/42;32;0;7/6/2/9/5/5/7;NULL;0/EUR 0,00;1/EUR 564.718,15;7/EUR 40.336,99;427/EUR 1.983,76;0/EUR 0,00;23556/EUR 35,94;0/EUR 0,00;462267/EUR 2,61
02.12.1987;20/24/27/28/38/43;6;0;7/6/2/9/5/5/7;NULL;0/EUR 0,00;1/EUR 564.718,15;7/EUR 40.336,99;245/EUR 3.457,46;0/EUR 0,00;19625/EUR 43,15;0/EUR 0,00;439132/EUR 2,76
05.12.1987;4/6/17/22/34/42;27;0;1/3/4/3/9/2/4;NULL;0/EUR 0,00;8/EUR 507.987,61;42/EUR 48.379,77;1654/EUR 3.685,49;0/EUR 0,00;91007/EUR 66,98;0/EUR 0,00;1730459/EUR 5,06
09.12.1987;9/18/24/27/35/38;45;0;0/0/9/7/4/3/8;NULL;0/EUR 0,00;4/EUR 130.073,68;14/EUR 18.581,93;990/EUR 788,31;0/EUR 0,00;43229/EUR 18,05;0/EUR 0,00;627181/EUR 1,79
09.12.1987;14/23/29/38/43/49;37;0;0/0/9/7/4/3/8;NULL;0/EUR 0,00;0/EUR 520.294,86;2/EUR 130.073,68;289/EUR 2.700,49;0/EUR 0,00;18418/EUR 42,33;0/EUR 0,00;383660/EUR 2,91
12.12.1987;2/14/16/19/25/41;40;0;2/1/5/7/7/0/9;NULL;0/EUR 0,00;1/EUR 3.758.735,17;37/EUR 50.793,68;1541/EUR 3.658,70;0/EUR 0,00;93596/EUR 60,23;0/EUR 0,00;1766713/EUR 4,60
16.12.1987;7/9/19/22/26/32;41;0;4/2/4/4/6/0/7;NULL;0/EUR 0,00;5/EUR 111.157,00;16/EUR 17.368,28;705/EUR 1.182,52;0/EUR 0,00;38726/EUR 21,53;0/EUR 0,00;668688/EUR 1,79
16.12.1987;10/15/17/21/33/43;23;0;4/2/4/4/6/0/7;NULL;0/EUR 0,00;2/EUR 538.039,91;10/EUR 27.789,23;407/EUR 2.048,34;0/EUR 0,00;26153/EUR 31,85;0/EUR 0,00;514835/EUR 2,30
19.12.1987;21/29/31/32/38/46;37;0;5/6/3/9/5/2/1;NULL;0/EUR 0,00;2/EUR 1.966.899,73;39/EUR 50.433,32;1441/EUR 4.094,83;0/EUR 0,00;95871/EUR 61,51;0/EUR 0,00;1786895/EUR 4,76
23.12.1987;3/5/8/9/34/42;20;0;9/6/2/8/2/6/4;NULL;0/EUR 0,00;2/EUR 268.130,21;3/EUR 89.376,74;358/EUR 2.246,87;0/EUR 0,00;25679/EUR 31,29;0/EUR 0,00;497318/EUR 2,30
23.12.1987;2/3/9/19/35/39;36;0;9/6/2/8/2/6/4;NULL;0/EUR 0,00;1/EUR 536.260,41;14/EUR 19.152,12;630/EUR 1.276,80;0/EUR 0,00;36579/EUR 21,99;0/EUR 0,00;618077/EUR 1,84
26.12.1987;9/12/18/31/38/41;34;0;7/2/9/1/9/1/6;NULL;0/EUR 0,00;16/EUR 220.021,32;58/EUR 30.347,73;2395/EUR 2.204,79;0/EUR 0,00;113437/EUR 46,53;0/EUR 0,00;1905164/EUR 3,99
30.12.1987;9/11/12/27/35/46;8;0;4/7/4/5/9/2/4;NULL;0/EUR 0,00;1/EUR 515.717,78;8/EUR 32.232,35;424/EUR 1.824,44;0/EUR 0,00;26072/EUR 29,65;0/EUR 0,00;518366/EUR 2,15
30.12.1987;12/17/22/25/27/46;6;0;4/7/4/5/9/2/4;NULL;0/EUR 0,00;0/EUR 515.717,78;11/EUR 23.441,71;427/EUR 1.811,61;0/EUR 0,00;28029/EUR 27,56;0/EUR 0,00;525672/EUR 2,10
02.01.1988;12/19/22/25/32/45;6;0;NULL;NULL;0/EUR 0,00;1/EUR 3.504.957,08;55/EUR 31.863,20;1764/EUR 2.980,37;0/EUR 0,00;96313/EUR 54,55;0/EUR 0,00;1782298/EUR 4,24
06.01.1988;9/30/32/38/43/46;8;0;0/7/9/3/0/0/8;NULL;0/EUR 0,00;4/EUR 253.962,10;6/EUR 41.677,55;384/EUR 1.953,60;0/EUR 0,00;27884/EUR 26,89;0/EUR 0,00;508622/EUR 2,10
06.01.1988;2/22/23/27/32/41;42;0;0/7/9/3/0/0/8;NULL;0/EUR 0,00;0/EUR 500.130,69;0/EUR 250.065,34;328/EUR 2.287,16;0/EUR 0,00;21972/EUR 34,10;0/EUR 0,00;425127/EUR 2,51
09.01.1988;1/10/26/30/31/37;11;0;4/3/9/0/8/9/9;NULL;0/EUR 0,00;8/EUR 480.658,39;47/EUR 40.907,08;1525/EUR 3.782,18;0/EUR 0,00;99153/EUR 58,13;0/EUR 0,00;1873184/EUR 4,40
13.01.1988;10/14/23/25/34/36;28;0;8/1/8/5/9/9/0;NULL;0/EUR 0,00;1/EUR 1.044.466,39;11/EUR 47.475,70;677/EUR 1.206,04;0/EUR 0,00;29464/EUR 27,66;0/EUR 0,00;497322/EUR 2,35
13.01.1988;17/21/24/27/42/46;2;0;8/1/8/5/9/9/0;NULL;0/EUR 0,00;1/EUR 544.335,70;16/EUR 17.010,48;504/EUR 1.620,03;0/EUR 0,00;27115/EUR 30,06;0/EUR 0,00;505832/EUR 2,30
16.01.1988;6/17/36/37/42/44;18;0;4/8/8/9/6/7/4;NULL;0/EUR 0,00;0/EUR 3.838.063,33;19/EUR 101.001,62;1006/EUR 5.722,74;0/EUR 0,00;76846/EUR 74,90;0/EUR 0,00;1511296/EUR 5,47
20.01.1988;2/4/11/35/36/41;49;0;3/6/8/1/2/2/3;NULL;0/EUR 0,00;0/EUR 564.374,05;9/EUR 31.354,11;918/EUR 922,17;0/EUR 0,00;46269/EUR 18,25;0/EUR 0,00;696510/EUR 1,74
20.01.1988;3/5/11/17/31/44;2;0;3/6/8/1/2/2/3;NULL;0/EUR 0,00;1/EUR 564.374,05;0/EUR 282.187,00;353/EUR 2.398,16;0/EUR 0,00;22061/EUR 38,35;0/EUR 0,00;460718/EUR 2,61
23.01.1988;24/25/26/30/31/32;33;0;4/6/5/6/3/4/5;NULL;0/EUR 0,00;222/EUR 43.359,55;1509/EUR 1.917,70;4725/EUR 1.837,38;0/EUR 0,00;151822/EUR 57,16;0/EUR 0,00;2536551/EUR 4,91
27.01.1988;10/29/30/34/35/44;3;0;7/3/6/7/8/1/3;NULL;0/EUR 0,00;0/EUR 602.641,44;6/EUR 97.251,24;255/EUR 3.544,94;0/EUR 0,00;19104/EUR 47,29;0/EUR 0,00;429971/EUR 3,02
27.01.1988;9/10/27/37/39/42;15;0;7/3/6/7/8/1/3;NULL;0/EUR 0,00;3/EUR 389.005,13;6/EUR 50.220,11;522/EUR 1.731,69;0/EUR 0,00;30485/EUR 29,60;0/EUR 0,00;549818/EUR 2,35
30.01.1988;7/27/37/40/44/49;25;0;0/0/2/3/1/2/6;NULL;0/EUR 0,00;2/EUR 2.189.570,26;39/EUR 56.142,81;1346/EUR 4.880,13;0/EUR 0,00;106486/EUR 61,66;0/EUR 0,00;2031417/EUR 4,65
03.02.1988;11/15/19/39/44/49;3;0;0/8/9/7/1/5/9;NULL;0/EUR 0,00;2/EUR 605.666,49;7/EUR 43.477,96;332/EUR 2.750,09;0/EUR 0,00;23184/EUR 39,37;0/EUR 0,00;497629/EUR 2,61
03.02.1988;4/7/23/32/42/43;26;0;0/8/9/7/1/5/9;NULL;0/EUR 0,00;4/EUR 152.172,89;17/EUR 17.902,68;519/EUR 1.759,20;0/EUR 0,00;29456/EUR 30,98;0/EUR 0,00;551779/EUR 2,35
06.02.1988;7/11/14/35/41/45;33;0;0/5/5/5/7/5/0;NULL;0/EUR 0,00;0/EUR 4.228.412,08;40/EUR 52.855,10;1480/EUR 4.285,55;0/EUR 0,00;91446/EUR 69,33;0/EUR 0,00;1838141/EUR 4,96
10.02.1988;2/11/23/26/29/45;33;0;1/9/0/9/7/1/7;NULL;0/EUR 0,00;1/EUR 575.674,93;13/EUR 22.141,34;416/EUR 2.075,74;0/EUR 0,00;23520/EUR 36,71;0/EUR 0,00;454588/EUR 2,71
10.02.1988;8/9/22/35/36/46;7;0;1/9/0/9/7/1/7;NULL;0/EUR 0,00;1/EUR 575.674,93;11/EUR 26.167,00;525/EUR 1.644,77;0/EUR 0,00;29591/EUR 29,14;0/EUR 0,00;539360/EUR 2,30
13.02.1988;2/6/19/21/36/45;13;0;8/0/0/4/6/5/3;NULL;0/EUR 0,00;14/EUR 669.998,82;65/EUR 39.627,47;2643/EUR 2.923,67;0/EUR 0,00;138879/EUR 55,63;0/EUR 0,00;2376072/EUR 4,65
17.02.1988;5/15/22/31/48/49;1;0;8/6/8/1/6/8/9;NULL;0/EUR 0,00;1/EUR 527.658,39;19/EUR 13.885,72;635/EUR 1.246,43;0/EUR 0,00;32198/EUR 24,54;0/EUR 0,00;571596/EUR 1,99
17.02.1988;6/11/13/17/35/38;33;0;8/6/8/1/6/8/9;NULL;0/EUR 0,00;2/EUR 263.829,17;8/EUR 32.978,63;354/EUR 2.235,83;0/EUR 0,00;21247/EUR 37,22;0/EUR 0,00;414238/EUR 2,71
20.02.1988;2/4/11/22/39/44;10;0;7/0/5/5/7/0/3;NULL;0/EUR 0,00;12/EUR 341.976,40;32/EUR 64.120,55;1851/EUR 3.325,49;0/EUR 0,00;98915/EUR 62,22;0/EUR 0,00;1808474/EUR 4,91
24.02.1988;2/21/27/29/32/40;42;0;3/2/2/1/5/4/7;NULL;0/EUR 0,00;1/EUR 530.294,91;4/EUR 66.286,84;321/EUR 2.477,98;0/EUR 0,00;23643/EUR 33,64;0/EUR 0,00;476309/EUR 2,40
24.02.1988;3/6/19/23/24/34;48;0;3/2/2/1/5/4/7;NULL;0/EUR 0,00;2/EUR 265.147,43;10/EUR 26.514,73;799/EUR 995,54;0/EUR 0,00;41767/EUR 19,02;0/EUR 0,00;665622/EUR 1,69
27.02.1988;10/22/27/31/44/45;4;0;0/8/6/9/2/0/6;NULL;0/EUR 0,00;5/EUR 801.274,75;51/EUR 39.278,16;1708/EUR 3.518,46;0/EUR 0,00;94489/EUR 63,55;0/EUR 0,00;1747848/EUR 4,96
02.03.1988;7/15/22/23/25/42;4;0;8/7/5/6/8/6/3;NULL;0/EUR 0,00;3/EUR 196.806,68;19/EUR 15.537,34;595/EUR 1.488,42;0/EUR 0,00;26751/EUR 33,08;0/EUR 0,00;475248/EUR 2,66
02.03.1988;12/21/37/40/45/47;30;0;8/7/5/6/8/6/3;NULL;0/EUR 0,00;1/EUR 590.420,13;4/EUR 73.802,48;375/EUR 2.361,66;0/EUR 0,00;27524/EUR 32,16;0/EUR 0,00;549145/EUR 2,30
05.03.1988;12/27/33/34/43/47;25;0;4/0/7/2/0/6/7;NULL;0/EUR 0,00;4/EUR 1.066.622,20;37/EUR 57.655,22;1612/EUR 3.970,03;0/EUR 0,00;105114/EUR 60,84;0/EUR 0,00;2034240/EUR 4,50
09.03.1988;5/16/19/22/30/47;9;0;6/4/1/1/3/5/4;NULL;0/EUR 0,00;2/EUR 269.453,48;25/EUR 10.778,14;716/EUR 1.128,98;0/EUR 0,00;34472/EUR 23,42;0/EUR 0,00;600302/EUR 1,94
09.03.1988;9/11/18/30/33/36;23;0;6/4/1/1/3/5/4;NULL;0/EUR 0,00;0/EUR 538.906,96;30/EUR 8.981,76;463/EUR 1.745,91;0/EUR 0,00;26139/EUR 30,88;0/EUR 0,00;488843/EUR 2,35
12.03.1988;9/11/18/30/36/46;15;0;8/7/2/2/6/8/1;NULL;0/EUR 0,00;44/EUR 90.341,59;39/EUR 50.961,89;22617/EUR 263,62;0/EUR 0,00;123259/EUR 48,37;0/EUR 0,00;2001409/EUR 4,29
16.03.1988;5/23/27/41/44/47;25;0;3/1/5/3/4/4/2;NULL;0/EUR 0,00;4/EUR 268.848,26;23/EUR 11.662,72;637/EUR 1.263,30;0/EUR 0,00;29051/EUR 27,66;0/EUR 0,00;494699/EUR 2,30
16.03.1988;13/16/23/26/36/40;21;0;3/1/5/3/4/4/2;NULL;0/EUR 0,00;0/EUR 536.486,10;12/EUR 22.353,58;554/EUR 1.452,53;0/EUR 0,00;24604/EUR 32,67;0/EUR 0,00;469559/EUR 2,45
19.03.1988;11/12/14/30/32/39;45;0;4/6/7/0/2/8/4;NULL;0/EUR 0,00;2/EUR 1.967.295,52;19/EUR 103.541,82;1092/EUR 5.404,61;0/EUR 0,00;76381/EUR 77,26;0/EUR 0,00;1722593/EUR 4,91
23.03.1988;9/15/16/34/42/44;46;0;6/3/7/4/3/0/5;NULL;0/EUR 0,00;4/EUR 265.433,65;6/EUR 43.770,68;460/EUR 1.712,73;0/EUR 0,00;25410/EUR 30,98;0/EUR 0,00;473963/EUR 2,35
23.03.1988;3/8/18/22/40/48;49;0;6/3/7/4/3/0/5;NULL;0/EUR 0,00;2/EUR 262.624,31;6/EUR 43.770,68;267/EUR 2.950,82;0/EUR 0,00;17836/EUR 44,12;0/EUR 0,00;372488/EUR 3,02
26.03.1988;10/11/28/38/43/47;17;0;1/1/9/8/9/9/9;NULL;0/EUR 0,00;3/EUR 1.291.734,66;30/EUR 64.586,70;1144/EUR 5.081,12;0/EUR 0,00;72348/EUR 80,32;0/EUR 0,00;1543663/EUR 5,42
30.03.1988;17/38/42/43/44/49;31;0;8/6/0/3/9/5/3;NULL;0/EUR 0,00;4/EUR 128.837,68;6/EUR 42.945,86;457/EUR 1.691,51;0/EUR 0,00;22049/EUR 35,02;0/EUR 0,00;398982/EUR 2,76
30.03.1988;7/15/29/33/42/46;39;0;8/6/0/3/9/5/3;NULL;0/EUR 0,00;1/EUR 515.350,82;11/EUR 23.424,99;320/EUR 2.415,70;0/EUR 0,00;20478/EUR 37,73;0/EUR 0,00;410142/EUR 2,71
02.04.1988;3/6/19/33/38/43;46;0;0/9/8/2/9/4/2;NULL;0/EUR 0,00;8/EUR 472.076,31;55/EUR 34.332,79;2916/EUR 1.942,65;0/EUR 0,00;137142/EUR 41,26;0/EUR 0,00;2172043/EUR 3,73
06.04.1988;12/19/29/44/47/49;36;0;2/1/6/0/3/7/3;NULL;0/EUR 0,00;1/EUR 467.383,41;10/EUR 23.369,16;248/EUR 2.826,88;0/EUR 0,00;18338/EUR 38,19;0/EUR 0,00;385615/EUR 2,61
06.04.1988;1/8/14/25/32/46;2;0;2/1/6/0/3/7/3;NULL;0/EUR 0,00;5/EUR 93.476,68;5/EUR 46.738,32;468/EUR 1.497,98;0/EUR 0,00;20436/EUR 34,26;0/EUR 0,00;383680/EUR 2,61
09.04.1988;12/15/22/35/42/49;43;0;7/1/8/0/9/4/2;NULL;0/EUR 0,00;5/EUR 747.208,86;26/EUR 71.846,99;2364/EUR 2.370,55;0/EUR 0,00;80942/EUR 69,23;0/EUR 0,00;1476741/EUR 5,47
13.04.1988;3/5/28/35/41/46;10;0;7/8/9/6/7/2/1;NULL;0/EUR 0,00;0/EUR 501.695,90;9/EUR 27.871,95;309/EUR 2.435,39;0/EUR 0,00;21881/EUR 34,36;0/EUR 0,00;438366/EUR 2,45
13.04.1988;7/9/16/21/23/38;34;0;7/8/9/6/7/2/1;NULL;0/EUR 0,00;1/EUR 501.695,90;18/EUR 13.935,98;495/EUR 1.520,28;0/EUR 0,00;30728/EUR 24,44;0/EUR 0,00;540884/EUR 1,99
16.04.1988;9/16/26/30/35/42;44;0;0/8/8/0/4/9/0;NULL;0/EUR 0,00;5/EUR 757.852,27;41/EUR 46.210,46;1536/EUR 3.700,42;0/EUR 0,00;83738/EUR 67,85;0/EUR 0,00;1600626/EUR 5,11
20.04.1988;2/18/20/21/31/42;17;0;8/1/0/2/8/1/3;NULL;0/EUR 0,00;0/EUR 1.005.793,60;9/EUR 28.005,40;371/EUR 2.038,11;0/EUR 0,00;23990/EUR 31,50;0/EUR 0,00;450648/EUR 2,40
20.04.1988;17/20/25/30/39/44;27;0;8/1/0/2/8/1/3;NULL;0/EUR 0,00;4/EUR 126.024,40;31/EUR 8.130,56;806/EUR 938,12;0/EUR 0,00;29427/EUR 25,67;0/EUR 0,00;473571/EUR 2,30
23.04.1988;10/12/33/40/43/44;25;0;5/6/2/7/3/9/8;NULL;0/EUR 0,00;3/EUR 1.242.317,43;40/EUR 46.586,87;1327/EUR 4.212,79;0/EUR 0,00;77886/EUR 71,73;0/EUR 0,00;1613820/EUR 4,96
27.04.1988;4/26/30/31/42/43;11;0;9/1/3/7/9/7/2;NULL;0/EUR 0,00;1/EUR 503.023,68;6/EUR 41.918,62;409/EUR 1.844,79;0/EUR 0,00;26029/EUR 28,94;0/EUR 0,00;502754/EUR 2,15
27.04.1988;9/25/27/32/47/48;4;0;9/1/3/7/9/7/2;NULL;0/EUR 0,00;1/EUR 1.508.817,28;6/EUR 41.918,62;302/EUR 2.498,43;0/EUR 0,00;20441/EUR 36,86;0/EUR 0,00;419315/EUR 2,56
30.04.1988;8/12/15/29/31/40;7;0;5/7/2/0/0/7/9;NULL;0/EUR 0,00;5/EUR 757.152,41;29/EUR 65.271,73;1394/EUR 4.073,62;0/EUR 0,00;84625/EUR 67,08;0/EUR 0,00;1612091/EUR 5,06
04.05.1988;15/19/26/30/40/43;44;0;2/3/7/5/7/1/9;NULL;0/EUR 0,00;1/EUR 499.441,77;9/EUR 27.746,74;514/EUR 1.457,49;0/EUR 0,00;26489/EUR 28,27;0/EUR 0,00;467645/EUR 2,30
04.05.1988;2/8/19/20/24/43;12;0;2/3/7/5/7/1/9;NULL;0/EUR 0,00;0/EUR 499.441,77;9/EUR 27.746,74;333/EUR 2.249,74;0/EUR 0,00;20430/EUR 36,66;0/EUR 0,00;427368/EUR 2,51
07.05.1988;2/5/19/20/40/47;31;0;2/0/5/2/7/3/4;NULL;0/EUR 0,00;6/EUR 618.342,08;69/EUR 26.884,39;2333/EUR 2.385,33;0/EUR 0,00;112094/EUR 49,65;0/EUR 0,00;1874771/EUR 4,24
11.05.1988;3/9/19/24/42/44;22;0;2/7/2/9/0/0/0;NULL;0/EUR 0,00;7/EUR 145.002,99;19/EUR 13.567,85;887/EUR 871,85;0/EUR 0,00;38214/EUR 20,20;0/EUR 0,00;606223/EUR 1,84
11.05.1988;3/6/22/28/35/40;36;0;2/7/2/9/0/0/0;NULL;0/EUR 0,00;5/EUR 103.115,86;14/EUR 18.413,51;528/EUR 1.464,70;0/EUR 0,00;25006/EUR 30,88;0/EUR 0,00;453135/EUR 2,45
14.05.1988;4/7/22/26/41/46;47;0;4/3/7/1/4/0/7;NULL;0/EUR 0,00;7/EUR 516.394,37;33/EUR 54.769,08;1729/EUR 3.135,96;0/EUR 0,00;89655/EUR 60,43;0/EUR 0,00;1641229/EUR 4,76
18.05.1988;8/11/19/31/38/39;22;0;1/3/5/4/9/7/2;NULL;0/EUR 0,00;2/EUR 243.440,48;13/EUR 18.726,17;444/EUR 1.644,83;0/EUR 0,00;24828/EUR 29,40;0/EUR 0,00;464540/EUR 2,25
18.05.1988;19/21/23/34/37/44;9;0;1/3/5/4/9/7/2;NULL;0/EUR 0,00;1/EUR 486.880,97;8/EUR 30.430,05;503/EUR 1.451,92;0/EUR 0,00;29059/EUR 25,10;0/EUR 0,00;521943/EUR 1,99
21.05.1988;3/15/19/20/40/41;13;0;6/3/1/6/6/6/3;NULL;0/EUR 0,00;5/EUR 735.605,04;33/EUR 55.727,65;1736/EUR 3.177,99;0/EUR 0,00;90782/EUR 60,74;0/EUR 0,00;1676273/EUR 4,70
25.05.1988;2/11/24/27/38/42;3;0;9/4/7/5/0/2/4;NULL;0/EUR 0,00;0/EUR 447.041,77;6/EUR 37.253,44;388/EUR 1.728,22;0/EUR 0,00;20282/EUR 33,03;0/EUR 0,00;389656/EUR 2,45
25.05.1988;7/16/20/25/29/35;30;0;9/4/7/5/0/2/4;NULL;0/EUR 0,00;10/EUR 44.704,14;20/EUR 11.176,02;792/EUR 846,65;0/EUR 0,00;32075/EUR 20,86;0/EUR 0,00;485493/EUR 1,99
28.05.1988;2/10/23/34/42/44;46;0;2/7/1/1/4/6/7;NULL;0/EUR 0,00;5/EUR 712.762,82;26/EUR 68.534,84;1616/EUR 3.307,96;0/EUR 0,00;90978/EUR 58,75;0/EUR 0,00;1512200/EUR 5,06
01.06.1988;11/12/13/14/17/44;33;0;7/4/8/5/8/1/4;NULL;0/EUR 0,00;1/EUR 934.639,56;5/EUR 48.759,76;363/EUR 2.014,85;0/EUR 0,00;20376/EUR 35,89;0/EUR 0,00;406024/EUR 2,56
01.06.1988;1/7/25/34/45/48;27;0;7/4/8/5/8/1/4;NULL;0/EUR 0,00;0/EUR 487.597,80;8/EUR 30.474,84;345/EUR 2.119,97;0/EUR 0,00;19732/EUR 37,02;0/EUR 0,00;403812/EUR 2,61
04.06.1988;18/19/20/22/35/40;44;0;7/4/6/8/8/5/6;NULL;0/EUR 0,00;1/EUR 3.642.531,46;20/EUR 91.063,28;1086/EUR 5.031,11;0/EUR 0,00;75981/EUR 71,89;0/EUR 0,00;1567141/EUR 5,01
08.06.1988;5/7/15/35/37/41;17;0;5/2/2/6/7/6/1;NULL;0/EUR 0,00;2/EUR 494.114,88;26/EUR 9.627,52;403/EUR 1.863,35;0/EUR 0,00;22982/EUR 32,67;0/EUR 0,00;449501/EUR 2,40
08.06.1988;3/13/22/32/35/43;46;0;5/2/2/6/7/6/1;NULL;0/EUR 0,00;4/EUR 125.157,96;15/EUR 16.687,70;695/EUR 1.080,46;0/EUR 0,00;27928/EUR 26,84;0/EUR 0,00;485745/EUR 2,20
11.06.1988;26/29/31/35/36/41;13;0;5/0/7/9/3/1/1;NULL;0/EUR 0,00;5/EUR 747.502,24;25/EUR 74.750,21;1032/EUR 5.432,43;0/EUR 0,00;62067/EUR 90,29;0/EUR 0,00;1333170/EUR 6,03
15.06.1988;12/14/16/18/24/36;8;0;2/4/2/0/5/9/6;NULL;0/EUR 0,00;2/EUR 240.609,31;16/EUR 15.038,07;668/EUR 1.080,56;0/EUR 0,00;37549/EUR 19,17;0/EUR 0,00;475943/EUR 2,15
15.06.1988;7/10/14/27/29/30;18;0;2/4/2/0/5/9/6;NULL;0/EUR 0,00;3/EUR 160.406,22;24/EUR 10.025,36;549/EUR 1.314,79;0/EUR 0,00;27657/EUR 26,08;0/EUR 0,00;470045/EUR 2,20
18.06.1988;1/10/37/43/44/47;48;0;5/1/2/3/0/7/8;NULL;0/EUR 0,00;4/EUR 873.664,17;12/EUR 145.610,66;664/EUR 7.894,55;0/EUR 0,00;53378/EUR 98,17;0/EUR 0,00;1246198/EUR 6,03
22.06.1988;2/3/14/26/28/41;43;0;4/1/5/1/1/9/9;NULL;0/EUR 0,00;1/EUR 474.384,02;5/EUR 47.438,38;265/EUR 2.685,15;0/EUR 0,00;19703/EUR 36,10;0/EUR 0,00;401910/EUR 2,56
22.06.1988;5/8/15/24/45/49;25;0;4/1/5/1/1/9/9;NULL;0/EUR 0,00;3/EUR 158.128,01;12/EUR 19.765,98;270/EUR 2.635,45;0/EUR 0,00;19898/EUR 35,74;0/EUR 0,00;382958/EUR 2,66
25.06.1988;7/11/26/30/36/47;24;0;9/8/7/5/1/1/4;NULL;0/EUR 0,00;7/EUR 526.961,24;47/EUR 39.241,75;1565/EUR 3.535,48;0/EUR 0,00;89653/EUR 61,71;0/EUR 0,00;1676585/EUR 4,76
29.06.1988;13/18/23/28/32/42;8;0;9/0/5/4/8/1/1;NULL;0/EUR 0,00;2/EUR 247.824,76;5/EUR 49.564,94;467/EUR 1.592,01;0/EUR 0,00;25968/EUR 28,58;0/EUR 0,00;457652/EUR 2,30
29.06.1988;11/27/35/38/46/48;34;0;9/0/5/4/8/1/1;NULL;0/EUR 0,00;3/EUR 165.216,51;27/EUR 9.178,66;775/EUR 959,29;0/EUR 0,00;32470/EUR 22,85;0/EUR 0,00;510184/EUR 2,10
02.07.1988;4/11/19/29/38/39;14;0;7/6/4/2/0/3/0;NULL;0/EUR 0,00;20/EUR 185.674,57;42/EUR 44.208,24;2658/EUR 2.095,63;0/EUR 0,00;126324/EUR 44,07;0/EUR 0,00;2036978/EUR 3,94
06.07.1988;2/7/19/27/30/31;35;0;2/9/7/1/0/8/1;NULL;0/EUR 0,00;2/EUR 241.270,56;3/EUR 80.423,50;489/EUR 1.480,14;0/EUR 0,00;25536/EUR 28,33;0/EUR 0,00;461920/EUR 2,25
06.07.1988;6/7/10/12/14/49;26;0;2/9/7/1/0/8/1;NULL;0/EUR 0,00;6/EUR 80.423,50;11/EUR 21.933,65;1040/EUR 695,97;0/EUR 0,00;43233/EUR 16,72;0/EUR 0,00;654724/EUR 1,59
09.07.1988;8/18/19/29/37/42;26;0;3/7/5/6/9/6/2;NULL;0/EUR 0,00;6/EUR 616.987,42;32/EUR 57.842,55;1706/EUR 3.254,88;0/EUR 0,00;80054/EUR 69,33;0/EUR 0,00;1553565/EUR 5,11
13.07.1988;3/6/11/13/14/15;18;0;0/3/3/7/1/9/1;NULL;0/EUR 0,00;5/EUR 94.903,08;18/EUR 13.180,95;830/EUR 857,54;0/EUR 0,00;30510/EUR 23,31;0/EUR 0,00;472653/EUR 2,15
13.07.1988;10/17/19/22/34/47;14;0;0/3/3/7/1/9/1;NULL;0/EUR 0,00;0/EUR 474.515,47;6/EUR 39.542,96;353/EUR 2.016,33;0/EUR 0,00;23372/EUR 30,42;0/EUR 0,00;462035/EUR 2,20
16.07.1988;3/23/28/30/41/45;13;0;6/6/7/2/9/4/4;NULL;0/EUR 0,00;4/EUR 931.534,18;57/EUR 32.685,41;1308/EUR 4.273,07;0/EUR 0,00;80128/EUR 69,74;0/EUR 0,00;1582797/EUR 5,06
20.07.1988;17/33/34/40/44/48;2;0;6/6/5/6/2/2/5;NULL;0/EUR 0,00;3/EUR 158.726,53;8/EUR 29.761,18;419/EUR 1.704,70;0/EUR 0,00;23887/EUR 29,86;0/EUR 0,00;432573/EUR 2,35
20.07.1988;5/16/27/32/44/45;13;0;6/6/5/6/2/2/5;NULL;0/EUR 0,00;4/EUR 237.673,72;23/EUR 10.351,72;554/EUR 1.289,27;0/EUR 0,00;26476/EUR 26,95;0/EUR 0,00;441709/EUR 2,30
23.07.1988;3/7/12/27/42/46;19;0;5/3/7/8/4/0/7;NULL;0/EUR 0,00;11/EUR 328.004,17;122/EUR 14.787,07;2430/EUR 2.227,19;0/EUR 0,00;120008/EUR 45,10;0/EUR 0,00;1960027/EUR 3,99
27.07.1988;9/21/36/38/41/46;40;0;7/2/8/9/5/3/0;NULL;0/EUR 0,00;0/EUR 467.505,20;7/EUR 33.393,19;658/EUR 1.065,74;0/EUR 0,00;30141/EUR 23,26;0/EUR 0,00;501831/EUR 1,99
27.07.1988;10/11/17/26/40/41;48;0;7/2/8/9/5/3/0;NULL;0/EUR 0,00;0/EUR 467.505,20;5/EUR 46.750,48;379/EUR 1.850,26;0/EUR 0,00;21059/EUR 33,29;0/EUR 0,00;397548/EUR 2,51
30.07.1988;4/7/25/39/40/49;43;0;6/5/0/1/7/5/0;NULL;0/EUR 0,00;8/EUR 453.395,64;30/EUR 60.452,75;1535/EUR 3.544,43;0/EUR 0,00;97043/EUR 56,04;0/EUR 0,00;1791743/EUR 4,35
03.08.1988;2/5/9/12/21/31;48;0;9/2/2/5/8/8/9;NULL;0/EUR 0,00;1/EUR 965.634,74;30/EUR 8.302,15;585/EUR 1.277,21;0/EUR 0,00;29955/EUR 24,90;0/EUR 0,00;523961/EUR 2,05
03.08.1988;4/7/11/13/15/47;18;0;9/2/2/5/8/8/9;NULL;0/EUR 0,00;4/EUR 241.408,66;8/EUR 31.133,07;923/EUR 809,48;0/EUR 0,00;39519/EUR 18,87;0/EUR 0,00;601786/EUR 1,79
06.08.1988;4/6/23/29/38/41;10;0;3/1/5/9/1/8/1;NULL;0/EUR 0,00;4/EUR 901.036,34;34/EUR 53.002,10;1105/EUR 4.892,50;0/EUR 0,00;72991/EUR 74,04;0/EUR 0,00;1493396/EUR 5,22
10.08.1988;10/13/16/18/27/46;1;0;9/9/1/1/2/6/8;NULL;0/EUR 0,00;2/EUR 233.482,77;13/EUR 17.960,20;679/EUR 1.031,58;0/EUR 0,00;34104/EUR 20,50;0/EUR 0,00;565188/EUR 1,79
10.08.1988;5/6/11/18/32/38;16;0;9/9/1/1/2/6/8;NULL;0/EUR 0,00;0/EUR 466.965,58;8/EUR 29.185,31;332/EUR 2.109,74;0/EUR 0,00;23094/EUR 30,32;0/EUR 0,00;446850/EUR 2,25
13.08.1988;2/9/14/16/37/44;6;0;4/0/9/4/0/4/2;NULL;0/EUR 0,00;5/EUR 720.433,98;24/EUR 75.045,17;2884/EUR 1.873,53;0/EUR 0,00;96036/EUR 56,24;0/EUR 0,00;1536168/EUR 5,06
17.08.1988;9/16/20/34/36/46;14;0;9/3/9/3/9/3/0;NULL;0/EUR 0,00;1/EUR 465.435,13;2/EUR 116.358,78;193/EUR 3.617,34;0/EUR 0,00;14635/EUR 47,70;0/EUR 0,00;315644/EUR 3,17
17.08.1988;4/15/41/42/45/47;38;0;9/3/9/3/9/3/0;NULL;0/EUR 0,00;0/EUR 932.400,72;5/EUR 46.543,51;318/EUR 2.195,44;0/EUR 0,00;18762/EUR 37,17;0/EUR 0,00;364814/EUR 2,76
20.08.1988;22/26/36/43/47/48;18;0;8/1/2/2/5/5/5;NULL;0/EUR 0,00;5/EUR 717.169,64;41/EUR 43.729,82;1373/EUR 3.917,52;0/EUR 0,00;73190/EUR 73,47;0/EUR 0,00;1383573/EUR 5,57
24.08.1988;14/24/30/31/32/37;13;0;7/2/7/7/1/8/0;NULL;0/EUR 0,00;0/EUR 476.359,86;4/EUR 59.544,95;191/EUR 3.741,02;0/EUR 0,00;16189/EUR 44,12;0/EUR 0,00;346767/EUR 2,97
24.08.1988;1/13/15/20/21/43;5;0;7/2/7/7/1/8/0;NULL;0/EUR 0,00;0/EUR 1.408.760,58;6/EUR 39.696,65;216/EUR 3.308,01;0/EUR 0,00;20007/EUR 35,69;0/EUR 0,00;405872/EUR 2,51
27.08.1988;9/17/21/22/28/32;31;0;5/8/3/3/5/7/2;NULL;0/EUR 0,00;5/EUR 729.066,43;52/EUR 35.051,26;2021/EUR 2.705,55;0/EUR 0,00;116175/EUR 47,04;0/EUR 0,00;2067523/EUR 3,78
31.08.1988;17/31/33/36/40/41;39;0;1/2/1/3/1/1/9;NULL;0/EUR 0,00;3/EUR 337.276,14;5/EUR 53.546,83;441/EUR 1.821,27;0/EUR 0,00;25567/EUR 31,39;0/EUR 0,00;493471/EUR 2,30
31.08.1988;5/7/25/26/43/47;41;0;1/2/1/3/1/1/9;NULL;0/EUR 0,00;3/EUR 648.076,42;10/EUR 26.773,39;536/EUR 1.498,49;0/EUR 0,00;29144/EUR 27,56;0/EUR 0,00;553357/EUR 2,10
03.09.1988;1/3/8/17/23/30;10;0;3/0/9/1/4/5/5;NULL;0/EUR 0,00;10/EUR 369.590,71;118/EUR 15.660,61;2446/EUR 2.266,45;0/EUR 0,00;111619/EUR 49,65;0/EUR 0,00;1880383/EUR 4,24
07.09.1988;3/7/14/18/21/46;44;0;3/9/0/4/9/9/2;NULL;0/EUR 0,00;1/EUR 495.104,02;8/EUR 30.944,00;671/EUR 1.106,74;0/EUR 0,00;32780/EUR 22,65;0/EUR 0,00;538033/EUR 1,94
07.09.1988;5/13/22/25/26/46;18;0;3/9/0/4/9/9/2;NULL;0/EUR 0,00;0/EUR 495.104,02;4/EUR 61.888,00;364/EUR 2.040,26;0/EUR 0,00;24501/EUR 30,27;0/EUR 0,00;477036/EUR 2,20
10.09.1988;5/14/15/20/28/45;13;0;0/6/4/7/5/0/3;NULL;0/EUR 0,00;2/EUR 1.835.111,54;16/EUR 114.694,43;1060/EUR 5.193,70;0/EUR 0,00;77384/EUR 71,12;0/EUR 0,00;1483064/EUR 5,32
14.09.1988;19/22/27/36/39/44;37;0;6/8/6/1/2/7/2;NULL;0/EUR 0,00;1/EUR 487.213,41;9/EUR 27.067,38;416/EUR 1.756,75;0/EUR 0,00;23995/EUR 30,42;0/EUR 0,00;448432/EUR 2,35
14.09.1988;2/13/20/23/26/40;19;0;6/8/6/1/2/7/2;NULL;0/EUR 0,00;2/EUR 491.158,69;7/EUR 34.800,93;388/EUR 1.883,55;0/EUR 0,00;24129/EUR 30,27;0/EUR 0,00;454222/EUR 2,30
17.09.1988;19/20/22/34/38/43;48;0;4/5/9/9/9/4/4;NULL;0/EUR 0,00;3/EUR 1.231.886,26;38/EUR 48.627,08;1281/EUR 4.327,42;0/EUR 0,00;77572/EUR 71,43;0/EUR 0,00;1496810/EUR 5,32
21.09.1988;11/17/25/38/47/48;26;0;4/4/6/1/1/4/9;NULL;0/EUR 0,00;2/EUR 238.955,48;10/EUR 23.895,53;534/EUR 1.342,40;0/EUR 0,00;28718/EUR 24,95;0/EUR 0,00;495115/EUR 2,05
21.09.1988;2/14/28/36/41/47;32;0;4/4/6/1/1/4/9;NULL;0/EUR 0,00;1/EUR 477.910,96;8/EUR 29.869,42;331/EUR 2.165,73;0/EUR 0,00;17499/EUR 40,95;0/EUR 0,00;325368/EUR 3,17
24.09.1988;3/21/23/25/27/47;26;0;4/7/4/5/3/5/5;NULL;0/EUR 0,00;9/EUR 403.557,88;27/EUR 67.259,63;1922/EUR 2.834,55;0/EUR 0,00;103690/EUR 52,51;0/EUR 0,00;1814651/EUR 4,29
28.09.1988;2/9/18/30/35/36;42;0;2/6/5/2/5/4/9;NULL;0/EUR 0,00;0/EUR 478.190,84;13/EUR 18.391,94;511/EUR 1.403,65;0/EUR 0,00;28836/EUR 24,85;0/EUR 0,00;492522/EUR 2,10
28.09.1988;7/16/22/38/40/42;4;0;2/6/5/2/5/4/9;NULL;0/EUR 0,00;2/EUR 239.095,42;8/EUR 29.886,90;307/EUR 2.336,40;0/EUR 0,00;19390/EUR 36,97;0/EUR 0,00;388460/EUR 2,66
01.10.1988;5/8/11/19/28/34;20;0;1/1/0/7/9/6/4;NULL;0/EUR 0,00;14/EUR 262.832,51;64/EUR 28.747,28;3119/EUR 1.769,63;0/EUR 0,00;133884/EUR 41,21;0/EUR 0,00;2054845/EUR 3,83
05.10.1988;5/7/11/24/27/47;31;0;0/0/5/8/5/9/7;NULL;0/EUR 0,00;2/EUR 240.925,69;9/EUR 26.769,50;444/EUR 1.627,85;0/EUR 0,00;26919/EUR 26,84;0/EUR 0,00;501695/EUR 2,05
05.10.1988;4/9/11/13/37/38;21;0;0/0/5/8/5/9/7;NULL;0/EUR 0,00;3/EUR 320.014,06;23/EUR 10.474,99;787/EUR 918,38;0/EUR 0,00;38465/EUR 18,76;0/EUR 0,00;610408/EUR 1,69
08.10.1988;3/8/9/13/15/39;30;0;8/4/8/5/0/1/3;NULL;0/EUR 0,00;2/EUR 1.848.725,60;29/EUR 63.749,15;1333/EUR 4.160,64;0/EUR 0,00;92890/EUR 59,67;0/EUR 0,00;1795037/EUR 4,45
12.10.1988;2/3/7/23/31/44;13;0;1/7/0/9/6/4/6;NULL;0/EUR 0,00;1/EUR 476.775,23;27/EUR 8.829,14;763/EUR 937,30;0/EUR 0,00;40972/EUR 17,44;0/EUR 0,00;619706/EUR 1,64
12.10.1988;3/5/9/12/24/47;11;0;1/7/0/9/6/4/6;NULL;0/EUR 0,00;1/EUR 476.775,23;15/EUR 15.892,49;386/EUR 1.852,72;0/EUR 0,00;28648/EUR 24,95;0/EUR 0,00;535872/EUR 1,89
15.10.1988;4/14/21/32/43/49;37;0;7/5/2/3/9/2/8;NULL;0/EUR 0,00;7/EUR 530.642,23;37/EUR 50.195,88;2145/EUR 2.597,52;0/EUR 0,00;91677/EUR 60,74;0/EUR 0,00;1630192/EUR 4,91
19.10.1988;4/25/26/36/46/48;12;0;8/1/4/6/1/5/3;NULL;0/EUR 0,00;2/EUR 237.199,45;9/EUR 26.355,46;313/EUR 2.273,46;0/EUR 0,00;20795/EUR 34,21;0/EUR 0,00;387255/EUR 2,61
19.10.1988;1/12/13/26/40/44;24;0;8/1/4/6/1/5/3;NULL;0/EUR 0,00;3/EUR 158.132,97;14/EUR 16.942,78;307/EUR 2.317,89;0/EUR 0,00;19214/EUR 37,02;0/EUR 0,00;393466/EUR 2,61
22.10.1988;4/9/24/29/30/41;3;0;9/3/5/8/5/9/5;NULL;0/EUR 0,00;7/EUR 541.685,12;28/EUR 67.710,64;1682/EUR 3.381,48;0/EUR 0,00;94837/EUR 59,92;0/EUR 0,00;1766700/EUR 4,60
26.10.1988;22/23/35/46/47/48;29;0;9/8/9/1/9/3/4;NULL;0/EUR 0,00;1/EUR 468.288,14;7/EUR 33.449,12;389/EUR 1.805,73;0/EUR 0,00;15679/EUR 44,79;0/EUR 0,00;325514/EUR 3,07
26.10.1988;13/19/20/22/31/43;29;0;9/8/9/1/9/3/4;NULL;0/EUR 0,00;0/EUR 468.288,14;9/EUR 26.015,96;367/EUR 1.913,97;0/EUR 0,00;28466/EUR 24,64;0/EUR 0,00;459980/EUR 2,20
29.10.1988;12/20/27/34/36/47;24;0;3/1/5/2/9/3/5;NULL;0/EUR 0,00;3/EUR 1.241.110,88;32/EUR 58.177,04;1333/EUR 4.189,78;0/EUR 0,00;78326/EUR 71,27;0/EUR 0,00;1491649/EUR 5,37
02.11.1988;1/19/21/30/39/42;40;0;2/5/3/8/0/6/6;NULL;0/EUR 0,00;1/EUR 466.012,84;9/EUR 25.889,57;301/EUR 2.322,29;0/EUR 0,00;19461/EUR 35,89;0/EUR 0,00;394247/EUR 2,56
02.11.1988;2/23/26/35/40/48;31;0;2/5/3/8/0/6/6;NULL;0/EUR 0,00;0/EUR 934.300,99;9/EUR 25.889,57;369/EUR 1.894,34;0/EUR 0,00;22000/EUR 31,75;0/EUR 0,00;397152/EUR 2,51
05.11.1988;10/15/17/21/34/38;46;0;9/6/0/5/7/5/4;NULL;0/EUR 0,00;5/EUR 744.691,77;39/EUR 47.736,61;1465/EUR 3.812,40;0/EUR 0,00;86378/EUR 64,63;0/EUR 0,00;1677605/EUR 4,81
09.11.1988;2/5/9/24/47/49;38;0;9/1/1/4/8/4/5;NULL;0/EUR 0,00;5/EUR 284.273,33;8/EUR 30.441,60;685/EUR 1.066,55;0/EUR 0,00;39089/EUR 18,66;0/EUR 0,00;522381/EUR 1,99
09.11.1988;2/7/13/20/31/37;8;0;9/1/1/4/8/4/5;NULL;0/EUR 0,00;2/EUR 243.532,82;16/EUR 15.220,80;483/EUR 1.512,61;0/EUR 0,00;27473/EUR 26,59;0/EUR 0,00;474940/EUR 2,20
12.11.1988;22/26/27/29/33/37;40;0;0/8/1/8/4/6/1;NULL;0/EUR 0,00;6/EUR 639.337,26;43/EUR 44.604,90;1194/EUR 4.819,08;0/EUR 0,00;73826/EUR 77,92;0/EUR 0,00;1560506/EUR 5,32
16.11.1988;7/8/14/25/27/28;45;0;9/9/4/1/1/5/1;NULL;0/EUR 0,00;4/EUR 124.854,87;7/EUR 35.672,78;600/EUR 1.248,52;0/EUR 0,00;29920/EUR 25,00;0/EUR 0,00;543417/EUR 1,94
16.11.1988;1/11/14/17/44/48;45;0;9/9/4/1/1/5/1;NULL;0/EUR 0,00;1/EUR 499.419,53;5/EUR 49.941,92;294/EUR 2.548,02;0/EUR 0,00;18609/EUR 40,24;0/EUR 0,00;387056/EUR 2,76
19.11.1988;5/24/29/32/37/44;11;0;9/0/8/5/8/1/6;NULL;0/EUR 0,00;3/EUR 1.248.403,59;61/EUR 30.698,42;1256/EUR 4.472,78;0/EUR 0,00;77504/EUR 72,45;0/EUR 0,00;1552753/EUR 5,22
23.11.1988;5/8/13/17/23/30;47;0;8/8/4/1/1/2/6;NULL;0/EUR 0,00;8/EUR 58.819,78;10/EUR 23.527,91;868/EUR 813,16;0/EUR 0,00;35140/EUR 20,04;0/EUR 0,00;534491/EUR 1,89
23.11.1988;2/6/11/33/40/49;16;0;8/8/4/1/1/2/6;NULL;0/EUR 0,00;15/EUR 31.370,52;11/EUR 21.388,98;316/EUR 2.233,63;0/EUR 0,00;20591/EUR 34,26;0/EUR 0,00;420153/EUR 2,40
26.11.1988;10/11/20/24/28/46;4;0;4/7/2/6/9/4/9;NULL;0/EUR 0,00;3/EUR 1.251.859,62;35/EUR 53.651,08;1295/EUR 4.350,07;0/EUR 0,00;90259/EUR 62,38;0/EUR 0,00;1757816/EUR 4,60
30.11.1988;3/10/16/27/29/44;23;0;6/7/0/3/2/3/0;NULL;0/EUR 0,00;0/EUR 536.250,75;8/EUR 33.515,64;262/EUR 3.070,10;0/EUR 0,00;17277/EUR 46,53;0/EUR 0,00;370025/EUR 3,12
30.11.1988;20/21/29/38/42/48;23;0;6/7/0/3/2/3/0;NULL;0/EUR 0,00;1/EUR 536.250,75;16/EUR 16.757,80;544/EUR 1.478,60;0/EUR 0,00;29443/EUR 27,30;0/EUR 0,00;513113/EUR 2,25
03.12.1988;9/11/31/42/45/47;43;0;1/3/8/2/8/6/9;NULL;0/EUR 0,00;3/EUR 1.411.549,98;29/EUR 73.011,20;1607/EUR 3.952,64;0/EUR 0,00;99151/EUR 64,01;0/EUR 0,00;1974956/EUR 4,60
07.12.1988;10/35/38/41/43/49;47;0;6/5/1/9/4/6/8;NULL;0/EUR 0,00;1/EUR 514.366,33;12/EUR 21.431,92;282/EUR 2.735,97;0/EUR 0,00;17427/EUR 44,23;0/EUR 0,00;368121/EUR 3,02
07.12.1988;18/38/41/42/47/48;43;0;6/5/1/9/4/6/8;NULL;0/EUR 0,00;1/EUR 1.050.617,08;15/EUR 17.145,51;392/EUR 1.968,22;0/EUR 0,00;24562/EUR 31,39;0/EUR 0,00;429288/EUR 2,56
10.12.1988;9/15/26/29/38/42;16;0;1/5/2/6/7/7/9;NULL;0/EUR 0,00;14/EUR 279.850,29;28/EUR 69.962,57;2034/EUR 2.889,26;0/EUR 0,00;93666/EUR 62,74;0/EUR 0,00;1658954/EUR 5,11
14.12.1988;3/12/24/31/39/41;21;0;9/4/0/1/4/5/6;NULL;0/EUR 0,00;1/EUR 516.265,17;20/EUR 12.906,59;756/EUR 1.024,32;0/EUR 0,00;35528/EUR 21,78;0/EUR 0,00;575315/EUR 1,94
14.12.1988;1/4/5/13/20/22;25;0;9/4/0/1/4/5/6;NULL;0/EUR 0,00;3/EUR 172.088,37;19/EUR 13.585,89;558/EUR 1.387,80;0/EUR 0,00;27417/EUR 28,22;0/EUR 0,00;490063/EUR 2,25
17.12.1988;34/35/39/47/48/49;32;0;9/8/2/0/0/3/6;NULL;0/EUR 0,00;20/EUR 198.204,14;97/EUR 20.433,37;3287/EUR 1.808,95;0/EUR 0,00;104340/EUR 56,96;0/EUR 0,00;1626066/EUR 5,27
21.12.1988;2/14/26/29/37/44;4;0;4/6/6/2/7/0/2;NULL;0/EUR 0,00;0/EUR 518.922,25;12/EUR 21.621,72;749/EUR 1.039,20;0/EUR 0,00;36711/EUR 21,17;0/EUR 0,00;603241/EUR 1,84
21.12.1988;5/6/13/19/30/35;37;0;4/6/6/2/7/0/2;NULL;0/EUR 0,00;0/EUR 518.922,25;7/EUR 37.065,85;421/EUR 1.848,88;0/EUR 0,00;21225/EUR 36,66;0/EUR 0,00;396230/EUR 2,81
24.12.1988;1/4/16/25/31/48;2;0;7/5/0/0/5/9/4;NULL;0/EUR 0,00;4/EUR 1.025.216,92;24/EUR 85.434,73;1664/EUR 3.696,69;0/EUR 0,00;95779/EUR 64,22;0/EUR 0,00;1814922/EUR 4,86
28.12.1988;8/10/27/38/43/45;4;0;5/4/5/8/6/6/9;NULL;0/EUR 0,00;5/EUR 204.295,52;10/EUR 25.127,75;778/EUR 968,90;0/EUR 0,00;39484/EUR 19,07;0/EUR 0,00;632951/EUR 1,69
28.12.1988;6/9/15/18/19/25;36;0;5/4/5/8/6/6/9;NULL;0/EUR 0,00;1/EUR 1.021.477,68;4/EUR 62.819,42;355/EUR 2.123,45;0/EUR 0,00;21888/EUR 34,41;0/EUR 0,00;422646/EUR 2,56
31.12.1988;8/12/24/33/41/49;23;0;6/1/1/6/7/4/4;NULL;0/EUR 0,00;23/EUR 177.834,42;48/EUR 42.606,16;2965/EUR 2.069,20;0/EUR 0,00;119188/EUR 51,44;0/EUR 0,00;2035908/EUR 4,35
04.01.1989;1/5/10/12/33/38;29;0;9/3/1/5/8/0/9;NULL;0/EUR 0,00;0/EUR 513.954,48;4/EUR 64.244,29;235/EUR 3.280,55;0/EUR 0,00;20545/EUR 37,48;0/EUR 0,00;419544/EUR 2,61
04.01.1989;6/30/33/34/37/46;48;0;9/3/1/5/8/0/9;NULL;0/EUR 0,00;2/EUR 256.977,24;8/EUR 32.122,12;439/EUR 1.756,08;0/EUR 0,00;29439/EUR 26,18;0/EUR 0,00;533584/EUR 2,05
07.01.1989;2/6/13/26/32/45;49;0;2/7/3/2/4/8/7;NULL;0/EUR 0,00;9/EUR 422.685,51;43/EUR 44.234,52;2305/EUR 2.475,57;0/EUR 0,00;112836/EUR 50,57;0/EUR 0,00;1891190/EUR 4,35
11.01.1989;12/27/29/39/43/44;10;0;8/9/9/0/9/7/1;NULL;0/EUR 0,00;0/EUR 502.992,13;8/EUR 31.436,99;357/EUR 2.113,37;0/EUR 0,00;21096/EUR 35,74;0/EUR 0,00;409353/EUR 2,66
11.01.1989;1/4/7/15/36/38;21;0;8/9/9/0/9/7/1;NULL;0/EUR 0,00;2/EUR 508.473,28;17/EUR 14.793,87;362/EUR 2.084,18;0/EUR 0,00;21051/EUR 35,79;0/EUR 0,00;425460/EUR 2,56
14.01.1989;6/7/12/23/35/36;49;0;5/2/5/9/6/3/5;NULL;0/EUR 0,00;10/EUR 395.990,76;34/EUR 58.233,90;1927/EUR 3.082,43;0/EUR 0,00;105317/EUR 56,40;0/EUR 0,00;2005958/EUR 4,24
18.01.1989;6/9/10/21/25/30;28;0;4/8/9/2/2/4/6;NULL;0/EUR 0,00;0/EUR 587.550,04;2/EUR 146.887,51;350/EUR 2.518,06;0/EUR 0,00;23665/EUR 37,22;0/EUR 0,00;480589/EUR 2,61
18.01.1989;2/30/35/38/40/44;39;0;4/8/9/2/2/4/6;NULL;0/EUR 0,00;5/EUR 218.108,42;18/EUR 16.320,79;1020/EUR 864,03;0/EUR 0,00;43490/EUR 20,25;0/EUR 0,00;692112/EUR 1,79
21.01.1989;12/13/16/17/26/40;47;0;8/4/5/3/1/3/6;NULL;0/EUR 0,00;4/EUR 980.483,73;24/EUR 81.706,95;1337/EUR 4.400,08;0/EUR 0,00;108834/EUR 54,04;0/EUR 0,00;1955939/EUR 4,29
25.01.1989;9/23/28/38/42/47;10;0;0/4/1/9/4/4/1;NULL;0/EUR 0,00;1/EUR 1.156.465,75;10/EUR 28.445,77;684/EUR 1.247,60;0/EUR 0,00;36225/EUR 23,52;0/EUR 0,00;628602/EUR 1,94
25.01.1989;2/4/9/24/31/40;5;0;0/4/1/9/4/4/1;NULL;0/EUR 0,00;2/EUR 284.457,85;17/EUR 16.732,79;566/EUR 1.507,70;0/EUR 0,00;28852/EUR 29,55;0/EUR 0,00;507951/EUR 2,40
28.01.1989;1/5/9/17/37/49;18;0;8/4/5/0/5/7/2;NULL;0/EUR 0,00;6/EUR 645.199,84;38/EUR 50.936,79;2464/EUR 2.356,65;0/EUR 0,00;134810/EUR 43,05;0/EUR 0,00;2105764/EUR 3,94
01.02.1989;1/16/19/30/34/37;20;0;2/4/4/5/9/5/7;NULL;0/EUR 0,00;0/EUR 542.855,00;11/EUR 24.675,20;344/EUR 2.367,08;0/EUR 0,00;22918/EUR 35,48;0/EUR 0,00;470853/EUR 2,45
01.02.1989;1/4/8/12/18/44;16;0;2/4/4/5/9/5/7;NULL;0/EUR 0,00;0/EUR 542.855,00;21/EUR 12.925,10;570/EUR 1.428,55;0/EUR 0,00;32642/EUR 24,90;0/EUR 0,00;535073/EUR 2,15
04.02.1989;11/19/25/27/37/43;47;0;4/4/1/5/1/4/8;NULL;0/EUR 0,00;12/EUR 321.317,29;62/EUR 31.095,19;2993/EUR 1.932,38;0/EUR 0,00;161418/EUR 35,79;0/EUR 0,00;2329858/EUR 3,58
08.02.1989;1/16/23/32/43/45;49;0;9/7/6/7/2/9/4;NULL;0/EUR 0,00;0/EUR 1.143.803,86;13/EUR 23.113,41;372/EUR 2.423,17;0/EUR 0,00;22828/EUR 39,47;0/EUR 0,00;464690/EUR 2,76
08.02.1989;4/14/22/29/30/34;21;0;9/7/6/7/2/9/4;NULL;0/EUR 0,00;1/EUR 1.143.803,86;13/EUR 23.113,41;383/EUR 2.353,58;0/EUR 0,00;24026/EUR 37,48;0/EUR 0,00;470711/EUR 2,76
11.02.1989;14/36/40/41/43/44;49;0;2/1/0/4/9/7/3;NULL;0/EUR 0,00;2/EUR 1.921.409,48;22/EUR 87.336,78;829/EUR 6.953,21;0/EUR 0,00;63273/EUR 91,06;0/EUR 0,00;1248012/EUR 6,65
15.02.1989;20/25/29/37/41/48;45;0;2/1/4/0/3/4/6;NULL;0/EUR 0,00;0/EUR 1.811.642,17;20/EUR 16.695,93;427/EUR 2.346,01;0/EUR 0,00;26806/EUR 37,32;0/EUR 0,00;510717/EUR 2,81
15.02.1989;2/3/14/17/44/46;24;0;2/1/4/0/3/4/6;NULL;0/EUR 0,00;0/EUR 667.838,31;8/EUR 41.739,88;348/EUR 2.878,57;0/EUR 0,00;26524/EUR 37,73;0/EUR 0,00;551597/EUR 2,61
18.02.1989;1/16/29/37/38/45;26;0;7/4/6/6/5/9/0;NULL;0/EUR 0,00;5/EUR 779.611,21;23/EUR 84.740,34;1010/EUR 5.789,15;0/EUR 0,00;60108/EUR 97,25;0/EUR 0,00;1317921/EUR 6,39
22.02.1989;7/16/17/19/25/34;6;0;3/6/6/0/3/6/2;NULL;0/EUR 0,00;2/EUR 646.177,53;20/EUR 15.612,91;648/EUR 1.445,63;0/EUR 0,00;36378/EUR 25,72;0/EUR 0,00;672285/EUR 1,99
22.02.1989;9/11/19/36/39/43;6;0;3/6/6/0/3/6/2;NULL;0/EUR 0,00;1/EUR 2.436.158,92;18/EUR 17.347,67;650/EUR 1.441,18;0/EUR 0,00;43384/EUR 21,58;0/EUR 0,00;764337/EUR 1,74
25.02.1989;9/12/16/21/41/42;17;0;1/8/7/5/0/6/4;NULL;0/EUR 0,00;4/EUR 968.036,13;27/EUR 71.706,33;1136/EUR 5.112,82;0/EUR 0,00;83164/EUR 69,79;0/EUR 0,00;1718255/EUR 4,86
01.03.1989;5/10/11/20/24/28;8;0;1/4/6/4/3/9/1;NULL;0/EUR 0,00;4/EUR 161.671,72;27/EUR 11.975,68;1011/EUR 959,44;0/EUR 0,00;49408/EUR 19,58;0/EUR 0,00;757184/EUR 1,84
01.03.1989;4/17/19/29/31/41;10;0;1/4/6/4/3/9/1;NULL;0/EUR 0,00;4/EUR 161.671,72;40/EUR 8.083,58;1757/EUR 552,09;0/EUR 0,00;48537/EUR 19,94;0/EUR 0,00;759633/EUR 1,84
04.03.1989;14/17/18/33/35/41;30;0;3/5/2/8/2/5/1;NULL;0/EUR 0,00;5/EUR 841.705,11;28/EUR 75.152,24;1615/EUR 3.908,83;0/EUR 0,00;95357/EUR 66,16;0/EUR 0,00;1939147/EUR 4,65
08.03.1989;5/9/12/36/42/45;11;0;6/5/7/0/6/6/7;NULL;0/EUR 0,00;2/EUR 282.782,45;17/EUR 16.634,22;521/EUR 1.628,26;0/EUR 0,00;30319/EUR 27,97;0/EUR 0,00;527209/EUR 2,30
08.03.1989;9/24/34/39/40/45;21;0;6/5/7/0/6/6/7;NULL;0/EUR 0,00;2/EUR 282.782,45;9/EUR 31.420,27;465/EUR 1.824,39;0/EUR 0,00;25950/EUR 32,67;0/EUR 0,00;513965/EUR 2,35
11.03.1989;19/20/42/43/44/49;41;0;1/6/2/5/3/5/1;NULL;0/EUR 0,00;6/EUR 647.025,46;46/EUR 42.197,28;1233/EUR 4.722,80;0/EUR 0,00;71146/EUR 81,81;0/EUR 0,00;1441083/EUR 5,83
15.03.1989;1/8/12/38/39/47;46;0;6/5/8/4/3/3/5;NULL;0/EUR 0,00;0/EUR 551.862,59;4/EUR 68.982,78;276/EUR 2.999,24;0/EUR 0,00;19210/EUR 43,05;0/EUR 0,00;422139/EUR 2,81
15.03.1989;2/3/13/29/40/44;18;0;6/5/8/4/3/3/5;NULL;0/EUR 0,00;1/EUR 551.862,59;16/EUR 17.245,67;347/EUR 2.385,53;0/EUR 0,00;23944/EUR 34,56;0/EUR 0,00;482600/EUR 2,45
18.03.1989;5/6/7/10/22/38;41;0;0/5/3/3/9/6/0;NULL;0/EUR 0,00;3/EUR 1.299.033,61;16/EUR 121.784,36;1664/EUR 3.512,98;0/EUR 0,00;111734/EUR 52,31;0/EUR 0,00;1988552/EUR 4,24
22.03.1989;27/30/37/38/45/48;29;0;7/1/7/5/2/4/2;NULL;0/EUR 0,00;0/EUR 1.094.787,69;6/EUR 45.243,76;465/EUR 1.751,33;0/EUR 0,00;21720/EUR 37,48;0/EUR 0,00;436065/EUR 2,66
22.03.1989;4/6/11/33/34/49;32;0;7/1/7/5/2/4/2;NULL;0/EUR 0,00;2/EUR 271.462,55;8/EUR 33.932,81;362/EUR 2.249,68;0/EUR 0,00;23056/EUR 35,28;0/EUR 0,00;474290/EUR 2,45
25.03.1989;19/37/38/39/44/48;41;0;6/0/8/8/1/5/5;NULL;0/EUR 0,00;5/EUR 758.241,31;65/EUR 29.163,12;1694/EUR 3.356,99;0/EUR 0,00;102324/EUR 55,53;0/EUR 0,00;1804895/EUR 4,55
29.03.1989;1/3/8/24/36/45;42;0;3/9/5/0/3/8/5;NULL;0/EUR 0,00;3/EUR 533.846,86;9/EUR 28.152,91;386/EUR 1.969,24;0/EUR 0,00;21686/EUR 35,02;0/EUR 0,00;433081/EUR 2,51
29.03.1989;8/12/18/24/36/49;17;0;3/9/5/0/3/8/5;NULL;0/EUR 0,00;2/EUR 253.376,47;7/EUR 36.196,60;776/EUR 979,53;0/EUR 0,00;38546/EUR 19,68;0/EUR 0,00;470352/EUR 2,30
01.04.1989;10/18/28/32/35/38;5;0;5/2/2/4/7/1/3;NULL;0/EUR 0,00;3/EUR 1.266.059,22;60/EUR 31.651,47;1920/EUR 2.967,28;0/EUR 0,00;110890/EUR 51,33;0/EUR 0,00;1843956/EUR 4,45
05.04.1989;5/9/19/33/35/49;40;0;4/4/2/4/6/6/4;NULL;0/EUR 0,00;3/EUR 178.877,77;11/EUR 24.392,41;784/EUR 1.026,67;0/EUR 0,00;38497/EUR 20,86;0/EUR 0,00;647406/EUR 1,79
05.04.1989;10/26/33/37/44/49;14;0;4/4/2/4/6/6/4;NULL;0/EUR 0,00;1/EUR 536.633,30;5/EUR 53.663,30;404/EUR 1.992,40;0/EUR 0,00;21386/EUR 37,63;0/EUR 0,00;435677/EUR 2,66
08.04.1989;6/12/24/31/43/48;22;0;7/4/5/6/5/6/9;NULL;0/EUR 0,00;25/EUR 154.982,54;40/EUR 48.432,02;2396/EUR 2.425,62;0/EUR 0,00;109709/EUR 52,97;0/EUR 0,00;1783770/EUR 4,70
12.04.1989;1/13/25/26/27/45;8;0;1/7/5/3/9/3/1;NULL;0/EUR 0,00;2/EUR 265.038,27;17/EUR 15.590,47;351/EUR 2.265,28;0/EUR 0,00;21881/EUR 36,30;0/EUR 0,00;446815/EUR 2,56
12.04.1989;13/16/27/29/35/36;28;0;1/7/5/3/9/3/1;NULL;0/EUR 0,00;1/EUR 530.076,59;16/EUR 16.564,89;405/EUR 1.963,21;0/EUR 0,00;25246/EUR 31,44;0/EUR 0,00;476086/EUR 2,40
15.04.1989;2/3/7/33/41/42;24;0;0/3/2/5/0/6/7;NULL;0/EUR 0,00;4/EUR 959.378,88;25/EUR 76.750,28;1166/EUR 4.936,73;0/EUR 0,00;82660/EUR 69,64;0/EUR 0,00;1800170/EUR 4,60
19.04.1989;38/39/43/45/46/47;4;0;2/6/6/4/9/9/5;NULL;0/EUR 0,00;0/EUR 548.494,96;5/EUR 54.849,45;326/EUR 2.523,74;0/EUR 0,00;20547/EUR 40,03;0/EUR 0,00;431668/EUR 2,71
19.04.1989;1/19/30/36/37/48;27;0;2/6/6/4/9/9/5;NULL;0/EUR 0,00;24/EUR 29.383,64;4/EUR 29.383,64;2413/EUR 340,93;0/EUR 0,00;42849/EUR 19,17;0/EUR 0,00;424305/EUR 2,76
22.04.1989;4/9/16/22/31/34;12;0;1/3/0/2/2/3/1;NULL;0/EUR 0,00;8/EUR 489.772,17;55/EUR 35.619,76;2430/EUR 2.418,62;0/EUR 0,00;115499/EUR 50,87;0/EUR 0,00;1957814/EUR 4,29
26.04.1989;3/14/21/23/32/38;27;0;0/4/3/6/0/9/4;NULL;0/EUR 0,00;2/EUR 283.999,84;19/EUR 14.947,31;810/EUR 1.051,83;0/EUR 0,00;38513/EUR 22,09;0/EUR 0,00;625415/EUR 1,94
26.04.1989;8/18/28/30/37/40;9;0;0/4/3/6/0/9/4;NULL;0/EUR 0,00;5/EUR 223.298,91;11/EUR 25.818,14;535/EUR 1.592,52;0/EUR 0,00;26026/EUR 32,72;0/EUR 0,00;483540/EUR 2,51
29.04.1989;5/7/19/22/42/48;12;0;0/5/7/9/0/3/5;NULL;0/EUR 0,00;7/EUR 548.850,51;44/EUR 43.658,55;2059/EUR 2.798,86;0/EUR 0,00;109036/EUR 52,82;0/EUR 0,00;1938515/EUR 4,24
03.05.1989;2/7/17/24/37/38;25;0;3/6/8/4/4/5/6;NULL;0/EUR 0,00;1/EUR 502.865,33;6/EUR 41.905,43;244/EUR 3.091,37;0/EUR 0,00;20102/EUR 37,48;0/EUR 0,00;370299/EUR 2,91
03.05.1989;13/15/20/34/39/41;5;0;3/6/8/4/4/5/6;NULL;0/EUR 0,00;3/EUR 167.621,78;16/EUR 15.714,50;660/EUR 1.142,84;0/EUR 0,00;34005/EUR 22,14;0/EUR 0,00;577577/EUR 1,84
06.05.1989;4/11/12/16/25/43;1;0;8/8/1/9/3/4/1;NULL;0/EUR 0,00;3/EUR 1.194.283,30;44/EUR 40.714,17;1660/EUR 3.237,50;0/EUR 0,00;97898/EUR 54,86;0/EUR 0,00;1839183/EUR 4,19
10.05.1989;4/11/15/32/39/47;33;0;9/1/0/6/7/7/0;NULL;0/EUR 0,00;0/EUR 507.170,97;4/EUR 63.396,36;244/EUR 3.117,81;0/EUR 0,00;16915/EUR 44,94;0/EUR 0,00;369950/EUR 2,97
10.05.1989;14/23/24/29/44/46;6;0;9/1/0/6/7/7/0;NULL;0/EUR 0,00;4/EUR 126.792,72;11/EUR 23.053,18;552/EUR 1.378,14;0/EUR 0,00;30189/EUR 25,16;0/EUR 0,00;454140/EUR 2,40
13.05.1989;5/17/18/24/26/41;3;0;2/5/2/0/4/1/2;NULL;0/EUR 0,00;4/EUR 939.684,84;46/EUR 40.855,85;1575/EUR 3.579,71;0/EUR 0,00;108480/EUR 51,95;0/EUR 0,00;2032699/EUR 3,99
17.05.1989;3/4/6/20/41/48;38;0;9/0/6/6/1/8/7;NULL;0/EUR 0,00;0/EUR 484.695,76;6/EUR 40.391,29;268/EUR 2.712,81;0/EUR 0,00;17615/EUR 41,26;0/EUR 0,00;399299/EUR 2,61
17.05.1989;4/17/21/31/42/46;37;0;9/0/6/6/1/8/7;NULL;0/EUR 0,00;2/EUR 495.933,34;12/EUR 20.195,62;635/EUR 1.144,94;0/EUR 0,00;26429/EUR 27,51;0/EUR 0,00;447481/EUR 2,30
20.05.1989;5/6/9/35/36/47;33;0;9/6/6/8/2/2/8;NULL;0/EUR 0,00;4/EUR 904.926,71;39/EUR 46.406,49;1219/EUR 4.454,07;0/EUR 0,00;71423/EUR 75,98;0/EUR 0,00;1489508/EUR 5,22
24.05.1989;3/5/26/30/31/49;14;0;3/2/4/0/0/0/7;NULL;0/EUR 0,00;0/EUR 499.771,96;7/EUR 35.697,99;442/EUR 1.696,06;0/EUR 0,00;22616/EUR 33,13;0/EUR 0,00;420175/EUR 2,56
24.05.1989;6/13/20/29/31/35;49;0;3/2/4/0/0/0/7;NULL;0/EUR 0,00;1/EUR 984.467,72;7/EUR 35.697,99;413/EUR 1.815,14;0/EUR 0,00;24748/EUR 30,27;0/EUR 0,00;481836/EUR 2,20
27.05.1989;4/8/17/21/25/29;40;0;2/6/6/9/7/4/5;NULL;0/EUR 0,00;6/EUR 587.475,96;68/EUR 25.918,05;2350/EUR 2.249,89;0/EUR 0,00;104755/EUR 50,46;0/EUR 0,00;1764528/EUR 4,29
31.05.1989;13/19/20/21/31/33;4;0;3/7/3/6/1/3/4;NULL;0/EUR 0,00;1/EUR 514.970,78;15/EUR 17.165,65;653/EUR 1.182,92;0/EUR 0,00;34066/EUR 22,65;0/EUR 0,00;588978/EUR 1,89
31.05.1989;3/16/20/32/36/37;25;0;3/7/3/6/1/3/4;NULL;0/EUR 0,00;2/EUR 507.371,35;9/EUR 28.609,44;511/EUR 1.511,63;0/EUR 0,00;24469/EUR 31,55;0/EUR 0,00;440369/EUR 2,51
03.06.1989;7/17/19/22/23/27;45;0;4/3/0/5/0/0/0;NULL;0/EUR 0,00;12/EUR 309.388,34;25/EUR 74.253,18;2761/EUR 2.017,00;0/EUR 0,00;152325/EUR 36,56;0/EUR 0,00;2455752/EUR 3,27
07.06.1989;2/18/21/26/27/28;7;0;1/2/7/7/6/6/6;NULL;0/EUR 0,00;5/EUR 102.341,72;11/EUR 23.259,49;507/EUR 1.513,88;0/EUR 0,00;24467/EUR 31,34;0/EUR 0,00;464263/EUR 2,35
07.06.1989;14/17/23/24/39/40;37;0;1/2/7/7/6/6/6;NULL;0/EUR 0,00;1/EUR 511.708,79;13/EUR 19.681,11;400/EUR 1.918,88;0/EUR 0,00;25816/EUR 29,71;0/EUR 0,00;491012/EUR 2,25
10.06.1989;6/8/10/16/21/34;45;0;1/1/6/0/4/7/4;NULL;0/EUR 0,00;2/EUR 1.845.013,52;22/EUR 83.864,24;1482/EUR 3.734,83;0/EUR 0,00;87705/EUR 63,09;0/EUR 0,00;1653081/EUR 4,81
14.06.1989;13/15/16/21/25/45;23;0;8/9/9/3/6/8/3;NULL;0/EUR 0,00;3/EUR 164.293,42;29/EUR 8.497,93;934/EUR 791,53;0/EUR 0,00;38950/EUR 18,97;0/EUR 0,00;597705/EUR 1,74
14.06.1989;3/7/10/16/21/30;37;0;8/9/9/3/6/8/3;NULL;0/EUR 0,00;0/EUR 492.880,31;6/EUR 41.073,36;282/EUR 2.621,70;0/EUR 0,00;21131/EUR 34,97;0/EUR 0,00;432351/EUR 2,45
17.06.1989;4/8/12/32/40/41;7;0;0/7/1/9/2/6/2;NULL;0/EUR 0,00;11/EUR 332.961,86;25/EUR 73.251,56;2182/EUR 2.517,81;0/EUR 0,00;107641/EUR 51,03;0/EUR 0,00;1801751/EUR 4,40
21.06.1989;21/24/30/34/39/46;33;0;8/2/1/1/2/8/9;NULL;0/EUR 0,00;1/EUR 978.438,46;7/EUR 34.682,72;354/EUR 2.057,44;0/EUR 0,00;20894/EUR 34,82;0/EUR 0,00;388031/EUR 2,71
21.06.1989;12/30/33/38/43/49;44;0;8/2/1/1/2/8/9;NULL;0/EUR 0,00;1/EUR 485.558,15;7/EUR 34.682,72;301/EUR 2.419,69;0/EUR 0,00;20384/EUR 35,69;0/EUR 0,00;409970/EUR 2,56
24.06.1989;4/14/16/38/42/46;36;0;0/3/7/1/0/7/0;NULL;0/EUR 0,00;3/EUR 1.215.533,05;37/EUR 49.278,36;1604/EUR 3.410,11;0/EUR 0,00;76266/EUR 71,68;0/EUR 0,00;1452393/EUR 5,42
28.06.1989;8/13/20/29/45/47;46;0;3/6/8/7/2/6/1;NULL;0/EUR 0,00;1/EUR 487.853,19;3/EUR 81.308,86;262/EUR 2.793,03;0/EUR 0,00;15825/EUR 46,22;0/EUR 0,00;339105/EUR 3,07
28.06.1989;3/5/7/36/47/49;25;0;3/6/8/7/2/6/1;NULL;0/EUR 0,00;1/EUR 487.853,19;9/EUR 27.102,92;480/EUR 1.524,52;0/EUR 0,00;23251/EUR 31,44;0/EUR 0,00;463461/EUR 2,25
01.07.1989;4/16/19/21/24/44;48;0;7/2/3/3/4/0/2;NULL;0/EUR 0,00;5/EUR 743.067,24;24/EUR 77.402,79;1688/EUR 3.301,51;0/EUR 0,00;102394/EUR 54,40;0/EUR 0,00;1881415/EUR 4,24
05.07.1989;5/10/23/44/45/49;31;0;1/4/9/5/9/4/0;NULL;0/EUR 0,00;0/EUR 491.139,06;11/EUR 22.324,49;394/EUR 1.869,79;0/EUR 0,00;22435/EUR 32,82;0/EUR 0,00;438994/EUR 2,40
05.07.1989;3/15/19/22/40/47;11;0;1/4/9/5/9/4/0;NULL;0/EUR 0,00;0/EUR 491.139,06;8/EUR 30.696,18;322/EUR 2.287,88;0/EUR 0,00;19929/EUR 36,97;0/EUR 0,00;409774/EUR 2,56
08.07.1989;2/3/4/7/25/36;6;0;8/6/6/6/2/7/2;NULL;0/EUR 0,00;2/EUR 1.799.820,18;46/EUR 39.126,51;1317/EUR 4.099,79;0/EUR 0,00;98368/EUR 54,86;0/EUR 0,00;1819250/EUR 4,24
12.07.1989;10/20/28/37/46/49;35;0;1/3/9/9/3/8/8;NULL;0/EUR 0,00;1/EUR 985.606,72;4/EUR 61.808,44;326/EUR 2.275,15;0/EUR 0,00;17082/EUR 43,41;0/EUR 0,00;341523/EUR 3,12
12.07.1989;3/9/21/39/45/49;32;0;1/3/9/9/3/8/8;NULL;0/EUR 0,00;3/EUR 328.535,56;24/EUR 10.301,41;513/EUR 1.445,78;0/EUR 0,00;26758/EUR 27,71;0/EUR 0,00;473812/EUR 2,25
15.07.1989;5/15/17/24/38/49;12;0;4/6/8/1/2/7/3;NULL;0/EUR 0,00;8/EUR 454.958,10;40/EUR 45.495,77;1417/EUR 3.852,84;0/EUR 0,00;86782/EUR 62,89;0/EUR 0,00;1718974/EUR 4,55
19.07.1989;5/7/14/20/39/47;49;0;0/8/8/5/7/8/7;NULL;0/EUR 0,00;2/EUR 246.835,21;7/EUR 35.262,16;315/EUR 2.350,77;0/EUR 0,00;20614/EUR 35,89;0/EUR 0,00;414605/EUR 2,56
19.07.1989;11/12/20/25/35/42;21;0;0/8/8/5/7/8/7;NULL;0/EUR 0,00;2/EUR 246.835,21;8/EUR 30.854,37;458/EUR 1.616,81;0/EUR 0,00;23777/EUR 31,14;0/EUR 0,00;452281/EUR 2,35
22.07.1989;12/13/26/28/31/43;34;0;5/3/6/2/1/1/7;NULL;0/EUR 0,00;4/EUR 895.736,39;24/EUR 74.644,68;1499/EUR 3.585,33;0/EUR 0,00;91075/EUR 59,00;0/EUR 0,00;1744151/EUR 4,45
26.07.1989;20/25/27/38/45/48;23;0;2/7/6/9/2/5/4;NULL;0/EUR 0,00;1/EUR 478.314,58;7/EUR 34.165,29;266/EUR 2.697,22;0/EUR 0,00;19941/EUR 35,94;0/EUR 0,00;371048/EUR 2,76
26.07.1989;20/34/37/40/41/48;18;0;2/7/6/9/2/5/4;NULL;0/EUR 0,00;0/EUR 478.314,58;4/EUR 59.789,30;324/EUR 2.214,41;0/EUR 0,00;19668/EUR 36,46;0/EUR 0,00;393507/EUR 2,61
29.07.1989;2/3/12/15/30/32;33;0;6/4/9/3/0/3/9;NULL;0/EUR 0,00;2/EUR 1.788.087,21;46/EUR 38.871,43;1443/EUR 3.717,40;0/EUR 0,00;91044/EUR 58,90;0/EUR 0,00;1728442/EUR 4,45
02.08.1989;8/10/27/34/40/41;12;0;1/9/6/3/6/7/5;NULL;0/EUR 0,00;0/EUR 966.880,25;15/EUR 16.285,52;320/EUR 2.290,13;0/EUR 0,00;19907/EUR 36,81;0/EUR 0,00;404317/EUR 2,61
02.08.1989;12/14/17/43/48/49;20;0;1/9/6/3/6/7/5;NULL;0/EUR 0,00;0/EUR 488.565,67;6/EUR 40.713,76;185/EUR 3.961,34;0/EUR 0,00;14341/EUR 51,08;0/EUR 0,00;345844/EUR 3,02
05.08.1989;9/11/20/38/42/47;16;0;1/5/8/0/0/6/5;NULL;0/EUR 0,00;6/EUR 601.716,51;34/EUR 53.092,60;1650/EUR 3.282,08;0/EUR 0,00;96014/EUR 56,40;0/EUR 0,00;1675938/EUR 4,65
09.08.1989;6/11/14/15/21/27;7;0;9/5/2/6/4/1/5;NULL;0/EUR 0,00;3/EUR 491.715,95;15/EUR 16.942,22;484/EUR 1.575,19;0/EUR 0,00;27589/EUR 27,61;0/EUR 0,00;485645/EUR 2,25
09.08.1989;22/29/33/40/41/49;21;0;9/5/2/6/4/1/5;NULL;0/EUR 0,00;1/EUR 996.833,31;1/EUR 254.133,79;239/EUR 3.189,95;0/EUR 0,00;16665/EUR 45,71;0/EUR 0,00;367130/EUR 2,97
12.08.1989;8/11/16/17/37/47;32;0;6/9/8/6/7/9/9;NULL;0/EUR 0,00;1/EUR 3.570.904,53;39/EUR 45.780,82;991/EUR 5.404,97;0/EUR 0,00;80073/EUR 66,88;0/EUR 0,00;1670569/EUR 4,60
16.08.1989;19/24/32/39/40/43;46;0;2/8/1/0/2/7/4;NULL;0/EUR 0,00;10/EUR 49.108,26;45/EUR 5.456,46;1064/EUR 692,29;0/EUR 0,00;43828/EUR 16,77;0/EUR 0,00;642082/EUR 1,64
16.08.1989;4/5/8/16/18/19;7;0;2/8/1/0/2/7/4;NULL;0/EUR 0,00;1/EUR 491.082,87;10/EUR 24.554,13;368/EUR 2.001,66;0/EUR 0,00;25242/EUR 29,14;0/EUR 0,00;492105/EUR 2,15
19.08.1989;11/13/14/18/27/29;40;0;4/5/5/3/0/9/9;NULL;0/EUR 0,00;3/EUR 1.206.786,02;16/EUR 113.136,16;1382/EUR 3.929,43;0/EUR 0,00;85524/EUR 63,45;0/EUR 0,00;1687039/EUR 4,60
23.08.1989;2/4/10/36/40/43;14;0;4/0/8/9/9/5/2;NULL;0/EUR 0,00;2/EUR 243.116,38;8/EUR 30.389,50;210/EUR 3.473,05;0/EUR 0,00;16283/EUR 44,79;0/EUR 0,00;370438/EUR 2,81
23.08.1989;4/10/34/41/42/45;7;0;4/0/8/9/9/5/2;NULL;0/EUR 0,00;1/EUR 486.232,75;2/EUR 121.558,16;187/EUR 3.900,24;0/EUR 0,00;16431/EUR 44,38;0/EUR 0,00;366715/EUR 2,86
26.08.1989;1/13/20/22/40/46;14;0;2/2/7/5/6/0/6;NULL;0/EUR 0,00;4/EUR 908.952,67;25/EUR 72.716,19;1013/EUR 5.383,70;0/EUR 0,00;63062/EUR 86,46;0/EUR 0,00;1321483/EUR 5,93
30.08.1989;6/23/30/33/42/45;28;0;4/3/5/4/3/2/2;NULL;0/EUR 0,00;2/EUR 262.536,31;11/EUR 23.866,90;363/EUR 2.169,72;0/EUR 0,00;22065/EUR 35,69;0/EUR 0,00;429795/EUR 2,61
30.08.1989;3/8/13/33/41/45;28;0;4/3/5/4/3/2/2;NULL;0/EUR 0,00;3/EUR 175.024,21;12/EUR 21.878,03;555/EUR 1.419,09;0/EUR 0,00;29163/EUR 27,00;0/EUR 0,00;514439/EUR 2,20
02.09.1989;2/19/21/25/26/39;29;0;5/6/3/8/0/6/0;NULL;0/EUR 0,00;3/EUR 1.300.548,62;31/EUR 62.929,75;1833/EUR 3.192,81;0/EUR 0,00;115644/EUR 50,57;0/EUR 0,00;2176139/EUR 3,83
06.09.1989;1/7/19/21/33/34;27;0;2/1/8/4/5/1/6;NULL;0/EUR 0,00;2/EUR 248.124,94;15/EUR 16.541,62;449/EUR 1.657,81;0/EUR 0,00;25022/EUR 29,71;0/EUR 0,00;481363/EUR 2,20
06.09.1989;3/7/12/34/43/49;27;0;2/1/8/4/5/1/6;NULL;0/EUR 0,00;3/EUR 165.416,63;7/EUR 35.446,38;611/EUR 1.218,26;0/EUR 0,00;33070/EUR 22,50;0/EUR 0,00;558349/EUR 1,89
09.09.1989;13/26/39/42/46/47;34;0;0/7/3/3/9/9/0;NULL;0/EUR 0,00;7/EUR 527.197,66;30/EUR 61.506,37;1225/EUR 4.518,80;0/EUR 0,00;77174/EUR 71,68;0/EUR 0,00;1466297/EUR 5,42
13.09.1989;3/14/15/16/21/34;1;0;0/4/9/6/8/2/8;NULL;0/EUR 0,00;3/EUR 161.400,84;8/EUR 30.262,65;537/EUR 1.352,52;0/EUR 0,00;23667/EUR 30,68;0/EUR 0,00;439251/EUR 2,35
13.09.1989;4/9/20/21/35/36;46;0;0/4/9/6/8/2/8;NULL;0/EUR 0,00;1/EUR 484.202,61;4/EUR 60.525,30;332/EUR 2.187,61;0/EUR 0,00;20770/EUR 34,92;0/EUR 0,00;415506/EUR 2,51
16.09.1989;9/21/23/38/43/47;33;0;3/1/8/1/5/3/2;NULL;0/EUR 0,00;4/EUR 935.761,70;87/EUR 21.511,74;1834/EUR 3.061,36;0/EUR 0,00;99757/EUR 56,24;0/EUR 0,00;1751938/EUR 4,60
20.09.1989;8/9/21/27/35/47;6;0;9/5/6/9/4/5/6;NULL;0/EUR 0,00;1/EUR 481.993,94;7/EUR 34.428,09;387/EUR 1.868,16;0/EUR 0,00;23167/EUR 31,19;0/EUR 0,00;462681/EUR 2,25
20.09.1989;3/6/15/22/32/43;4;0;9/5/6/9/4/5/6;NULL;0/EUR 0,00;0/EUR 481.993,94;5/EUR 48.199,38;430/EUR 1.681,33;0/EUR 0,00;22810/EUR 31,65;0/EUR 0,00;419162/EUR 2,45
23.09.1989;6/7/12/32/39/45;33;0;1/2/4/8/7/1/1;NULL;0/EUR 0,00;4/EUR 923.993,91;27/EUR 68.443,99;1477/EUR 3.753,50;0/EUR 0,00;93864/EUR 59,05;0/EUR 0,00;1861992/EUR 4,29
27.09.1989;7/9/13/15/36/42;43;0;8/5/9/0/0/7/7;NULL;0/EUR 0,00;1/EUR 970.074,14;6/EUR 40.673,32;405/EUR 1.807,67;0/EUR 0,00;21899/EUR 33,39;0/EUR 0,00;407404/EUR 2,56
27.09.1989;12/14/22/28/31/46;10;0;8/5/9/0/0/7/7;NULL;0/EUR 0,00;5/EUR 97.616,00;5/EUR 48.807,97;423/EUR 1.730,77;0/EUR 0,00;25264/EUR 28,94;0/EUR 0,00;459216/EUR 2,30
30.09.1989;4/10/17/28/29/35;8;0;5/0/9/4/1/3/8;NULL;0/EUR 0,00;11/EUR 341.938,51;56/EUR 33.583,24;2636/EUR 2.140,32;0/EUR 0,00;118894/EUR 47,45;0/EUR 0,00;1901093/EUR 4,24
04.10.1989;3/6/16/18/26/45;40;0;9/5/9/3/4/2/3;NULL;0/EUR 0,00;1/EUR 513.321,40;10/EUR 25.666,03;502/EUR 1.533,82;0/EUR 0,00;30940/EUR 24,85;0/EUR 0,00;532142/EUR 2,05
04.10.1989;9/12/18/30/37/48;4;0;9/5/9/3/4/2/3;NULL;0/EUR 0,00;0/EUR 513.321,40;13/EUR 19.743,13;426/EUR 1.807,47;0/EUR 0,00;27715/EUR 27,76;0/EUR 0,00;512321/EUR 2,15
07.10.1989;2/4/8/23/40/49;11;0;4/1/9/6/2/8/9;NULL;0/EUR 0,00;2/EUR 1.901.085,17;55/EUR 34.565,17;1483/EUR 3.845,73;0/EUR 0,00;89541/EUR 63,66;0/EUR 0,00;1651521/EUR 4,96
11.10.1989;7/12/29/41/46/49;9;0;2/7/2/7/9/4/8;NULL;0/EUR 0,00;2/EUR 503.433,58;4/EUR 61.693,19;461/EUR 1.605,87;0/EUR 0,00;22555/EUR 32,77;0/EUR 0,00;434256/EUR 2,45
11.10.1989;3/24/27/36/40/46;22;0;2/7/2/7/9/4/8;NULL;0/EUR 0,00;0/EUR 493.545,76;8/EUR 30.846,60;285/EUR 2.597,57;0/EUR 0,00;18821/EUR 39,32;0/EUR 0,00;402209/EUR 2,61
14.10.1989;3/5/9/27/35/37;23;0;2/2/2/0/9/6/3;NULL;0/EUR 0,00;13/EUR 301.739,47;55/EUR 35.660,10;2190/EUR 2.686,69;0/EUR 0,00;124035/EUR 47,40;0/EUR 0,00;2207881/EUR 3,83
18.10.1989;2/20/33/39/45/49;28;0;8/6/2/1/9/4/8;NULL;0/EUR 0,00;1/EUR 981.479,27;7/EUR 34.852,36;314/EUR 2.330,88;0/EUR 0,00;20704/EUR 35,33;0/EUR 0,00;389868/EUR 2,71
18.10.1989;1/17/23/25/26/47;13;0;8/6/2/1/9/4/8;NULL;0/EUR 0,00;11/EUR 44.357,59;10/EUR 24.396,65;652/EUR 1.122,54;0/EUR 0,00;28015/EUR 26,08;0/EUR 0,00;486701/EUR 2,15
21.10.1989;4/8/13/20/21/36;17;0;9/2/8/2/4/1/8;NULL;0/EUR 0,00;8/EUR 468.240,44;41/EUR 45.681,99;1464/EUR 3.838,01;0/EUR 0,00;87508/EUR 64,17;0/EUR 0,00;1604770/EUR 5,01
25.10.1989;18/25/29/31/36/47;3;0;8/8/1/3/0/0/8;NULL;0/EUR 0,00;0/EUR 484.386,78;16/EUR 15.137,05;259/EUR 2.805,31;0/EUR 0,00;17554/EUR 41,36;0/EUR 0,00;369911/EUR 2,81
25.10.1989;2/20/22/26/42/47;40;0;8/8/1/3/0/0/8;NULL;0/EUR 0,00;1/EUR 484.386,78;6/EUR 40.365,52;264/EUR 2.752,18;0/EUR 0,00;17247/EUR 42,08;0/EUR 0,00;358349/EUR 2,91
28.10.1989;3/21/24/25/32/34;17;0;9/8/9/4/5/3/2;NULL;0/EUR 0,00;4/EUR 930.642,08;37/EUR 50.304,93;1032/EUR 5.410,70;0/EUR 0,00;85706/EUR 65,14;0/EUR 0,00;1837044/EUR 4,35
01.11.1989;16/18/25/38/39/48;20;0;6/6/9/4/3/9/5;NULL;0/EUR 0,00;0/EUR 1.005.512,95;9/EUR 28.951,44;423/EUR 1.847,96;0/EUR 0,00;25784/EUR 30,27;0/EUR 0,00;490869/EUR 2,25
01.11.1989;1/28/32/33/39/40;13;0;6/6/9/4/3/9/5;NULL;0/EUR 0,00;0/EUR 521.126,17;1/EUR 260.563,09;196/EUR 3.988,18;0/EUR 0,00;15496/EUR 50,41;0/EUR 0,00;357254/EUR 3,12
04.11.1989;9/27/32/37/44/47;45;0;1/4/3/9/9/4/2;NULL;0/EUR 0,00;11/EUR 347.442,36;26/EUR 73.497,39;2844/EUR 2.015,72;0/EUR 0,00;127155/EUR 45,04;0/EUR 0,00;1969076/EUR 4,19
08.11.1989;16/25/29/31/37/49;44;0;1/9/7/9/4/2/3;NULL;0/EUR 0,00;0/EUR 1.527.449,16;7/EUR 37.281,15;287/EUR 2.727,84;0/EUR 0,00;20821/EUR 37,58;0/EUR 0,00;437736/EUR 2,56
08.11.1989;14/18/25/29/33/45;41;0;1/9/7/9/4/2/3;NULL;0/EUR 0,00;2/EUR 521.531,17;5/EUR 52.193,60;438/EUR 1.787,43;0/EUR 0,00;22683/EUR 34,51;0/EUR 0,00;424211/EUR 2,66
11.11.1989;4/20/26/29/32/48;17;0;8/1/7/2/7/6/7;NULL;0/EUR 0,00;6/EUR 621.578,15;61/EUR 30.569,37;1141/EUR 4.902,88;0/EUR 0,00;76402/EUR 73,22;0/EUR 0,00;1524119/EUR 5,27
15.11.1989;8/10/30/31/33/42;24;0;4/1/8/8/5/8/8;NULL;0/EUR 0,00;0/EUR 516.256,88;8/EUR 32.266,05;264/EUR 2.933,23;0/EUR 0,00;19251/EUR 40,19;0/EUR 0,00;405453/EUR 2,71
15.11.1989;2/25/30/34/36/44;47;0;4/1/8/8/5/8/8;NULL;0/EUR 0,00;1/EUR 2.043.706,05;8/EUR 32.266,05;298/EUR 2.598,59;0/EUR 0,00;19773/EUR 39,11;0/EUR 0,00;437564/EUR 2,51
18.11.1989;2/3/27/32/33/36;40;0;4/3/5/7/5/9/7;NULL;0/EUR 0,00;4/EUR 941.844,08;10/EUR 188.368,77;1043/EUR 5.418,06;0/EUR 0,00;72622/EUR 77,77;0/EUR 0,00;1674614/EUR 4,86
22.11.1989;12/14/29/32/38/46;30;0;2/5/0/4/2/5/4;NULL;0/EUR 0,00;0/EUR 527.003,47;5/EUR 52.700,34;321/EUR 2.462,59;0/EUR 0,00;21222/EUR 37,22;0/EUR 0,00;435461/EUR 2,61
22.11.1989;24/28/30/37/43/49;39;0;2/5/0/4/2/5/4;NULL;0/EUR 0,00;0/EUR 1.043.260,35;7/EUR 37.643,10;247/EUR 3.200,38;0/EUR 0,00;16932/EUR 46,68;0/EUR 0,00;366376/EUR 3,07
25.11.1989;5/7/8/21/42/46;30;0;7/8/9/5/9/4/6;NULL;0/EUR 0,00;3/EUR 1.238.984,93;45/EUR 41.299,45;1362/EUR 4.093,56;0/EUR 0,00;86892/EUR 64,12;0/EUR 0,00;1740312/EUR 4,60
29.11.1989;2/4/10/25/47/48;37;0;1/3/4/4/8/9/1;NULL;0/EUR 0,00;2/EUR 568.888,40;14/EUR 21.813,30;446/EUR 2.054,17;0/EUR 0,00;28569/EUR 32,06;0/EUR 0,00;552952/EUR 2,35
29.11.1989;2/7/20/27/36/46;31;0;1/3/4/4/8/9/1;NULL;0/EUR 0,00;2/EUR 827.016,82;9/EUR 33.931,83;480/EUR 1.908,65;0/EUR 0,00;26738/EUR 34,26;0/EUR 0,00;516166/EUR 2,56
02.12.1989;19/23/27/46/47/48;29;0;6/8/9/7/2/0/6;NULL;0/EUR 0,00;2/EUR 2.096.676,45;58/EUR 36.149,56;1297/EUR 4.849,65;0/EUR 0,00;85898/EUR 73,22;0/EUR 0,00;1876266/EUR 4,81
06.12.1989;5/14/15/19/28/34;30;0;2/2/9/3/4/5/9;NULL;0/EUR 0,00;0/EUR 558.826,69;15/EUR 18.627,54;458/EUR 1.830,17;0/EUR 0,00;27152/EUR 30,83;0/EUR 0,00;509279/EUR 2,35
06.12.1989;9/16/22/29/30/40;33;0;2/2/9/3/4/5/9;NULL;0/EUR 0,00;1/EUR 558.826,69;10/EUR 27.941,33;543/EUR 1.543,69;0/EUR 0,00;26752/EUR 31,29;0/EUR 0,00;497442/EUR 2,40
09.12.1989;2/15/24/33/37/46;6;0;1/8/9/4/8/4/4;NULL;0/EUR 0,00;16/EUR 244.102,91;87/EUR 22.446,22;2534/EUR 2.311,91;0/EUR 0,00;98890/EUR 59,21;0/EUR 0,00;1616143/EUR 5,22
13.12.1989;5/7/20/24/27/49;6;0;4/5/8/6/4/1/4;NULL;0/EUR 0,00;0/EUR 1.089.596,34;16/EUR 16.586,51;438/EUR 1.817,69;0/EUR 0,00;27000/EUR 29,45;0/EUR 0,00;528690/EUR 2,15
13.12.1989;30/33/39/45/46/49;41;0;4/5/8/6/4/1/4;NULL;0/EUR 0,00;4/EUR 132.692,41;29/EUR 9.151,15;660/EUR 1.206,29;0/EUR 0,00;29098/EUR 27,35;0/EUR 0,00;457448/EUR 2,51
16.12.1989;3/18/26/28/31/33;46;0;6/5/4/8/9/9/6;NULL;0/EUR 0,00;5/EUR 776.710,09;53/EUR 36.637,23;1967/EUR 2.961,50;0/EUR 0,00;117514/EUR 49,54;0/EUR 0,00;2083379/EUR 3,99
20.12.1989;18/26/28/29/36/41;15;0;8/5/7/5/4/1/0;NULL;0/EUR 0,00;0/EUR 1.666.818,79;3/EUR 96.203,71;352/EUR 2.459,72;0/EUR 0,00;23894/EUR 36,20;0/EUR 0,00;490444/EUR 2,51
20.12.1989;6/19/40/41/42/43;33;0;8/5/7/5/4/1/0;NULL;0/EUR 0,00;3/EUR 192.407,47;8/EUR 36.076,40;576/EUR 1.503,15;0/EUR 0,00;31612/EUR 27,35;0/EUR 0,00;506836/EUR 2,45
23.12.1989;7/9/23/28/38/39;36;0;1/7/7/6/5/6/7;NULL;0/EUR 0,00;8/EUR 526.001,80;26/EUR 80.923,34;2390/EUR 2.640,98;0/EUR 0,00;126344/EUR 49,95;0/EUR 0,00;2238853/EUR 4,04
27.12.1989;2/9/12/16/38/46;29;0;0/5/2/8/3/7/5;NULL;0/EUR 0,00;1/EUR 443.163,52;4/EUR 55.395,41;334/EUR 1.990,25;0/EUR 0,00;25126/EUR 26,43;0/EUR 0,00;471812/EUR 1,99
27.12.1989;2/3/4/12/26/43;13;0;0/5/2/8/3/7/5;NULL;0/EUR 0,00;3/EUR 703.327,44;13/EUR 17.044,73;388/EUR 1.713,24;0/EUR 0,00;24409/EUR 27,20;0/EUR 0,00;445633/EUR 2,15
30.12.1989;2/15/16/44/46/49;27;0;5/1/1/4/8/8/6;NULL;0/EUR 0,00;1/EUR 4.132.596,44;24/EUR 86.095,72;1008/EUR 6.149,67;0/EUR 0,00;60624/EUR 102,21;0/EUR 0,00;1404859/EUR 6,34
03.01.1990;3/5/6/15/43/46;11;0;3/9/3/8/5/9/6;NULL;0/EUR 0,00;2/EUR 243.689,58;8/EUR 30.461,19;280/EUR 2.610,91;0/EUR 0,00;19693/EUR 37,12;0/EUR 0,00;414282/EUR 2,51
03.01.1990;1/15/16/25/29/45;2;0;3/9/3/8/5/9/6;NULL;0/EUR 0,00;0/EUR 487.379,22;2/EUR 121.844,79;246/EUR 2.971,78;0/EUR 0,00;19155/EUR 38,14;0/EUR 0,00;380460/EUR 2,76
06.01.1990;12/30/44/45/46/48;2;0;1/9/2/6/6/3/0;NULL;0/EUR 0,00;5/EUR 801.563,38;18/EUR 111.328,23;949/EUR 6.334,75;0/EUR 0,00;120914/EUR 49,70;0/EUR 0,00;1607023/EUR 5,37
10.01.1990;6/11/14/25/41/43;42;0;9/8/6/5/1/8/0;NULL;0/EUR 0,00;0/EUR 526.817,82;4/EUR 65.852,20;471/EUR 1.677,75;0/EUR 0,00;23514/EUR 33,59;0/EUR 0,00;443783/EUR 2,56
10.01.1990;13/17/21/34/42/44;15;0;9/8/6/5/1/8/0;NULL;0/EUR 0,00;2/EUR 507.098,52;5/EUR 52.681,78;499/EUR 1.583,57;0/EUR 0,00;27426/EUR 28,79;0/EUR 0,00;478499/EUR 2,35
13.01.1990;6/12/15/33/37/42;9;0;0/4/7/8/6/8/8;NULL;0/EUR 0,00;12/EUR 337.095,10;55/EUR 36.774,00;2217/EUR 2.736,89;0/EUR 0,00;102278/EUR 59,31;0/EUR 0,00;1772874/EUR 4,91
17.01.1990;3/15/22/25/26/46;36;0;6/7/1/0/9/5/8;NULL;0/EUR 0,00;0/EUR 1.068.041,45;10/EUR 27.061,15;359/EUR 2.261,34;0/EUR 0,00;24725/EUR 32,82;0/EUR 0,00;488989/EUR 2,35
17.01.1990;20/22/24/33/37/43;44;0;6/7/1/0/9/5/8;NULL;0/EUR 0,00;1/EUR 541.223,62;6/EUR 45.101,93;421/EUR 1.928,34;0/EUR 0,00;23316/EUR 34,77;0/EUR 0,00;445974/EUR 2,61
20.01.1990;1/8/17/18/40/42;10;0;5/1/1/1/7/2/0;NULL;0/EUR 0,00;6/EUR 665.597,73;42/EUR 47.542,68;1490/EUR 4.020,34;0/EUR 0,00;83043/EUR 72,09;0/EUR 0,00;1648051/EUR 5,22
24.01.1990;3/7/15/20/22/38;43;0;0/8/7/9/1/7/7;NULL;0/EUR 0,00;4/EUR 137.116,42;29/EUR 9.456,29;850/EUR 967,88;0/EUR 0,00;43215/EUR 19,02;0/EUR 0,00;672669/EUR 1,74
24.01.1990;5/7/13/16/21/31;33;0;0/8/7/9/1/7/7;NULL;0/EUR 0,00;1/EUR 1.616.507,11;19/EUR 14.433,26;578/EUR 1.423,33;0/EUR 0,00;30288/EUR 27,15;0/EUR 0,00;532664/EUR 2,20
27.01.1990;6/9/10/12/37/42;44;0;6/6/4/2/5/2/7;NULL;0/EUR 0,00;9/EUR 439.745,99;26/EUR 76.109,89;2171/EUR 2.734,44;0/EUR 0,00;117530/EUR 50,46;0/EUR 0,00;1999733/EUR 4,24
31.01.1990;2/4/5/14/22/31;44;0;7/4/6/2/1/1/4;NULL;0/EUR 0,00;1/EUR 594.866,99;6/EUR 49.572,20;529/EUR 1.686,75;0/EUR 0,00;31797/EUR 28,02;0/EUR 0,00;587008/EUR 2,15
31.01.1990;1/15/26/33/41/43;29;0;7/4/6/2/1/1/4;NULL;0/EUR 0,00;1/EUR 594.866,99;7/EUR 42.490,45;298/EUR 2.994,28;0/EUR 0,00;19848/EUR 44,94;0/EUR 0,00;431263/EUR 2,97
03.02.1990;20/29/35/42/46/48;45;0;9/3/0/8/7/3/9;NULL;0/EUR 0,00;3/EUR 1.433.515,29;26/EUR 82.702,79;1156/EUR 5.580,29;0/EUR 0,00;71328/EUR 90,40;0/EUR 0,00;1446763/EUR 6,39
07.02.1990;8/10/27/44/48/49;9;0;4/9/5/4/6/0/4;NULL;0/EUR 0,00;0/EUR 562.775,19;21/EUR 13.399,38;437/EUR 1.931,71;0/EUR 0,00;23719/EUR 35,59;0/EUR 0,00;476875/EUR 2,56
07.02.1990;10/12/33/36/38/47;32;0;4/9/5/4/6/0/4;NULL;0/EUR 0,00;1/EUR 562.775,19;5/EUR 56.277,49;405/EUR 2.084,33;0/EUR 0,00;25234/EUR 33,44;0/EUR 0,00;490928/EUR 2,45
10.02.1990;10/20/21/38/46/49;7;0;6/0/7/5/8/4/7;NULL;0/EUR 0,00;3/EUR 1.336.475,67;35/EUR 57.277,52;1203/EUR 4.999,26;0/EUR 0,00;79271/EUR 75,82;0/EUR 0,00;1668901/EUR 5,16
14.02.1990;12/18/34/37/40/42;33;0;6/4/7/2/3/0/2;NULL;0/EUR 0,00;4/EUR 277.354,83;5/EUR 54.664,41;430/EUR 1.906,86;0/EUR 0,00;26944/EUR 30,42;0/EUR 0,00;500153/EUR 2,35
14.02.1990;16/20/35/39/40/49;13;0;6/4/7/2/3/0/2;NULL;0/EUR 0,00;1/EUR 546.644,19;7/EUR 39.045,98;266/EUR 3.082,58;0/EUR 0,00;19495/EUR 42,03;0/EUR 0,00;422832/EUR 2,76
17.02.1990;1/7/15/25/32/49;5;0;7/7/5/4/7/1/7;NULL;0/EUR 0,00;19/EUR 208.960,59;75/EUR 26.468,30;7066/EUR 842,81;0/EUR 0,00;147374/EUR 40,39;0/EUR 0,00;1900483/EUR 4,50
21.02.1990;1/7/17/30/35/49;12;0;2/1/6/6/3/4/5;NULL;0/EUR 0,00;0/EUR 534.935,96;13/EUR 20.574,44;410/EUR 1.957,07;0/EUR 0,00;28740/EUR 27,92;0/EUR 0,00;505718/EUR 2,25
21.02.1990;8/9/10/11/38/46;33;0;2/1/6/6/3/4/5;NULL;0/EUR 0,00;8/EUR 66.866,96;18/EUR 14.859,32;720/EUR 1.114,41;0/EUR 0,00;34706/EUR 23,11;0/EUR 0,00;572570/EUR 1,99
24.02.1990;8/12/14/17/27/46;6;0;0/3/9/8/9/3/5;NULL;0/EUR 0,00;2/EUR 1.932.936,96;27/EUR 71.590,22;1306/EUR 4.440,11;0/EUR 0,00;90859/EUR 63,81;0/EUR 0,00;1778613/EUR 4,70
28.02.1990;1/14/22/36/38/49;26;0;0/9/0/2/9/3/7;NULL;0/EUR 0,00;4/EUR 261.520,63;11/EUR 23.233,92;609/EUR 1.258,95;0/EUR 0,00;29976/EUR 25,56;0/EUR 0,00;525452/EUR 2,10
28.02.1990;3/15/19/31/37/44;21;0;0/9/0/2/9/3/7;NULL;0/EUR 0,00;1/EUR 511.146,73;9/EUR 28.397,00;421/EUR 1.821,17;0/EUR 0,00;19014/EUR 40,29;0/EUR 0,00;362964/EUR 3,02
03.03.1990;4/11/17/42/43/45;27;0;5/3/8/2/9/6/6;NULL;0/EUR 0,00;2/EUR 1.955.095,43;34/EUR 57.502,80;1385/EUR 4.234,83;0/EUR 0,00;86358/EUR 67,90;0/EUR 0,00;1805875/EUR 4,65
07.03.1990;3/8/10/12/18/42;27;0;8/2/0/7/4/6/9;NULL;0/EUR 0,00;3/EUR 176.590,96;12/EUR 22.073,85;682/EUR 1.165,18;0/EUR 0,00;35235/EUR 22,55;0/EUR 0,00;607198/EUR 1,84
07.03.1990;10/12/16/19/42/44;13;0;8/2/0/7/4/6/9;NULL;0/EUR 0,00;2/EUR 264.886,47;1/EUR 264.886,47;372/EUR 2.136,18;0/EUR 0,00;23791/EUR 33,39;0/EUR 0,00;486762/EUR 2,35
10.03.1990;4/12/21/24/29/39;42;0;1/7/1/1/8/3/9;NULL;0/EUR 0,00;16/EUR 249.577,98;73/EUR 27.351,00;2366/EUR 2.531,61;0/EUR 0,00;118478/EUR 50,52;0/EUR 0,00;2007143/EUR 4,29
14.03.1990;10/28/33/38/40/45;3;0;3/4/5/1/4/0/0;NULL;0/EUR 0,00;4/EUR 133.539,11;16/EUR 16.692,35;667/EUR 1.201,23;0/EUR 0,00;35779/EUR 22,34;0/EUR 0,00;597647/EUR 1,89
14.03.1990;7/13/25/27/43/45;21;0;3/4/5/1/4/0/0;NULL;0/EUR 0,00;0/EUR 534.156,55;10/EUR 26.707,79;382/EUR 2.097,47;0/EUR 0,00;24307/EUR 32,93;0/EUR 0,00;481400/EUR 2,40
17.03.1990;4/7/34/36/46/48;41;0;9/7/0/8/2/5/0;NULL;0/EUR 0,00;1/EUR 3.985.915,90;13/EUR 153.304,43;1050/EUR 5.694,16;0/EUR 0,00;75233/EUR 79,45;0/EUR 0,00;1577770/EUR 5,47
21.03.1990;3/4/26/32/36/49;31;0;1/3/7/5/1/4/6;NULL;0/EUR 0,00;0/EUR 533.789,13;5/EUR 53.378,87;383/EUR 2.090,52;0/EUR 0,00;24154/EUR 33,13;0/EUR 0,00;471575/EUR 2,40
21.03.1990;7/21/22/23/34/40;24;0;1/3/7/5/1/4/6;NULL;0/EUR 0,00;2/EUR 533.972,84;3/EUR 88.964,84;316/EUR 2.533,81;0/EUR 0,00;21588/EUR 37,07;0/EUR 0,00;467602/EUR 2,45
24.03.1990;8/14/33/38/43/49;11;0;8/1/6/3/5/7/6;NULL;0/EUR 0,00;9/EUR 446.202,84;35/EUR 57.368,89;1607/EUR 3.748,43;0/EUR 0,00;87249/EUR 69,02;0/EUR 0,00;1615129/EUR 5,37
28.03.1990;6/7/13/23/25/27;20;0;2/4/4/8/0/0/0;NULL;0/EUR 0,00;6/EUR 104.529,84;27/EUR 11.614,40;1201/EUR 783,30;0/EUR 0,00;55282/EUR 16,97;0/EUR 0,00;803268/EUR 1,69
28.03.1990;11/21/30/38/48/49;24;0;2/4/4/8/0/0/0;NULL;0/EUR 0,00;2/EUR 580.484,14;19/EUR 16.504,71;575/EUR 1.636,08;0/EUR 0,00;38838/EUR 24,18;0/EUR 0,00;570425/EUR 2,35
31.03.1990;3/6/7/9/10/32;8;0;1/6/3/8/4/8/7;NULL;0/EUR 0,00;6/EUR 699.964,82;165/EUR 12.726,62;3114/EUR 2.022,98;0/EUR 0,00;156997/EUR 40,09;0/EUR 0,00;2619826/EUR 3,43
04.04.1990;5/11/19/32/39/42;8;0;6/7/3/9/8/6/5;NULL;0/EUR 0,00;1/EUR 546.815,42;7/EUR 39.058,20;430/EUR 1.907,48;0/EUR 0,00;26886/EUR 30,47;0/EUR 0,00;525389/EUR 2,25
04.04.1990;9/15/18/25/28/41;8;0;6/7/3/9/8/6/5;NULL;0/EUR 0,00;2/EUR 273.407,71;9/EUR 30.378,61;728/EUR 1.126,63;0/EUR 0,00;36627/EUR 22,34;0/EUR 0,00;615887/EUR 1,89
07.04.1990;3/12/26/31/42/49;15;0;3/7/2/2/7/1/6;NULL;0/EUR 0,00;17/EUR 238.376,65;68/EUR 29.797,07;2708/EUR 2.244,67;0/EUR 0,00;128237/EUR 47,40;0/EUR 0,00;2103618/EUR 4,14
11.04.1990;4/13/26/35/44/49;23;0;3/8/5/6/7/2/9;NULL;0/EUR 0,00;3/EUR 179.057,48;14/EUR 19.184,69;462/EUR 1.744,02;0/EUR 0,00;22748/EUR 35,38;0/EUR 0,00;437459/EUR 2,66
11.04.1990;3/6/18/33/36/44;21;0;3/8/5/6/7/2/9;NULL;0/EUR 0,00;1/EUR 537.172,45;21/EUR 12.789,81;724/EUR 1.112,88;0/EUR 0,00;32094/EUR 25,10;0/EUR 0,00;534651/EUR 2,15
14.04.1990;4/9/23/24/28/34;42;0;8/3/3/2/2/0/9;NULL;0/EUR 0,00;10/EUR 392.108,52;42/EUR 46.679,57;1654/EUR 3.555,98;0/EUR 0,00;109223/EUR 53,84;0/EUR 0,00;1975832/EUR 4,29
18.04.1990;14/27/33/38/43/44;18;0;9/1/6/6/0/8/4;NULL;0/EUR 0,00;2/EUR 248.888,81;16/EUR 15.555,54;534/EUR 1.398,23;0/EUR 0,00;27167/EUR 27,46;0/EUR 0,00;427593/EUR 2,51
18.04.1990;3/29/35/37/39/48;16;0;9/1/6/6/0/8/4;NULL;0/EUR 0,00;0/EUR 497.777,62;5/EUR 49.777,74;207/EUR 3.607,06;0/EUR 0,00;17938/EUR 41,62;0/EUR 0,00;382741/EUR 2,81
21.04.1990;3/13/18/25/26/38;36;0;0/5/4/1/8/3/2;NULL;0/EUR 0,00;13/EUR 301.257,98;37/EUR 52.923,67;2638/EUR 2.226,88;0/EUR 0,00;138321/EUR 42,44;0/EUR 0,00;2234081/EUR 3,78
25.04.1990;5/12/20/22/38/44;4;0;5/8/3/0/2/0/4;NULL;0/EUR 0,00;2/EUR 262.644,81;5/EUR 52.528,95;434/EUR 1.815,50;0/EUR 0,00;25301/EUR 31,14;0/EUR 0,00;468319/EUR 2,40
25.04.1990;8/9/17/29/38/48;19;0;5/8/3/0/2/0/4;NULL;0/EUR 0,00;2/EUR 511.533,62;27/EUR 9.727,58;453/EUR 1.739,36;0/EUR 0,00;26599/EUR 29,60;0/EUR 0,00;492879/EUR 2,30
28.04.1990;5/17/19/20/43/47;3;0;8/8/3/4/5/0/8;NULL;0/EUR 0,00;3/EUR 1.316.178,81;65/EUR 30.373,35;1841/EUR 3.217,15;0/EUR 0,00;112347/EUR 52,71;0/EUR 0,00;2067205/EUR 4,09
02.05.1990;22/26/28/32/43/49;19;0;2/7/0/3/0/9/2;NULL;0/EUR 0,00;1/EUR 492.504,36;3/EUR 82.084,03;312/EUR 2.367,79;0/EUR 0,00;20608/EUR 35,84;0/EUR 0,00;377546/EUR 2,81
02.05.1990;15/22/34/43/46/49;32;0;2/7/0/3/0/9/2;NULL;0/EUR 0,00;0/EUR 492.504,36;6/EUR 41.042,01;304/EUR 2.430,12;0/EUR 0,00;17374/EUR 42,49;0/EUR 0,00;347717/EUR 3,07
05.05.1990;7/8/20/23/35/42;43;0;0/4/8/0/5/9/2;NULL;0/EUR 0,00;1/EUR 3.810.047,24;26/EUR 73.270,12;1335/EUR 4.280,94;0/EUR 0,00;80002/EUR 71,43;0/EUR 0,00;1616652/EUR 5,06
09.05.1990;4/9/25/27/43/48;29;0;4/5/7/9/0/8/2;NULL;0/EUR 0,00;0/EUR 999.663,16;7/EUR 36.225,59;362/EUR 2.101,46;0/EUR 0,00;23697/EUR 32,06;0/EUR 0,00;460630/EUR 2,35
09.05.1990;6/11/13/15/24/49;18;0;4/5/7/9/0/8/2;NULL;0/EUR 0,00;0/EUR 507.158,80;9/EUR 28.175,45;464/EUR 1.639,51;0/EUR 0,00;25236/EUR 30,12;0/EUR 0,00;479836/EUR 2,25
12.05.1990;3/4/19/21/29/41;16;0;2/7/1/1/6/2/4;NULL;0/EUR 0,00;6/EUR 642.611,37;35/EUR 55.080,96;2052/EUR 2.818,45;0/EUR 0,00;117956/EUR 48,98;0/EUR 0,00;2086649/EUR 3,99
16.05.1990;2/3/22/30/45/46;38;0;1/5/8/2/8/2/3;NULL;0/EUR 0,00;0/EUR 1.076.166,54;8/EUR 35.562,96;333/EUR 2.563,06;0/EUR 0,00;21601/EUR 39,47;0/EUR 0,00;451820/EUR 2,71
16.05.1990;1/3/6/12/16/40;9;0;1/5/8/2/8/2/3;NULL;0/EUR 0,00;1/EUR 1.568.670,90;36/EUR 7.902,89;577/EUR 1.479,22;0/EUR 0,00;35856/EUR 23,78;0/EUR 0,00;615042/EUR 1,99
19.05.1990;3/6/14/25/40/41;39;0;3/1/9/0/3/8/2;NULL;0/EUR 0,00;3/EUR 1.278.740,53;25/EUR 76.724,41;1496/EUR 3.846,45;0/EUR 0,00;87971/EUR 65,39;0/EUR 0,00;1680642/EUR 4,91
23.05.1990;1/3/20/29/30/44;41;0;2/3/9/4/8/7/7;NULL;0/EUR 0,00;1/EUR 1.613.547,14;6/EUR 44.781,70;321/EUR 2.511,11;0/EUR 0,00;21170/EUR 38,04;0/EUR 0,00;431725/EUR 2,66
23.05.1990;7/17/18/25/30/47;33;0;2/3/9/4/8/7/7;NULL;0/EUR 0,00;2/EUR 268.690,27;18/EUR 14.927,22;484/EUR 1.665,43;0/EUR 0,00;29948/EUR 26,89;0/EUR 0,00;573188/EUR 1,99
26.05.1990;1/12/18/22/46/49;15;0;7/9/4/7/3/0/3;NULL;0/EUR 0,00;6/EUR 621.212,94;27/EUR 69.023,64;1492/EUR 3.747,26;0/EUR 0,00;86325/EUR 64,73;0/EUR 0,00;1672365/EUR 4,81
30.05.1990;4/12/19/20/28/42;13;0;2/3/5/4/5/9/3;NULL;0/EUR 0,00;3/EUR 194.616,40;13/EUR 22.455,73;813/EUR 1.077,19;0/EUR 0,00;38207/EUR 22,91;0/EUR 0,00;625238/EUR 1,99
30.05.1990;20/24/28/38/41/49;23;0;2/3/5/4/5/9/3;NULL;0/EUR 0,00;0/EUR 583.849,21;3/EUR 97.308,20;359/EUR 2.439,48;0/EUR 0,00;21043/EUR 41,57;0/EUR 0,00;441946/EUR 2,81
02.06.1990;1/11/26/34/35/49;14;0;5/3/5/1/6/6/3;NULL;0/EUR 0,00;6/EUR 696.916,50;24/EUR 87.114,52;1638/EUR 3.829,17;0/EUR 0,00;82057/EUR 76,39;0/EUR 0,00;1613289/EUR 5,57
06.06.1990;14/16/22/34/44/49;20;0;3/8/5/5/6/1/3;NULL;0/EUR 0,00;1/EUR 511.731,34;2/EUR 127.932,80;278/EUR 2.761,13;0/EUR 0,00;18294/EUR 41,93;0/EUR 0,00;371664/EUR 2,97
06.06.1990;12/16/23/31/34/39;38;0;3/8/5/5/6/1/3;NULL;0/EUR 0,00;3/EUR 365.193,50;7/EUR 36.552,21;673/EUR 1.140,54;0/EUR 0,00;30284/EUR 25,31;0/EUR 0,00;491882/EUR 2,25
09.06.1990;3/9/28/32/36/37;20;0;7/9/4/6/8/6/6;NULL;0/EUR 0,00;3/EUR 1.266.357,61;38/EUR 49.987,78;1587/EUR 3.590,80;0/EUR 0,00;100834/EUR 56,50;0/EUR 0,00;1911282/EUR 4,29
13.06.1990;2/8/15/32/41/44;10;0;0/4/2/8/9/8/2;NULL;0/EUR 0,00;0/EUR 535.262,22;8/EUR 33.453,88;464/EUR 1.730,37;0/EUR 0,00;24428/EUR 32,82;0/EUR 0,00;441524/EUR 2,61
13.06.1990;6/8/14/15/19/41;26;0;0/4/2/8/9/8/2;NULL;0/EUR 0,00;1/EUR 535.262,22;3/EUR 89.210,36;372/EUR 2.158,27;0/EUR 0,00;24850/EUR 32,26;0/EUR 0,00;488218/EUR 2,35
16.06.1990;6/17/18/26/35/39;3;0;8/2/0/8/5/4/6;NULL;0/EUR 0,00;6/EUR 629.190,37;52/EUR 36.299,42;1739/EUR 3.256,26;0/EUR 0,00;101506/EUR 55,78;0/EUR 0,00;1834522/EUR 4,45
20.06.1990;9/15/28/33/36/46;35;0;9/5/4/1/3/6/7;NULL;0/EUR 0,00;1/EUR 1.048.332,73;4/EUR 64.133,79;400/EUR 1.923,99;0/EUR 0,00;21124/EUR 36,40;0/EUR 0,00;414843/EUR 2,66
20.06.1990;2/21/28/33/36/47;32;0;9/5/4/1/3/6/7;NULL;0/EUR 0,00;0/EUR 513.070,51;2/EUR 128.267,59;316/EUR 2.435,44;0/EUR 0,00;20271/EUR 37,94;0/EUR 0,00;408390/EUR 2,71
23.06.1990;1/19/25/36/40/44;48;0;3/2/0/7/7/9/1;NULL;0/EUR 0,00;5/EUR 758.322,45;29/EUR 65.372,60;1265/EUR 4.495,94;0/EUR 0,00;76965/EUR 73,88;0/EUR 0,00;1588208/EUR 5,16
27.06.1990;3/4/12/16/24/44;22;0;4/3/7/1/8/9/8;NULL;0/EUR 0,00;2/EUR 252.855,72;14/EUR 18.061,08;721/EUR 1.052,09;0/EUR 0,00;39600/EUR 19,12;0/EUR 0,00;606081/EUR 1,79
27.06.1990;3/6/10/21/28/35;40;0;4/3/7/1/8/9/8;NULL;0/EUR 0,00;3/EUR 339.593,98;21/EUR 12.040,72;685/EUR 1.107,36;0/EUR 0,00;32532/EUR 23,31;0/EUR 0,00;542398/EUR 1,99
30.06.1990;2/4/5/27/28/35;47;0;4/8/8/9/7/7/2;NULL;0/EUR 0,00;4/EUR 945.168,14;11/EUR 171.848,73;1425/EUR 3.979,64;0/EUR 0,00;78107/EUR 72,60;0/EUR 0,00;1651165/EUR 4,96
04.07.1990;8/11/25/27/40/44;21;0;9/8/3/9/9/5/3;NULL;0/EUR 0,00;4/EUR 127.415,22;10/EUR 25.483,04;418/EUR 1.828,89;0/EUR 0,00;24914/EUR 30,68;0/EUR 0,00;476544/EUR 2,30
04.07.1990;2/9/26/34/36/45;28;0;9/8/3/9/9/5/3;NULL;0/EUR 0,00;0/EUR 509.660,91;6/EUR 42.471,74;378/EUR 2.022,42;0/EUR 0,00;22219/EUR 34,36;0/EUR 0,00;429063/EUR 2,56
07.07.1990;4/10/20/42/43/48;33;0;7/7/8/9/3/9/8;NULL;0/EUR 0,00;1/EUR 3.794.020,19;47/EUR 40.361,89;1274/EUR 4.467,05;0/EUR 0,00;81279/EUR 70,00;0/EUR 0,00;1570659/EUR 5,22
11.07.1990;4/17/25/28/30/46;35;0;4/4/3/9/1/4/2;NULL;0/EUR 0,00;0/EUR 504.589,71;12/EUR 21.024,53;459/EUR 1.648,97;0/EUR 0,00;26491/EUR 28,53;0/EUR 0,00;468378/EUR 2,30
11.07.1990;11/20/29/31/35/36;19;0;4/4/3/9/1/4/2;NULL;0/EUR 0,00;0/EUR 1.014.250,63;11/EUR 22.935,89;247/EUR 3.064,27;0/EUR 0,00;18303/EUR 41,31;0/EUR 0,00;381112/EUR 2,86
14.07.1990;2/10/18/22/34/37;32;0;1/5/7/4/9/0/6;NULL;0/EUR 0,00;9/EUR 422.098,14;51/EUR 37.243,93;1977/EUR 2.882,31;0/EUR 0,00;107131/EUR 53,17;0/EUR 0,00;1637310/EUR 5,01
18.07.1990;2/9/16/32/33/42;25;0;3/0/9/2/7/9/8;NULL;0/EUR 0,00;2/EUR 513.298,24;27/EUR 9.666,79;654/EUR 1.197,24;0/EUR 0,00;30032/EUR 26,02;0/EUR 0,00;521096/EUR 2,15
18.07.1990;1/4/11/34/47/49;3;0;3/0/9/2/7/9/8;NULL;0/EUR 0,00;1/EUR 1.536.257,45;7/EUR 37.286,16;389/EUR 2.012,85;0/EUR 0,00;24004/EUR 32,57;0/EUR 0,00;450082/EUR 2,51
21.07.1990;20/24/27/34/43/47;41;0;5/9/1/6/9/6/2;NULL;0/EUR 0,00;7/EUR 530.817,91;23/EUR 80.776,60;1176/EUR 4.739,42;0/EUR 0,00;69430/EUR 80,27;0/EUR 0,00;1378932/EUR 5,83
25.07.1990;5/6/12/14/15/39;40;0;3/2/7/9/4/9/7;NULL;0/EUR 0,00;1/EUR 506.966,35;15/EUR 16.898,86;437/EUR 1.740,13;0/EUR 0,00;23466/EUR 32,36;0/EUR 0,00;464741/EUR 2,35
25.07.1990;13/22/28/42/44/47;4;0;3/2/7/9/4/9/7;NULL;0/EUR 0,00;1/EUR 506.966,35;6/EUR 42.247,18;312/EUR 2.437,33;0/EUR 0,00;19142/EUR 39,68;0/EUR 0,00;383790/EUR 2,81
28.07.1990;3/23/24/28/37/49;45;0;6/0/0/7/9/6/2;NULL;0/EUR 0,00;5/EUR 741.321,69;22/EUR 84.241,06;1187/EUR 4.684,00;0/EUR 0,00;78836/EUR 70,51;0/EUR 0,00;1651434/EUR 4,86
01.08.1990;5/8/9/13/30/37;39;0;8/6/8/5/0/1/4;NULL;0/EUR 0,00;1/EUR 527.961,07;7/EUR 37.711,46;482/EUR 1.642,99;0/EUR 0,00;28995/EUR 27,30;0/EUR 0,00;550215/EUR 2,05
01.08.1990;4/13/17/25/30/31;35;0;8/6/8/5/0/1/4;NULL;0/EUR 0,00;4/EUR 131.990,25;13/EUR 20.306,16;841/EUR 941,65;0/EUR 0,00;41584/EUR 19,02;0/EUR 0,00;624960/EUR 1,79
04.08.1990;10/12/14/25/29/30;38;0;7/1/5/3/7/7/9;NULL;0/EUR 0,00;7/EUR 534.171,78;43/EUR 43.479,09;1957/EUR 2.866,00;0/EUR 0,00;97603/EUR 57,42;0/EUR 0,00;1716717/EUR 4,70
08.08.1990;14/17/20/26/43/45;1;0;5/5/8/2/6/1/8;NULL;0/EUR 0,00;1/EUR 508.545,17;1/EUR 254.272,56;226/EUR 3.375,29;0/EUR 0,00;15806/EUR 48,21;0/EUR 0,00;351888/EUR 3,12
08.08.1990;10/11/21/22/33/46;9;0;5/5/8/2/6/1/8;NULL;0/EUR 0,00;4/EUR 127.136,25;14/EUR 18.162,31;577/EUR 1.322,00;0/EUR 0,00;25701/EUR 29,65;0/EUR 0,00;465874/EUR 2,35
11.08.1990;5/7/21/25/29/36;6;0;6/2/5/2/9/1/6;NULL;0/EUR 0,00;3/EUR 1.232.890,84;31/EUR 59.656,00;1894/EUR 2.929,24;0/EUR 0,00;105363/EUR 52,61;0/EUR 0,00;1832058/EUR 4,35
15.08.1990;19/27/28/37/41/45;7;0;6/6/9/0/4/5/4;NULL;0/EUR 0,00;0/EUR 502.588,52;11/EUR 22.844,93;358/EUR 2.105,81;0/EUR 0,00;23489/EUR 32,06;0/EUR 0,00;452471/EUR 2,40
15.08.1990;11/30/31/34/36/47;45;0;6/6/9/0/4/5/4;NULL;0/EUR 0,00;1/EUR 502.588,52;6/EUR 41.882,37;225/EUR 3.350,55;0/EUR 0,00;18732/EUR 40,24;0/EUR 0,00;393481/EUR 2,76
18.08.1990;1/4/17/35/37/48;3;0;2/5/7/7/3/6/6;NULL;0/EUR 0,00;1/EUR 3.700.602,00;18/EUR 102.794,47;1409/EUR 3.939,56;0/EUR 0,00;79199/EUR 70,05;0/EUR 0,00;1553087/EUR 5,11
22.08.1990;3/5/7/17/23/34;46;0;1/4/6/3/1/5/1;NULL;0/EUR 0,00;6/EUR 168.953,69;16/EUR 15.972,91;937/EUR 818,22;0/EUR 0,00;45035/EUR 16,97;0/EUR 0,00;682372/EUR 1,59
22.08.1990;6/14/18/19/41/47;4;0;1/4/6/3/1/5/1;NULL;0/EUR 0,00;1/EUR 511.133,74;11/EUR 23.233,31;330/EUR 2.323,31;0/EUR 0,00;21359/EUR 35,89;0/EUR 0,00;434851/EUR 2,51
25.08.1990;16/17/33/35/40/41;36;0;3/5/0/0/3/8/4;NULL;0/EUR 0,00;7/EUR 530.803,14;27/EUR 68.807,77;1395/EUR 3.995,29;0/EUR 0,00;78495/EUR 70,97;0/EUR 0,00;1645693/EUR 4,86
29.08.1990;8/21/26/27/34/37;10;0;4/9/4/9/7/0/5;NULL;0/EUR 0,00;1/EUR 584.737,78;17/EUR 17.198,12;711/EUR 1.233,59;0/EUR 0,00;47586/EUR 18,41;0/EUR 0,00;632039/EUR 1,99
29.08.1990;1/4/17/20/25/33;49;0;4/9/4/9/7/0/5;NULL;0/EUR 0,00;1/EUR 584.737,78;13/EUR 22.489,89;365/EUR 2.403,02;0/EUR 0,00;23978/EUR 36,56;0/EUR 0,00;495216/EUR 2,56
01.09.1990;9/11/20/24/34/39;1;0;6/4/8/7/9/4/6;NULL;0/EUR 0,00;73/EUR 57.557,25;83/EUR 25.311,30;5634/EUR 1.118,66;0/EUR 0,00;164109/EUR 38,40;0/EUR 0,00;2315982/EUR 3,89
05.09.1990;1/2/18/19/22/41;44;0;1/2/0/1/6/9/4;NULL;0/EUR 0,00;2/EUR 266.206,01;6/EUR 44.367,66;419/EUR 1.905,99;0/EUR 0,00;24589/EUR 32,47;0/EUR 0,00;482094/EUR 2,35
05.09.1990;14/19/27/28/43/46;39;0;1/2/0/1/6/9/4;NULL;0/EUR 0,00;2/EUR 266.206,01;4/EUR 66.551,49;232/EUR 3.442,27;0/EUR 0,00;18889/EUR 42,23;0/EUR 0,00;410583/EUR 2,76
08.09.1990;7/9/19/22/29/35;18;0;8/7/6/9/6/7/2;NULL;0/EUR 0,00;11/EUR 350.445,74;48/EUR 40.155,23;3131/EUR 1.846,79;0/EUR 0,00;146328/EUR 39,47;0/EUR 0,00;2236998/EUR 3,73
12.09.1990;2/13/14/27/35/43;45;0;1/3/1/5/7/5/2;NULL;0/EUR 0,00;2/EUR 267.762,38;4/EUR 66.940,58;450/EUR 1.785,07;0/EUR 0,00;23875/EUR 33,64;0/EUR 0,00;442063/EUR 2,61
12.09.1990;3/5/6/15/22/41;7;0;1/3/1/5/7/5/2;NULL;0/EUR 0,00;5/EUR 107.104,96;14/EUR 19.125,84;551/EUR 1.457,85;0/EUR 0,00;30052/EUR 26,69;0/EUR 0,00;555735/EUR 2,05
15.09.1990;2/21/24/26/32/42;43;0;2/2/7/3/7/4/1;NULL;0/EUR 0,00;7/EUR 547.974,01;47/EUR 40.806,56;1964/EUR 2.929,55;0/EUR 0,00;114319/EUR 50,31;0/EUR 0,00;2018494/EUR 4,09
19.09.1990;5/16/29/31/35/40;43;0;7/2/1/1/8/9/2;NULL;0/EUR 0,00;0/EUR 515.895,35;8/EUR 32.243,45;353/EUR 2.192,16;0/EUR 0,00;19498/EUR 39,68;0/EUR 0,00;377176/EUR 2,91
19.09.1990;15/22/30/31/44/46;19;0;7/2/1/1/8/9/2;NULL;0/EUR 0,00;0/EUR 515.895,35;7/EUR 36.849,62;411/EUR 1.882,78;0/EUR 0,00;22876/EUR 33,80;0/EUR 0,00;443996/EUR 2,51
22.09.1990;2/3/17/21/38/46;22;0;7/9/7/1/4/6/5;NULL;0/EUR 0,00;9/EUR 422.720,48;50/EUR 38.044,82;2198/EUR 2.596,29;0/EUR 0,00;110316/EUR 51,69;0/EUR 0,00;1950569/EUR 4,19
26.09.1990;1/7/10/23/37/44;17;0;0/4/6/0/1/0/3;NULL;0/EUR 0,00;2/EUR 517.368,28;7/EUR 37.060,07;441/EUR 1.764,72;0/EUR 0,00;25342/EUR 30,68;0/EUR 0,00;482117/EUR 2,30
26.09.1990;11/12/13/37/44/47;31;0;0/4/6/0/1/0/3;NULL;0/EUR 0,00;1/EUR 1.034.736,56;7/EUR 37.060,07;361/EUR 2.155,81;0/EUR 0,00;19577/EUR 39,73;0/EUR 0,00;422285/EUR 2,66
29.09.1990;16/22/31/37/46/47;34;0;6/8/2/1/3/3/3;NULL;0/EUR 0,00;10/EUR 382.362,99;35/EUR 54.623,25;1460/EUR 3.928,36;0/EUR 0,00;75884/EUR 75,57;0/EUR 0,00;1539436/EUR 5,37
03.10.1990;3/12/25/43/46/49;18;0;7/7/0/6/5/2/4;NULL;0/EUR 0,00;2/EUR 281.737,73;16/EUR 17.608,59;725/EUR 1.165,80;0/EUR 0,00;35731/EUR 23,62;0/EUR 0,00;599368/EUR 1,99
03.10.1990;8/12/17/20/25/38;23;0;7/7/0/6/5/2/4;NULL;0/EUR 0,00;2/EUR 281.737,73;15/EUR 18.782,51;596/EUR 1.418,12;0/EUR 0,00;31661/EUR 26,69;0/EUR 0,00;548227/EUR 2,20
06.10.1990;1/7/27/31/32/41;35;0;4/5/1/0/1/3/0;NULL;0/EUR 0,00;4/EUR 970.049,80;15/EUR 129.339,97;1522/EUR 3.824,11;0/EUR 0,00;100075/EUR 58,13;0/EUR 0,00;1970402/EUR 4,24
10.10.1990;2/4/9/26/33/36;29;0;1/8/8/9/5/4/3;NULL;0/EUR 0,00;3/EUR 173.472,54;11/EUR 23.655,33;730/EUR 1.069,32;0/EUR 0,00;32513/EUR 23,98;0/EUR 0,00;556262/EUR 1,99
10.10.1990;1/6/18/35/37/43;29;0;1/8/8/9/5/4/3;NULL;0/EUR 0,00;3/EUR 173.472,54;2/EUR 130.104,41;282/EUR 2.768,13;0/EUR 0,00;18191/EUR 42,90;0/EUR 0,00;378138/EUR 2,97
13.10.1990;9/11/13/22/40/46;39;0;2/5/6/1/1/9/2;NULL;0/EUR 0,00;5/EUR 791.483,10;28/EUR 70.668,11;1304/EUR 4.552,24;0/EUR 0,00;87737/EUR 67,64;0/EUR 0,00;1773042/EUR 4,81
17.10.1990;1/4/21/24/38/44;49;0;0/1/9/7/6/5/4;NULL;0/EUR 0,00;1/EUR 516.996,72;5/EUR 51.699,64;428/EUR 1.811,87;0/EUR 0,00;28321/EUR 27,35;0/EUR 0,00;520766/EUR 2,15
17.10.1990;13/23/29/32/33/38;24;0;0/1/9/7/6/5/4;NULL;0/EUR 0,00;1/EUR 516.996,72;12/EUR 21.541,49;347/EUR 2.234,81;0/EUR 0,00;21095/EUR 36,76;0/EUR 0,00;431652/EUR 2,56
20.10.1990;15/24/25/34/43/46;18;0;0/2/0/5/2/3/7;NULL;0/EUR 0,00;1/EUR 3.827.325,38;11/EUR 173.969,31;1053/EUR 5.452,01;0/EUR 0,00;70312/EUR 81,60;0/EUR 0,00;1461619/EUR 5,62
24.10.1990;10/11/17/26/41/46;8;0;0/6/8/5/7/6/9;NULL;0/EUR 0,00;0/EUR 509.597,61;33/EUR 7.721,17;839/EUR 911,07;0/EUR 0,00;37904/EUR 20,14;0/EUR 0,00;602735/EUR 1,79
24.10.1990;4/12/14/17/25/27;31;0;0/6/8/5/7/6/9;NULL;0/EUR 0,00;0/EUR 509.597,61;13/EUR 19.599,86;607/EUR 1.259,26;0/EUR 0,00;29735/EUR 25,67;0/EUR 0,00;514567/EUR 2,10
27.10.1990;5/11/19/23/25/26;27;0;1/5/8/7/9/4/9;NULL;0/EUR 0,00;4/EUR 975.083,78;73/EUR 26.714,59;3204/EUR 1.825,98;0/EUR 0,00;161171/EUR 36,25;0/EUR 0,00;2523913/EUR 3,32
31.10.1990;16/19/31/36/45/49;42;0;7/1/3/4/8/8/1;NULL;0/EUR 0,00;3/EUR 345.205,62;7/EUR 37.572,80;854/EUR 910,30;0/EUR 0,00;38714/EUR 20,04;0/EUR 0,00;619885/EUR 1,79
31.10.1990;7/10/23/25/27/40;48;0;7/1/3/4/8/8/1;NULL;0/EUR 0,00;5/EUR 207.123,37;7/EUR 37.572,80;451/EUR 1.723,77;0/EUR 0,00;23570/EUR 32,98;0/EUR 0,00;450765/EUR 2,45
03.11.1990;3/25/27/33/42/49;21;0;4/9/9/7/0/5/9;NULL;0/EUR 0,00;4/EUR 972.581,61;56/EUR 34.735,02;1806/EUR 3.231,16;0/EUR 0,00;107590/EUR 54,20;0/EUR 0,00;2014657/EUR 4,14
07.11.1990;2/4/33/40/41/47;34;0;8/1/0/4/8/3/1;NULL;0/EUR 0,00;1/EUR 541.216,93;2/EUR 135.304,19;236/EUR 3.439,92;0/EUR 0,00;18468/EUR 43,92;0/EUR 0,00;422711/EUR 2,76
07.11.1990;4/5/39/42/43/45;32;0;8/1/0/4/8/3/1;NULL;0/EUR 0,00;1/EUR 541.216,93;3/EUR 90.202,78;211/EUR 3.847,47;0/EUR 0,00;17524/EUR 46,32;0/EUR 0,00;398667/EUR 2,91
10.11.1990;3/12/18/24/37/42;38;0;8/3/7/2/9/1/9;NULL;0/EUR 0,00;30/EUR 132.986,81;75/EUR 26.597,35;4153/EUR 1.440,97;0/EUR 0,00;161978/EUR 36,92;0/EUR 0,00;2325689/EUR 3,68
14.11.1990;2/11/17/18/30/31;47;0;2/8/3/5/8/6/8;NULL;0/EUR 0,00;2/EUR 262.995,71;14/EUR 18.785,38;483/EUR 1.633,48;0/EUR 0,00;25519/EUR 30,88;0/EUR 0,00;485832/EUR 2,30
14.11.1990;1/6/17/25/39/43;28;0;2/8/3/5/8/6/8;NULL;0/EUR 0,00;4/EUR 131.497,83;8/EUR 32.874,43;627/EUR 1.258,34;0/EUR 0,00;33592/EUR 23,47;0/EUR 0,00;587203/EUR 1,89
17.11.1990;14/15/17/25/34/49;41;0;6/8/2/3/6/6/7;NULL;0/EUR 0,00;2/EUR 1.981.235,84;21/EUR 94.344,55;957/EUR 6.210,76;0/EUR 0,00;69386/EUR 85,64;0/EUR 0,00;1567855/EUR 5,47
21.11.1990;14/15/39/42/43/45;38;0;1/9/7/1/1/4/4;NULL;0/EUR 0,00;1/EUR 530.751,75;6/EUR 44.229,30;229/EUR 3.476,53;0/EUR 0,00;18618/EUR 42,74;0/EUR 0,00;351364/EUR 3,27
21.11.1990;6/16/22/25/34/39;3;0;1/9/7/1/1/4/4;NULL;0/EUR 0,00;0/EUR 530.751,75;11/EUR 24.125,05;524/EUR 1.519,30;0/EUR 0,00;27112/EUR 29,35;0/EUR 0,00;478965/EUR 2,35
24.11.1990;15/24/30/32/43/46;5;0;2/2/7/4/9/6/1;NULL;0/EUR 0,00;4/EUR 971.258,70;25/EUR 77.700,67;1234/EUR 4.722,45;0/EUR 0,00;84317/EUR 69,08;0/EUR 0,00;1502858/EUR 5,57
28.11.1990;12/17/18/25/46/48;24;0;4/2/8/6/9/1/9;NULL;0/EUR 0,00;3/EUR 378.760,37;17/EUR 17.809,68;582/EUR 1.560,62;0/EUR 0,00;31629/EUR 28,68;0/EUR 0,00;605235/EUR 2,15
28.11.1990;2/3/17/31/36/49;5;0;4/2/8/6/9/1/9;NULL;0/EUR 0,00;1/EUR 605.529,47;11/EUR 27.524,02;402/EUR 2.259,40;0/EUR 0,00;29429/EUR 30,83;0/EUR 0,00;603210/EUR 2,15
01.12.1990;2/6/18/33/36/47;43;0;8/9/9/3/1/1/4;NULL;0/EUR 0,00;17/EUR 261.474,97;39/EUR 56.988,13;2378/EUR 2.803,87;0/EUR 0,00;113129/EUR 58,90;0/EUR 0,00;2018177/EUR 4,76
05.12.1990;1/9/11/17/44/46;30;0;4/7/7/0/4/1/8;NULL;0/EUR 0,00;3/EUR 188.187,73;12/EUR 23.523,47;455/EUR 1.861,15;0/EUR 0,00;26651/EUR 31,75;0/EUR 0,00;547950/EUR 2,20
05.12.1990;6/20/23/31/40/42;17;0;4/7/7/0/4/1/8;NULL;0/EUR 0,00;2/EUR 282.281,59;17/EUR 16.604,77;414/EUR 2.045,47;0/EUR 0,00;25344/EUR 33,39;0/EUR 0,00;471820/EUR 2,56
08.12.1990;6/13/18/34/42/49;15;0;8/3/1/9/9/1/2;NULL;0/EUR 0,00;13/EUR 312.964,16;20/EUR 101.713,34;1907/EUR 3.200,18;0/EUR 0,00;93794/EUR 65,04;0/EUR 0,00;1718134/EUR 5,11
12.12.1990;6/19/21/31/32/45;3;0;2/1/9/1/9/3/8;NULL;0/EUR 0,00;3/EUR 181.175,20;11/EUR 24.705,67;558/EUR 1.461,07;0/EUR 0,00;27306/EUR 29,81;0/EUR 0,00;495032/EUR 2,35
12.12.1990;4/6/13/23/35/43;11;0;2/1/9/1/9/3/8;NULL;0/EUR 0,00;2/EUR 271.762,83;19/EUR 14.303,29;570/EUR 1.430,29;0/EUR 0,00;30602/EUR 26,64;0/EUR 0,00;557643/EUR 2,10
15.12.1990;7/8/26/37/40/43;9;0;5/6/0/6/8/7/9;NULL;0/EUR 0,00;5/EUR 816.234,13;39/EUR 52.322,70;1320/EUR 4.637,67;0/EUR 0,00;83264/EUR 73,47;0/EUR 0,00;1723199/EUR 5,11
19.12.1990;9/20/25/31/36/49;38;0;2/5/2/1/8/2/0;NULL;0/EUR 0,00;0/EUR 582.012,14;8/EUR 36.375,76;525/EUR 1.662,87;0/EUR 0,00;29312/EUR 29,76;0/EUR 0,00;537707/EUR 2,30
19.12.1990;6/14/23/24/28/42;4;0;2/5/2/1/8/2/0;NULL;0/EUR 0,00;4/EUR 145.503,03;6/EUR 48.500,99;407/EUR 2.144,97;0/EUR 0,00;25844/EUR 33,75;0/EUR 0,00;511841/EUR 2,45
22.12.1990;3/19/24/25/37/40;5;0;4/8/6/7/8/5/9;NULL;0/EUR 0,00;17/EUR 254.671,11;106/EUR 20.421,71;3609/EUR 1.799,39;0/EUR 0,00;168083/EUR 38,60;0/EUR 0,00;2688008/EUR 3,48
26.12.1990;1/20/26/32/43/45;46;0;1/7/3/1/9/4/2;NULL;0/EUR 0,00;0/EUR 1.059.341,05;7/EUR 34.094,89;251/EUR 2.852,55;0/EUR 0,00;15661/EUR 45,71;0/EUR 0,00;338571/EUR 3,02
26.12.1990;7/18/27/28/45/49;36;0;1/7/3/1/9/4/2;NULL;0/EUR 0,00;0/EUR 477.328,91;15/EUR 15.910,94;334/EUR 2.143,64;0/EUR 0,00;22419/EUR 31,90;0/EUR 0,00;439509/EUR 2,35
29.12.1990;5/13/18/29/32/35;37;0;6/5/9/2/4/6/6;NULL;0/EUR 0,00;9/EUR 452.188,69;46/EUR 44.235,85;2019/EUR 3.023,52;0/EUR 0,00;104751/EUR 58,24;0/EUR 0,00;1839070/EUR 4,76
02.01.1991;3/4/33/40/45/48;24;0;5/5/0/8/5/8/8;NULL;0/EUR 0,00;0/EUR 1.524.012,31;10/EUR 23.233,56;230/EUR 3.030,43;0/EUR 0,00;18723/EUR 37,22;0/EUR 0,00;399952/EUR 2,51
02.01.1991;10/12/26/30/40/45;49;0;5/5/0/8/5/8/8;NULL;0/EUR 0,00;3/EUR 314.000,04;18/EUR 12.907,51;958/EUR 727,52;0/EUR 0,00;34200/EUR 20,35;0/EUR 0,00;485267/EUR 2,05
05.01.1991;5/8/17/23/40/47;20;0;4/2/8/4/0/7/2;NULL;0/EUR 0,00;8/EUR 495.085,92;36/EUR 55.009,54;1814/EUR 3.275,08;0/EUR 0,00;99220/EUR 59,87;0/EUR 0,00;1831883/EUR 4,65
09.01.1991;3/22/27/34/39/42;36;0;1/9/1/1/1/0/2;NULL;0/EUR 0,00;3/EUR 183.195,57;28/EUR 9.814,04;717/EUR 1.149,74;0/EUR 0,00;31603/EUR 26,08;0/EUR 0,00;505846/EUR 2,35
09.01.1991;16/23/26/38/41/46;4;0;1/9/1/1/1/0/2;NULL;0/EUR 0,00;1/EUR 2.073.599,09;5/EUR 54.958,66;481/EUR 1.713,85;0/EUR 0,00;24908/EUR 33,08;0/EUR 0,00;480845/EUR 2,45
12.01.1991;2/15/22/37/39/41;46;0;7/3/6/1/2/6/7;NULL;0/EUR 0,00;6/EUR 671.686,34;20/EUR 100.752,93;1270/EUR 4.759,97;0/EUR 0,00;75525/EUR 80,02;0/EUR 0,00;1522120/EUR 5,73
16.01.1991;20/21/28/29/33/45;5;0;8/2/6/9/5/5/0;NULL;0/EUR 0,00;2/EUR 272.341,51;17/EUR 16.020,05;611/EUR 1.337,18;0/EUR 0,00;34449/EUR 23,67;0/EUR 0,00;605488/EUR 1,94
16.01.1991;1/3/11/17/18/34;19;0;8/2/6/9/5/5/0;NULL;0/EUR 0,00;1/EUR 544.683,08;8/EUR 34.042,68;284/EUR 2.876,83;0/EUR 0,00;19471/EUR 41,93;0/EUR 0,00;403537/EUR 2,91
19.01.1991;2/5/6/8/10/16;41;0;2/5/1/7/0/0/4;NULL;0/EUR 0,00;28/EUR 143.375,40;20/EUR 100.362,76;4560/EUR 1.320,51;0/EUR 0,00;148938/EUR 40,39;0/EUR 0,00;2051782/EUR 4,19
23.01.1991;1/7/18/37/43/47;17;0;9/5/5/4/4/9/8;NULL;0/EUR 0,00;0/EUR 540.856,72;12/EUR 22.535,65;332/EUR 2.443,62;0/EUR 0,00;21787/EUR 37,22;0/EUR 0,00;443908/EUR 2,61
23.01.1991;5/20/28/29/30/41;45;0;9/5/5/4/4/9/8;NULL;0/EUR 0,00;1/EUR 540.856,72;30/EUR 9.014,23;554/EUR 1.464,39;0/EUR 0,00;31195/EUR 25,97;0/EUR 0,00;499818/EUR 2,30
26.01.1991;9/19/26/34/43/47;25;0;6/9/8/3/0/2/8;NULL;0/EUR 0,00;15/EUR 267.035,79;58/EUR 34.530,46;2725/EUR 2.204,84;0/EUR 0,00;120051/EUR 50,00;0/EUR 0,00;1990723/EUR 4,35
30.01.1991;6/8/14/19/32/44;9;0;5/0/5/9/8/6/6;NULL;0/EUR 0,00;2/EUR 285.568,28;12/EUR 23.797,31;692/EUR 1.237,99;0/EUR 0,00;34382/EUR 24,90;0/EUR 0,00;581127/EUR 2,10
30.01.1991;13/26/31/32/39/43;37;0;5/0/5/9/8/6/6;NULL;0/EUR 0,00;3/EUR 370.664,42;10/EUR 28.556,83;463/EUR 1.850,31;0/EUR 0,00;29009/EUR 29,50;0/EUR 0,00;542097/EUR 2,25
02.02.1991;5/15/33/43/48/49;4;0;7/9/3/9/9/9/8;NULL;0/EUR 0,00;12/EUR 340.801,50;21/EUR 97.371,86;1431/EUR 4.286,77;0/EUR 0,00;81378/EUR 75,36;0/EUR 0,00;1655641/EUR 5,32
06.02.1991;5/13/21/22/37/38;9;0;8/6/2/0/7/1/4;NULL;0/EUR 0,00;4/EUR 136.263,94;14/EUR 19.465,39;559/EUR 1.462,50;0/EUR 0,00;26155/EUR 31,24;0/EUR 0,00;482923/EUR 2,40
09.02.1991;4/8/31/34/38/49;20;0;9/1/5/7/1/3/7;NULL;0/EUR 0,00;4/EUR 988.131,59;43/EUR 45.959,57;1072/EUR 5.530,54;0/EUR 0,00;71732/EUR 82,62;0/EUR 0,00;1604114/EUR 5,32
13.02.1991;15/32/36/43/46/48;24;0;1/3/4/7/2/3/7;NULL;0/EUR 0,00;0/EUR 532.235,27;13/EUR 20.470,54;336/EUR 2.376,02;0/EUR 0,00;23146/EUR 34,46;0/EUR 0,00;425611/EUR 2,66
13.02.1991;15/33/39/45/46/49;16;0;1/3/4/7/2/3/7;NULL;0/EUR 0,00;0/EUR 1.077.291,12;8/EUR 33.264,70;446/EUR 1.789,98;0/EUR 0,00;23311/EUR 34,21;0/EUR 0,00;449539/EUR 2,56
16.02.1991;5/11/37/38/42/44;39;0;9/8/6/5/6/1/8;NULL;0/EUR 0,00;6/EUR 654.697,75;16/EUR 122.755,81;966/EUR 6.099,66;0/EUR 0,00;76745/EUR 76,74;0/EUR 0,00;1659935/EUR 5,11
20.02.1991;2/5/20/23/31/34;21;0;3/4/8/2/4/2/9;NULL;0/EUR 0,00;1/EUR 1.106.653,80;7/EUR 41.029,90;533/EUR 1.616,55;0/EUR 0,00;29178/EUR 29,50;0/EUR 0,00;543434/EUR 2,25
20.02.1991;11/12/22/27/28/48;33;0;3/4/8/2/4/2/9;NULL;0/EUR 0,00;2/EUR 825.854,80;8/EUR 35.901,13;395/EUR 2.181,32;0/EUR 0,00;24193/EUR 35,59;0/EUR 0,00;500588/EUR 2,45
23.02.1991;5/6/15/19/30/33;31;0;6/3/1/2/4/4/1;NULL;0/EUR 0,00;11/EUR 362.818,70;46/EUR 43.380,46;2452/EUR 2.441,47;0/EUR 0,00;126297/EUR 47,40;0/EUR 0,00;2173136/EUR 3,94
27.02.1991;4/15/27/33/34/49;48;0;8/4/1/5/4/7/9;NULL;0/EUR 0,00;2/EUR 292.164,09;6/EUR 48.694,01;340/EUR 2.577,88;0/EUR 0,00;23268/EUR 37,63;0/EUR 0,00;488311/EUR 2,56
27.02.1991;1/8/15/19/20/47;14;0;8/4/1/5/4/7/9;NULL;0/EUR 0,00;1/EUR 584.328,24;8/EUR 36.520,51;452/EUR 1.939,13;0/EUR 0,00;24488/EUR 35,79;0/EUR 0,00;485082/EUR 2,61
02.03.1991;2/4/6/33/36/40;31;0;1/9/7/5/2/9/8;NULL;0/EUR 0,00;6/EUR 704.571,46;21/EUR 100.653,02;1250/EUR 5.072,88;0/EUR 0,00;78543/EUR 80,73;0/EUR 0,00;1682033/EUR 5,42
06.03.1991;4/7/9/14/17/26;25;0;6/7/1/5/1/5/0;NULL;0/EUR 0,00;3/EUR 182.232,91;8/EUR 34.168,66;304/EUR 2.697,52;0/EUR 0,00;19472/EUR 42,08;0/EUR 0,00;418206/EUR 2,81
06.03.1991;13/14/20/24/39/41;38;0;6/7/1/5/1/5/0;NULL;0/EUR 0,00;6/EUR 91.116,46;35/EUR 7.809,93;991/EUR 827,47;0/EUR 0,00;44469/EUR 18,41;0/EUR 0,00;681009/EUR 1,74
09.03.1991;13/16/21/22/27/43;39;0;3/4/9/5/0/2/8;NULL;0/EUR 0,00;7/EUR 567.118,56;38/EUR 52.234,60;1121/EUR 5.311,96;0/EUR 0,00;80493/EUR 73,93;0/EUR 0,00;1649405/EUR 5,16
13.03.1991;1/16/19/23/24/43;20;0;9/2/1/1/8/2/0;NULL;0/EUR 0,00;0/EUR 532.091,80;9/EUR 29.560,65;243/EUR 3.284,49;0/EUR 0,00;20558/EUR 38,81;0/EUR 0,00;450824/EUR 2,56
13.03.1991;8/11/15/22/35/39;45;0;9/2/1/1/8/2/0;NULL;0/EUR 0,00;2/EUR 266.045,87;8/EUR 33.255,70;419/EUR 1.904,82;0/EUR 0,00;23655/EUR 33,69;0/EUR 0,00;441373/EUR 2,61
16.03.1991;3/5/20/24/36/49;28;0;8/5/0/9/8/1/0;NULL;0/EUR 0,00;5/EUR 787.101,69;27/EUR 72.879,75;1538/EUR 3.838,27;0/EUR 0,00;90047/EUR 65,55;0/EUR 0,00;1762390/EUR 4,81
20.03.1991;9/23/25/40/46/49;1;0;2/2/2/0/6/9/7;NULL;0/EUR 0,00;6/EUR 88.415,05;4/EUR 66.311,28;660/EUR 1.205,63;0/EUR 0,00;26773/EUR 29,71;0/EUR 0,00;448116/EUR 2,56
20.03.1991;26/31/35/41/43/47;2;0;2/2/2/0/6/9/7;NULL;0/EUR 0,00;2/EUR 531.291,01;24/EUR 11.051,88;440/EUR 1.808,44;0/EUR 0,00;26086/EUR 30,47;0/EUR 0,00;503046/EUR 2,25
23.03.1991;18/24/31/37/43/49;45;0;2/9/5/5/7/0/4;NULL;0/EUR 0,00;23/EUR 170.321,91;38/EUR 51.544,77;2481/EUR 2.368,41;0/EUR 0,00;102177/EUR 57,47;0/EUR 0,00;1788319/EUR 4,70
27.03.1991;9/20/23/28/37/46;17;0;5/7/1/6/1/3/9;NULL;0/EUR 0,00;2/EUR 262.460,54;17/EUR 15.438,82;384/EUR 2.050,43;0/EUR 0,00;24466/EUR 32,16;0/EUR 0,00;471280/EUR 2,40
27.03.1991;7/8/18/20/23/29;3;0;5/7/1/6/1/3/9;NULL;0/EUR 0,00;3/EUR 174.973,69;16/EUR 16.403,78;408/EUR 1.929,82;0/EUR 0,00;23860/EUR 32,98;0/EUR 0,00;447664/EUR 2,51
30.03.1991;4/5/20/42/47/49;15;0;0/9/1/3/8/3/1;NULL;0/EUR 0,00;1/EUR 3.895.712,36;18/EUR 108.214,21;1068/EUR 5.471,49;0/EUR 0,00;70044/EUR 83,39;0/EUR 0,00;1523420/EUR 5,52
03.04.1991;7/17/19/34/39/48;4;0;0/0/3/9/2/6/2;NULL;0/EUR 0,00;4/EUR 121.285,44;26/EUR 9.329,65;884/EUR 823,18;0/EUR 0,00;33233/EUR 21,88;0/EUR 0,00;531111/EUR 1,94
03.04.1991;9/19/27/37/44/47;1;0;0/0/3/9/2/6/2;NULL;0/EUR 0,00;6/EUR 80.856,98;15/EUR 16.171,40;630/EUR 1.155,06;0/EUR 0,00;30152/EUR 24,13;0/EUR 0,00;519900/EUR 1,99
06.04.1991;11/20/26/27/38/49;46;0;2/0/7/7/2/8/4;NULL;0/EUR 0,00;7/EUR 556.276,93;39/EUR 49.922,28;1311/EUR 4.455,30;0/EUR 0,00;86384/EUR 67,59;0/EUR 0,00;1748193/EUR 4,81
10.04.1991;1/8/25/26/37/48;20;0;8/5/2/9/9/0/6;NULL;0/EUR 0,00;0/EUR 517.782,22;8/EUR 32.361,35;400/EUR 1.941,68;0/EUR 0,00;22058/EUR 35,18;0/EUR 0,00;414152/EUR 2,66
10.04.1991;21/22/23/29/35/48;4;0;8/5/2/9/9/0/6;NULL;0/EUR 0,00;1/EUR 517.782,22;5/EUR 51.778,22;235/EUR 3.304,99;0/EUR 0,00;18564/EUR 41,82;0/EUR 0,00;380162/EUR 2,91
13.04.1991;10/23/26/31/33/47;3;0;1/9/4/3/1/5/3;NULL;0/EUR 0,00;8/EUR 490.071,79;62/EUR 31.617,52;2246/EUR 2.618,33;0/EUR 0,00;113059/EUR 52,00;0/EUR 0,00;1994105/EUR 4,24
17.04.1991;2/16/17/24/26/28;21;0;7/7/0/6/5/8/2;NULL;0/EUR 0,00;1/EUR 1.097.592,38;7/EUR 41.415,00;487/EUR 1.785,84;0/EUR 0,00;28850/EUR 30,12;0/EUR 0,00;554924/EUR 2,25
17.04.1991;7/15/26/28/31/40;49;0;7/7/0/6/5/8/2;NULL;0/EUR 0,00;0/EUR 579.810,16;12/EUR 24.158,75;547/EUR 1.589,96;0/EUR 0,00;28663/EUR 30,32;0/EUR 0,00;529234/EUR 2,35
20.04.1991;10/12/17/37/38/49;14;0;3/3/3/4/1/5/4;NULL;0/EUR 0,00;9/EUR 445.845,24;25/EUR 80.252,12;1351/EUR 4.455,14;0/EUR 0,00;92664/EUR 64,93;0/EUR 0,00;1981223/EUR 4,35
24.04.1991;7/9/24/33/46/49;20;0;7/8/3/9/3/8/8;NULL;0/EUR 0,00;1/EUR 1.142.216,45;9/EUR 31.244,79;622/EUR 1.356,25;0/EUR 0,00;30902/EUR 27,25;0/EUR 0,00;563328/EUR 2,15
24.04.1991;8/9/16/17/26/29;45;0;7/8/3/9/3/8/8;NULL;0/EUR 0,00;2/EUR 281.203,12;32/EUR 8.787,57;650/EUR 1.297,81;0/EUR 0,00;35369/EUR 23,83;0/EUR 0,00;606942/EUR 1,99
27.04.1991;14/24/34/35/43/46;8;0;8/2/9/0/8/4/8;NULL;0/EUR 0,00;4/EUR 1.000.401,82;39/EUR 51.302,62;1540/EUR 3.897,63;0/EUR 0,00;87938/EUR 68,21;0/EUR 0,00;1548965/EUR 5,57
01.05.1991;12/24/27/34/44/47;46;0;5/0/7/2/9/4/7;NULL;0/EUR 0,00;5/EUR 108.979,51;5/EUR 54.489,76;953/EUR 857,64;0/EUR 0,00;33544/EUR 24,34;0/EUR 0,00;525612/EUR 2,20
01.05.1991;13/24/25/28/38/43;48;0;5/0/7/2/9/4/7;NULL;0/EUR 0,00;1/EUR 544.897,56;11/EUR 24.768,05;379/EUR 2.156,58;0/EUR 0,00;26755/EUR 30,52;0/EUR 0,00;522064/EUR 2,25
04.05.1991;19/21/30/35/36/43;40;0;5/3/7/8/3/3/7;NULL;0/EUR 0,00;7/EUR 560.329,53;28/EUR 70.041,16;1214/EUR 4.846,33;0/EUR 0,00;73235/EUR 80,32;0/EUR 0,00;1535649/EUR 5,52
08.05.1991;21/27/29/31/34/35;1;0;3/4/5/0/7/1/1;NULL;0/EUR 0,00;0/EUR 535.294,27;6/EUR 44.607,81;504/EUR 1.593,13;0/EUR 0,00;23582/EUR 34,00;0/EUR 0,00;438939/EUR 2,61
08.05.1991;1/19/26/27/35/40;29;0;3/4/5/0/7/1/1;NULL;0/EUR 0,00;1/EUR 535.294,27;7/EUR 38.235,28;316/EUR 2.540,92;0/EUR 0,00;22643/EUR 35,43;0/EUR 0,00;474124/EUR 2,40
11.05.1991;7/10/22/28/31/44;8;0;5/3/5/9/3/0/4;NULL;0/EUR 0,00;8/EUR 477.193,98;34/EUR 56.140,46;2104/EUR 2.721,61;0/EUR 0,00;103822/EUR 55,12;0/EUR 0,00;1826685/EUR 4,50
15.05.1991;1/5/12/17/35/37;41;0;9/0/3/5/3/7/5;NULL;0/EUR 0,00;1/EUR 530.084,52;7/EUR 37.863,16;313/EUR 2.540,30;0/EUR 0,00;20606/EUR 38,55;0/EUR 0,00;450884/EUR 2,51
15.05.1991;10/13/31/42/44/45;12;0;9/0/3/5/3/7/5;NULL;0/EUR 0,00;3/EUR 355.126,26;9/EUR 29.449,13;504/EUR 1.577,59;0/EUR 0,00;27958/EUR 28,43;0/EUR 0,00;516203/EUR 2,20
18.05.1991;4/16/21/22/36/46;47;0;1/0/5/8/7/4/5;NULL;0/EUR 0,00;4/EUR 978.963,71;17/EUR 115.172,18;1657/EUR 3.544,79;0/EUR 0,00;84782/EUR 69,28;0/EUR 0,00;1576813/EUR 5,37
22.05.1991;2/12/20/26/36/40;24;0;9/1/7/3/1/8/7;NULL;0/EUR 0,00;2/EUR 244.877,83;19/EUR 12.888,29;482/EUR 1.524,11;0/EUR 0,00;24309/EUR 30,22;0/EUR 0,00;439234/EUR 2,40
22.05.1991;2/11/18/21/37/38;46;0;9/1/7/3/1/8/7;NULL;0/EUR 0,00;2/EUR 244.877,83;11/EUR 22.261,60;433/EUR 1.696,57;0/EUR 0,00;23347/EUR 31,44;0/EUR 0,00;458843/EUR 2,30
25.05.1991;1/20/38/40/41/42;14;0;8/5/2/4/2/2/3;NULL;0/EUR 0,00;4/EUR 955.487,13;19/EUR 100.577,56;978/EUR 5.861,86;0/EUR 0,00;74834/EUR 76,59;0/EUR 0,00;1424284/EUR 5,78
29.05.1991;2/4/17/28/31/48;42;0;6/6/2/1/3/9/7;NULL;0/EUR 0,00;1/EUR 507.294,96;14/EUR 18.117,63;465/EUR 1.636,39;0/EUR 0,00;25893/EUR 29,35;0/EUR 0,00;482231/EUR 2,25
29.05.1991;8/10/18/22/27/29;24;0;6/6/2/1/3/9/7;NULL;0/EUR 0,00;2/EUR 253.647,45;16/EUR 15.852,96;445/EUR 1.709,96;0/EUR 0,00;25271/EUR 30,06;0/EUR 0,00;472286/EUR 2,30
01.06.1991;7/9/11/13/32/40;30;0;8/5/8/5/8/0/3;NULL;0/EUR 0,00;12/EUR 316.577,00;56/EUR 33.918,95;2224/EUR 2.562,19;0/EUR 0,00;132890/EUR 42,85;0/EUR 0,00;2223369/EUR 3,68
05.06.1991;1/7/11/21/35/48;28;0;9/3/6/4/4/1/2;NULL;0/EUR 0,00;3/EUR 190.582,57;15/EUR 19.058,25;610/EUR 1.405,90;0/EUR 0,00;32809/EUR 26,13;0/EUR 0,00;580666/EUR 2,10
05.06.1991;9/26/32/35/38/40;28;0;9/3/6/4/4/1/2;NULL;0/EUR 0,00;0/EUR 571.747,70;13/EUR 21.990,25;512/EUR 1.674,99;0/EUR 0,00;31857/EUR 26,89;0/EUR 0,00;583580/EUR 2,10
08.06.1991;4/16/22/28/30/36;5;0;3/2/6/9/8/2/6;NULL;0/EUR 0,00;9/EUR 469.361,35;31/EUR 68.133,07;2323/EUR 2.727,64;0/EUR 0,00;114748/EUR 55,22;0/EUR 0,00;1709781/EUR 5,32
12.06.1991;8/13/19/20/23/45;16;0;6/5/1/3/5/0/0;NULL;0/EUR 0,00;0/EUR 533.706,56;11/EUR 24.259,37;357/EUR 2.242,42;0/EUR 0,00;24071/EUR 33,23;0/EUR 0,00;491722/EUR 2,30
12.06.1991;12/14/23/27/28/47;1;0;6/5/1/3/5/0/0;NULL;0/EUR 0,00;2/EUR 552.727,13;7/EUR 38.121,87;319/EUR 2.509,57;0/EUR 0,00;22514/EUR 35,53;0/EUR 0,00;465744/EUR 2,45
15.06.1991;1/25/26/28/34/48;6;0;5/4/9/2/0/9/6;NULL;0/EUR 0,00;4/EUR 977.998,75;17/EUR 115.058,67;605/EUR 9.699,16;0/EUR 0,00;58129/EUR 100,93;0/EUR 0,00;1417483/EUR 5,93
19.06.1991;1/22/35/36/44/45;3;0;0/9/1/8/2/7/4;NULL;0/EUR 0,00;1/EUR 522.812,11;13/EUR 20.108,14;334/EUR 2.347,95;0/EUR 0,00;23182/EUR 33,80;0/EUR 0,00;474339/EUR 2,35
19.06.1991;5/13/29/30/33/49;7;0;0/9/1/8/2/7/4;NULL;0/EUR 0,00;1/EUR 1.056.518,66;5/EUR 52.281,18;247/EUR 3.174,97;0/EUR 0,00;16156/EUR 48,52;0/EUR 0,00;339373/EUR 3,32
22.06.1991;3/21/32/39/42/48;2;0;9/4/0/5/4/0/0;NULL;0/EUR 0,00;8/EUR 484.805,84;44/EUR 44.073,26;2507/EUR 2.320,55;0/EUR 0,00;117495/EUR 49,49;0/EUR 0,00;1927028/EUR 4,35
26.06.1991;7/15/36/41/42/45;37;0;2/3/7/9/5/3/6;NULL;0/EUR 0,00;1/EUR 514.808,34;10/EUR 25.740,38;346/EUR 2.231,79;0/EUR 0,00;22112/EUR 34,92;0/EUR 0,00;449327/EUR 2,45
26.06.1991;4/14/25/26/28/45;46;0;2/3/7/9/5/3/6;NULL;0/EUR 0,00;0/EUR 514.808,34;1/EUR 257.404,17;245/EUR 3.151,86;0/EUR 0,00;18724/EUR 41,21;0/EUR 0,00;393777/EUR 2,81
29.06.1991;4/5/24/27/42/47;45;0;6/2/9/4/2/4/8;NULL;0/EUR 0,00;4/EUR 974.416,13;23/EUR 84.731,80;1760/EUR 3.321,86;0/EUR 0,00;97398/EUR 60,03;0/EUR 0,00;1826781/EUR 4,60
03.07.1991;21/26/33/40/42/44;11;0;6/4/6/3/9/4/8;NULL;0/EUR 0,00;2/EUR 273.156,66;15/EUR 18.210,43;719/EUR 1.139,72;0/EUR 0,00;33923/EUR 24,13;0/EUR 0,00;562451/EUR 2,10
03.07.1991;2/18/19/20/21/31;27;0;6/4/6/3/9/4/8;NULL;0/EUR 0,00;0/EUR 1.061.121,72;11/EUR 24.832,42;307/EUR 2.669,25;0/EUR 0,00;20732/EUR 39,52;0/EUR 0,00;441349/EUR 2,66
06.07.1991;3/5/10/13/38/41;27;0;8/9/9/4/6/2/1;NULL;0/EUR 0,00;9/EUR 428.738,80;84/EUR 22.968,10;1637/EUR 3.535,69;0/EUR 0,00;102337/EUR 56,55;0/EUR 0,00;1941639/EUR 4,29
10.07.1991;7/12/15/18/29/33;17;0;6/9/6/7/2/6/1;NULL;0/EUR 0,00;1/EUR 523.101,04;15/EUR 17.436,69;409/EUR 1.918,42;0/EUR 0,00;24114/EUR 32,52;0/EUR 0,00;456318/EUR 2,45
10.07.1991;4/6/8/20/29/41;11;0;6/9/6/7/2/6/1;NULL;0/EUR 0,00;2/EUR 792.111,38;15/EUR 17.436,69;545/EUR 1.439,70;0/EUR 0,00;30176/EUR 25,97;0/EUR 0,00;513619/EUR 2,20
13.07.1991;1/15/19/31/32/43;26;0;9/2/3/8/9/4/2;NULL;0/EUR 0,00;4/EUR 932.995,76;24/EUR 77.749,60;1408/EUR 3.975,81;0/EUR 0,00;86795/EUR 64,47;0/EUR 0,00;1720999/EUR 4,65
17.07.1991;6/28/29/35/46/47;33;0;7/4/4/6/9/9/8;NULL;0/EUR 0,00;0/EUR 512.973,47;5/EUR 51.297,30;264/EUR 2.914,62;0/EUR 0,00;16153/EUR 47,60;0/EUR 0,00;352455/EUR 3,12
17.07.1991;3/13/18/31/34/49;37;0;7/4/4/6/9/9/8;NULL;0/EUR 0,00;2/EUR 256.486,71;20/EUR 12.824,33;646/EUR 1.191,11;0/EUR 0,00;31329/EUR 24,54;0/EUR 0,00;524376/EUR 2,10
20.07.1991;1/4/22/26/33/47;44;0;7/3/1/7/8/5/3;NULL;0/EUR 0,00;2/EUR 1.889.495,10;24/EUR 78.728,93;931/EUR 6.088,57;0/EUR 0,00;68401/EUR 82,83;0/EUR 0,00;1482108/EUR 5,52
24.07.1991;3/10/23/27/28/42;19;0;5/2/4/1/3/2/9;NULL;0/EUR 0,00;1/EUR 1.024.402,53;11/EUR 23.246,75;472/EUR 1.625,29;0/EUR 0,00;27545/EUR 27,81;0/EUR 0,00;517971/EUR 2,10
24.07.1991;11/16/26/30/32/42;13;0;5/2/4/1/3/2/9;NULL;0/EUR 0,00;4/EUR 127.857,23;10/EUR 25.571,45;614/EUR 1.249,39;0/EUR 0,00;28419/EUR 26,95;0/EUR 0,00;492664/EUR 2,20
27.07.1991;5/12/37/39/41/46;45;0;2/9/0/4/1/8/4;NULL;0/EUR 0,00;5/EUR 751.341,48;21/EUR 89.445,40;1325/EUR 4.252,87;0/EUR 0,00;87388/EUR 64,47;0/EUR 0,00;1686946/EUR 4,81
31.07.1991;12/17/21/24/30/33;47;0;8/4/7/9/1/5/9;NULL;0/EUR 0,00;2/EUR 262.670,02;12/EUR 21.889,12;782/EUR 1.007,65;0/EUR 0,00;36067/EUR 21,83;0/EUR 0,00;589369/EUR 1,89
31.07.1991;9/16/27/30/31/33;6;0;8/4/7/9/1/5/9;NULL;0/EUR 0,00;3/EUR 175.113,33;16/EUR 16.416,87;508/EUR 1.551,16;0/EUR 0,00;28527/EUR 27,61;0/EUR 0,00;556685/EUR 1,99
03.08.1991;2/27/31/38/40/48;11;0;5/6/3/1/2/3/6;NULL;0/EUR 0,00;2/EUR 1.893.885,00;77/EUR 24.595,90;1325/EUR 4.288,00;0/EUR 0,00;91492/EUR 62,07;0/EUR 0,00;1760456/EUR 4,65
07.08.1991;5/17/20/40/46/47;48;0;0/1/5/8/3/5/0;NULL;0/EUR 0,00;3/EUR 169.501,59;6/EUR 42.375,36;509/EUR 1.498,49;0/EUR 0,00;27649/EUR 27,56;0/EUR 0,00;481166/EUR 2,25
07.08.1991;6/7/14/22/26/30;41;0;0/1/5/8/3/5/0;NULL;0/EUR 0,00;0/EUR 508.504,83;5/EUR 50.850,48;257/EUR 2.967,90;0/EUR 0,00;20671/EUR 36,86;0/EUR 0,00;417880/EUR 2,61
10.08.1991;7/10/22/23/25/41;40;0;9/8/7/3/2/7/2;NULL;0/EUR 0,00;3/EUR 1.255.962,53;37/EUR 50.917,36;1593/EUR 3.547,91;0/EUR 0,00;97814/EUR 57,78;0/EUR 0,00;1886373/EUR 4,29
14.08.1991;1/13/21/36/39/40;9;0;8/9/8/4/0/1/5;NULL;0/EUR 0,00;2/EUR 509.104,42;3/EUR 84.950,63;237/EUR 3.225,94;0/EUR 0,00;17302/EUR 44,18;0/EUR 0,00;381318/EUR 2,86
14.08.1991;7/14/27/28/32/48;39;0;8/9/8/4/0/1/5;NULL;0/EUR 0,00;0/EUR 509.704,01;7/EUR 36.407,41;512/EUR 1.493,23;0/EUR 0,00;27031/EUR 28,27;0/EUR 0,00;490971/EUR 2,20
17.08.1991;7/8/10/29/39/47;40;0;9/9/7/4/5/9/6;NULL;0/EUR 0,00;4/EUR 939.776,05;20/EUR 93.977,60;1107/EUR 5.093,59;0/EUR 0,00;72811/EUR 77,41;0/EUR 0,00;1545542/EUR 5,27
21.08.1991;14/27/31/45/46/49;34;0;0/0/0/3/6/0/3;NULL;0/EUR 0,00;1/EUR 1.016.502,66;3/EUR 84.466,44;295/EUR 2.576,91;0/EUR 0,00;17898/EUR 42,44;0/EUR 0,00;398443/EUR 2,71
21.08.1991;5/6/14/17/47/48;42;0;0/0/0/3/6/0/3;NULL;0/EUR 0,00;2/EUR 253.399,32;11/EUR 23.036,26;308/EUR 2.468,16;0/EUR 0,00;18566/EUR 40,90;0/EUR 0,00;397210/EUR 2,76
24.08.1991;7/26/31/32/36/41;21;0;0/5/1/6/5/3/3;NULL;0/EUR 0,00;2/EUR 1.874.787,53;52/EUR 36.053,59;1151/EUR 4.886,47;0/EUR 0,00;88609/EUR 63,45;0/EUR 0,00;1785954/EUR 4,50
28.08.1991;14/23/26/31/43/45;22;0;3/9/9/3/1/5/2;NULL;0/EUR 0,00;2/EUR 250.716,83;8/EUR 31.339,58;412/EUR 1.825,57;0/EUR 0,00;21991/EUR 34,15;0/EUR 0,00;418087/EUR 2,56
28.08.1991;7/27/35/37/43/45;38;0;3/9/9/3/1/5/2;NULL;0/EUR 0,00;1/EUR 501.433,71;8/EUR 31.339,58;498/EUR 1.510,31;0/EUR 0,00;26490/EUR 28,38;0/EUR 0,00;483317/EUR 2,20
31.08.1991;7/9/28/32/38/40;34;0;3/5/4/5/2/5/0;NULL;0/EUR 0,00;7/EUR 544.365,97;31/EUR 61.460,66;1882/EUR 3.037,07;0/EUR 0,00;107215/EUR 53,28;0/EUR 0,00;1953206/EUR 4,19
04.09.1991;8/9/16/20/21/46;15;0;7/0/2/7/9/3/2;1/2/5/3/4/3;0/EUR 0,00;2/EUR 272.467,24;12/EUR 22.705,60;308/EUR 2.653,86;0/EUR 0,00;20437/EUR 39,98;0/EUR 0,00;441689/EUR 2,66
04.09.1991;1/4/5/7/14/33;13;0;7/0/2/7/9/3/2;1/2/5/3/4/3;0/EUR 0,00;3/EUR 181.644,83;18/EUR 15.137,05;575/EUR 1.421,54;0/EUR 0,00;35921/EUR 22,75;0/EUR 0,00;598120/EUR 1,94
07.09.1991;32/34/44/45/48/49;4;0;6/5/7/8/5/4/7;2/9/4/3/9/4;0/EUR 0,00;16/EUR 251.536,48;12/EUR 167.690,95;2352/EUR 2.566,69;0/EUR 0,00;131835/EUR 45,76;0/EUR 0,00;1802362/EUR 4,81
11.09.1991;10/26/31/35/36/39;37;0;2/2/8/2/3/1/7;9/0/8/0/8/9;0/EUR 0,00;3/EUR 171.207,52;9/EUR 28.534,59;587/EUR 1.312,49;0/EUR 0,00;27264/EUR 28,22;0/EUR 0,00;487995/EUR 2,25
11.09.1991;4/6/11/27/35/43;36;0;2/2/8/2/3/1/7;9/0/8/0/8/9;0/EUR 0,00;1/EUR 513.622,61;6/EUR 42.801,88;429/EUR 1.795,86;0/EUR 0,00;25019/EUR 30,78;0/EUR 0,00;462957/EUR 2,40
14.09.1991;24/32/33/35/37/40;15;0;7/8/4/2/9/0/1;2/5/4/8/5/9;0/EUR 0,00;10/EUR 391.851,34;27/EUR 72.565,05;2031/EUR 2.894,01;0/EUR 0,00;106789/EUR 55,02;0/EUR 0,00;1940108/EUR 4,35
18.09.1991;1/3/5/9/10/49;46;0;2/8/3/7/5/5/9;2/7/7/8/4/2;0/EUR 0,00;3/EUR 171.012,61;9/EUR 28.502,07;481/EUR 1.599,88;0/EUR 0,00;24193/EUR 31,80;0/EUR 0,00;451529/EUR 2,45
18.09.1991;3/15/21/26/34/39;32;0;2/8/3/7/5/5/9;2/7/7/8/4/2;0/EUR 0,00;3/EUR 171.012,61;14/EUR 18.322,76;1724/EUR 446,36;0/EUR 0,00;53380/EUR 14,37;0/EUR 0,00;656171/EUR 1,69
21.09.1991;9/17/18/19/40/46;22;0;7/1/2/5/5/2/5;3/1/4/5/3/5;0/EUR 0,00;4/EUR 968.462,49;21/EUR 92.234,50;1938/EUR 2.998,32;0/EUR 0,00;118517/EUR 48,98;0/EUR 0,00;2192607/EUR 3,78
25.09.1991;3/6/9/16/24/29;36;0;6/7/3/7/2/0/3;0/7/9/7/0/6;0/EUR 0,00;2/EUR 252.925,36;13/EUR 19.455,78;405/EUR 1.873,48;0/EUR 0,00;26019/EUR 29,14;0/EUR 0,00;483354/EUR 2,25
25.09.1991;3/12/14/15/32/38;18;0;6/7/3/7/2/0/3;0/7/9/7/0/6;0/EUR 0,00;4/EUR 126.462,68;38/EUR 6.655,90;893/EUR 849,66;0/EUR 0,00;38785/EUR 19,53;0/EUR 0,00;577848/EUR 1,89
28.09.1991;3/12/18/23/35/43;39;0;6/1/2/0/3/9/4;9/2/2/9/1/7;0/EUR 0,00;19/EUR 205.059,08;114/EUR 17.088,24;2537/EUR 2.303,57;0/EUR 0,00;118924/EUR 49,14;0/EUR 0,00;1956788/EUR 4,29
02.10.1991;17/25/31/40/47/48;12;0;8/9/2/0/9/4/7;8/6/8/6/4/8;0/EUR 0,00;2/EUR 267.237,64;5/EUR 53.447,49;354/EUR 2.264,72;0/EUR 0,00;23658/EUR 33,85;0/EUR 0,00;454832/EUR 2,51
02.10.1991;21/27/35/36/38/41;25;0;8/9/2/0/9/4/7;8/6/8/6/4/8;0/EUR 0,00;2/EUR 267.237,64;19/EUR 14.065,13;726/EUR 1.104,24;0/EUR 0,00;30926/EUR 25,92;0/EUR 0,00;528470/EUR 2,15
05.10.1991;12/16/17/23/31/36;32;0;6/7/9/5/9/9/4;0/4/6/7/6/7;0/EUR 0,00;2/EUR 1.937.086,81;27/EUR 71.743,91;1540/EUR 3.773,54;0/EUR 0,00;95357/EUR 60,89;0/EUR 0,00;1861372/EUR 4,50
09.10.1991;9/14/18/30/45/49;7;0;6/0/3/3/3/4/7;5/4/2/3/2/2;0/EUR 0,00;1/EUR 514.706,75;16/EUR 16.084,58;407/EUR 1.896,94;0/EUR 0,00;22563/EUR 34,21;0/EUR 0,00;419191/EUR 2,66
09.10.1991;18/24/25/28/30/31;6;0;6/0/3/3/3/4/7;5/4/2/3/2/2;0/EUR 0,00;0/EUR 514.706,75;7/EUR 36.764,75;561/EUR 1.376,19;0/EUR 0,00;26074/EUR 29,60;0/EUR 0,00;490097/EUR 2,25
12.10.1991;8/9/13/14/21/41;30;0;3/4/8/1/7/2/4;3/5/7/9/2/9;0/EUR 0,00;13/EUR 316.834,90;30/EUR 68.647,53;1315/EUR 4.698,31;0/EUR 0,00;84236/EUR 73,32;0/EUR 0,00;1808369/EUR 4,91
16.10.1991;15/27/37/40/42/48;1;0;0/6/8/6/9/7/6;7/7/3/3/8/9;0/EUR 0,00;2/EUR 518.964,53;11/EUR 23.782,79;698/EUR 1.124,38;0/EUR 0,00;37652/EUR 20,81;0/EUR 0,00;586820/EUR 1,89
16.10.1991;12/19/22/26/32/40;37;0;0/6/8/6/9/7/6;7/7/3/3/8/9;0/EUR 0,00;1/EUR 523.222,37;3/EUR 87.203,69;282/EUR 2.783,06;0/EUR 0,00;20653/EUR 37,99;0/EUR 0,00;414265/EUR 2,71
19.10.1991;4/24/33/34/38/39;11;0;4/6/9/2/0/9/9;0/6/9/5/4/9;0/EUR 0,00;3/EUR 1.346.402,29;56/EUR 36.064,33;1638/EUR 3.698,89;0/EUR 0,00;114634/EUR 52,82;0/EUR 0,00;2094360/EUR 4,14
23.10.1991;3/21/29/39/42/48;8;0;5/2/5/8/8/1/4;6/8/5/5/0/2;0/EUR 0,00;3/EUR 175.114,04;16/EUR 16.416,92;786/EUR 1.002,54;0/EUR 0,00;22784/EUR 34,56;0/EUR 0,00;419076/EUR 2,71
23.10.1991;5/7/9/29/40/44;30;0;5/2/5/8/8/1/4;6/8/5/5/0/2;0/EUR 0,00;3/EUR 175.114,04;11/EUR 23.879,17;443/EUR 1.778,78;0/EUR 0,00;25026/EUR 31,44;0/EUR 0,00;505919/EUR 2,25
26.10.1991;2/4/8/17/25/41;1;0;0/3/4/0/3/8/1;7/5/1/2/0/5;0/EUR 0,00;16/EUR 249.481,40;35/EUR 57.024,28;2438/EUR 2.455,89;0/EUR 0,00;125196/EUR 47,81;0/EUR 0,00;2132522/EUR 4,04
30.10.1991;5/17/21/38/46/49;19;0;4/9/7/9/2/6/2;1/4/2/3/1/4;0/EUR 0,00;2/EUR 258.802,81;15/EUR 17.253,49;532/EUR 1.459,38;0/EUR 0,00;27364/EUR 28,33;0/EUR 0,00;479426/EUR 2,30
30.10.1991;1/3/9/12/15/45;42;0;4/9/7/9/2/6/2;1/4/2/3/1/4;0/EUR 0,00;1/EUR 517.605,67;8/EUR 32.350,31;702/EUR 1.105,98;0/EUR 0,00;34185/EUR 22,70;0/EUR 0,00;540983/EUR 2,05
02.11.1991;4/18/23/24/32/45;31;0;5/2/3/7/8/5/5;8/7/3/0/1/2;0/EUR 0,00;8/EUR 484.022,28;31/EUR 62.454,46;2466/EUR 2.355,32;0/EUR 0,00;124913/EUR 46,48;0/EUR 0,00;2053231/EUR 4,04
06.11.1991;16/18/24/41/44/48;34;0;1/9/3/9/6/4/5;5/9/8/9/6/2;0/EUR 0,00;9/EUR 60.737,85;22/EUR 12.423,63;885/EUR 926,46;0/EUR 0,00;36754/EUR 22,29;0/EUR 0,00;581831/EUR 1,99
06.11.1991;6/12/17/22/26/29;44;0;1/9/3/9/6/4/5;5/9/8/9/6/2;0/EUR 0,00;5/EUR 109.328,16;10/EUR 27.332,03;374/EUR 2.192,37;0/EUR 0,00;20820/EUR 39,37;0/EUR 0,00;443782/EUR 2,66
09.11.1991;2/9/14/18/21/26;13;0;7/3/3/0/8/5/4;9/1/9/8/4/4;0/EUR 0,00;6/EUR 684.533,42;37/EUR 55.502,68;2428/EUR 2.537,39;0/EUR 0,00;118596/EUR 51,95;0/EUR 0,00;2061783/EUR 4,29
13.11.1991;6/26/31/36/37/45;14;0;2/8/2/6/1/8/8;5/0/5/9/1/2;0/EUR 0,00;0/EUR 528.274,70;3/EUR 88.045,74;289/EUR 2.741,90;0/EUR 0,00;17759/EUR 44,58;0/EUR 0,00;369758/EUR 3,07
13.11.1991;15/22/36/39/40/45;7;0;2/8/2/6/1/8/8;5/0/5/9/1/2;0/EUR 0,00;1/EUR 528.274,70;7/EUR 37.733,90;313/EUR 2.531,66;0/EUR 0,00;22734/EUR 34,82;0/EUR 0,00;450258/EUR 2,51
16.11.1991;2/8/29/31/32/43;39;0;8/3/2/2/6/6/5;4/1/8/2/7/9;0/EUR 0,00;2/EUR 2.016.791,49;16/EUR 126.049,45;1058/EUR 5.718,65;0/EUR 0,00;70592/EUR 85,69;0/EUR 0,00;1534297/EUR 5,68
20.11.1991;8/15/29/33/36/40;39;0;4/3/3/2/2/9/3;0/1/3/5/2/9;0/EUR 0,00;1/EUR 1.064.081,59;5/EUR 53.580,68;360/EUR 2.232,50;0/EUR 0,00;22075/EUR 36,40;0/EUR 0,00;449773/EUR 2,56
20.11.1991;7/16/18/30/36/43;41;0;4/3/3/2/2/9/3;0/1/3/5/2/9;0/EUR 0,00;5/EUR 107.161,36;11/EUR 24.354,83;354/EUR 2.270,34;0/EUR 0,00;25202/EUR 31,85;0/EUR 0,00;386110/EUR 2,97
23.11.1991;3/9/11/26/36/40;16;0;3/6/9/6/2/0/8;5/1/6/2/7/1;0/EUR 0,00;10/EUR 398.311,20;79/EUR 25.209,55;2604/EUR 2.294,37;0/EUR 0,00;131649/EUR 45,35;0/EUR 0,00;2238087/EUR 3,83
27.11.1991;1/10/29/40/46/47;16;0;7/3/6/9/3/2/2;6/7/0/8/6/2;0/EUR 0,00;0/EUR 525.751,37;8/EUR 32.859,45;243/EUR 3.245,37;0/EUR 0,00;16042/EUR 49,14;0/EUR 0,00;363448/EUR 3,12
27.11.1991;1/6/17/29/34/42;5;0;7/3/6/9/3/2/2;6/7/0/8/6/2;0/EUR 0,00;2/EUR 262.875,66;9/EUR 29.208,37;435/EUR 1.812,89;0/EUR 0,00;21150/EUR 37,27;0/EUR 0,00;410521/EUR 2,76
30.11.1991;6/12/15/16/28/48;29;0;4/8/7/8/5/3/9;1/6/6/3/0/9;0/EUR 0,00;8/EUR 512.426,74;48/EUR 42.702,23;1578/EUR 3.896,76;0/EUR 0,00;96016/EUR 64,01;0/EUR 0,00;1795147/EUR 4,91
04.12.1991;11/12/13/27/40/48;22;0;7/8/0/2/5/9/8;6/1/5/0/1/9;0/EUR 0,00;1/EUR 1.121.801,84;8/EUR 37.253,14;468/EUR 1.910,39;0/EUR 0,00;28699/EUR 31,14;0/EUR 0,00;560355/EUR 2,30
04.12.1991;4/12/16/20/39/44;18;0;7/8/0/2/5/9/8;6/1/5/0/1/9;0/EUR 0,00;3/EUR 198.683,47;10/EUR 29.802,49;697/EUR 1.282,73;0/EUR 0,00;35111/EUR 25,46;0/EUR 0,00;539302/EUR 2,35
07.12.1991;6/16/17/41/42/49;45;7;4/1/0/7/4/7/1;8/3/8/6/8/2;0/EUR 1.501.422,57;3/EUR 1.501.422,57;22/EUR 102.369,68;1553/EUR 4.833,91;0/EUR 0,00;85968/EUR 87,28;108067/EUR 48,62;1758446/EUR 5,11
11.12.1991;14/16/30/32/43/47;25;0;0/1/1/5/0/7/2;7/4/4/7/0/9;0/EUR 0,00;2/EUR 270.951,11;7/EUR 38.707,30;342/EUR 2.376,74;0/EUR 0,00;21346/EUR 38,04;0/EUR 0,00;455720/EUR 2,56
11.12.1991;8/20/24/30/32/47;15;0;0/1/1/5/0/7/2;7/4/4/7/0/9;0/EUR 0,00;1/EUR 541.902,21;7/EUR 38.707,30;297/EUR 2.736,84;0/EUR 0,00;18481/EUR 43,97;0/EUR 0,00;388541/EUR 3,02
14.12.1991;1/37/39/43/44/47;42;4;3/8/2/0/1/1/8;5/3/1/4/5/7;0/EUR 2.881.914,07;3/EUR 1.380.491,35;73/EUR 28.366,22;2011/EUR 3.432,30;0/EUR 0,00;93779/EUR 73,57;113159/EUR 42,69;1518090/EUR 5,42
18.12.1991;4/13/24/28/36/42;8;0;6/0/9/7/9/2/3;1/4/3/6/0/9;0/EUR 0,00;3/EUR 184.785,69;34/EUR 8.152,29;671/EUR 1.239,22;0/EUR 0,00;30170/EUR 27,56;0/EUR 0,00;494673/EUR 2,40
18.12.1991;1/3/16/30/33/48;26;0;6/0/9/7/9/2/3;1/4/3/6/0/9;0/EUR 0,00;0/EUR 554.357,13;5/EUR 55.435,70;386/EUR 2.154,23;0/EUR 0,00;22969/EUR 36,20;0/EUR 0,00;467497/EUR 2,56
21.12.1991;8/12/30/32/45/49;4;9;1/6/0/5/0/2/3;3/9/5/3/9/2;0/EUR 4.318.341,06;4/EUR 1.077.320,42;48/EUR 44.888,31;1461/EUR 4.915,87;0/EUR 0,00;93181/EUR 77,05;154021/EUR 32,62;1702321/EUR 5,06
25.12.1991;12/23/30/31/34/38;8;0;3/8/1/4/6/8/2;6/6/9/8/2/1;0/EUR 0,00;0/EUR 517.565,89;9/EUR 28.753,62;315/EUR 2.464,58;0/EUR 0,00;25757/EUR 30,12;0/EUR 0,00;502077/EUR 2,20
25.12.1991;1/20/25/37/38/44;41;0;3/8/1/4/6/8/2;6/6/9/8/2/1;0/EUR 0,00;0/EUR 1.071.922,97;8/EUR 32.347,85;229/EUR 3.390,12;0/EUR 0,00;17197/EUR 45,10;0/EUR 0,00;385180/EUR 2,86
28.12.1991;17/35/36/43/45/46;44;1;9/4/5/1/7/9/9;2/7/3/4/3/0;0/EUR 5.653.839,09;2/EUR 2.003.246,86;70/EUR 28.617,77;1330/EUR 5.020,63;0/EUR 0,00;75936/EUR 87,89;126066/EUR 37,07;1415099/EUR 5,62
01.01.1992;1/10/17/23/34/41;24;0;6/6/1/6/0/5/3;5/4/9/0/3/0;0/EUR 0,00;7/EUR 149.144,20;14/EUR 18.801,53;508/EUR 1.554,43;0/EUR 0,00;24632/EUR 32,06;0/EUR 0,00;475271/EUR 2,35
01.01.1992;6/7/17/27/41/48;39;0;6/6/1/6/0/5/3;5/4/9/0/3/0;0/EUR 0,00;1/EUR 1.598.366,47;17/EUR 15.483,61;592/EUR 1.333,86;0/EUR 0,00;32676/EUR 24,13;0/EUR 0,00;550323/EUR 2,05
04.01.1992;11/16/18/27/32/39;41;0;5/0/7/2/3/9/3;4/3/3/5/3/3;3/EUR 2.333.014,22;8/EUR 504.451,31;77/EUR 26.205,24;3227/EUR 2.084,28;0/EUR 0,00;173905/EUR 38,65;176185/EUR 26,69;2104945/EUR 3,78
08.01.1992;5/32/33/39/41/47;9;0;9/7/1/8/4/2/7;3/7/0/6/7/8;0/EUR 0,00;0/EUR 580.057,78;14/EUR 20.716,32;541/EUR 1.608,27;0/EUR 0,00;26384/EUR 32,93;0/EUR 0,00;530136/EUR 2,35
08.01.1992;5/21/22/27/33/46;23;0;9/7/1/8/4/2/7;3/7/0/6/7/8;0/EUR 0,00;0/EUR 580.057,78;9/EUR 32.225,40;504/EUR 1.726,33;0/EUR 0,00;28497/EUR 30,52;0/EUR 0,00;537352/EUR 2,30
11.01.1992;1/3/18/21/39/45;49;6;0/2/7/5/8/1/1;0/8/3/3/2/0;1/EUR 1.890.969,46;2/EUR 1.890.969,46;42/EUR 50.650,93;1252/EUR 5.663,84;0/EUR 0,00;86337/EUR 82,11;137199/EUR 36,15;1624449/EUR 5,22
15.01.1992;15/21/30/35/41/43;7;0;0/4/7/4/7/4/4;6/8/6/6/1/1;0/EUR 0,00;1/EUR 1.128.923,17;20/EUR 13.721,59;340/EUR 2.421,43;0/EUR 0,00;21557/EUR 38,14;0/EUR 0,00;414935/EUR 2,86
15.01.1992;15/16/17/27/33/38;44;0;0/4/7/4/7/4/4;6/8/6/6/1/1;0/EUR 0,00;2/EUR 564.461,58;10/EUR 27.443,23;527/EUR 1.562,20;0/EUR 0,00;29740/EUR 27,66;0/EUR 0,00;541310/EUR 2,15
18.01.1992;4/9/14/31/32/48;5;3;2/4/0/2/5/3/9;6/0/1/0/7/0;0/EUR 1.331.037,21;2/EUR 1.996.555,84;21/EUR 95.074,06;1611/EUR 4.131,09;0/EUR 0,00;100513/EUR 66,16;125849/EUR 37,02;1790345/EUR 4,45
22.01.1992;8/10/13/21/29/48;45;0;4/6/8/0/5/8/5;4/7/9/2/4/5;0/EUR 0,00;5/EUR 107.067,13;44/EUR 6.083,35;749/EUR 1.072,08;0/EUR 0,00;37710/EUR 21,27;0/EUR 0,00;607541/EUR 1,89
22.01.1992;3/6/17/26/32/47;38;0;4/6/8/0/5/8/5;4/7/9/2/4/5;0/EUR 0,00;2/EUR 267.667,84;7/EUR 38.238,24;308/EUR 2.607,13;0/EUR 0,00;20709/EUR 38,76;0/EUR 0,00;423648/EUR 2,71
25.01.1992;20/22/31/40/41/47;29;7;0/9/0/1/5/5/6;7/6/5/3/0/1;1/EUR 2.645.923,62;3/EUR 1.314.886,42;18/EUR 109.573,84;1360/EUR 4.834,11;0/EUR 0,00;87153/EUR 75,42;89656/EUR 51,28;1579167/EUR 4,96
29.01.1992;10/26/29/34/39/41;13;0;1/9/3/2/2/1/9;6/8/7/1/1/7;0/EUR 0,00;0/EUR 532.955,47;11/EUR 24.225,21;363/EUR 2.202,29;0/EUR 0,00;23311/EUR 34,26;0/EUR 0,00;453696/EUR 2,51
29.01.1992;5/9/23/27/35/43;39;0;1/9/3/2/2/1/9;6/8/7/1/1/7;0/EUR 0,00;3/EUR 177.651,79;23/EUR 11.585,98;713/EUR 1.121,21;0/EUR 0,00;32882/EUR 24,29;0/EUR 0,00;551403/EUR 2,05
01.02.1992;14/16/22/30/35/47;12;9;8/7/5/3/7/4/9;9/9/4/8/2/6;0/EUR 1.327.468,95;2/EUR 1.991.203,43;22/EUR 90.509,25;987/EUR 6.724,77;0/EUR 0,00;64616/EUR 102,72;88613/EUR 52,41;1193089/EUR 6,65
05.02.1992;5/6/9/16/33/46;40;0;5/7/7/6/8/1/5;4/1/1/1/8/4;0/EUR 0,00;1/EUR 1.094.088,70;11/EUR 25.506,05;475/EUR 1.771,98;0/EUR 0,00;29115/EUR 28,89;0/EUR 0,00;564227/EUR 2,15
05.02.1992;1/25/28/36/43/47;44;0;5/7/7/6/8/1/5;4/1/1/1/8/4;0/EUR 0,00;0/EUR 561.133,23;5/EUR 56.113,31;262/EUR 3.212,55;0/EUR 0,00;18306/EUR 45,97;0/EUR 0,00;401738/EUR 3,02
08.02.1992;6/16/25/37/40/41;18;8;2/8/4/9/4/5/5;5/2/2/4/3/2;1/EUR 2.663.866,13;10/EUR 400.919,15;49/EUR 40.910,10;2602/EUR 2.568,01;0/EUR 0,00;116277/EUR 57,42;128714/EUR 36,30;1756124/EUR 4,55
12.02.1992;2/5/20/31/32/36;37;0;6/4/9/6/5/4/5;8/8/0/4/9/4;0/EUR 0,00;0/EUR 536.757,95;8/EUR 33.547,34;390/EUR 2.064,44;0/EUR 0,00;23268/EUR 34,56;0/EUR 0,00;473966/EUR 2,40
12.02.1992;6/15/27/29/32/40;20;0;6/4/9/6/5/4/5;8/8/0/4/9/4;0/EUR 0,00;1/EUR 1.097.891,18;7/EUR 38.339,84;420/EUR 1.916,99;0/EUR 0,00;23586/EUR 34,10;0/EUR 0,00;458416/EUR 2,51
15.02.1992;4/17/32/35/41/48;37;2;8/8/1/6/4/2/7;2/5/7/9/3/5;2/EUR 654.586,65;11/EUR 357.047,24;63/EUR 31.170,76;2306/EUR 2.838,59;0/EUR 0,00;118374/EUR 55,27;154021/EUR 29,71;1814965/EUR 4,29
19.02.1992;4/18/27/30/39/41;8;0;3/5/1/4/1/8/0;5/5/3/5/0/1;0/EUR 0,00;0/EUR 538.609,59;12/EUR 22.442,03;366/EUR 2.207,40;0/EUR 0,00;24505/EUR 32,93;0/EUR 0,00;484583/EUR 2,40
19.02.1992;3/6/7/8/43/48;25;0;3/5/1/4/1/8/0;5/5/3/5/0/1;0/EUR 0,00;5/EUR 215.073,50;36/EUR 7.480,66;1031/EUR 783,61;0/EUR 0,00;35882/EUR 22,50;0/EUR 0,00;561462/EUR 2,05
22.02.1992;3/4/11/39/40/46;6;0;8/6/0/0/6/4/6;6/0/1/4/9/4;0/EUR 1.299.369,07;5/EUR 779.621,23;27/EUR 72.187,15;1403/EUR 4.630,67;0/EUR 0,00;92228/EUR 70,40;103486/EUR 43,92;1649494/EUR 4,70
26.02.1992;3/8/16/38/40/49;25;0;6/8/9/0/1/3/6;5/1/4/1/1/3;0/EUR 0,00;1/EUR 1.077.021,16;6/EUR 44.867,60;428/EUR 1.886,92;0/EUR 0,00;25609/EUR 31,50;0/EUR 0,00;506220/EUR 2,30
26.02.1992;1/3/10/31/39/43;14;0;6/8/9/0/1/3/6;5/1/4/1/1/3;0/EUR 0,00;2/EUR 269.205,76;15/EUR 17.947,01;329/EUR 2.454,76;0/EUR 0,00;22477/EUR 35,89;0/EUR 0,00;461018/EUR 2,51
29.02.1992;11/13/19/25/27/30;5;6;0/6/1/4/4/0/7;6/2/8/9/8/3;0/EUR 2.599.664,59;17/EUR 229.442,64;195/EUR 10.001,33;3607/EUR 1.802,25;0/EUR 0,00;147690/EUR 43,97;224157/EUR 20,30;2129093/EUR 3,63
04.03.1992;2/17/27/29/41/45;18;0;0/6/9/4/0/1/0;4/1/7/1/5/6;0/EUR 0,00;3/EUR 172.026,76;8/EUR 32.270,49;585/EUR 1.323,89;0/EUR 0,00;29226/EUR 26,48;0/EUR 0,00;503359/EUR 2,20
04.03.1992;8/13/14/20/22/41;38;0;0/6/9/4/0/1/0;4/1/7/1/5/6;0/EUR 0,00;0/EUR 516.328,21;5/EUR 51.632,81;200/EUR 3.872,42;0/EUR 0,00;18226/EUR 42,49;0/EUR 0,00;386608/EUR 2,86
07.03.1992;9/15/28/31/42/43;4;1;2/4/2/7/4/5/3;2/4/9/2/0/1;0/EUR 3.882.973,47;6/EUR 641.654,34;56/EUR 34.374,31;1816/EUR 3.533,33;0/EUR 0,00;91652/EUR 70,00;117253/EUR 38,30;1521685/EUR 5,01
11.03.1992;2/4/11/32/33/43;40;0;2/6/9/3/6/1/5;5/4/6/7/8/3;0/EUR 0,00;2/EUR 262.703,00;12/EUR 21.891,88;413/EUR 1.908,24;0/EUR 0,00;26727/EUR 29,45;0/EUR 0,00;520230/EUR 2,15
11.03.1992;8/11/27/37/38/41;1;0;2/6/9/3/6/1/5;5/4/6/7/8/3;0/EUR 0,00;0/EUR 1.041.734,25;10/EUR 26.270,28;421/EUR 1.871,99;0/EUR 0,00;27012/EUR 29,14;0/EUR 0,00;503195/EUR 2,25
14.03.1992;2/16/18/36/45/46;42;6;4/6/5/4/2/2/8;1/5/9/3/2/7;0/EUR 5.258.763,65;0/EUR 4.127.371,50;17/EUR 121.393,27;1415/EUR 4.861,41;0/EUR 0,00;78754/EUR 87,33;99769/EUR 48,21;1504441/EUR 5,47
18.03.1992;8/10/11/20/37/41;32;0;3/8/5/1/2/8/9;6/4/7/3/2/9;0/EUR 0,00;1/EUR 1.576.713,72;16/EUR 16.718,07;505/EUR 1.589,04;0/EUR 0,00;26188/EUR 30,63;0/EUR 0,00;501236/EUR 2,30
18.03.1992;6/11/13/33/35/38;47;0;3/8/5/1/2/8/9;6/4/7/3/2/9;0/EUR 0,00;0/EUR 534.979,47;14/EUR 19.106,36;388/EUR 2.068,18;0/EUR 0,00;29633/EUR 27,05;0/EUR 0,00;475526/EUR 2,40
21.03.1992;14/19/20/21/35/47;3;1;3/2/7/7/5/4/8;0/5/9/8/2/5;0/EUR 6.896.449,90;3/EUR 3.013.476,73;35/EUR 70.186,52;1059/EUR 7.732,22;0/EUR 0,00;83053/EUR 98,58;170182/EUR 33,64;1745261/EUR 5,62
25.03.1992;6/8/12/23/33/45;19;0;8/1/0/7/6/6/9;4/3/3/1/3/7;0/EUR 0,00;1/EUR 1.101.792,74;32/EUR 8.856,44;618/EUR 1.375,73;0/EUR 0,00;31793/EUR 26,74;0/EUR 0,00;556612/EUR 2,20
25.03.1992;9/15/19/21/29/31;18;0;8/1/0/7/6/6/9;4/3/3/1/3/7;0/EUR 0,00;4/EUR 141.703,32;19/EUR 14.916,12;778/EUR 1.092,78;0/EUR 0,00;38487/EUR 22,09;0/EUR 0,00;644722/EUR 1,89
28.03.1992;1/5/21/36/37/42;43;4;8/4/9/3/3/2/2;3/7/6/1/9/2;1/EUR 8.392.881,39;3/EUR 1.496.431,49;18/EUR 124.702,61;1163/EUR 6.433,48;0/EUR 0,00;77567/EUR 96,43;96337/EUR 54,35;1543901/EUR 5,78
01.04.1992;2/11/16/18/42/45;43;0;3/2/8/5/2/6/7;6/5/5/7/5/1;0/EUR 0,00;4/EUR 150.159,11;8/EUR 37.539,77;591/EUR 1.524,42;0/EUR 0,00;27083/EUR 33,23;0/EUR 0,00;501619/EUR 2,56
01.04.1992;15/21/29/34/42/48;19;0;3/2/8/5/2/6/7;6/5/5/7/5/1;0/EUR 0,00;1/EUR 600.636,46;9/EUR 33.368,65;502/EUR 1.794,69;0/EUR 0,00;23377/EUR 38,50;0/EUR 0,00;437836/EUR 2,97
04.04.1992;1/3/5/17/27/30;47;9;4/9/2/3/3/8/1;3/7/3/4/8/0;0/EUR 1.378.483,30;15/EUR 275.696,66;80/EUR 25.846,52;3678/EUR 1.873,94;0/EUR 0,00;153670/EUR 44,84;152567/EUR 31,60;2260042/EUR 3,63
08.04.1992;16/32/34/37/43/46;2;0;1/6/3/5/6/9/6;3/4/8/5/3/8;0/EUR 0,00;1/EUR 519.364,98;9/EUR 28.853,58;520/EUR 1.498,14;0/EUR 0,00;26145/EUR 29,76;0/EUR 0,00;444649/EUR 2,51
08.04.1992;5/11/24/27/28/40;30;0;1/6/3/5/6/9/6;3/4/8/5/3/8;0/EUR 0,00;2/EUR 259.682,49;17/EUR 15.275,41;600/EUR 1.298,37;0/EUR 0,00;33907/EUR 22,96;0/EUR 0,00;556419/EUR 1,99
11.04.1992;11/14/29/31/37/49;30;1;1/8/1/0/6/1/6;4/5/7/7/9/9;0/EUR 2.685.741,04;6/EUR 653.628,84;19/EUR 103.204,52;980/EUR 6.669,65;0/EUR 0,00;68507/EUR 95,41;79210/EUR 57,72;1433342/EUR 5,47
15.04.1992;2/19/26/35/43/44;33;0;1/9/1/0/3/5/6;5/4/6/0/7/0;0/EUR 0,00;2/EUR 255.028,35;20/EUR 12.751,42;697/EUR 1.097,64;0/EUR 0,00;27019/EUR 28,27;0/EUR 0,00;467747/EUR 2,35
15.04.1992;13/16/23/32/39/46;24;0;1/9/1/0/3/5/6;5/4/6/0/7/0;0/EUR 0,00;2/EUR 255.028,35;4/EUR 63.757,08;489/EUR 1.564,55;0/EUR 0,00;24259/EUR 31,50;0/EUR 0,00;442625/EUR 2,45
18.04.1992;10/24/31/40/41/49;12;6;0/3/3/8/6/8/6;5/9/9/9/2/0;1/EUR 3.950.356,47;4/EUR 948.461,57;54/EUR 35.128,21;1822/EUR 3.470,39;0/EUR 0,00;107587/EUR 58,75;157582/EUR 28,07;1828622/EUR 4,14
22.04.1992;2/8/12/31/40/45;41;0;2/3/2/1/2/0/7;1/3/9/5/5/4;0/EUR 0,00;2/EUR 235.448,43;7/EUR 33.635,49;491/EUR 1.438,57;0/EUR 0,00;25772/EUR 27,41;0/EUR 0,00;455415/EUR 2,20
22.04.1992;9/17/26/35/37/38;31;0;2/3/2/1/2/0/7;1/3/9/5/5/4;0/EUR 0,00;2/EUR 235.448,43;18/EUR 13.080,43;556/EUR 1.270,36;0/EUR 0,00;29693/EUR 23,78;0/EUR 0,00;492903/EUR 2,05
25.04.1992;4/5/15/22/25/39;12;0;0/5/5/1/3/8/1;4/0/9/2/2/7;0/EUR 1.254.027,70;3/EUR 1.254.027,45;35/EUR 53.743,99;1557/EUR 4.027,04;0/EUR 0,00;95721/EUR 65,50;148831/EUR 29,45;1651932/EUR 4,55
29.04.1992;1/4/25/30/36/46;48;0;6/3/1/0/4/4/9;5/7/4/5/6/0;0/EUR 0,00;3/EUR 168.841,16;5/EUR 50.652,31;349/EUR 2.177,03;0/EUR 0,00;21304/EUR 35,64;0/EUR 0,00;442817/EUR 2,45
29.04.1992;6/21/24/25/41/42;30;0;6/3/1/0/4/4/9;5/7/4/5/6/0;0/EUR 0,00;0/EUR 506.523,47;6/EUR 42.210,26;453/EUR 1.677,19;0/EUR 0,00;22598/EUR 33,59;0/EUR 0,00;425679/EUR 2,56
02.05.1992;2/5/22/29/39/46;38;7;2/8/7/7/1/7/8;9/8/6/1/5/9;0/EUR 2.462.936,96;5/EUR 725.345,61;27/EUR 67.161,61;1208/EUR 5.003,76;0/EUR 0,00;67779/EUR 89,17;83535/EUR 50,62;1297048/EUR 5,57
06.05.1992;3/6/8/35/43/45;27;0;4/9/5/0/5/6/1;0/6/1/4/4/2;0/EUR 0,00;2/EUR 263.689,18;12/EUR 21.974,10;371/EUR 2.132,24;0/EUR 0,00;24199/EUR 32,67;0/EUR 0,00;464993/EUR 2,45
06.05.1992;9/11/14/31/43/49;23;0;4/9/5/0/5/6/1;0/6/1/4/4/2;0/EUR 0,00;1/EUR 1.033.901,82;7/EUR 37.669,84;329/EUR 2.404,45;0/EUR 0,00;21386/EUR 36,97;0/EUR 0,00;446590/EUR 2,56
09.05.1992;3/4/15/19/32/41;46;9;0/2/5/0/8/1/8;1/5/6/4/9/1;0/EUR 3.778.752,60;10/EUR 394.744,74;54/EUR 36.550,42;2912/EUR 2.259,30;0/EUR 0,00;131095/EUR 50,16;139931/EUR 32,88;2049067/EUR 3,83
13.05.1992;12/14/20/24/27/45;41;0;5/6/1/6/4/4/5;9/1/3/3/8/5;0/EUR 0,00;3/EUR 166.622,76;8/EUR 31.241,77;545/EUR 1.375,78;0/EUR 0,00;29512/EUR 25,36;0/EUR 0,00;515919/EUR 2,10
13.05.1992;1/6/11/17/41/43;39;0;5/6/1/6/4/4/5;9/1/3/3/8/5;0/EUR 0,00;1/EUR 499.868,39;13/EUR 19.225,70;568/EUR 1.320,05;0/EUR 0,00;20751/EUR 36,10;0/EUR 0,00;419641/EUR 2,56
16.05.1992;1/7/17/28/44/49;2;4;6/7/5/5/8/0/6;3/5/3/3/5/9;2/EUR 2.505.473,43;17/EUR 217.446,05;36/EUR 51.341,43;3179/EUR 1.938,00;0/EUR 0,00;138714/EUR 44,38;119246/EUR 36,15;1879037/EUR 3,89
20.05.1992;9/15/16/31/39/49;23;0;3/3/3/8/3/1/5;5/4/4/8/0/9;0/EUR 0,00;0/EUR 478.595,33;12/EUR 19.941,46;366/EUR 1.961,42;0/EUR 0,00;21968/EUR 32,67;0/EUR 0,00;415036/EUR 2,45
20.05.1992;2/17/26/29/46/49;9;0;3/3/3/8/3/1/5;5/4/4/8/0/9;0/EUR 0,00;1/EUR 478.595,33;12/EUR 19.941,46;394/EUR 1.822,04;0/EUR 0,00;22137/EUR 32,42;0/EUR 0,00;428875/EUR 2,40
23.05.1992;9/21/26/29/36/38;6;5;4/4/1/3/0/2/9;5/9/3/1/9/9;2/EUR 798.878,69;4/EUR 798.878,69;65/EUR 27.653,48;1787/EUR 3.352,85;0/EUR 0,00;101236/EUR 59,16;147896/EUR 28,33;1595133/EUR 4,50
27.05.1992;1/2/4/12/17/38;34;0;9/5/5/7/0/8/9;5/9/3/0/0/3;0/EUR 0,00;3/EUR 317.139,22;6/EUR 39.401,84;516/EUR 1.374,45;0/EUR 0,00;27970/EUR 25,31;0/EUR 0,00;475179/EUR 2,15
27.05.1992;2/9/21/23/30/38;43;0;9/5/5/7/0/8/9;5/9/3/0/0/3;0/EUR 0,00;0/EUR 472.822,38;11/EUR 21.491,90;434/EUR 1.634,14;0/EUR 0,00;28331/EUR 25,00;0/EUR 0,00;523848/EUR 1,94
30.05.1992;8/19/21/32/33/36;6;2;0/1/8/9/7/0/9;1/5/6/8/3/1;1/EUR 2.358.674,32;1/EUR 2.358.674,32;46/EUR 38.456,61;1578/EUR 3.736,78;0/EUR 0,00;97370/EUR 60,54;137013/EUR 30,12;1639564/EUR 4,29
03.06.1992;4/9/22/27/31/35;8;0;7/6/3/9/1/4/2;6/3/6/4/5/2;0/EUR 0,00;0/EUR 490.426,72;6/EUR 40.868,89;436/EUR 1.687,21;0/EUR 0,00;23348/EUR 31,50;0/EUR 0,00;440123/EUR 2,40
03.06.1992;3/6/14/15/31/44;11;0;7/6/3/9/1/4/2;6/3/6/4/5/2;0/EUR 0,00;2/EUR 481.624,53;9/EUR 27.245,93;584/EUR 1.259,62;0/EUR 0,00;29441/EUR 24,95;0/EUR 0,00;509981/EUR 2,05
06.06.1992;6/11/24/26/29/36;13;6;4/0/3/4/8/3/0;4/1/1/3/2/5;0/EUR 1.223.663,46;6/EUR 611.831,70;46/EUR 39.902,04;1778/EUR 3.441,10;0/EUR 0,00;98666/EUR 61,97;128338/EUR 33,34;1656835/EUR 4,40
10.06.1992;2/14/18/29/38/39;34;0;3/9/6/6/2/0/8;6/7/2/7/4/3;0/EUR 0,00;0/EUR 454.107,31;7/EUR 32.436,20;315/EUR 2.162,41;0/EUR 0,00;18772/EUR 36,25;0/EUR 0,00;367702/EUR 2,66
10.06.1992;14/18/19/35/41/42;25;0;3/9/6/6/2/0/8;6/7/2/7/4/3;0/EUR 0,00;0/EUR 944.534,03;6/EUR 37.842,25;298/EUR 2.285,73;0/EUR 0,00;17627/EUR 38,60;0/EUR 0,00;367158/EUR 2,66
13.06.1992;2/17/23/35/43/46;44;1;5/1/9/7/3/7/8;2/4/9/8/1/2;1/EUR 2.423.943,39;5/EUR 720.167,96;12/EUR 150.034,97;1815/EUR 3.306,52;0/EUR 0,00;89586/EUR 66,98;82210/EUR 51,08;1505102/EUR 4,76
17.06.1992;4/15/22/25/27/34;2;0;5/4/7/7/3/0/2;0/5/3/5/3/3;0/EUR 0,00;0/EUR 938.924,14;7/EUR 34.629,75;364/EUR 1.997,82;0/EUR 0,00;23435/EUR 30,98;0/EUR 0,00;433381/EUR 2,40
17.06.1992;16/21/24/28/37/49;30;0;5/4/7/7/3/0/2;0/5/3/5/3/3;0/EUR 0,00;1/EUR 1.429.350,86;3/EUR 80.802,78;327/EUR 2.223,92;0/EUR 0,00;18912/EUR 38,45;0/EUR 0,00;384491/EUR 2,71
20.06.1992;2/27/28/41/44/46;25;9;1/4/7/9/8/1/5;5/6/5/4/5/7;0/EUR 1.184.865,25;6/EUR 592.432,52;24/EUR 74.054,03;810/EUR 7.313,98;0/EUR 0,00;57229/EUR 103,49;83562/EUR 49,60;1209717/EUR 5,83
24.06.1992;7/14/37/41/42/49;15;0;2/7/2/0/3/3/5;4/5/6/2/5/5;0/EUR 0,00;1/EUR 1.418.759,45;6/EUR 39.986,25;379/EUR 1.899,04;0/EUR 0,00;22911/EUR 31,39;0/EUR 0,00;421539/EUR 2,45
24.06.1992;2/35/41/42/44/47;3;0;2/7/2/0/3/3/5;4/5/6/2/5/5;0/EUR 0,00;0/EUR 479.835,31;9/EUR 26.657,48;237/EUR 3.036,92;0/EUR 0,00;19147/EUR 37,58;0/EUR 0,00;380070/EUR 2,71
27.06.1992;3/14/15/19/24/42;37;5;7/7/6/6/3/8/2;2/4/0/2/9/2;0/EUR 2.394.929,52;4/EUR 907.548,20;42/EUR 43.216,54;1468/EUR 4.121,42;0/EUR 0,00;90092/EUR 67,13;133006/EUR 31,80;1598072/EUR 4,50
01.07.1992;2/3/16/20/30/32;36;0;2/0/5/6/7/7/7;5/5/9/2/5/9;0/EUR 0,00;2/EUR 238.734,25;4/EUR 59.683,56;586/EUR 1.222,14;0/EUR 0,00;26375/EUR 27,15;0/EUR 0,00;468650/EUR 2,20
01.07.1992;24/26/28/33/36/45;30;0;2/0/5/6/7/7/7;5/5/9/2/5/9;0/EUR 0,00;1/EUR 957.303,86;17/EUR 14.043,14;367/EUR 1.951,50;0/EUR 0,00;20380/EUR 35,13;0/EUR 0,00;400925/EUR 2,56
04.07.1992;12/16/28/32/35/39;7;2;4/5/2/4/0/2/8;5/4/2/9/4/6;0/EUR 3.594.355,34;9/EUR 399.808,62;56/EUR 32.127,43;1726/EUR 3.474,54;0/EUR 0,00;90737/EUR 66,06;139420/EUR 30,06;1517585/EUR 4,70
08.07.1992;8/17/20/30/33/46;49;0;7/0/0/5/4/9/1;0/6/4/4/8/7;0/EUR 0,00;3/EUR 159.420,25;15/EUR 15.941,98;360/EUR 1.992,71;0/EUR 0,00;20436/EUR 35,07;0/EUR 0,00;383663/EUR 2,66
08.07.1992;8/22/28/39/40/48;7;0;7/0/0/5/4/9/1;0/6/4/4/8/7;0/EUR 0,00;1/EUR 478.260,79;10/EUR 23.913,02;613/EUR 1.170,24;0/EUR 0,00;22936/EUR 31,24;0/EUR 0,00;409224/EUR 2,51
11.07.1992;1/5/16/19/24/48;18;5;9/4/5/9/4/2/2;9/3/4/7/5/2;0/EUR 4.814.202,67;3/EUR 1.219.847,43;25/EUR 73.190,82;1662/EUR 3.669,80;0/EUR 0,00;96364/EUR 63,25;105367/EUR 40,49;1703887/EUR 4,29
15.07.1992;1/11/21/33/34/35;19;0;5/6/0/2/8/4/1;5/8/2/2/2/9;0/EUR 0,00;6/EUR 79.246,87;22/EUR 10.806,36;429/EUR 1.662,52;0/EUR 0,00;21341/EUR 33,39;0/EUR 0,00;404907/EUR 2,51
15.07.1992;3/6/9/12/23/37;5;0;5/6/0/2/8/4/1;5/8/2/2/2/9;0/EUR 0,00;7/EUR 67.925,89;28/EUR 8.490,72;1089/EUR 654,91;0/EUR 0,00;47048/EUR 15,13;0/EUR 0,00;617359/EUR 1,64
18.07.1992;8/20/25/30/36/37;38;1;1/3/0/8/0/8/2;2/7/2/9/4/1;0/EUR 6.054.940,15;6/EUR 620.368,69;34/EUR 54.738,40;1312/EUR 4.728,38;0/EUR 0,00;75693/EUR 81,91;92286/EUR 47,04;1419055/EUR 5,22
22.07.1992;3/6/17/20/29/49;22;0;9/7/2/4/5/3/6;9/2/3/7/4/1;0/EUR 0,00;3/EUR 153.700,94;9/EUR 25.616,80;614/EUR 1.126,43;0/EUR 0,00;28286/EUR 24,44;0/EUR 0,00;493120/EUR 1,99
22.07.1992;1/7/22/27/31/41;42;0;9/7/2/4/5/3/6;9/2/3/7/4/1;0/EUR 0,00;2/EUR 230.551,43;10/EUR 23.055,12;427/EUR 1.619,77;0/EUR 0,00;25111/EUR 27,51;0/EUR 0,00;443109/EUR 2,25
25.07.1992;1/5/18/35/45/48;22;9;9/5/6/2/7/2/4;0/7/3/6/4/3;2/EUR 3.660.058,39;5/EUR 759.105,96;43/EUR 44.134,05;1411/EUR 4.483,21;0/EUR 0,00;78687/EUR 80,38;92911/EUR 47,65;1398116/EUR 5,42
29.07.1992;7/16/22/25/28/49;35;0;3/2/4/6/6/1/4;1/2/7/5/2/0;0/EUR 0,00;1/EUR 459.275,86;11/EUR 20.876,15;347/EUR 1.985,30;0/EUR 0,00;20364/EUR 33,80;0/EUR 0,00;395573/EUR 2,51
29.07.1992;9/16/30/34/40/42;28;0;3/2/4/6/6/1/4;1/2/7/5/2/0;0/EUR 0,00;1/EUR 459.275,86;10/EUR 22.963,75;495/EUR 1.391,74;0/EUR 0,00;24988/EUR 27,56;0/EUR 0,00;423336/EUR 2,30
01.08.1992;6/10/15/17/25/41;47;1;6/9/5/8/8/3/0;6/2/3/2/1/8;0/EUR 1.188.181,49;2/EUR 1.782.271,93;23/EUR 77.490,07;1556/EUR 3.818,02;0/EUR 0,00;96415/EUR 61,61;102808/EUR 40,44;1736425/EUR 4,09
05.08.1992;5/10/13/25/30/42;9;0;8/1/2/2/1/2/1;2/8/5/5/0/2;0/EUR 0,00;1/EUR 473.722,97;16/EUR 14.803,84;647/EUR 1.098,25;0/EUR 0,00;35402/EUR 20,04;0/EUR 0,00;505556/EUR 1,99
05.08.1992;9/14/18/20/45/47;28;0;8/1/2/2/1/2/1;2/8/5/5/0/2;0/EUR 0,00;0/EUR 473.722,97;4/EUR 59.215,37;228/EUR 3.116,58;0/EUR 0,00;15002/EUR 47,35;0/EUR 0,00;346730/EUR 2,91
08.08.1992;5/9/10/25/26/45;12;7;5/3/6/5/4/7/0;0/6/5/7/5/8;1/EUR 2.381.888,51;9/EUR 397.902,32;45/EUR 39.790,22;2257/EUR 2.644,45;0/EUR 0,00;122277/EUR 48,78;153878/EUR 27,15;1831302/EUR 3,89
12.08.1992;8/13/19/29/40/44;33;0;0/2/0/2/9/9/0;8/5/2/8/7/9;0/EUR 0,00;6/EUR 76.842,57;17/EUR 13.560,43;433/EUR 1.597,17;0/EUR 0,00;23701/EUR 29,14;0/EUR 0,00;422229/EUR 2,35
12.08.1992;10/12/28/34/38/43;23;0;0/2/0/2/9/9/0;8/5/2/8/7/9;0/EUR 0,00;0/EUR 934.778,53;11/EUR 20.957,04;339/EUR 2.040,05;0/EUR 0,00;19637/EUR 35,18;0/EUR 0,00;386608/EUR 2,56
15.08.1992;11/12/14/35/37/43;5;5;0/6/4/0/6/0/6;1/0/1/0/9/0;0/EUR 1.189.915,18;3/EUR 1.189.915,18;9/EUR 198.319,18;809/EUR 7.354,22;0/EUR 0,00;55165/EUR 107,83;96273/EUR 43,26;1200557/EUR 5,93
19.08.1992;7/26/27/39/40/47;12;0;0/5/4/3/9/8/9;9/5/4/1/3/0;0/EUR 0,00;0/EUR 469.265,22;10/EUR 23.463,24;308/EUR 2.285,37;0/EUR 0,00;21807/EUR 32,26;0/EUR 0,00;442454/EUR 2,25
19.08.1992;10/17/21/30/32/48;25;0;0/5/4/3/9/8/9;9/5/4/1/3/0;0/EUR 0,00;3/EUR 468.014,55;9/EUR 26.070,26;417/EUR 1.687,98;0/EUR 0,00;23798/EUR 29,55;0/EUR 0,00;455528/EUR 2,20
22.08.1992;5/32/36/39/40/45;46;4;9/0/0/3/3/6/7;9/2/2/9/7/9;0/EUR 2.371.418,27;1/EUR 3.544.509,59;16/EUR 110.765,92;846/EUR 6.982,87;0/EUR 0,00;67764/EUR 87,18;93588/EUR 44,18;1371960/EUR 5,16
26.08.1992;2/7/14/28/34/38;18;0;8/3/3/3/8/7/1;1/0/9/1/4/6;0/EUR 0,00;2/EUR 467.668,20;12/EUR 19.419,63;521/EUR 1.341,83;0/EUR 0,00;24777/EUR 28,17;0/EUR 0,00;439195/EUR 2,25
26.08.1992;24/28/39/40/45/48;47;0;8/3/3/3/8/7/1;1/0/9/1/4/6;0/EUR 0,00;1/EUR 466.071,23;6/EUR 38.839,27;361/EUR 1.936,57;0/EUR 0,00;21932/EUR 31,85;0/EUR 0,00;402113/EUR 2,51
29.08.1992;10/12/25/41/47/49;9;0;6/1/7/9/2/2/5;6/8/9/5/9/2;0/EUR 3.575.384,36;4/EUR 902.974,24;60/EUR 30.099,14;1786/EUR 3.370,54;0/EUR 0,00;96160/EUR 62,58;148862/EUR 28,27;1619386/EUR 4,45
02.09.1992;3/12/26/32/41/45;29;0;1/0/7/6/0/0/6;8/9/2/4/5/9;0/EUR 0,00;7/EUR 74.999,51;18/EUR 14.583,22;821/EUR 959,18;0/EUR 0,00;36641/EUR 21,47;0/EUR 0,00;565223/EUR 1,99
02.09.1992;6/7/8/19/25/45;47;0;1/0/7/6/0/0/6;8/9/2/4/5/9;0/EUR 0,00;2/EUR 262.498,27;19/EUR 13.815,67;794/EUR 991,80;0/EUR 0,00;35633/EUR 22,09;0/EUR 0,00;598461/EUR 1,89
05.09.1992;8/12/30/32/35/38;33;1;2/3/1/7/6/0/9;2/4/0/8/9/5;0/EUR 4.923.198,34;2/EUR 2.021.721,78;24/EUR 84.238,41;1450/EUR 4.647,59;0/EUR 0,00;89566/EUR 75,21;120739/EUR 39,06;1644197/EUR 4,91
09.09.1992;16/25/33/37/39/41;42;0;7/9/0/9/5/3/6;4/5/5/2/3/7;0/EUR 0,00;2/EUR 241.027,65;8/EUR 30.128,44;761/EUR 950,13;0/EUR 0,00;32992/EUR 21,88;0/EUR 0,00;499357/EUR 2,05
09.09.1992;21/25/28/30/34/44;18;0;7/9/0/9/5/3/6;4/5/5/2/3/7;0/EUR 0,00;2/EUR 241.027,65;11/EUR 21.911,57;336/EUR 2.152,03;0/EUR 0,00;18475/EUR 39,11;0/EUR 0,00;369787/EUR 2,81
12.09.1992;14/15/19/20/25/33;16;1;2/8/1/9/4/2/6;0/7/5/3/9/8;0/EUR 6.260.765,56;4/EUR 1.003.175,22;19/EUR 105.597,37;991/EUR 6.748,54;0/EUR 0,00;74903/EUR 89,27;107901/EUR 43,36;1581097/EUR 5,06
16.09.1992;2/6/24/26/32/45;41;0;0/9/4/4/7/6/4;2/9/3/3/3/5;0/EUR 0,00;3/EUR 158.590,32;14/EUR 16.991,81;536/EUR 1.331,40;0/EUR 0,00;27028/EUR 26,38;0/EUR 0,00;475838/EUR 2,15
16.09.1992;2/16/20/24/26/36;19;0;0/9/4/4/7/6/4;2/9/3/3/3/5;0/EUR 0,00;2/EUR 237.885,50;4/EUR 59.471,38;416/EUR 1.715,49;0/EUR 0,00;25014/EUR 28,53;0/EUR 0,00;442412/EUR 2,30
19.09.1992;3/5/24/35/42/46;48;4;1/9/5/1/9/5/1;5/9/8/9/9/5;2/EUR 3.830.723,78;7/EUR 600.292,31;40/EUR 52.525,58;1929/EUR 3.630,58;0/EUR 0,00;102146/EUR 68,51;123307/EUR 39,73;1790926/EUR 4,65
23.09.1992;4/8/18/23/42/48;28;0;8/1/9/8/1/2/2;2/5/8/1/3/2;0/EUR 0,00;2/EUR 235.865,59;15/EUR 15.724,37;513/EUR 1.379,31;0/EUR 0,00;25548/EUR 27,66;0/EUR 0,00;436850/EUR 2,30
23.09.1992;8/12/13/34/38/41;31;0;8/1/9/8/1/2/2;2/5/8/1/3/2;0/EUR 0,00;0/EUR 471.731,18;3/EUR 78.621,86;253/EUR 2.796,82;0/EUR 0,00;17833/EUR 39,68;0/EUR 0,00;395919/EUR 2,56
26.09.1992;12/13/18/19/28/37;43;7;2/6/2/1/7/0/7;0/2/3/3/4/3;1/EUR 1.263.691,12;3/EUR 1.263.691,12;15/EUR 126.369,11;976/EUR 6.473,82;0/EUR 0,00;81961/EUR 77,05;128950/EUR 34,26;1702098/EUR 4,45
30.09.1992;12/21/23/38/44/47;15;0;3/6/7/9/2/6/0;4/0/7/3/5/0;0/EUR 0,00;1/EUR 496.443,66;9/EUR 27.580,16;433/EUR 1.719,78;0/EUR 0,00;22475/EUR 33,13;0/EUR 0,00;406687/EUR 2,61
30.09.1992;3/14/21/27/43/44;49;0;3/6/7/9/2/6/0;4/0/7/3/5/0;0/EUR 0,00;2/EUR 484.087,42;8/EUR 31.027,70;470/EUR 1.584,39;0/EUR 0,00;24604/EUR 30,22;0/EUR 0,00;446541/EUR 2,40
03.10.1992;7/8/18/19/32/49;36;9;2/8/1/3/7/8/7;0/2/8/8/7/9;1/EUR 1.325.657,04;5/EUR 795.394,23;61/EUR 32.598,08;2334/EUR 2.839,87;0/EUR 0,00;128765/EUR 51,44;132850/EUR 34,92;2108008/EUR 3,73
07.10.1992;9/14/24/27/32/36;3;0;2/1/9/4/3/2/7;0/1/7/5/0/5;0/EUR 0,00;3/EUR 161.899,50;20/EUR 12.142,42;558/EUR 1.305,63;0/EUR 0,00;29338/EUR 24,80;0/EUR 0,00;496532/EUR 2,10
07.10.1992;3/8/13/16/19/36;40;0;2/1/9/4/3/2/7;0/1/7/5/0/5;0/EUR 0,00;0/EUR 485.698,50;12/EUR 20.237,39;550/EUR 1.324,60;0/EUR 0,00;30419/EUR 23,93;0/EUR 0,00;524927/EUR 1,99
10.10.1992;11/12/22/33/41/42;13;4;4/1/9/8/9/1/0;1/7/2/8/8/1;2/EUR 652.124,32;10/EUR 391.274,60;58/EUR 33.730,54;1812/EUR 3.598,88;0/EUR 0,00;92767/EUR 70,25;104060/EUR 43,82;1654543/EUR 4,70
14.10.1992;5/11/17/35/38/45;39;0;6/1/5/0/8/0/5;3/8/7/9/5/8;0/EUR 0,00;1/EUR 481.158,23;10/EUR 24.057,87;642/EUR 1.124,18;0/EUR 0,00;32208/EUR 22,39;0/EUR 0,00;520916/EUR 1,99
14.10.1992;3/13/19/37/40/44;29;0;6/1/5/0/8/0/5;3/8/7/9/5/8;0/EUR 0,00;2/EUR 483.428,37;14/EUR 17.184,21;500/EUR 1.443,43;0/EUR 0,00;28356/EUR 25,41;0/EUR 0,00;492995/EUR 2,10
17.10.1992;16/24/26/28/39/45;8;4;6/8/3/9/2/7/3;0/0/4/0/9/7;0/EUR 1.326.187,65;2/EUR 1.989.281,48;49/EUR 40.597,55;1678/EUR 3.951,67;0/EUR 0,00;103947/EUR 63,76;122768/EUR 37,78;1695882/EUR 4,65
21.10.1992;15/20/23/27/38/45;6;0;4/7/8/4/7/1/8;1/9/9/5/1/4;0/EUR 0,00;1/EUR 485.644,97;8/EUR 30.352,79;353/EUR 2.063,63;0/EUR 0,00;19556/EUR 37,22;0/EUR 0,00;390814/EUR 2,66
21.10.1992;3/13/25/26/27/31;16;0;4/7/8/4/7/1/8;1/9/9/5/1/4;0/EUR 0,00;6/EUR 80.940,83;22/EUR 11.037,36;635/EUR 1.147,19;0/EUR 0,00;36230/EUR 20,09;0/EUR 0,00;603307/EUR 1,74
24.10.1992;5/7/16/18/22/45;24;9;4/9/6/7/3/0/6;4/3/1/4/6/5;2/EUR 1.301.718,66;3/EUR 1.277.249,66;43/EUR 44.555,20;1237/EUR 5.162,67;0/EUR 0,00;82714/EUR 77,21;118669/EUR 37,63;1553752/EUR 4,91
28.10.1992;5/28/29/33/36/38;41;0;8/6/3/4/1/9/9;6/7/6/5/5/1;0/EUR 0,00;0/EUR 487.500,81;5/EUR 48.750,04;241/EUR 3.034,21;0/EUR 0,00;18329/EUR 39,88;0/EUR 0,00;392542/EUR 2,66
28.10.1992;2/12/21/23/43/47;33;0;8/6/3/4/1/9/9;6/7/6/5/5/1;0/EUR 0,00;2/EUR 243.750,38;29/EUR 8.405,18;463/EUR 1.579,33;0/EUR 0,00;25178/EUR 29,04;0/EUR 0,00;421588/EUR 2,51
31.10.1992;5/14/24/34/46/48;40;8;5/5/9/4/9/5/5;4/0/3/1/2/9;1/EUR 1.289.886,90;9/EUR 429.962,27;56/EUR 34.550,50;1867/EUR 3.454,39;0/EUR 0,00;90870/EUR 70,97;109456/EUR 41,21;1477117/EUR 5,22
04.11.1992;2/4/16/28/35/46;17;0;1/6/3/4/2/9/7;9/9/2/3/4/4;0/EUR 0,00;0/EUR 542.872,23;4/EUR 67.859,02;303/EUR 2.687,45;0/EUR 0,00;20981/EUR 38,81;0/EUR 0,00;445074/EUR 2,61
04.11.1992;8/11/14/17/40/49;22;0;1/6/3/4/2/9/7;9/9/2/3/4/4;0/EUR 0,00;1/EUR 1.030.373,04;8/EUR 33.929,48;396/EUR 2.056,31;0/EUR 0,00;24472/EUR 33,23;0/EUR 0,00;468932/EUR 2,51
07.11.1992;12/15/19/27/28/48;13;5;6/4/9/3/0/9/4;3/3/1/7/4/9;0/EUR 1.331.125,97;4/EUR 998.344,49;14/EUR 142.620,63;1177/EUR 5.654,73;0/EUR 0,00;82536/EUR 80,63;102590/EUR 45,40;1637441/EUR 4,86
11.11.1992;2/10/14/30/37/39;4;0;8/8/9/1/6/7/9;1/0/1/4/7/6;0/EUR 0,00;0/EUR 1.039.305,72;10/EUR 24.821,64;368/EUR 2.023,49;0/EUR 0,00;22731/EUR 32,72;0/EUR 0,00;458411/EUR 2,30
11.11.1992;15/19/25/30/43/49;45;0;8/8/9/1/6/7/9;1/0/1/4/7/6;0/EUR 0,00;2/EUR 248.216,72;8/EUR 31.027,08;303/EUR 2.457,58;0/EUR 0,00;19146/EUR 38,86;0/EUR 0,00;405760/EUR 2,61
14.11.1992;17/18/19/34/46/48;31;1;0/2/2/4/4/5/0;8/8/3/4/9/3;1/EUR 2.637.135,64;7/EUR 559.718,43;95/EUR 20.621,17;1906/EUR 3.426,01;0/EUR 0,00;97926/EUR 66,67;168028/EUR 27,20;1645577/EUR 4,76
18.11.1992;8/9/19/27/29/45;36;0;4/0/1/8/0/9/1;5/7/2/1/8/3;0/EUR 0,00;2/EUR 776.469,73;7/EUR 36.688,11;460/EUR 1.674,89;0/EUR 0,00;24562/EUR 31,34;0/EUR 0,00;455076/EUR 2,40
18.11.1992;1/10/12/22/38/42;29;0;4/0/1/8/0/9/1;5/7/2/1/8/3;0/EUR 0,00;4/EUR 128.408,45;25/EUR 10.272,67;664/EUR 1.160,27;0/EUR 0,00;35485/EUR 21,68;0/EUR 0,00;584492/EUR 1,89
21.11.1992;3/15/28/33/38/43;40;9;8/7/7/0/7/2/4;7/3/6/1/6/2;3/EUR 426.093,47;10/EUR 383.484,15;20/EUR 95.871,01;2065/EUR 3.095,11;0/EUR 0,00;96405/EUR 66,26;86393/EUR 51,74;1569582/EUR 4,86
25.11.1992;4/10/16/22/32/47;19;0;3/6/8/0/7/9/0;1/5/8/6/5/1;0/EUR 0,00;3/EUR 166.043,37;21/EUR 11.860,23;676/EUR 1.105,31;0/EUR 0,00;28348/EUR 26,33;0/EUR 0,00;455514/EUR 2,35
25.11.1992;1/6/9/14/29/44;21;0;3/6/8/0/7/9/0;1/5/8/6/5/1;0/EUR 0,00;2/EUR 249.065,05;13/EUR 19.158,82;359/EUR 2.081,32;0/EUR 0,00;22549/EUR 33,13;0/EUR 0,00;428299/EUR 2,51
28.11.1992;7/18/34/38/40/49;8;4;0/0/1/0/6/1/0;9/6/3/0/7/2;0/EUR 1.291.228,38;6/EUR 645.614,19;24/EUR 80.701,75;1520/EUR 4.247,46;0/EUR 0,00;91103/EUR 70,87;111673/EUR 40,44;1654053/EUR 4,65
02.12.1992;5/16/32/40/43/45;37;0;7/0/6/2/2/5/1;3/8/1/9/9/9;0/EUR 0,00;0/EUR 580.935,36;13/EUR 22.343,66;511/EUR 1.705,26;0/EUR 0,00;28713/EUR 30,32;0/EUR 0,00;530380/EUR 2,35
02.12.1992;12/24/28/29/36/46;41;0;7/0/6/2/2/5/1;3/8/1/9/9/9;0/EUR 0,00;2/EUR 290.467,68;12/EUR 24.205,63;479/EUR 1.819,18;0/EUR 0,00;29103/EUR 29,91;0/EUR 0,00;530479/EUR 2,35
05.12.1992;4/5/12/17/28/45;25;5;9/1/4/9/7/5/6;3/3/3/4/8/2;1/EUR 2.758.890,80;4/EUR 1.100.746,79;64/EUR 34.398,34;2370/EUR 3.096,33;0/EUR 0,00;137924/EUR 53,17;198539/EUR 25,87;2205399/EUR 3,99
09.12.1992;4/5/18/19/38/48;31;0;9/4/6/0/2/7/0;1/0/9/9/8/0;0/EUR 0,00;5/EUR 222.375,41;16/EUR 16.591,88;709/EUR 1.123,26;0/EUR 0,00;37047/EUR 21,47;0/EUR 0,00;591105/EUR 1,94
09.12.1992;15/40/46/47/48/49;5;0;9/4/6/0/2/7/0;1/0/9/9/8/0;0/EUR 0,00;2/EUR 265.470,87;6/EUR 44.245,10;1010/EUR 788,51;0/EUR 0,00;35585/EUR 22,34;0/EUR 0,00;370757/EUR 3,07
12.12.1992;5/9/12/19/21/28;40;5;9/8/8/1/7/9/1;6/9/9/9/8/2;4/EUR 330.868,79;27/EUR 147.052,76;74/EUR 26.827,18;4761/EUR 1.389,90;0/EUR 0,00;195580/EUR 33,80;182983/EUR 25,31;2573030/EUR 3,07
16.12.1992;3/9/20/21/32/41;1;0;8/0/3/3/5/3/1;8/0/4/6/1/8;0/EUR 0,00;2/EUR 272.237,62;6/EUR 45.372,91;373/EUR 2.189,56;0/EUR 0,00;21711/EUR 37,58;0/EUR 0,00;434469/EUR 2,71
16.12.1992;3/15/16/34/40/44;37;0;8/0/3/3/5/3/1;8/0/4/6/1/8;0/EUR 0,00;3/EUR 181.491,75;10/EUR 27.223,74;823/EUR 992,32;0/EUR 0,00;38288/EUR 21,32;0/EUR 0,00;605626/EUR 1,94
19.12.1992;5/8/10/11/18/31;3;0;6/2/2/9/7/2/6;1/0/6/8/1/6;0/EUR 1.378.170,90;10/EUR 413.451,22;103/EUR 20.070,40;2578/EUR 2.672,93;0/EUR 0,00;139828/EUR 49,24;223136/EUR 21,58;2126434/EUR 3,89
23.12.1992;2/4/5/21/36/46;35;0;6/5/4/5/8/4/5;3/5/3/9/8/2;0/EUR 0,00;1/EUR 525.576,66;10/EUR 26.278,82;632/EUR 1.247,40;0/EUR 0,00;33561/EUR 23,47;0/EUR 0,00;585041/EUR 1,94
23.12.1992;1/2/6/11/24/32;35;0;6/5/4/5/8/4/5;3/5/3/9/8/2;0/EUR 0,00;0/EUR 525.576,66;5/EUR 52.557,64;267/EUR 2.952,66;0/EUR 0,00;20542/EUR 38,35;0/EUR 0,00;457895/EUR 2,45
26.12.1992;2/7/15/17/39/43;16;8;9/7/2/4/5/5/2;6/7/8/0/6/1;0/EUR 2.622.830,21;6/EUR 622.329,60;32/EUR 58.343,36;1536/EUR 4.051,58;0/EUR 0,00;89717/EUR 69,33;100272/EUR 43,41;1613438/EUR 4,60
30.12.1992;15/16/23/25/43/48;46;0;1/0/4/3/4/1/1;6/6/6/1/7/8;0/EUR 0,00;3/EUR 167.281,46;3/EUR 83.640,70;607/EUR 1.240,14;0/EUR 0,00;34630/EUR 21,73;0/EUR 0,00;537007/EUR 1,99
30.12.1992;2/6/10/12/16/35;44;0;1/0/4/3/4/1/1;6/6/6/1/7/8;0/EUR 0,00;0/EUR 1.027.420,69;5/EUR 50.184,42;225/EUR 3.345,59;0/EUR 0,00;16887/EUR 44,53;0/EUR 0,00;376126/EUR 2,86
02.01.1993;1/15/16/21/24/32;17;0;2/3/2/5/5/4/5;7/0/4/0/2/0;0/EUR 3.868.498,28;3/EUR 1.246.103,24;16/EUR 116.822,17;1113/EUR 5.597,93;0/EUR 0,00;83830/EUR 74,29;111613/EUR 39,06;1590713/EUR 4,65
06.01.1993;4/29/34/42/47/48;16;0;5/7/7/9/2/2/7;6/0/4/8/3/5;0/EUR 0,00;3/EUR 161.468,17;10/EUR 24.220,20;356/EUR 2.041,03;0/EUR 0,00;20008/EUR 36,30;0/EUR 0,00;397870/EUR 2,61
06.01.1993;6/11/15/32/40/47;19;0;5/7/7/9/2/2/7;6/0/4/8/3/5;0/EUR 0,00;0/EUR 1.511.825,57;6/EUR 40.367,01;188/EUR 3.864,91;0/EUR 0,00;15633/EUR 46,48;0/EUR 0,00;342486/EUR 3,02
09.01.1993;1/7/11/22/30/42;5;5;4/0/1/5/1/3/0;6/4/4/4/2/7;0/EUR 5.197.516,96;10/EUR 398.575,13;81/EUR 24.603,37;2182/EUR 3.044,39;0/EUR 0,00;107272/EUR 61,92;168566/EUR 27,56;1728997/EUR 4,60
13.01.1993;3/14/33/34/43/47;8;0;4/5/5/0/8/4/8;1/6/2/8/8/2;0/EUR 0,00;1/EUR 566.028,80;12/EUR 23.584,51;471/EUR 1.802,61;0/EUR 0,00;29559/EUR 28,68;0/EUR 0,00;554212/EUR 2,20
13.01.1993;2/6/9/21/39/45;12;0;4/5/5/0/8/4/8;1/6/2/8/8/2;0/EUR 0,00;0/EUR 2.077.854,36;11/EUR 25.728,57;374/EUR 2.270,14;0/EUR 0,00;23247/EUR 36,51;0/EUR 0,00;458467/EUR 2,66
16.01.1993;1/3/10/11/18/25;9;8;8/2/6/6/7/6/0;9/9/5/8/7/2;3/EUR 2.233.970,69;30/EUR 150.439,51;199/EUR 11.339,64;4663/EUR 1.613,07;0/EUR 0,00;187413/EUR 40,09;267097/EUR 19,68;2458426/EUR 3,63
20.01.1993;3/4/12/17/30/32;8;0;8/7/5/1/6/4/9;9/2/0/4/1/8;0/EUR 0,00;2/EUR 268.375,63;5/EUR 53.675,11;357/EUR 2.255,26;0/EUR 0,00;24288/EUR 33,13;0/EUR 0,00;472737/EUR 2,45
20.01.1993;4/27/28/33/39/44;3;0;8/7/5/1/6/4/9;9/2/0/4/1/8;0/EUR 0,00;6/EUR 435.767,58;16/EUR 16.773,44;817/EUR 985,46;0/EUR 0,00;40947/EUR 19,63;0/EUR 0,00;672895/EUR 1,69
23.01.1993;2/14/18/21/29/45;48;6;2/3/0/2/5/0/7;4/6/1/2/1/4;0/EUR 1.316.378,98;2/EUR 1.974.568,50;21/EUR 94.027,04;1394/EUR 4.721,58;0/EUR 0,00;80288/EUR 81,96;87300/EUR 52,77;1445401/EUR 5,42
27.01.1993;3/15/18/28/31/38;22;0;9/6/3/7/7/4/2;8/5/5/2/3/2;0/EUR 0,00;0/EUR 509.613,82;9/EUR 28.311,87;546/EUR 1.400,02;0/EUR 0,00;29215/EUR 26,13;0/EUR 0,00;512326/EUR 2,15
27.01.1993;14/28/29/35/40/47;39;0;9/6/3/7/7/4/2;8/5/5/2/3/2;0/EUR 0,00;0/EUR 509.613,82;5/EUR 50.961,38;325/EUR 2.352,04;0/EUR 0,00;19101/EUR 39,98;0/EUR 0,00;381876/EUR 2,86
30.01.1993;8/9/15/18/30/42;47;4;6/6/7/5/9/9/9;9/0/3/9/0/0;1/EUR 2.628.714,05;2/EUR 1.968.502,63;20/EUR 98.425,12;1208/EUR 5.431,81;0/EUR 0,00;83311/EUR 78,74;89520/EUR 51,28;1647995/EUR 4,76
03.02.1993;3/13/16/18/29/43;17;0;5/0/7/9/7/4/6;8/4/7/1/5/6;0/EUR 0,00;2/EUR 837.056,13;17/EUR 34.249,91;700/EUR 2.495,31;0/EUR 0,00;44958/EUR 38,81;0/EUR 0,00;914760/EUR 2,71
03.02.1993;18/22/31/46/47/48;10;0;5/0/7/9/7/4/6;8/4/7/1/5/6;0/EUR 0,00;2/EUR 837.056,13;21/EUR 27.726,13;924/EUR 1.890,40;0/EUR 0,00;58053/EUR 30,06;0/EUR 0,00;1139402/EUR 2,20
06.02.1993;4/6/20/25/32/42;26;0;4/3/6/6/6/3/0;9/5/6/5/8/0;0/EUR 1.315.342,34;2/EUR 1.973.013,50;26/EUR 75.885,12;1451/EUR 4.532,50;0/EUR 0,00;94212/EUR 69,79;122769/EUR 37,48;1738127/EUR 4,50
10.02.1993;22/27/31/33/38/47;46;0;8/8/2/0/1/4/8;7/0/5/3/0/3;0/EUR 0,00;4/EUR 132.833,32;30/EUR 8.855,52;896/EUR 889,49;0/EUR 0,00;37668/EUR 21,12;0/EUR 0,00;569259/EUR 1,99
10.02.1993;9/12/26/32/38/47;22;0;8/8/2/0/1/4/8;7/0/5/3/0/3;0/EUR 0,00;0/EUR 531.333,40;8/EUR 33.208,31;443/EUR 1.799,08;0/EUR 0,00;24438/EUR 32,57;0/EUR 0,00;470273/EUR 2,40
13.02.1993;6/11/18/19/24/39;40;7;5/2/8/5/0/7/3;4/4/0/3/2/0;2/EUR 1.309.683,82;5/EUR 782.415,14;70/EUR 27.943,38;2885/EUR 2.259,96;0/EUR 0,00;155295/EUR 41,98;165386/EUR 27,56;2370162/EUR 3,27
17.02.1993;10/11/12/13/22/31;15;0;6/7/3/5/5/0/6;3/6/2/7/2/5;0/EUR 0,00;2/EUR 529.679,83;17/EUR 15.530,18;883/EUR 896,96;0/EUR 0,00;32415/EUR 24,39;0/EUR 0,00;526211/EUR 2,15
17.02.1993;4/22/38/39/43/48;2;0;6/7/3/5/5/0/6;3/6/2/7/2/5;0/EUR 0,00;0/EUR 528.026,26;3/EUR 88.004,38;246/EUR 3.219,66;0/EUR 0,00;19385/EUR 40,85;0/EUR 0,00;403584/EUR 2,81
20.02.1993;9/10/23/24/36/49;7;4;7/9/2/0/6/0/8;2/7/3/4/4/3;0/EUR 1.290.066,57;4/EUR 967.549,94;46/EUR 42.067,36;1425/EUR 4.526,52;0/EUR 0,00;85347/EUR 75,57;147918/EUR 30,52;1588566/EUR 4,86
24.02.1993;2/24/32/34/36/41;1;0;1/2/3/4/4/0/9;7/6/0/8/9/0;0/EUR 0,00;0/EUR 499.639,85;6/EUR 41.636,65;293/EUR 2.557,84;0/EUR 0,00;22229/EUR 33,69;0/EUR 0,00;447233/EUR 2,40
24.02.1993;6/18/27/29/35/48;36;0;1/2/3/4/4/0/9;7/6/0/8/9/0;0/EUR 0,00;2/EUR 513.833,05;9/EUR 27.757,73;466/EUR 1.608,27;0/EUR 0,00;24528/EUR 30,52;0/EUR 0,00;443498/EUR 2,40
27.02.1993;4/7/9/14/22/38;31;1;3/7/3/2/4/9/5;2/2/1/2/0/7;0/EUR 2.581.665,23;6/EUR 645.799,33;72/EUR 26.908,27;2108/EUR 3.063,56;0/EUR 0,00;114365/EUR 56,45;142541/EUR 31,70;1844850/EUR 4,19
03.03.1993;5/9/11/16/35/38;26;0;2/3/6/6/2/3/6;8/4/5/7/8/2;0/EUR 0,00;0/EUR 1.063.617,65;21/EUR 13.428,01;493/EUR 1.715,95;0/EUR 0,00;31320/EUR 27,00;0/EUR 0,00;587666/EUR 2,05
03.03.1993;3/5/26/29/39/41;1;0;2/3/6/6/2/3/6;8/4/5/7/8/2;0/EUR 0,00;3/EUR 187.992,57;6/EUR 46.998,10;475/EUR 1.780,93;0/EUR 0,00;28485/EUR 29,65;0/EUR 0,00;542637/EUR 2,25
06.03.1993;6/12/17/18/30/32;25;2;5/5/0/7/8/7/2;2/8/6/0/7/3;4/EUR 987.371,24;17/EUR 241.379,98;82/EUR 25.021,09;3862/EUR 1.770,86;0/EUR 0,00;207022/EUR 33,03;213064/EUR 22,45;2399360/EUR 3,37
10.03.1993;7/14/27/29/41/47;15;0;7/9/3/6/1/7/8;1/1/4/6/8/4;0/EUR 0,00;1/EUR 518.640,47;15/EUR 17.288,01;451/EUR 1.724,95;0/EUR 0,00;24030/EUR 32,36;0/EUR 0,00;448599/EUR 2,45
10.03.1993;2/12/16/33/43/44;26;0;7/9/3/6/1/7/8;1/1/4/6/8/4;0/EUR 0,00;0/EUR 1.582.258,12;5/EUR 51.864,02;597/EUR 1.303,08;0/EUR 0,00;28549/EUR 27,20;0/EUR 0,00;491647/EUR 2,25
13.03.1993;7/10/34/37/40/41;23;6;1/3/2/2/5/1/9;9/1/8/6/1/5;0/EUR 1.301.526,92;2/EUR 1.952.290,38;44/EUR 44.370,22;1046/EUR 6.221,40;0/EUR 0,00;80218/EUR 81,09;145365/EUR 31,29;1587886/EUR 4,91
17.03.1993;6/14/15/17/24/30;16;0;2/7/3/9/7/5/8;0/8/3/4/7/6;0/EUR 0,00;3/EUR 700.198,84;7/EUR 37.024,18;352/EUR 2.208,78;0/EUR 0,00;23598/EUR 32,93;0/EUR 0,00;476579/EUR 2,35
17.03.1993;2/12/17/27/44/48;4;0;2/7/3/9/7/5/8;0/8/3/4/7/6;0/EUR 0,00;1/EUR 518.338,51;17/EUR 15.245,24;648/EUR 1.199,85;0/EUR 0,00;30155/EUR 25,77;0/EUR 0,00;510203/EUR 2,20
20.03.1993;10/12/21/34/44/49;9;2;8/2/4/9/5/1/9;8/5/6/7/4/2;1/EUR 2.575.438,36;3/EUR 1.273.911,43;29/EUR 65.891,92;1156/EUR 5.509,99;0/EUR 0,00;71472/EUR 89,12;105729/EUR 42,13;1392348/EUR 5,47
24.03.1993;20/29/31/34/35/46;26;0;9/1/2/3/1/4/3;4/8/8/2/6/0;0/EUR 0,00;1/EUR 590.917,67;11/EUR 26.859,85;411/EUR 2.156,63;0/EUR 0,00;22804/EUR 38,86;0/EUR 0,00;443362/EUR 2,86
24.03.1993;2/31/32/35/36/39;45;0;9/1/2/3/1/4/3;4/8/8/2/6/0;0/EUR 0,00;1/EUR 590.917,67;9/EUR 32.828,72;479/EUR 1.850,47;0/EUR 0,00;23971/EUR 36,97;0/EUR 0,00;445545/EUR 2,86
27.03.1993;4/6/8/10/15/31;45;7;7/8/5/2/8/7/0;7/1/8/5/7/1;0/EUR 1.282.692,72;7/EUR 549.725,44;20/EUR 96.201,92;2464/EUR 2.602,83;0/EUR 0,00;121435/EUR 52,77;97574/EUR 45,97;1792534/EUR 4,24
31.03.1993;8/12/23/34/37/49;13;0;0/6/3/1/7/3/0;4/7/0/5/2/6;0/EUR 0,00;1/EUR 500.555,21;7/EUR 35.753,93;296/EUR 2.536,57;0/EUR 0,00;18323/EUR 40,95;0/EUR 0,00;377857/EUR 2,86
31.03.1993;1/22/31/38/44/48;49;0;0/6/3/1/7/3/0;4/7/0/5/2/6;0/EUR 0,00;5/EUR 100.111,00;13/EUR 19.252,08;479/EUR 1.567,47;0/EUR 0,00;26308/EUR 28,53;0/EUR 0,00;443021/EUR 2,40
03.04.1993;9/16/22/26/44/46;7;2;9/0/8/7/2/5/2;9/2/6/0/7/4;1/EUR 2.567.890,51;3/EUR 1.285.197,79;49/EUR 39.342,79;1335/EUR 4.813,46;0/EUR 0,00;83743/EUR 76,69;127310/EUR 35,33;1535941/EUR 5,01
07.04.1993;2/11/25/29/33/49;37;0;8/7/5/5/4/0/2;0/0/6/4/1/9;0/EUR 0,00;2/EUR 250.785,45;5/EUR 50.157,07;425/EUR 1.770,25;0/EUR 0,00;23365/EUR 32,16;0/EUR 0,00;461708/EUR 2,35
07.04.1993;13/19/20/25/35/39;31;0;8/7/5/5/4/0/2;0/0/6/4/1/9;0/EUR 0,00;2/EUR 250.785,45;13/EUR 19.291,14;423/EUR 1.778,58;0/EUR 0,00;27649/EUR 27,20;0/EUR 0,00;503526/EUR 2,15
10.04.1993;5/24/28/30/44/49;9;6;1/1/0/0/6/8/9;0/9/7/6/8/8;0/EUR 1.227.630,06;1/EUR 3.682.890,23;27/EUR 68.201,63;972/EUR 6.314,97;0/EUR 0,00;67603/EUR 90,75;126382/EUR 33,95;1333202/EUR 5,52
14.04.1993;6/12/16/27/40/46;37;0;1/6/6/9/5/1/9;4/1/7/4/0/0;0/EUR 0,00;0/EUR 462.425,06;6/EUR 38.535,40;286/EUR 2.425,26;0/EUR 0,00;16668/EUR 41,57;0/EUR 0,00;344265/EUR 2,86
14.04.1993;1/10/14/38/39/41;30;0;1/6/6/9/5/1/9;4/1/7/4/0/0;0/EUR 0,00;2/EUR 231.212,53;22/EUR 10.509,66;520/EUR 1.333,91;0/EUR 0,00;28799/EUR 24,08;0/EUR 0,00;470017/EUR 2,10
17.04.1993;18/22/23/27/32/36;39;0;4/6/4/9/1/8/3;0/9/7/1/1/8;0/EUR 2.465.728,46;2/EUR 1.857.147,60;54/EUR 34.391,59;1972/EUR 3.139,18;0/EUR 0,00;106397/EUR 58,13;126569/EUR 34,21;1649311/EUR 4,50
21.04.1993;10/11/17/21/24/25;23;0;2/9/1/1/8/1/2;8/7/1/0/7/2;0/EUR 0,00;4/EUR 120.965,22;7/EUR 34.561,49;760/EUR 954,94;0/EUR 0,00;30016/EUR 24,13;0/EUR 0,00;545244/EUR 1,89
21.04.1993;10/11/20/24/27/30;6;0;2/9/1/1/8/1/2;8/7/1/0/7/2;0/EUR 0,00;1/EUR 946.286,03;17/EUR 14.231,20;594/EUR 1.221,83;0/EUR 0,00;32878/EUR 22,04;0/EUR 0,00;542658/EUR 1,89
24.04.1993;15/17/18/26/34/49;3;2;6/1/8/1/0/9/5;5/0/2/0/9/3;0/EUR 3.703.583,08;4/EUR 928.390,96;22/EUR 84.399,16;1050/EUR 5.894,53;0/EUR 0,00;68126/EUR 90,81;130693/EUR 33,13;1385093/EUR 5,32
28.04.1993;5/8/18/32/35/47;25;0;5/1/5/8/0/0/2;4/3/4/6/6/5;0/EUR 0,00;3/EUR 157.902,78;13/EUR 18.219,53;524/EUR 1.356,00;0/EUR 0,00;24666/EUR 28,79;0/EUR 0,00;445943/EUR 2,30
28.04.1993;3/20/27/31/44/49;1;0;5/1/5/8/0/0/2;4/3/4/6/6/5;0/EUR 0,00;0/EUR 473.708,35;6/EUR 39.475,67;374/EUR 1.899,86;0/EUR 0,00;21556/EUR 32,93;0/EUR 0,00;409846/EUR 2,45
01.05.1993;1/2/6/13/30/34;5;8;7/4/3/1/6/4/5;6/4/2/5/2/0;0/EUR 4.962.601,10;5/EUR 755.410,80;29/EUR 65.121,61;1166/EUR 5.398,83;0/EUR 0,00;81851/EUR 76,90;159181/EUR 27,66;1500981/EUR 5,01
05.05.1993;19/20/22/35/39/43;40;0;1/6/3/5/8/5/5;8/3/2/6/3/7;0/EUR 0,00;0/EUR 991.804,60;3/EUR 86.349,38;509/EUR 1.526,77;0/EUR 0,00;28180/EUR 27,56;0/EUR 0,00;508824/EUR 2,20
05.05.1993;6/12/17/38/40/47;10;0;1/6/3/5/8/5/5;8/3/2/6/3/7;0/EUR 0,00;1/EUR 518.096,26;8/EUR 32.380,98;331/EUR 2.347,85;0/EUR 0,00;20807/EUR 37,32;0/EUR 0,00;397149/EUR 2,81
08.05.1993;9/12/21/31/37/44;6;9;2/4/4/4/3/3/9;3/9/2/6/2/9;1/EUR 6.338.646,66;9/EUR 458.681,84;60/EUR 34.401,10;2279/EUR 3.018,92;0/EUR 0,00;114448/EUR 60,08;159441/EUR 30,17;1896529/EUR 4,35
12.05.1993;7/15/27/30/36/49;28;0;5/6/9/3/0/6/2;1/0/1/2/1/5;0/EUR 0,00;0/EUR 484.527,64;6/EUR 40.377,28;345/EUR 2.105,19;0/EUR 0,00;20461/EUR 35,48;0/EUR 0,00;411330/EUR 2,51
12.05.1993;4/7/14/20/38/39;32;0;5/6/9/3/0/6/2;1/0/1/2/1/5;0/EUR 0,00;2/EUR 738.166,10;14/EUR 17.304,52;356/EUR 2.040,16;0/EUR 0,00;22662/EUR 32,01;0/EUR 0,00;428614/EUR 2,40
15.05.1993;8/22/26/30/31/48;25;3;4/0/3/1/7/4/7;4/1/6/0/6/2;0/EUR 1.241.874,96;1/EUR 3.725.624,88;21/EUR 88.705,31;934/EUR 6.648,12;0/EUR 0,00;66598/EUR 93,21;83597/EUR 51,95;1340605/EUR 5,52
19.05.1993;26/36/40/46/47/49;21;0;5/2/0/4/5/1/2;1/2/4/5/4/9;0/EUR 0,00;1/EUR 959.094,55;4/EUR 59.320,85;375/EUR 1.898,22;0/EUR 0,00;22170/EUR 32,06;0/EUR 0,00;363586/EUR 2,81
19.05.1993;4/5/14/17/24/37;40;0;5/2/0/4/5/1/2;1/2/4/5/4/9;0/EUR 0,00;0/EUR 474.566,91;9/EUR 26.364,82;459/EUR 1.550,85;0/EUR 0,00;26578/EUR 26,74;0/EUR 0,00;482369/EUR 2,10
22.05.1993;1/6/7/28/29/42;38;4;3/5/0/1/2/7/2;0/4/9/2/2/6;0/EUR 2.441.899,96;2/EUR 1.800.037,48;25/EUR 72.001,45;1525/EUR 3.934,49;0/EUR 0,00;82588/EUR 72,60;90035/EUR 46,63;1551544/EUR 4,60
26.05.1993;1/3/13/17/18/24;36;0;7/0/3/0/3/4/0;7/5/6/1/0/7;0/EUR 0,00;1/EUR 466.158,15;8/EUR 29.134,84;609/EUR 1.148,16;0/EUR 0,00;32237/EUR 21,68;0/EUR 0,00;541752/EUR 1,84
26.05.1993;7/12/16/26/42/48;32;0;7/0/3/0/3/4/0;7/5/6/1/0/7;0/EUR 0,00;3/EUR 313.575,00;13/EUR 17.929,11;479/EUR 1.459,74;0/EUR 0,00;24858/EUR 28,12;0/EUR 0,00;440603/EUR 2,25
29.05.1993;14/24/26/29/30/40;13;4;7/7/5/1/2/5/2;8/2/8/0/6/5;0/EUR 3.681.207,42;1/EUR 3.717.922,47;31/EUR 59.966,46;1042/EUR 5.946,73;0/EUR 0,00;73453/EUR 84,31;103138/EUR 42,03;1405521/EUR 5,27
02.06.1993;5/10/13/14/44/45;32;0;0/9/6/8/5/0/7;4/8/6/8/8/1;0/EUR 0,00;1/EUR 448.382,83;7/EUR 32.027,32;211/EUR 3.187,55;0/EUR 0,00;14851/EUR 45,25;0/EUR 0,00;344836/EUR 2,81
02.06.1993;7/13/15/33/46/47;12;0;0/9/6/8/5/0/7;4/8/6/8/8/1;0/EUR 0,00;2/EUR 224.191,42;4/EUR 56.047,82;351/EUR 1.916,12;0/EUR 0,00;19602/EUR 34,31;0/EUR 0,00;375869/EUR 2,56
05.06.1993;5/20/25/33/41/43;35;9;3/5/5/9/8/2/5;3/2/2/2/7/5;1/EUR 4.947.350,49;12/EUR 316.535,74;154/EUR 12.332,51;2795/EUR 2.264,97;0/EUR 0,00;128196/EUR 49,34;193508/EUR 22,85;1818730/EUR 4,14
09.06.1993;5/12/14/16/21/45;31;0;4/2/8/1/4/0/2;8/1/7/7/9/6;0/EUR 0,00;1/EUR 474.523,04;10/EUR 23.726,14;472/EUR 1.508,00;0/EUR 0,00;25035/EUR 28,43;0/EUR 0,00;444058/EUR 2,30
09.06.1993;17/21/27/39/42/48;32;0;4/2/8/1/4/0/2;8/1/7/7/9/6;0/EUR 0,00;0/EUR 474.523,04;12/EUR 19.771,76;273/EUR 2.607,23;0/EUR 0,00;21688/EUR 32,77;0/EUR 0,00;430525/EUR 2,35
12.06.1993;10/18/22/34/35/43;20;6;4/6/2/3/5/2/5;0/8/9/1/0/6;0/EUR 1.202.886,81;3/EUR 1.202.886,81;20/EUR 90.216,48;1176/EUR 5.114,30;0/EUR 0,00;73590/EUR 81,70;82395/EUR 51,08;1356430/EUR 5,32
16.06.1993;5/10/22/25/34/42;1;0;8/3/0/3/3/5/8;4/0/8/2/6/3;0/EUR 0,00;1/EUR 944.718,00;11/EUR 21.372,46;479/EUR 1.472,42;0/EUR 0,00;24151/EUR 29,19;0/EUR 0,00;444360/EUR 2,25
16.06.1993;2/7/8/24/43/47;5;0;8/3/0/3/3/5/8;4/0/8/2/6/3;0/EUR 0,00;2/EUR 235.097,48;12/EUR 19.591,43;368/EUR 1.916,53;0/EUR 0,00;20861/EUR 33,80;0/EUR 0,00;420006/EUR 2,40
19.06.1993;7/8/24/30/33/37;27;7;9/3/8/2/1/8/7;0/5/0/7/5/4;0/EUR 2.438.717,37;2/EUR 1.853.745,88;22/EUR 84.261,16;1226/EUR 5.040,06;0/EUR 0,00;85687/EUR 72,09;124899/EUR 34,61;1626775/EUR 4,55
23.06.1993;7/16/20/23/26/49;31;0;7/2/6/2/2/7/6;6/4/7/9/8/9;0/EUR 0,00;1/EUR 473.496,83;5/EUR 47.349,67;416/EUR 1.707,31;0/EUR 0,00;23090/EUR 30,73;0/EUR 0,00;452901/EUR 2,25
23.06.1993;8/9/12/27/43/49;48;0;7/2/6/2/2/7/6;6/4/7/9/8/9;0/EUR 0,00;1/EUR 473.496,83;9/EUR 26.305,35;215/EUR 3.303,46;0/EUR 0,00;18078/EUR 39,27;0/EUR 0,00;400600/EUR 2,56
26.06.1993;6/8/11/14/41/49;40;4;7/0/4/3/1/4/7;2/1/3/2/6/7;2/EUR 2.474.570,44;1/EUR 2.474.570,44;20/EUR 93.468,60;1102/EUR 5.654,48;0/EUR 0,00;68936/EUR 90,35;86740/EUR 50,26;1399638/EUR 5,32
30.06.1993;5/13/14/35/43/49;8;0;8/3/6/6/9/6/2;0/0/9/6/5/4;0/EUR 0,00;11/EUR 44.749,19;52/EUR 4.733,08;1604/EUR 460,32;0/EUR 0,00;56676/EUR 12,99;0/EUR 0,00;747131/EUR 1,38
30.06.1993;3/4/7/9/12/24;16;0;8/3/6/6/9/6/2;0/0/9/6/5/4;0/EUR 0,00;0/EUR 492.241,15;3/EUR 82.040,16;343/EUR 2.152,64;0/EUR 0,00;19966/EUR 36,97;0/EUR 0,00;400312/EUR 2,66
03.07.1993;3/18/27/29/32/36;40;4;1/8/0/0/6/6/0;2/1/6/0/8/8;0/EUR 1.229.147,63;3/EUR 1.229.147,63;53/EUR 34.787,17;2006/EUR 3.063,66;0/EUR 0,00;121786/EUR 50,41;122363/EUR 35,13;1828558/EUR 3,99
07.07.1993;2/13/15/28/36/43;23;0;4/0/2/5/2/3/6;5/1/9/8/4/0;0/EUR 0,00;0/EUR 467.815,61;3/EUR 77.969,25;293/EUR 2.394,94;0/EUR 0,00;17664/EUR 39,68;0/EUR 0,00;356080/EUR 2,81
07.07.1993;16/20/38/40/42/45;37;0;4/0/2/5/2/3/6;5/1/9/8/4/0;0/EUR 0,00;1/EUR 960.129,92;15/EUR 15.593,84;351/EUR 1.999,20;0/EUR 0,00;18327/EUR 38,24;0/EUR 0,00;354249/EUR 2,81
10.07.1993;15/17/26/27/40/41;29;3;9/0/8/0/7/1/8;9/6/1/8/2/2;2/EUR 1.217.406,68;8/EUR 452.124,62;25/EUR 72.339,93;1298/EUR 4.644,32;0/EUR 0,00;73829/EUR 81,60;90991/EUR 46,37;1491026/EUR 4,81
14.07.1993;7/8/18/42/47/48;16;0;0/5/2/8/6/1/0;3/8/3/8/8/7;0/EUR 0,00;1/EUR 935.913,76;14/EUR 16.717,76;672/EUR 1.044,82;0/EUR 0,00;37604/EUR 18,66;0/EUR 0,00;597488/EUR 1,69
14.07.1993;3/7/9/22/23/33;17;0;0/5/2/8/6/1/0;3/8/3/8/8/7;0/EUR 0,00;0/EUR 468.098,15;5/EUR 46.809,79;324/EUR 2.167,11;0/EUR 0,00;19722/EUR 35,59;0/EUR 0,00;392519/EUR 2,56
17.07.1993;4/11/13/15/46/47;38;8;4/5/8/5/6/3/9;5/9/4/8/8/0;0/EUR 1.211.875,57;2/EUR 1.817.813,36;23/EUR 79.035,35;1075/EUR 5.636,58;0/EUR 0,00;70471/EUR 85,95;122861/EUR 34,51;1347074/EUR 5,37
21.07.1993;21/23/32/36/38/40;31;0;0/3/0/7/0/8/7;2/0/6/3/8/0;0/EUR 0,00;1/EUR 942.406,55;14/EUR 16.939,56;396/EUR 1.796,58;0/EUR 0,00;21984/EUR 32,31;0/EUR 0,00;407368/EUR 2,51
21.07.1993;2/6/23/28/43/44;46;0;0/3/0/7/0/8/7;2/0/6/3/8/0;0/EUR 0,00;1/EUR 474.308,40;8/EUR 29.644,24;299/EUR 2.379,45;0/EUR 0,00;19721/EUR 36,05;0/EUR 0,00;392376/EUR 2,61
24.07.1993;6/18/25/32/41/46;36;6;0/7/2/1/2/6/9;2/1/2/0/6/4;0/EUR 2.425.226,58;13/EUR 280.004,04;60/EUR 30.333,77;3265/EUR 1.858,09;0/EUR 0,00;142736/EUR 42,49;124534/EUR 34,05;1848819/EUR 3,94
28.07.1993;15/21/27/30/33/38;18;0;1/2/8/6/4/6/1;4/6/6/4/3/7;0/EUR 0,00;3/EUR 154.870,82;5/EUR 46.461,25;299/EUR 2.330,83;0/EUR 0,00;19585/EUR 35,53;0/EUR 0,00;400776/EUR 2,51
28.07.1993;2/6/30/31/33/36;1;0;1/2/8/6/4/6/1;4/6/6/4/3/7;0/EUR 0,00;2/EUR 232.306,23;17/EUR 13.665,04;481/EUR 1.448,85;0/EUR 0,00;23249/EUR 29,96;0/EUR 0,00;409519/EUR 2,45
31.07.1993;2/3/6/21/22/44;4;3;2/6/5/8/2/3/2;2/3/1/2/4/6;0/EUR 3.641.976,76;3/EUR 1.216.750,18;34/EUR 53.680,13;1117/EUR 5.446,49;0/EUR 0,00;78116/EUR 77,87;146136/EUR 29,09;1499178/EUR 4,86
04.08.1993;6/11/13/33/34/42;41;0;1/5/8/2/2/6/9;5/6/2/7/5/1;0/EUR 0,00;0/EUR 473.493,50;11/EUR 21.522,42;262/EUR 2.710,82;0/EUR 0,00;20529/EUR 34,56;0/EUR 0,00;411695/EUR 2,45
04.08.1993;1/22/30/31/36/40;2;0;1/5/8/2/2/6/9;5/6/2/7/5/1;0/EUR 0,00;0/EUR 473.493,50;3/EUR 78.915,55;282/EUR 2.518,57;0/EUR 0,00;17197/EUR 41,26;0/EUR 0,00;375637/EUR 2,71
07.08.1993;13/17/20/25/41/46;15;4;8/8/8/3/8/5/5;7/9/2/7/6/2;2/EUR 2.440.501,53;2/EUR 1.858.539,55;25/EUR 74.341,53;1690/EUR 3.665,76;0/EUR 0,00;95882/EUR 64,58;88848/EUR 48,78;1673683/EUR 4,40
11.08.1993;3/25/27/29/36/49;41;0;8/1/1/3/8/1/4;4/0/0/5/3/5;0/EUR 0,00;1/EUR 946.060,80;7/EUR 33.754,77;295/EUR 2.402,87;0/EUR 0,00;21934/EUR 32,31;0/EUR 0,00;430117/EUR 2,35
11.08.1993;7/22/26/27/36/41;48;0;8/1/1/3/8/1/4;4/0/0/5/3/5;0/EUR 0,00;0/EUR 946.060,80;1/EUR 236.283,62;322/EUR 2.201,37;0/EUR 0,00;20383/EUR 34,77;0/EUR 0,00;421921/EUR 2,40
14.08.1993;15/17/20/35/38/44;3;8;5/5/1/5/9/4/3;1/9/6/9/6/2;0/EUR 1.235.215,18;1/EUR 3.705.645,53;24/EUR 77.200,93;909/EUR 6.794,35;0/EUR 0,00;58869/EUR 104,87;103259/EUR 41,82;1177530/EUR 6,29
18.08.1993;6/9/13/20/34/48;4;0;8/1/9/0/3/9/5;0/0/4/3/6/2;0/EUR 0,00;2/EUR 235.252,04;4/EUR 58.812,98;616/EUR 1.145,70;0/EUR 0,00;23957/EUR 29,45;0/EUR 0,00;412888/EUR 2,45
18.08.1993;5/10/12/18/25/44;21;0;8/1/9/0/3/9/5;0/0/4/3/6/2;0/EUR 0,00;2/EUR 708.282,47;9/EUR 26.139,08;578/EUR 1.221,02;0/EUR 0,00;33507/EUR 21,01;0/EUR 0,00;543614/EUR 1,84
21.08.1993;6/8/9/29/31/44;41;8;4/9/5/9/6/2/6;2/5/0/5/4/0;1/EUR 2.444.594,52;4/EUR 907.034,51;46/EUR 39.436,25;1227/EUR 4.928,19;0/EUR 0,00;79593/EUR 75,93;104022/EUR 40,65;1501836/EUR 4,81
25.08.1993;16/30/41/42/43/49;31;0;3/7/7/7/3/9/5;7/5/3/2/7/0;0/EUR 0,00;0/EUR 465.602,79;5/EUR 46.560,23;258/EUR 2.706,98;0/EUR 0,00;18261/EUR 38,24;0/EUR 0,00;349975/EUR 2,86
25.08.1993;8/11/31/32/34/39;12;0;3/7/7/7/3/9/5;7/5/3/2/7/0;0/EUR 0,00;0/EUR 465.602,79;7/EUR 33.257,34;261/EUR 2.675,85;0/EUR 0,00;20547/EUR 33,95;0/EUR 0,00;438112/EUR 2,30
28.08.1993;5/14/20/26/30/41;34;5;5/4/2/9/7/0/8;0/2/7/5/2/4;0/EUR 1.215.911,66;5/EUR 729.547,00;53/EUR 34.412,55;1803/EUR 3.371,87;0/EUR 0,00;91592/EUR 66,37;97072/EUR 43,82;1526072/EUR 4,76
01.09.1993;5/14/24/33/47/48;45;0;7/1/0/3/7/0/2;3/0/0/8/2/4;0/EUR 0,00;1/EUR 1.007.656,90;10/EUR 27.102,66;448/EUR 1.814,88;0/EUR 0,00;24317/EUR 33,39;0/EUR 0,00;452570/EUR 2,56
01.09.1993;1/9/11/15/33/38;10;0;7/1/0/3/7/0/2;3/0/0/8/2/4;0/EUR 0,00;0/EUR 1.007.656,90;9/EUR 30.114,07;364/EUR 2.233,73;0/EUR 0,00;26259/EUR 30,93;0/EUR 0,00;532146/EUR 2,20
04.09.1993;2/14/19/25/26/39;31;8;7/9/8/2/6/3/7;6/3/0/7/2/7;0/EUR 2.562.828,36;5/EUR 808.149,99;49/EUR 41.232,11;2234/EUR 3.014,58;0/EUR 0,00;108571/EUR 62,02;157265/EUR 29,96;1847772/EUR 4,35
08.09.1993;9/12/22/37/41/47;2;0;7/7/6/6/4/9/7;1/6/8/5/5/1;0/EUR 0,00;4/EUR 373.643,47;18/EUR 13.525,46;660/EUR 1.106,59;0/EUR 0,00;27821/EUR 26,23;0/EUR 0,00;515770/EUR 2,05
08.09.1993;3/4/5/24/25/46;1;0;7/7/6/6/4/9/7;1/6/8/5/5/1;0/EUR 0,00;1/EUR 486.916,96;16/EUR 15.216,15;400/EUR 1.825,93;0/EUR 0,00;22142/EUR 32,98;0/EUR 0,00;425516/EUR 2,45
11.09.1993;1/8/26/27/29/44;2;1;3/5/1/0/5/2/3;5/5/3/2/9/5;0/EUR 3.799.200,24;3/EUR 1.236.371,87;16/EUR 115.909,82;934/EUR 6.618,67;0/EUR 0,00;64028/EUR 96,53;95572/EUR 45,25;1267190/EUR 5,83
15.09.1993;13/25/27/38/46/49;14;0;7/5/6/2/2/6/7;5/2/1/6/8/7;0/EUR 0,00;0/EUR 470.149,66;10/EUR 23.507,46;250/EUR 2.820,85;0/EUR 0,00;17369/EUR 40,60;0/EUR 0,00;371007/EUR 2,71
15.09.1993;11/12/14/23/44/48;35;0;7/5/6/2/2/6/7;5/2/1/6/8/7;0/EUR 0,00;1/EUR 470.149,66;10/EUR 23.507,46;435/EUR 1.621,20;0/EUR 0,00;24048/EUR 29,30;0/EUR 0,00;435569/EUR 2,30
18.09.1993;5/14/22/23/37/47;15;8;7/5/7/4/5/8/1;9/6/8/6/9/5;0/EUR 5.078.243,41;3/EUR 1.279.043,17;24/EUR 79.940,18;1426/EUR 4.484,69;0/EUR 0,00;80424/EUR 79,51;88811/EUR 50,36;1435030/EUR 5,32
22.09.1993;11/15/24/25/38/44;34;0;7/2/7/7/7/3/1;3/3/5/4/9/9;0/EUR 0,00;0/EUR 467.663,86;13/EUR 17.987,04;415/EUR 1.690,33;0/EUR 0,00;23098/EUR 30,32;0/EUR 0,00;426507/EUR 2,35
22.09.1993;1/7/9/17/40/46;33;0;7/2/7/7/7/3/1;3/3/5/4/9/9;0/EUR 0,00;3/EUR 312.604,47;11/EUR 21.257,42;408/EUR 1.719,32;0/EUR 0,00;26120/EUR 26,84;0/EUR 0,00;504038/EUR 1,99
25.09.1993;12/24/32/36/40/42;31;1;0/8/0/5/3/4/9;9/5/8/9/8/8;2/EUR 3.201.316,01;15/EUR 264.877,72;30/EUR 66.219,41;4348/EUR 1.522,99;0/EUR 0,00;172064/EUR 38,45;123212/EUR 37,58;2209484/EUR 3,58
29.09.1993;6/7/11/17/36/41;15;0;4/9/2/8/9/4/5;0/6/5/1/4/6;0/EUR 0,00;0/EUR 960.623,72;7/EUR 35.211,39;474/EUR 1.559,95;0/EUR 0,00;28402/EUR 26,02;0/EUR 0,00;522897/EUR 1,99
29.09.1993;16/33/36/37/42/43;8;0;4/9/2/8/9/4/5;0/6/5/1/4/6;0/EUR 0,00;0/EUR 492.959,87;7/EUR 35.211,39;290/EUR 2.549,76;0/EUR 0,00;19015/EUR 38,86;0/EUR 0,00;379586/EUR 2,81
02.10.1993;6/25/27/30/34/39;33;6;3/9/5/6/5/5/2;2/1/7/6/9/7;1/EUR 1.306.129,57;3/EUR 1.306.129,57;19/EUR 103.115,45;1958/EUR 3.335,36;0/EUR 0,00;111339/EUR 58,65;117572/EUR 38,86;1779007/EUR 4,40
06.10.1993;15/26/33/37/38/45;48;0;9/6/8/7/6/6/9;5/0/6/5/9/6;0/EUR 0,00;2/EUR 485.965,86;17/EUR 14.087,37;312/EUR 2.302,71;0/EUR 0,00;20919/EUR 34,31;0/EUR 0,00;413488/EUR 2,51
06.10.1993;14/17/18/29/32/44;41;0;9/6/8/7/6/6/9;5/0/6/5/9/6;0/EUR 0,00;0/EUR 1.439.595,57;3/EUR 79.828,61;280/EUR 2.565,92;0/EUR 0,00;18879/EUR 38,04;0/EUR 0,00;387480/EUR 2,66
09.10.1993;5/27/34/35/37/49;30;0;7/9/6/4/9/5/1;7/0/6/5/2/1;0/EUR 1.254.308,76;1/EUR 3.762.926,38;15/EUR 125.430,84;717/EUR 8.746,87;0/EUR 0,00;62998/EUR 99,55;78169/EUR 56,14;1386623/EUR 5,42
13.10.1993;9/17/20/21/26/41;14;0;7/2/4/0/5/6/8;9/0/8/0/3/6;0/EUR 0,00;0/EUR 487.491,86;9/EUR 27.082,88;373/EUR 1.960,40;0/EUR 0,00;21238/EUR 34,41;0/EUR 0,00;394047/EUR 2,66
13.10.1993;8/14/21/25/36/39;35;0;7/2/4/0/5/6/8;9/0/8/0/3/6;0/EUR 0,00;0/EUR 1.927.087,43;4/EUR 60.936,48;330/EUR 2.215,84;0/EUR 0,00;25335/EUR 28,84;0/EUR 0,00;497633/EUR 2,10
16.10.1993;6/12/14/20/34/46;29;5;5/6/8/5/3/8/4;9/2/9/2/9/2;0/EUR 2.556.903,51;1/EUR 3.907.784,37;42/EUR 46.521,22;1477/EUR 4.409,59;0/EUR 0,00;87459/EUR 74,44;96896/EUR 47,04;1505463/EUR 5,16
20.10.1993;9/23/29/30/43/44;18;0;1/9/2/8/8/0/1;0/9/3/9/6/3;0/EUR 0,00;2/EUR 1.208.854,04;9/EUR 27.256,66;327/EUR 2.250,55;0/EUR 0,00;19940/EUR 36,86;0/EUR 0,00;386362/EUR 2,71
20.10.1993;9/34/38/40/48/49;14;0;1/9/2/8/8/0/1;0/9/3/9/6/3;0/EUR 0,00;0/EUR 978.112,51;7/EUR 35.044,30;296/EUR 2.486,21;0/EUR 0,00;21721/EUR 33,85;0/EUR 0,00;428592/EUR 2,45
23.10.1993;12/25/31/36/45/47;13;6;4/0/8/6/6/1/6;2/4/9/5/2/1;0/EUR 3.806.459,87;2/EUR 1.874.334,53;21/EUR 89.254,03;1477/EUR 4.230,02;0/EUR 0,00;85787/EUR 72,81;100139/EUR 43,66;1512886/EUR 4,91
27.10.1993;12/14/24/30/33/34;31;0;7/0/2/9/7/1/9;3/5/3/5/8/2;0/EUR 0,00;0/EUR 478.246,58;6/EUR 39.853,87;403/EUR 1.780,06;0/EUR 0,00;24825/EUR 28,89;0/EUR 0,00;474772/EUR 2,15
27.10.1993;7/10/16/24/34/48;19;0;7/0/2/9/7/1/9;3/5/3/5/8/2;0/EUR 0,00;1/EUR 1.456.359,09;13/EUR 18.394,08;420/EUR 1.708,02;0/EUR 0,00;23361/EUR 30,68;0/EUR 0,00;441951/EUR 2,30
30.10.1993;1/12/18/20/27/28;7;5;0/0/4/2/4/1/1;9/9/8/0/8/6;1/EUR 5.120.953,66;6/EUR 657.246,90;57/EUR 34.591,91;1258/EUR 5.224,53;0/EUR 0,00;81921/EUR 80,22;168686/EUR 27,25;1513333/EUR 5,16
03.11.1993;5/25/26/27/39/42;17;0;3/9/7/7/9/5/9;7/0/7/8/8/6;0/EUR 0,00;0/EUR 981.361,98;8/EUR 31.444,71;386/EUR 1.955,08;0/EUR 0,00;24924/EUR 30,27;0/EUR 0,00;494315/EUR 2,20
03.11.1993;6/8/13/30/34/36;15;0;3/9/7/7/9/5/9;7/0/7/8/8/6;0/EUR 0,00;2/EUR 251.557,70;11/EUR 22.868,86;390/EUR 1.935,04;0/EUR 0,00;21188/EUR 35,59;0/EUR 0,00;428814/EUR 2,51
06.11.1993;19/29/39/42/48/49;8;9;8/4/6/8/7/7/7;7/4/6/7/1/2;2/EUR 650.581,49;12/EUR 325.290,75;61/EUR 31.995,78;4104/EUR 1.585,21;0/EUR 0,00;129208/EUR 50,31;116947/EUR 38,91;1630444/EUR 4,76
10.11.1993;8/9/21/31/36/42;2;0;1/3/6/1/3/5/3;8/9/0/4/3/8;0/EUR 0,00;1/EUR 1.482.033,61;11/EUR 22.757,76;416/EUR 1.805,27;0/EUR 0,00;23703/EUR 31,65;0/EUR 0,00;445413/EUR 2,40
10.11.1993;6/13/33/36/39/40;49;0;1/3/6/1/3/5/3;8/9/0/4/3/8;0/EUR 0,00;1/EUR 500.671,63;8/EUR 31.291,93;312/EUR 2.407,06;0/EUR 0,00;21667/EUR 34,61;0/EUR 0,00;426174/EUR 2,51
13.11.1993;1/3/21/26/38/46;42;2;1/4/5/1/6/6/0;6/0/3/8/0/2;0/EUR 1.268.766,82;2/EUR 1.903.150,27;42/EUR 45.313,09;1665/EUR 3.810,10;0/EUR 0,00;95514/EUR 66,42;108099/EUR 41,06;1660757/EUR 4,55
17.11.1993;14/22/32/35/41/43;19;0;5/7/7/0/1/9/1;4/5/7/9/1/3;0/EUR 0,00;2/EUR 249.968,56;24/EUR 10.415,32;561/EUR 1.336,72;0/EUR 0,00;26285/EUR 28,48;0/EUR 0,00;448966/EUR 2,40
17.11.1993;6/16/24/34/37/43;29;0;5/7/7/0/1/9/1;4/5/7/9/1/3;0/EUR 0,00;1/EUR 499.937,16;24/EUR 10.415,32;521/EUR 1.439,34;0/EUR 0,00;25209/EUR 29,71;0/EUR 0,00;424935/EUR 2,51
20.11.1993;4/10/21/31/35/37;19;4;1/9/5/0/5/4/5;9/9/7/4/6/7;1/EUR 6.261.146,57;0/EUR 0,00;55/EUR 34.038,95;1518/EUR 4.110,94;0/EUR 0,00;88379/EUR 70,61;165290/EUR 26,38;1536270/EUR 4,86
24.11.1993;10/11/12/16/41/49;38;0;7/0/7/8/1/1/6;8/0/8/9/1/5;0/EUR 0,00;1/EUR 480.027,15;2/EUR 120.006,75;394/EUR 1.827,51;0/EUR 0,00;21682/EUR 33,18;0/EUR 0,00;405251/EUR 2,56
24.11.1993;15/23/25/31/44/47;26;0;7/0/7/8/1/1/6;8/0/8/9/1/5;0/EUR 0,00;2/EUR 240.013,55;4/EUR 60.003,37;284/EUR 2.535,34;0/EUR 0,00;19243/EUR 37,38;0/EUR 0,00;414659/EUR 2,51
27.11.1993;2/5/6/8/22/24;39;5;3/0/5/3/5/9/7;3/0/3/2/6/1;1/EUR 1.259.839,56;19/EUR 198.921,99;24/EUR 78.739,97;2956/EUR 2.130,96;0/EUR 0,00;130298/EUR 48,32;114165/EUR 38,60;1931395/EUR 3,89
01.12.1993;7/18/25/41/42/43;38;0;1/6/4/5/5/6/1;4/0/4/5/1/0;0/EUR 0,00;1/EUR 567.968,69;10/EUR 28.398,43;314/EUR 2.713,22;0/EUR 0,00;21759/EUR 39,11;0/EUR 0,00;456100/EUR 2,66
01.12.1993;10/14/15/19/40/44;5;0;1/6/4/5/5/6/1;4/0/4/5/1/0;0/EUR 0,00;3/EUR 189.322,90;11/EUR 25.816,71;463/EUR 1.840,04;0/EUR 0,00;28080/EUR 30,32;0/EUR 0,00;524672/EUR 2,30
04.12.1993;9/24/26/29/39/49;23;0;8/5/7/7/9/7/5;7/6/9/6/4/4;2/EUR 736.029,72;13/EUR 339.706,01;30/EUR 73.602,97;4164/EUR 1.767,59;0/EUR 0,00;167422/EUR 43,92;123210/EUR 41,77;2040908/EUR 4,29
08.12.1993;10/18/34/36/39/46;11;0;6/8/1/0/1/5/8;8/9/4/5/3/7;0/EUR 0,00;1/EUR 515.690,73;6/EUR 42.974,18;388/EUR 1.993,63;0/EUR 0,00;21669/EUR 35,69;0/EUR 0,00;429117/EUR 2,56
08.12.1993;4/5/31/36/38/41;17;0;6/8/1/0/1/5/8;8/9/4/5/3/7;0/EUR 0,00;0/EUR 515.690,73;10/EUR 25.784,50;223/EUR 3.468,76;0/EUR 0,00;18102/EUR 42,69;0/EUR 0,00;418252/EUR 2,66
11.12.1993;9/27/30/33/36/48;35;5;3/2/3/9/1/3/4;2/1/6/0/5/8;1/EUR 1.307.601,84;3/EUR 1.307.601,84;21/EUR 93.400,09;1382/EUR 4.730,83;0/EUR 0,00;91997/EUR 71,02;96279/EUR 47,50;1673274/EUR 4,65
15.12.1993;4/5/7/18/19/28;3;0;8/4/6/5/8/9/4;4/3/6/1/7/0;0/EUR 0,00;4/EUR 132.515,56;36/EUR 7.361,94;1071/EUR 742,34;0/EUR 0,00;46697/EUR 17,03;0/EUR 0,00;689792/EUR 1,64
15.12.1993;4/19/31/33/38/41;6;0;8/4/6/5/8/9/4;4/3/6/1/7/0;0/EUR 0,00;4/EUR 261.438,21;17/EUR 15.590,06;602/EUR 1.320,72;0/EUR 0,00;37546/EUR 21,17;0/EUR 0,00;577354/EUR 1,94
18.12.1993;2/18/30/36/39/47;25;6;1/5/2/6/0/4/8;2/5/8/0/2/7;0/EUR 1.356.622,56;3/EUR 1.356.622,56;23/EUR 88.475,38;1572/EUR 4.314,95;0/EUR 0,00;90351/EUR 75,06;126702/EUR 37,43;1553503/EUR 5,22
22.12.1993;3/15/17/27/29/46;49;0;7/1/1/8/0/6/7;8/7/5/5/0/9;0/EUR 0,00;3/EUR 172.025,28;18/EUR 14.335,40;573/EUR 1.350,94;0/EUR 0,00;28672/EUR 27,00;0/EUR 0,00;513607/EUR 2,15
22.12.1993;4/12/23/31/32/41;27;0;7/1/1/8/0/6/7;8/7/5/5/0/9;0/EUR 0,00;5/EUR 103.215,16;18/EUR 14.335,40;810/EUR 955,66;0/EUR 0,00;34973/EUR 22,09;0/EUR 0,00;568301/EUR 1,94
25.12.1993;18/22/29/32/34/44;38;3;1/7/3/8/3/8/3;4/4/4/2/5/4;1/EUR 2.663.313,43;4/EUR 980.018,15;38/EUR 51.579,89;1512/EUR 4.321,03;0/EUR 0,00;84133/EUR 77,61;130944/EUR 34,92;1504046/EUR 5,16
29.12.1993;5/8/12/21/24/37;19;0;4/9/9/1/7/4/9;6/0/1/5/6/0;0/EUR 0,00;3/EUR 163.931,02;27/EUR 9.107,23;715/EUR 1.031,68;0/EUR 0,00;33976/EUR 21,68;0/EUR 0,00;543251/EUR 1,94
29.12.1993;2/23/24/42/43/44;47;0;4/9/9/1/7/4/9;6/0/1/5/6/0;0/EUR 0,00;3/EUR 163.931,02;9/EUR 27.321,80;420/EUR 1.756,39;0/EUR 0,00;18466/EUR 39,93;0/EUR 0,00;377002/EUR 2,81
01.01.1994;5/15/38/41/42/49;30;9;1/7/9/5/8/3/6;6/0/3/9/8/0;0/EUR 1.307.021,62;2/EUR 1.960.532,41;17/EUR 115.325,41;1106/EUR 5.908,74;0/EUR 0,00;77158/EUR 84,67;96676/EUR 47,29;1488538/EUR 5,27
05.01.1994;3/24/31/37/42/48;47;0;2/6/2/6/1/6/6;2/8/0/6/1/5;0/EUR 0,00;2/EUR 239.758,06;16/EUR 14.984,84;396/EUR 1.816,31;0/EUR 0,00;23276/EUR 30,88;0/EUR 0,00;418468/EUR 2,45
05.01.1994;8/11/15/22/32/37;17;0;2/6/2/6/1/6/6;2/8/0/6/1/5;0/EUR 0,00;1/EUR 479.516,11;4/EUR 59.939,51;360/EUR 1.997,98;0/EUR 0,00;21432/EUR 33,54;0/EUR 0,00;414762/EUR 2,45
08.01.1994;10/13/19/32/35/43;37;5;5/1/6/6/5/8/9;4/4/2/3/8/4;0/EUR 2.591.832,01;6/EUR 642.367,64;47/EUR 41.002,18;1917/EUR 3.350,85;0/EUR 0,00;100550/EUR 63,86;158365/EUR 28,38;1727374/EUR 4,45
12.01.1994;13/26/27/31/42/49;16;0;1/2/2/0/6/8/8;4/6/1/6/7/3;0/EUR 0,00;2/EUR 273.718,93;6/EUR 45.619,81;339/EUR 2.422,25;0/EUR 0,00;24214/EUR 33,90;0/EUR 0,00;481613/EUR 2,45
12.01.1994;8/18/19/31/37/46;16;0;1/2/2/0/6/8/8;4/6/1/6/7/3;0/EUR 0,00;2/EUR 273.718,93;5/EUR 54.743,77;501/EUR 1.639,00;0/EUR 0,00;27808/EUR 29,50;0/EUR 0,00;535148/EUR 2,20
15.01.1994;13/22/32/39/41/43;47;0;8/6/2/5/5/4/8;0/9/1/2/2/4;0/EUR 4.056.647,82;3/EUR 1.464.815,81;28/EUR 78.472,26;1646/EUR 4.449,62;0/EUR 0,00;96235/EUR 76,08;128301/EUR 39,93;1724180/EUR 5,06
19.01.1994;3/11/14/27/29/36;44;0;0/6/0/2/0/1/9;9/6/7/2/5/8;0/EUR 0,00;2/EUR 252.540,97;8/EUR 31.567,62;495/EUR 1.530,50;0/EUR 0,00;29108/EUR 26,02;0/EUR 0,00;507568/EUR 2,15
19.01.1994;2/8/12/23/34/41;31;0;0/6/0/2/0/1/9;9/6/7/2/5/8;0/EUR 0,00;4/EUR 126.270,48;20/EUR 12.627,02;560/EUR 1.352,88;0/EUR 0,00;28045/EUR 27,00;0/EUR 0,00;487201/EUR 2,20
22.01.1994;3/13/17/30/37/44;16;4;7/1/2/3/7/3/7;5/1/1/3/1/5;1/EUR 5.409.951,58;6/EUR 676.651,86;32/EUR 63.436,09;2426/EUR 2.789,15;0/EUR 0,00;118742/EUR 56,96;121988/EUR 38,81;1879004/EUR 4,29
26.01.1994;9/17/18/23/34/43;20;0;0/5/0/3/7/9/8;8/5/9/0/5/4;0/EUR 0,00;5/EUR 97.735,08;16/EUR 15.271,06;649/EUR 1.129,44;0/EUR 0,00;29957/EUR 24,44;0/EUR 0,00;503345/EUR 2,10
26.01.1994;2/7/14/27/32/39;40;0;0/5/0/3/7/9/8;8/5/9/0/5/4;0/EUR 0,00;3/EUR 162.891,82;3/EUR 81.445,88;561/EUR 1.306,61;0/EUR 0,00;27647/EUR 26,48;0/EUR 0,00;490923/EUR 2,15
29.01.1994;10/20/28/37/46/48;21;9;5/1/4/8/4/5/1;8/9/0/6/5/7;0/EUR 1.303.084,88;8/EUR 488.656,84;26/EUR 75.177,96;2862/EUR 2.276,53;0/EUR 0,00;80291/EUR 81,14;84770/EUR 53,79;1395587/EUR 5,57
02.02.1994;16/23/31/33/34/37;42;0;4/8/6/9/1/7/5;5/6/1/2/7/4;0/EUR 0,00;1/EUR 508.297,24;5/EUR 50.829,72;275/EUR 2.772,48;0/EUR 0,00;16584/EUR 45,97;0/EUR 0,00;371299/EUR 2,97
02.02.1994;16/21/23/46/48/49;8;0;4/8/6/9/1/7/5;5/6/1/2/7/4;0/EUR 0,00;2/EUR 254.148,62;6/EUR 42.358,08;448/EUR 1.701,89;0/EUR 0,00;27140/EUR 28,07;0/EUR 0,00;500148/EUR 2,20
05.02.1994;5/10/18/21/29/34;6;9;4/6/4/7/6/2/7;8/0/8/0/0/1;0/EUR 2.638.256,09;6/EUR 667.585,58;40/EUR 50.068,87;2187/EUR 3.052,51;0/EUR 0,00;112001/EUR 59,57;143450/EUR 32,57;1795400/EUR 4,45
09.02.1994;7/9/21/40/42/45;27;0;9/7/8/7/3/7/2;5/8/8/4/5/7;0/EUR 0,00;1/EUR 490.803,39;7/EUR 35.057,34;261/EUR 2.820,70;0/EUR 0,00;19995/EUR 36,81;0/EUR 0,00;409116/EUR 2,56
09.02.1994;2/13/14/21/23/44;35;0;9/7/8/7/3/7/2;5/8/8/4/5/7;0/EUR 0,00;0/EUR 490.803,39;10/EUR 24.540,17;357/EUR 2.062,19;0/EUR 0,00;21970/EUR 33,49;0/EUR 0,00;459144/EUR 2,30
12.02.1994;2/16/17/34/39/40;35;3;8/3/6/0/3/6/5;4/1/9/1/1/2;0/EUR 3.938.595,89;2/EUR 1.950.509,71;30/EUR 65.016,95;1475/EUR 4.407,90;0/EUR 0,00;86905/EUR 74,80;90840/EUR 50,06;1640492/EUR 4,76
16.02.1994;4/15/16/17/28/29;21;0;8/4/1/4/4/6/0;5/1/8/8/7/8;0/EUR 0,00;1/EUR 476.554,10;8/EUR 29.784,59;285/EUR 2.508,14;0/EUR 0,00;18592/EUR 38,40;0/EUR 0,00;397823/EUR 2,56
16.02.1994;17/20/22/30/32/49;6;0;8/4/1/4/4/6/0;5/1/8/8/7/8;0/EUR 0,00;2/EUR 483.678,75;5/EUR 47.655,37;496/EUR 1.441,18;0/EUR 0,00;22143/EUR 32,26;0/EUR 0,00;413157/EUR 2,45
19.02.1994;2/12/15/24/31/39;4;7;1/2/3/6/2/9/6;4/5/1/5/5/2;0/EUR 5.261.982,28;4/EUR 992.539,79;55/EUR 36.092,35;2175/EUR 3.042,24;0/EUR 0,00;114666/EUR 57,67;159284/EUR 29,04;1849294/EUR 4,24
23.02.1994;9/18/20/28/30/44;8;0;5/8/3/8/4/6/5;3/6/0/5/6/1;0/EUR 0,00;2/EUR 240.098,53;4/EUR 60.024,59;378/EUR 1.905,53;0/EUR 0,00;22989/EUR 31,29;0/EUR 0,00;424794/EUR 2,40
23.02.1994;1/14/16/25/36/39;42;0;5/8/3/8/4/6/5;3/6/0/5/6/1;0/EUR 0,00;2/EUR 240.098,53;4/EUR 60.024,59;310/EUR 2.323,51;0/EUR 0,00;18581/EUR 38,76;0/EUR 0,00;370591/EUR 2,76
26.02.1994;7/9/31/39/44/48;30;4;9/1/4/5/3/8/2;3/4/0/1/9/2;2/EUR 3.344.285,60;8/EUR 534.970,83;32/EUR 66.871,35;3177/EUR 2.245,13;0/EUR 0,00;110274/EUR 64,68;130860/EUR 38,14;1924473/EUR 4,40
02.03.1994;16/18/36/38/40/44;14;0;7/8/6/8/3/8/0;3/7/8/8/5/9;0/EUR 0,00;2/EUR 252.337,06;18/EUR 14.018,70;553/EUR 1.368,88;0/EUR 0,00;32685/EUR 23,11;0/EUR 0,00;549467/EUR 1,94
02.03.1994;8/9/10/19/30/46;33;0;7/8/6/8/3/8/0;3/7/8/8/5/9;0/EUR 0,00;1/EUR 504.674,18;15/EUR 16.822,42;370/EUR 2.045,93;0/EUR 0,00;21240/EUR 35,64;0/EUR 0,00;399856/EUR 2,71
05.03.1994;4/7/11/32/46/49;23;2;9/3/9/4/1/7/4;4/3/5/1/8/8;0/EUR 1.357.737,69;10/EUR 407.321,29;101/EUR 20.164,38;2481/EUR 2.736,23;0/EUR 0,00;138495/EUR 48,98;200882/EUR 23,62;2061616/EUR 3,94
09.03.1994;29/30/32/33/34/46;38;0;7/0/2/6/9/3/7;5/6/2/6/5/4;0/EUR 0,00;1/EUR 495.817,94;6/EUR 41.318,16;484/EUR 1.536,59;0/EUR 0,00;24897/EUR 29,86;0/EUR 0,00;465736/EUR 2,30
09.03.1994;11/24/26/35/38/49;20;0;7/0/2/6/9/3/7;5/6/2/6/5/4;0/EUR 0,00;1/EUR 495.817,94;15/EUR 16.527,25;1505/EUR 494,16;0/EUR 0,00;22634/EUR 32,82;0/EUR 0,00;365269/EUR 2,91
12.03.1994;7/19/29/37/42/46;32;5;0/7/6/0/0/2/4;6/7/7/7/9/4;1/EUR 2.660.342,62;14/EUR 279.129,63;53/EUR 36.866,14;2161/EUR 3.013,86;0/EUR 0,00;102677/EUR 63,40;153296/EUR 29,71;1699505/EUR 4,55
16.03.1994;4/7/14/19/47/49;1;0;8/0/8/9/3/7/6;5/3/4/2/5/5;0/EUR 0,00;0/EUR 480.013,24;10/EUR 24.000,65;334/EUR 2.155,71;0/EUR 0,00;22828/EUR 31,50;0/EUR 0,00;457421/EUR 2,25
16.03.1994;1/19/25/26/32/35;10;0;8/0/8/9/3/7/6;5/3/4/2/5/5;0/EUR 0,00;0/EUR 480.013,24;26/EUR 9.231,02;542/EUR 1.328,44;0/EUR 0,00;29693/EUR 24,24;0/EUR 0,00;509751/EUR 1,99
19.03.1994;11/14/24/32/36/42;43;0;3/3/0/8/6/3/3;1/8/1/5/0/7;0/EUR 1.277.971,65;12/EUR 319.492,90;42/EUR 45.641,80;2372/EUR 2.693,84;0/EUR 0,00;107713/EUR 59,31;99034/EUR 45,15;1699037/EUR 4,50
23.03.1994;10/14/19/23/37/38;11;0;5/3/9/2/4/4/5;3/0/9/7/1/6;0/EUR 0,00;7/EUR 242.206,28;24/EUR 25.321,47;1083/EUR 1.683,38;0/EUR 0,00;62140/EUR 29,30;0/EUR 0,00;1134237/EUR 2,30
23.03.1994;1/16/22/25/35/46;49;0;5/3/9/2/4/4/5;3/0/9/7/1/6;0/EUR 0,00;5/EUR 339.088,83;18/EUR 33.761,93;869/EUR 2.097,93;0/EUR 0,00;50881/EUR 35,79;0/EUR 0,00;1006439/EUR 2,61
26.03.1994;4/25/27/33/40/44;30;9;2/3/3/6/8/3/9;5/2/9/3/6/4;0/EUR 2.546.853,46;8/EUR 475.830,67;48/EUR 39.652,53;1597/EUR 3.972,69;0/EUR 0,00;94822/EUR 66,88;139499/EUR 31,80;1677352/EUR 4,50
30.03.1994;6/9/12/38/39/44;15;0;6/1/0/3/7/6/6;6/8/3/3/1/1;0/EUR 0,00;2/EUR 238.800,15;9/EUR 26.533,34;383/EUR 1.870,46;0/EUR 0,00;25958/EUR 27,56;0/EUR 0,00;492491/EUR 2,10
30.03.1994;1/3/24/25/31/39;5;0;6/1/0/3/7/6/6;6/8/3/3/1/1;0/EUR 0,00;1/EUR 477.600,35;7/EUR 34.114,26;458/EUR 1.564,14;0/EUR 0,00;26268/EUR 27,25;0/EUR 0,00;487381/EUR 2,10
02.04.1994;19/21/32/37/48/49;43;6;7/0/2/7/1/9/9;9/8/9/5/8/0;4/EUR 948.803,47;51/EUR 73.432,97;46/EUR 40.707,37;13980/EUR 446,46;0/EUR 0,00;178888/EUR 34,87;129097/EUR 33,80;1872381/EUR 3,99
06.04.1994;1/2/15/24/30/33;28;0;4/0/3/9/2/4/4;6/3/5/3/3/2;0/EUR 0,00;3/EUR 148.507,23;10/EUR 22.276,07;409/EUR 1.633,94;0/EUR 0,00;20952/EUR 31,85;0/EUR 0,00;394959/EUR 2,40
06.04.1994;2/7/24/35/44/49;37;0;4/0/3/9/2/4/4;6/3/5/3/3/2;0/EUR 0,00;0/EUR 445.521,80;6/EUR 37.126,80;262/EUR 2.550,68;0/EUR 0,00;17786/EUR 37,53;0/EUR 0,00;369122/EUR 2,61
09.04.1994;3/9/25/37/39/47;27;0;5/0/8/8/4/2/0;4/4/8/1/6/0;2/EUR 618.739,67;7/EUR 530.348,24;104/EUR 17.848,23;2960/EUR 2.090,31;0/EUR 0,00;134523/EUR 45,97;186419/EUR 23,21;1907895/EUR 3,89
13.04.1994;15/24/26/28/35/39;30;0;2/5/6/1/7/7/4;7/1/6/5/8/3;0/EUR 0,00;1/EUR 912.886,50;6/EUR 38.947,05;329/EUR 2.130,81;0/EUR 0,00;20210/EUR 34,67;0/EUR 0,00;388321/EUR 2,61
13.04.1994;5/16/23/24/26/37;15;0;2/5/6/1/7/7/4;7/1/6/5/8/3;0/EUR 0,00;0/EUR 467.364,70;5/EUR 46.736,42;310/EUR 2.261,39;0/EUR 0,00;22673/EUR 30,88;0/EUR 0,00;462481/EUR 2,15
16.04.1994;1/6/17/21/24/46;34;4;7/7/0/4/7/8/0;7/0/1/1/4/8;0/EUR 1.250.605,73;2/EUR 1.875.908,59;43/EUR 43.625,78;1251/EUR 4.998,39;0/EUR 0,00;85498/EUR 73,11;122977/EUR 35,59;1597028/EUR 4,65
20.04.1994;9/15/17/18/28/38;39;0;4/1/0/8/9/2/1;0/3/4/9/9/4;0/EUR 0,00;0/EUR 1.002.741,90;7/EUR 38.241,21;287/EUR 2.798,10;0/EUR 0,00;21962/EUR 36,56;0/EUR 0,00;462842/EUR 2,51
20.04.1994;8/30/31/32/40/43;19;0;4/1/0/8/9/2/1;0/3/4/9/9/4;0/EUR 0,00;0/EUR 535.377,21;14/EUR 19.120,58;407/EUR 1.973,13;0/EUR 0,00;27519/EUR 29,14;0/EUR 0,00;536163/EUR 2,15
23.04.1994;11/16/17/35/41/44;5;2;6/5/7/9/1/1/7;3/4/0/8/1/1;0/EUR 2.479.106,47;4/EUR 921.375,58;33/EUR 55.840,90;1220/EUR 5.034,79;0/EUR 0,00;76206/EUR 80,58;136472/EUR 31,50;1419012/EUR 5,16
27.04.1994;3/18/29/36/41/45;42;0;8/9/1/5/4/9/8;5/0/0/3/6/3;0/EUR 0,00;1/EUR 1.474.199,96;15/EUR 15.715,22;413/EUR 1.712,32;0/EUR 0,00;23348/EUR 30,27;0/EUR 0,00;441396/EUR 2,30
27.04.1994;1/3/24/27/36/42;45;0;8/9/1/5/4/9/8;5/0/0/3/6/3;0/EUR 0,00;1/EUR 1.006.835,26;8/EUR 29.466,11;566/EUR 1.249,44;0/EUR 0,00;26030/EUR 27,15;0/EUR 0,00;429837/EUR 2,35
30.04.1994;2/14/17/29/36/44;48;8;9/1/7/9/2/6/8;7/5/0/1/8/3;1/EUR 3.715.813,90;8/EUR 463.765,26;46/EUR 40.327,38;1546/EUR 3.999,68;0/EUR 0,00;75745/EUR 81,60;87895/EUR 49,24;1324979/EUR 5,57
04.05.1994;1/3/17/23/25/30;19;0;2/5/8/0/9/6/3;5/8/8/0/4/8;0/EUR 0,00;2/EUR 254.811,15;19/EUR 13.411,08;598/EUR 1.278,28;0/EUR 0,00;30622/EUR 24,95;0/EUR 0,00;555621/EUR 1,94
04.05.1994;6/19/31/32/40/44;5;0;2/5/8/0/9/6/3;5/8/8/0/4/8;0/EUR 0,00;3/EUR 169.874,12;13/EUR 19.600,83;623/EUR 1.227,00;0/EUR 0,00;30878/EUR 24,75;0/EUR 0,00;530142/EUR 2,05
07.05.1994;6/8/16/20/33/47;10;2;9/2/4/6/3/1/8;8/1/0/9/0/2;0/EUR 1.327.633,74;4/EUR 995.725,29;26/EUR 76.594,23;1425/EUR 4.658,33;0/EUR 0,00;84138/EUR 78,89;127956/EUR 36,30;1503539/EUR 5,27
11.05.1994;2/11/17/18/25/43;36;0;7/7/9/9/1/7/3;1/1/6/3/4/4;0/EUR 0,00;0/EUR 477.942,87;15/EUR 15.931,39;428/EUR 1.674,99;0/EUR 0,00;27661/EUR 25,87;0/EUR 0,00;504818/EUR 2,05
11.05.1994;1/8/15/30/38/47;26;0;7/7/9/9/1/7/3;1/1/6/3/4/4;0/EUR 0,00;2/EUR 238.971,43;9/EUR 26.552,36;341/EUR 2.102,38;0/EUR 0,00;18755/EUR 38,19;0/EUR 0,00;352886/EUR 2,91
14.05.1994;4/8/11/17/38/39;35;1;8/1/0/3/1/4/3;1/5/4/2/6/5;1/EUR 2.540.052,82;8/EUR 454.657,15;18/EUR 101.034,91;1824/EUR 3.323,50;0/EUR 0,00;105495/EUR 57,42;104540/EUR 40,55;1833983/EUR 3,94
18.05.1994;5/10/18/22/42/45;8;0;3/4/8/3/6/8/0;0/1/7/7/3/5;0/EUR 0,00;1/EUR 452.351,43;17/EUR 13.304,43;564/EUR 1.203,02;0/EUR 0,00;29118/EUR 23,26;0/EUR 0,00;478239/EUR 2,05
18.05.1994;10/13/18/23/25/38;43;0;3/4/8/3/6/8/0;0/1/7/7/3/5;0/EUR 0,00;3/EUR 310.098,07;8/EUR 28.271,94;448/EUR 1.514,55;0/EUR 0,00;23042/EUR 29,40;0/EUR 0,00;407600/EUR 2,40
21.05.1994;6/17/26/39/44/47;11;2;3/2/4/9/8/3/7;8/0/5/0/0/4;2/EUR 608.560,92;17/EUR 214.786,20;120/EUR 15.214,00;2784/EUR 2.185,88;0/EUR 0,00;111868/EUR 54,35;158158/EUR 26,89;1599362/EUR 4,55
25.05.1994;7/15/25/29/31/39;3;0;5/3/1/4/7/4/3;4/4/0/4/0/8;0/EUR 0,00;1/EUR 430.409,80;11/EUR 19.564,07;391/EUR 1.651,17;0/EUR 0,00;23532/EUR 27,41;0/EUR 0,00;432882/EUR 2,15
25.05.1994;9/10/14/31/34/48;3;0;5/3/1/4/7/4/3;4/4/0/4/0/8;0/EUR 0,00;1/EUR 430.409,80;4/EUR 53.801,20;283/EUR 2.281,28;0/EUR 0,00;17733/EUR 36,40;0/EUR 0,00;360600/EUR 2,56
28.05.1994;2/16/19/38/46/49;44;6;2/5/9/0/8/6/0;0/2/2/2/6/1;2/EUR 600.634,21;6/EUR 600.634,21;35/EUR 51.482,90;1793/EUR 3.349,88;0/EUR 0,00;96488/EUR 62,22;101514/EUR 41,41;1635924/EUR 4,40
01.06.1994;8/10/21/35/39/48;15;0;2/7/0/9/0/5/2;4/2/6/9/4/1;0/EUR 0,00;3/EUR 150.294,45;14/EUR 16.102,93;445/EUR 1.519,82;0/EUR 0,00;23032/EUR 29,35;0/EUR 0,00;380474/EUR 2,56
01.06.1994;8/24/28/34/36/42;15;0;2/7/0/9/0/5/2;4/2/6/9/4/1;0/EUR 0,00;1/EUR 450.883,41;11/EUR 20.494,67;205/EUR 3.299,11;0/EUR 0,00;16367/EUR 41,31;0/EUR 0,00;340428/EUR 2,86
04.06.1994;15/25/27/32/46/48;31;0;9/1/9/3/7/6/1;0/5/9/6/5/8;2/EUR 1.192.203,67;2/EUR 1.192.203,67;25/EUR 71.532,19;1236/EUR 4.822,81;0/EUR 0,00;77099/EUR 77,31;98647/EUR 42,28;1468693/EUR 4,86
08.06.1994;16/20/22/30/31/40;23;0;7/4/4/9/4/9/0;1/5/7/9/1/5;0/EUR 0,00;2/EUR 229.802,28;5/EUR 45.960,44;399/EUR 1.727,81;0/EUR 0,00;26152/EUR 26,33;0/EUR 0,00;439716/EUR 2,25
08.06.1994;5/11/14/35/37/38;22;0;7/4/4/9/4/9/0;1/5/7/9/1/5;0/EUR 0,00;1/EUR 459.604,62;6/EUR 38.300,36;321/EUR 2.147,68;0/EUR 0,00;18872/EUR 36,51;0/EUR 0,00;385432/EUR 2,56
11.06.1994;4/9/16/29/39/49;8;8;1/1/5/5/0/9/3;2/0/6/0/4/3;1/EUR 1.222.030,60;17/EUR 215.652,43;56/EUR 32.732,96;3989/EUR 1.531,73;0/EUR 0,00;152035/EUR 40,19;110297/EUR 38,76;1614623/EUR 4,50
15.06.1994;3/4/6/29/41/47;22;0;5/9/5/8/8/6/2;0/6/8/8/6/6;0/EUR 0,00;2/EUR 230.523,20;8/EUR 28.815,39;289/EUR 2.392,95;0/EUR 0,00;18979/EUR 36,40;0/EUR 0,00;413436/EUR 2,40
15.06.1994;3/7/23/27/44/49;29;0;5/9/5/8/8/6/2;0/6/8/8/6/6;0/EUR 0,00;6/EUR 76.841,03;7/EUR 32.931,85;647/EUR 1.068,86;0/EUR 0,00;30727/EUR 22,50;0/EUR 0,00;507955/EUR 1,94
18.06.1994;13/20/26/42/44/45;33;6;2/3/2/9/5/2/9;1/9/2/8/4/2;0/EUR 1.211.034,50;2/EUR 1.816.551,75;29/EUR 62.639,70;802/EUR 7.550,04;0/EUR 0,00;57606/EUR 105,07;100942/EUR 41,98;1193782/EUR 6,08
22.06.1994;19/31/36/42/43/48;14;0;2/8/5/2/6/8/8;2/8/7/8/4/1;0/EUR 0,00;1/EUR 445.088,99;4/EUR 55.636,12;287/EUR 2.326,22;0/EUR 0,00;19227/EUR 34,72;0/EUR 0,00;379985/EUR 2,51
22.06.1994;2/8/12/17/39/40;29;0;2/8/5/2/6/8/8;2/8/7/8/4/1;0/EUR 0,00;1/EUR 445.088,99;18/EUR 12.363,55;437/EUR 1.527,74;0/EUR 0,00;27179/EUR 24,54;0/EUR 0,00;468512/EUR 2,05
25.06.1994;1/2/10/29/30/35;14;7;4/7/4/3/9/2/1;3/8/8/4/5/8;1/EUR 2.401.346,59;3/EUR 1.190.312,09;20/EUR 89.273,40;1103/EUR 5.395,77;0/EUR 0,00;73068/EUR 81,45;88065/EUR 47,29;1357571/EUR 5,22
29.06.1994;2/3/11/19/41/48;45;0;3/1/3/8/3/8/4;5/5/9/8/3/5;0/EUR 0,00;4/EUR 111.310,29;5/EUR 44.524,12;497/EUR 1.343,78;0/EUR 0,00;23016/EUR 28,99;0/EUR 0,00;403461/EUR 2,35
29.06.1994;12/23/26/28/39/44;5;0;3/1/3/8/3/8/4;5/5/9/8/3/5;0/EUR 0,00;2/EUR 222.620,58;7/EUR 31.802,92;498/EUR 1.341,07;0/EUR 0,00;26696/EUR 25,00;0/EUR 0,00;481083/EUR 1,99
02.07.1994;3/8/22/25/35/49;10;2;7/6/4/4/2/9/1;6/6/8/4/2/6;0/EUR 1.180.592,18;5/EUR 708.355,28;32/EUR 55.340,24;1283/EUR 4.600,86;0/EUR 0,00;76564/EUR 77,05;108979/EUR 37,89;1368899/EUR 5,16
06.07.1994;7/12/14/30/39/47;42;0;4/4/2/1/0/4/9;9/1/9/2/7/4;0/EUR 0,00;2/EUR 216.786,68;10/EUR 21.678,62;296/EUR 2.197,12;0/EUR 0,00;18954/EUR 34,31;0/EUR 0,00;380890/EUR 2,45
06.07.1994;4/6/34/37/39/45;46;0;4/4/2/1/0/4/9;9/1/9/2/7/4;0/EUR 0,00;1/EUR 433.573,42;1/EUR 216.786,68;255/EUR 2.550,43;0/EUR 0,00;16007/EUR 40,60;0/EUR 0,00;348168/EUR 2,66
09.07.1994;17/18/25/27/28/36;45;4;6/9/2/2/6/3/0;3/1/4/3/3/9;0/EUR 2.363.326,98;3/EUR 1.182.734,80;22/EUR 80.641,01;1214/EUR 4.871,18;0/EUR 0,00;73215/EUR 80,73;110673/EUR 37,38;1480785/EUR 4,76
13.07.1994;13/16/17/27/38/47;35;0;1/2/8/8/1/1/3;4/7/0/9/1/7;0/EUR 0,00;1/EUR 434.087,98;13/EUR 16.695,67;587/EUR 1.109,25;0/EUR 0,00;28584/EUR 22,75;0/EUR 0,00;463241/EUR 1,99
13.07.1994;1/10/19/21/26/43;47;0;1/2/8/8/1/1/3;4/7/0/9/1/7;0/EUR 0,00;3/EUR 144.695,96;2/EUR 108.521,96;374/EUR 1.740,95;0/EUR 0,00;22188/EUR 29,30;0/EUR 0,00;416600/EUR 2,25
16.07.1994;2/15/22/24/28/35;14;0;6/4/0/0/1/3/2;0/6/7/5/2/1;0/EUR 3.541.010,67;4/EUR 883.262,76;15/EUR 117.768,36;1237/EUR 4.760,23;0/EUR 0,00;70758/EUR 83,19;90862/EUR 45,35;1252091/EUR 5,62
20.07.1994;7/23/30/38/41/45;32;0;8/8/1/1/5/0/2;4/8/5/1/8/6;0/EUR 0,00;0/EUR 429.948,56;3/EUR 71.658,07;312/EUR 2.067,05;0/EUR 0,00;18139/EUR 35,53;0/EUR 0,00;360967/EUR 2,56
20.07.1994;4/5/6/7/13/39;18;0;8/8/1/1/5/0/2;4/8/5/1/8/6;0/EUR 0,00;2/EUR 214.974,26;6/EUR 35.829,03;439/EUR 1.469,04;0/EUR 0,00;27031/EUR 23,83;0/EUR 0,00;469713/EUR 1,94
23.07.1994;5/7/20/40/45/48;10;3;9/6/8/6/7/2/4;3/7/8/2/9/6;0/EUR 4.722.778,87;6/EUR 590.884,07;66/EUR 26.858,37;1315/EUR 4.493,39;0/EUR 0,00;81363/EUR 72,60;154706/EUR 26,69;1403085/EUR 5,01
27.07.1994;16/25/35/37/41/43;23;0;1/6/5/2/7/8/3;8/4/0/4/7/7;0/EUR 0,00;0/EUR 854.836,46;8/EUR 26.555,48;308/EUR 2.069,25;0/EUR 0,00;20404/EUR 31,19;0/EUR 0,00;365914/EUR 2,51
27.07.1994;20/30/34/35/37/38;48;0;1/6/5/2/7/8/3;8/4/0/4/7/7;0/EUR 0,00;2/EUR 212.443,92;4/EUR 53.110,96;429/EUR 1.485,61;0/EUR 0,00;17744/EUR 35,89;0/EUR 0,00;309646/EUR 2,97
30.07.1994;18/20/35/40/42/49;39;3;7/2/4/5/9/8/6;6/5/5/3/2/2;0/EUR 5.976.383,53;5/EUR 752.162,76;22/EUR 85.473,02;1130/EUR 5.546,90;0/EUR 0,00;70509/EUR 88,86;87392/EUR 50,16;1361041/EUR 5,52
03.08.1994;9/19/26/32/37/42;8;0;9/3/1/6/9/1/1;1/6/3/3/2/2;0/EUR 0,00;1/EUR 434.939,18;10/EUR 21.746,93;425/EUR 1.535,05;0/EUR 0,00;26381/EUR 24,70;0/EUR 0,00;435159/EUR 2,15
03.08.1994;2/4/9/14/23/37;8;0;9/3/1/6/9/1/1;1/6/3/3/2/2;0/EUR 0,00;7/EUR 184.253,64;8/EUR 27.183,65;685/EUR 952,38;0/EUR 0,00;29629/EUR 21,99;0/EUR 0,00;477111/EUR 1,94
06.08.1994;7/20/27/39/42/44;33;7;1/9/3/1/6/7/7;5/3/2/8/9/8;0/EUR 7.314.152,35;4/EUR 1.003.326,62;39/EUR 51.452,63;1260/EUR 5.308,59;0/EUR 0,00;84897/EUR 78,74;129223/EUR 36,20;1573680/EUR 5,06
10.08.1994;3/17/18/23/35/42;33;0;2/8/2/0/5/3/3;5/7/1/2/5/5;0/EUR 0,00;1/EUR 433.786,83;3/EUR 72.297,80;326/EUR 1.995,93;0/EUR 0,00;18165/EUR 35,79;0/EUR 0,00;362120/EUR 2,56
10.08.1994;10/17/20/26/36/42;41;0;2/8/2/0/5/3/3;5/7/1/2/5/5;0/EUR 0,00;1/EUR 433.786,83;9/EUR 24.099,23;425/EUR 1.530,96;0/EUR 0,00;24359/EUR 26,69;0/EUR 0,00;439104/EUR 2,10
13.08.1994;3/16/17/26/40/43;27;7;2/8/2/8/9/6/7;4/0/1/6/8/1;0/EUR 9.035.215,07;4/EUR 1.290.797,05;33/EUR 78.230,11;2324/EUR 3.702,78;0/EUR 0,00;145753/EUR 59,00;169898/EUR 35,43;2377918/EUR 4,29
17.08.1994;1/3/34/37/41/47;15;0;1/2/3/1/4/0/4;5/0/8/6/2/7;0/EUR 0,00;4/EUR 110.244,30;11/EUR 20.044,38;454/EUR 1.456,93;0/EUR 0,00;24781/EUR 26,69;0/EUR 0,00;445249/EUR 2,10
17.08.1994;3/11/12/21/28/48;40;0;1/2/3/1/4/0/4;5/0/8/6/2/7;0/EUR 0,00;1/EUR 440.977,28;3/EUR 73.496,21;233/EUR 2.838,90;0/EUR 0,00;15876/EUR 41,62;0/EUR 0,00;340771/EUR 2,76
20.08.1994;4/27/33/36/40/41;18;3;9/1/1/9/6/9/2;2/3/2/5/3/7;0/EUR 11.611.419,24;2/EUR 3.864.306,25;86/EUR 44.933,76;1772/EUR 7.269,19;0/EUR 0,00;143995/EUR 89,42;323124/EUR 27,87;2827865/EUR 5,42
24.08.1994;5/12/20/28/30/31;22;0;4/1/2/3/5/5/7;1/0/0/1/2/1;0/EUR 0,00;3/EUR 150.498,36;15/EUR 15.049,83;506/EUR 1.338,41;0/EUR 0,00;26523/EUR 25,51;0/EUR 0,00;453816/EUR 2,15
24.08.1994;5/6/22/31/41/45;43;0;4/1/2/3/5/5/7;1/0/0/1/2/1;0/EUR 0,00;1/EUR 451.495,07;8/EUR 28.218,40;418/EUR 1.620,18;0/EUR 0,00;20904/EUR 32,36;0/EUR 0,00;395992/EUR 2,45
27.08.1994;5/8/9/10/24/38;6;9;3/0/0/0/9/9/9;4/0/5/4/8/8;0/EUR 14.579.451,13;9/EUR 989.343,96;137/EUR 32.496,69;4803/EUR 3.089,74;0/EUR 0,00;312492/EUR 47,45;401709/EUR 25,82;4899795/EUR 3,63
31.08.1994;3/8/12/13/18/33;28;0;1/3/6/7/3/7/0;7/2/3/2/5/0;0/EUR 0,00;1/EUR 532.340,34;6/EUR 44.361,68;342/EUR 2.334,81;0/EUR 0,00;26549/EUR 30,06;0/EUR 0,00;534327/EUR 2,15
31.08.1994;9/11/16/17/30/46;28;0;1/3/6/7/3/7/0;7/2/3/2/5/0;0/EUR 0,00;3/EUR 177.446,76;40/EUR 6.654,21;802/EUR 995,64;0/EUR 0,00;41721/EUR 19,12;0/EUR 0,00;671544/EUR 1,69
03.09.1994;5/16/17/24/30/42;39;5;9/5/9/5/0/7/1;1/2/3/1/5/1;0/EUR 18.080.206,77;10/EUR 1.050.226,66;118/EUR 44.501,11;3991/EUR 4.385,81;0/EUR 0,00;258694/EUR 67,64;407085/EUR 30,06;4652219/EUR 4,50
07.09.1994;1/10/21/22/39/40;38;0;8/5/3/1/6/7/9;0/9/1/9/1/3;0/EUR 0,00;5/EUR 100.626,13;17/EUR 14.797,91;436/EUR 1.730,93;0/EUR 0,00;21926/EUR 34,41;0/EUR 0,00;412047/EUR 2,61
07.09.1994;1/11/30/33/34/44;17;0;8/5/3/1/6/7/9;0/9/1/9/1/3;0/EUR 0,00;2/EUR 251.565,32;11/EUR 22.869,57;313/EUR 2.411,15;0/EUR 0,00;20754/EUR 36,35;0/EUR 0,00;407020/EUR 2,66
10.09.1994;3/18/34/37/42/45;1;7;8/3/1/9/5/6/5;9/9/6/9/2/5;4/EUR 5.403.195,37;26/EUR 407.604,75;57/EUR 92.962,48;5189/EUR 3.403,87;0/EUR 0,00;266729/EUR 66,21;222567/EUR 55,53;4528899/EUR 4,65
14.09.1994;4/16/21/33/34/38;24;0;0/5/8/7/2/4/3;1/1/2/9/3/6;0/EUR 0,00;2/EUR 232.728,87;6/EUR 38.788,14;396/EUR 1.763,09;0/EUR 0,00;24585/EUR 28,38;0/EUR 0,00;442637/EUR 2,25
14.09.1994;15/18/25/31/33/43;1;0;0/5/8/7/2/4/3;1/1/2/9/3/6;0/EUR 0,00;1/EUR 465.457,79;12/EUR 19.394,07;447/EUR 1.561,89;0/EUR 0,00;23173/EUR 30,12;0/EUR 0,00;421793/EUR 2,35
17.09.1994;14/15/27/37/41/48;40;2;3/1/3/8/3/7/1;2/2/6/4/6/7;1/EUR 1.668.704,95;3/EUR 1.668.704,95;24/EUR 104.294,03;1609/EUR 5.185,52;0/EUR 0,00;95740/EUR 87,12;109439/EUR 53,33;1775791/EUR 5,62
21.09.1994;12/15/19/21/29/44;49;0;7/7/1/0/0/4/4;5/0/4/2/4/4;0/EUR 0,00;1/EUR 460.948,19;10/EUR 23.047,40;305/EUR 2.266,91;0/EUR 0,00;20572/EUR 33,59;0/EUR 0,00;411212/EUR 2,40
21.09.1994;4/5/12/16/26/34;28;0;7/7/1/0/0/4/4;5/0/4/2/4/4;0/EUR 0,00;1/EUR 460.948,19;6/EUR 38.412,34;582/EUR 1.187,99;0/EUR 0,00;31784/EUR 21,73;0/EUR 0,00;516013/EUR 1,89
24.09.1994;6/7/16/23/44/47;17;4;2/2/3/0/2/4/1;1/8/0/7/6/3;0/EUR 1.502.498,38;4/EUR 1.126.873,76;43/EUR 52.412,68;1647/EUR 4.561,29;0/EUR 0,00;98202/EUR 76,49;152919/EUR 34,36;1876511/EUR 4,76
28.09.1994;10/13/28/31/32/39;9;0;8/9/2/6/6/6/7;7/9/0/7/1/5;0/EUR 0,00;0/EUR 466.856,53;9/EUR 25.936,46;267/EUR 2.622,77;0/EUR 0,00;19665/EUR 35,59;0/EUR 0,00;420125/EUR 2,40
28.09.1994;4/12/16/18/30/47;33;0;8/9/2/6/6/6/7;7/9/0/7/1/5;0/EUR 0,00;0/EUR 466.856,53;11/EUR 21.220,71;424/EUR 1.651,58;0/EUR 0,00;26167/EUR 26,74;0/EUR 0,00;481049/EUR 2,10
01.10.1994;1/8/9/28/32/38;3;6;2/8/5/7/5/2/3;1/1/5/8/8/5;1/EUR 2.959.315,53;4/EUR 1.092.612,85;40/EUR 54.630,62;1705/EUR 4.272,15;0/EUR 0,00;106322/EUR 68,46;174005/EUR 29,30;1907067/EUR 4,55
05.10.1994;8/10/11/26/32/41;33;0;6/8/3/8/1/2/6;8/9/8/9/1/9;0/EUR 0,00;0/EUR 900.719,64;9/EUR 24.103,48;425/EUR 1.531,27;0/EUR 0,00;23279/EUR 27,92;0/EUR 0,00;439304/EUR 2,10
05.10.1994;8/22/25/27/29/33;17;0;6/8/3/8/1/2/6;8/9/8/9/1/9;0/EUR 0,00;0/EUR 900.719,64;12/EUR 18.077,59;347/EUR 1.875,47;0/EUR 0,00;20159/EUR 32,26;0/EUR 0,00;385950/EUR 2,40
08.10.1994;3/12/35/36/44/48;38;2;6/9/4/3/3/6/6;0/5/0/4/4/5;0/EUR 1.382.548,79;4/EUR 1.036.911,59;17/EUR 121.989,59;1523/EUR 4.538,89;0/EUR 0,00;87682/EUR 78,79;105145/EUR 46,02;1567692/EUR 5,27
12.10.1994;7/10/12/24/44/46;39;0;8/8/6/4/5/1/1;0/9/4/0/1/0;0/EUR 0,00;1/EUR 1.377.556,38;6/EUR 39.736,38;471/EUR 1.518,59;0/EUR 0,00;22949/EUR 31,14;0/EUR 0,00;416676/EUR 2,45
12.10.1994;5/12/22/30/41/43;46;0;8/8/6/4/5/1/1;0/9/4/0/1/0;0/EUR 0,00;5/EUR 275.511,27;9/EUR 26.490,90;443/EUR 1.614,56;0/EUR 0,00;26102/EUR 27,35;0/EUR 0,00;486951/EUR 2,10
15.10.1994;5/7/18/22/38/41;13;1;6/7/9/7/6/4/0;6/8/8/0/8/6;1/EUR 2.828.645,49;16/EUR 271.143,10;75/EUR 28.921,89;2544/EUR 2.842,17;0/EUR 0,00;123332/EUR 58,59;169834/EUR 29,76;2020364/EUR 4,24
19.10.1994;11/19/28/43/44/45;41;0;4/0/9/1/3/1/8;7/2/4/9/2/4;0/EUR 0,00;0/EUR 446.468,10;2/EUR 111.617,01;272/EUR 2.462,13;0/EUR 0,00;17100/EUR 39,11;0/EUR 0,00;352396/EUR 2,71
19.10.1994;16/18/34/38/42/43;6;0;4/0/9/1/3/1/8;7/2/4/9/2/4;0/EUR 0,00;2/EUR 223.234,02;6/EUR 37.205,64;352/EUR 1.902,52;0/EUR 0,00;21396/EUR 31,29;0/EUR 0,00;396679/EUR 2,40
22.10.1994;19/22/27/31/45/46;47;8;0/2/8/3/5/6/8;8/8/8/7/0/5;1/EUR 5.339.034,78;0/EUR 0,00;11/EUR 182.012,55;1227/EUR 5.439,07;0/EUR 0,00;92219/EUR 72,35;103657/EUR 45,04;1774265/EUR 4,50
26.10.1994;10/12/15/23/26/28;38;0;7/0/7/7/4/5/4;6/0/7/9/2/2;0/EUR 0,00;0/EUR 447.075,51;7/EUR 31.933,96;231/EUR 2.903,06;0/EUR 0,00;16016/EUR 41,82;0/EUR 0,00;330824/EUR 2,91
26.10.1994;8/23/35/42/43/46;32;0;7/0/7/7/4/5/4;6/0/7/9/2/2;0/EUR 0,00;2/EUR 446.771,81;15/EUR 14.902,47;501/EUR 1.338,51;0/EUR 0,00;24587/EUR 27,25;0/EUR 0,00;427975/EUR 2,25
29.10.1994;7/13/15/23/29/33;8;4;4/2/6/0/8/9/9;0/0/4/8/7/5;1/EUR 1.340.444,52;4/EUR 1.005.333,39;37/EUR 54.342,30;2485/EUR 2.697,06;0/EUR 0,00;126534/EUR 52,92;125554/EUR 37,32;1923749/EUR 4,14
02.11.1994;2/14/15/23/26/45;29;0;7/0/3/2/0/6/7;6/5/4/1/6/7;0/EUR 0,00;0/EUR 433.254,68;2/EUR 108.313,66;203/EUR 3.201,35;0/EUR 0,00;16663/EUR 38,96;0/EUR 0,00;337190/EUR 2,76
02.11.1994;8/13/36/39/40/41;4;0;7/0/3/2/0/6/7;6/5/4/1/6/7;0/EUR 0,00;2/EUR 440.165,10;6/EUR 36.104,52;243/EUR 2.674,36;0/EUR 0,00;16754/EUR 38,76;0/EUR 0,00;328563/EUR 2,81
05.11.1994;6/9/22/24/30/33;41;4;2/0/2/7/0/4/8;8/3/9/6/2/9;0/EUR 1.341.388,52;2/EUR 2.012.082,80;33/EUR 60.972,17;1806/EUR 3.713,67;0/EUR 0,00;114835/EUR 58,39;134042/EUR 35,02;1963031/EUR 4,09
09.11.1994;22/23/31/37/43/44;16;0;9/6/2/9/1/3/7;7/2/9/8/5/9;0/EUR 0,00;4/EUR 223.083,60;20/EUR 11.476,97;443/EUR 1.554,43;0/EUR 0,00;19891/EUR 34,61;0/EUR 0,00;372431/EUR 2,66
09.11.1994;9/22/24/27/45/46;1;0;9/6/2/9/1/3/7;7/2/9/8/5/9;0/EUR 0,00;0/EUR 459.079,88;10/EUR 22.953,99;308/EUR 2.235,78;0/EUR 0,00;21470/EUR 32,06;0/EUR 0,00;413194/EUR 2,40
12.11.1994;19/29/31/36/41/48;33;7;2/9/9/4/3/6/6;2/7/7/0/4/0;0/EUR 2.681.383,25;1/EUR 4.019.984,25;30/EUR 66.999,69;1300/EUR 5.153,82;0/EUR 0,00;80201/EUR 83,49;109489/EUR 42,80;1519709/EUR 5,27
16.11.1994;6/9/11/25/46/47;44;0;1/8/5/6/2/3/3;6/3/4/8/7/2;0/EUR 0,00;8/EUR 115.073,86;17/EUR 13.573,83;1791/EUR 386,49;0/EUR 0,00;44392/EUR 15,54;0/EUR 0,00;550207/EUR 1,79
16.11.1994;3/9/18/27/30/45;26;0;1/8/5/6/2/3/3;6/3/4/8/7/2;0/EUR 0,00;3/EUR 153.836,99;9/EUR 25.639,50;452/EUR 1.531,52;0/EUR 0,00;24104/EUR 28,68;0/EUR 0,00;456456/EUR 2,15
19.11.1994;3/4/6/18/46/47;24;3;0/1/6/3/0/5/0;5/1/8/8/0/5;0/EUR 4.010.733,50;4/EUR 997.012,67;41/EUR 48.634,75;1512/EUR 4.395,99;0/EUR 0,00;87965/EUR 75,52;147870/EUR 31,44;1722365/EUR 4,60
23.11.1994;6/10/15/17/23/37;26;0;7/8/7/9/9/0/5;7/8/8/5/0/7;0/EUR 0,00;2/EUR 223.599,96;4/EUR 55.899,95;326/EUR 2.057,64;0/EUR 0,00;17488/EUR 38,35;0/EUR 0,00;379612/EUR 2,51
23.11.1994;1/2/9/39/41/43;35;0;7/8/7/9/9/0/5;7/8/8/5/0/7;0/EUR 0,00;1/EUR 447.199,91;6/EUR 37.266,63;333/EUR 2.014,39;0/EUR 0,00;22565/EUR 29,71;0/EUR 0,00;431676/EUR 2,20
26.11.1994;3/10/13/14/23/28;9;1;7/1/1/5/4/3/0;8/6/9/2/5/1;0/EUR 5.406.308,93;3/EUR 1.395.575,43;40/EUR 52.334,05;1718/EUR 4.061,60;0/EUR 0,00;105410/EUR 66,16;154824/EUR 31,55;1822064/EUR 4,55
30.11.1994;6/9/10/11/15/37;41;0;8/9/7/7/9/6/9;7/5/8/7/3/1;0/EUR 0,00;0/EUR 512.754,94;4/EUR 64.094,32;475/EUR 1.619,21;0/EUR 0,00;33418/EUR 23,01;0/EUR 0,00;536804/EUR 2,05
30.11.1994;11/16/21/31/46/48;17;0;8/9/7/7/9/6/9;7/5/8/7/3/1;0/EUR 0,00;1/EUR 512.754,94;5/EUR 51.275,47;508/EUR 1.514,04;0/EUR 0,00;25245/EUR 30,42;0/EUR 0,00;450180/EUR 2,45
03.12.1994;3/23/27/32/36/48;5;1;8/7/4/9/9/0/5;8/3/6/2/8/4;0/EUR 7.042.851,73;13/EUR 377.663,70;63/EUR 38.965,30;3134/EUR 2.610,91;0/EUR 0,00;144717/EUR 56,50;169358/EUR 33,80;2231127/EUR 4,40
07.12.1994;16/21/28/35/40/49;25;0;5/0/3/7/9/7/5;0/1/1/1/9/3;0/EUR 0,00;0/EUR 1.001.002,49;7/EUR 34.874,81;351/EUR 2.086,48;0/EUR 0,00;22412/EUR 32,67;0/EUR 0,00;376604/EUR 2,76
07.12.1994;15/21/34/37/38/46;13;0;5/0/3/7/9/7/5;0/1/1/1/9/3;0/EUR 0,00;0/EUR 488.247,55;3/EUR 81.374,56;276/EUR 2.653,50;0/EUR 0,00;17675/EUR 41,41;0/EUR 0,00;362389/EUR 2,91
10.12.1994;2/3/5/8/13/43;21;1;0/5/9/8/6/5/7;8/9/4/4/2/2;0/EUR 8.669.755,60;3/EUR 1.626.903,87;70/EUR 34.862,18;1930/EUR 4.214,73;0/EUR 0,00;124103/EUR 65,50;181298/EUR 31,39;2198990/EUR 4,40
14.12.1994;1/7/10/23/24/39;34;0;5/3/1/8/3/3/4;5/7/2/3/1/8;0/EUR 0,00;2/EUR 744.104,86;10/EUR 24.360,35;552/EUR 1.323,89;0/EUR 0,00;29355/EUR 24,85;0/EUR 0,00;511447/EUR 2,05
14.12.1994;5/10/20/32/33/41;14;0;5/3/1/8/3/3/4;5/7/2/3/1/8;0/EUR 0,00;1/EUR 975.454,77;10/EUR 24.360,35;640/EUR 1.141,87;0/EUR 0,00;31273/EUR 23,37;0/EUR 0,00;505516/EUR 2,05
17.12.1994;19/24/35/36/37/38;21;5;7/2/6/7/0/9/6;7/6/4/5/2/3;1/EUR 10.479.668,89;6/EUR 904.956,62;33/EUR 82.268,76;1604/EUR 5.641,85;0/EUR 0,00;115727/EUR 78,18;140366/EUR 45,10;2158182/EUR 5,01
21.12.1994;17/24/28/29/44/46;48;0;0/2/3/3/7/6/1;5/8/1/3/2/2;0/EUR 0,00;2/EUR 248.511,48;11/EUR 22.591,94;340/EUR 2.192,73;0/EUR 0,00;22441/EUR 33,18;0/EUR 0,00;440504/EUR 2,40
21.12.1994;1/5/16/18/33/40;30;0;0/2/3/3/7/6/1;5/8/1/3/2/2;0/EUR 0,00;3/EUR 165.674,32;9/EUR 27.612,37;258/EUR 2.889,67;0/EUR 0,00;18429/EUR 40,44;0/EUR 0,00;391922/EUR 2,71
24.12.1994;1/6/13/16/30/43;37;9;0/4/8/0/0/1/3;0/0/4/1/7/4;0/EUR 1.569.894,88;2/EUR 2.354.842,34;32/EUR 73.588,81;1538/EUR 5.103,66;0/EUR 0,00;94454/EUR 83,08;111880/EUR 49,08;1785106/EUR 5,27
28.12.1994;9/17/27/37/39/49;48;0;5/8/1/8/1/4/2;1/1/6/9/9/7;0/EUR 0,00;2/EUR 222.284,91;19/EUR 11.699,18;945/EUR 705,63;0/EUR 0,00;35152/EUR 18,97;0/EUR 0,00;525620/EUR 1,79
28.12.1994;4/10/12/25/29/45;40;0;5/8/1/8/1/4/2;1/1/6/9/9/7;0/EUR 0,00;4/EUR 111.142,43;32/EUR 6.946,36;509/EUR 1.310,08;0/EUR 0,00;27314/EUR 24,39;0/EUR 0,00;460214/EUR 2,05
31.12.1994;7/15/26/32/37/41;44;8;5/1/8/4/4/9/9;0/4/3/9/4/8;7/EUR 439.675,59;14/EUR 323.107,33;55/EUR 41.122,75;3382/EUR 2.229,18;0/EUR 0,00;138490/EUR 54,40;135669/EUR 38,86;2108487/EUR 4,24
04.01.1995;7/12/16/25/26/27;4;0;3/9/3/8/0/2/4;7/1/2/2/3/3;0/EUR 0,00;3/EUR 148.389,84;5/EUR 44.516,96;611/EUR 1.092,89;0/EUR 0,00;32700/EUR 20,40;0/EUR 0,00;534730/EUR 1,79
04.01.1995;20/24/36/37/42/43;0;0;3/9/3/8/0/2/4;7/1/2/2/3/3;0/EUR 0,00;1/EUR 445.169,62;5/EUR 44.516,96;217/EUR 3.077,16;0/EUR 0,00;15634/EUR 42,69;0/EUR 0,00;331609/EUR 2,86
07.01.1995;2/12/19/41/47/48;26;5;8/2/7/1/3/4/1;2/3/2/6/1/0;1/EUR 1.339.029,67;4/EUR 1.004.272,25;39/EUR 51.501,10;1405/EUR 4.765,19;0/EUR 0,00;90142/EUR 74,24;133774/EUR 35,02;1674806/EUR 4,76
11.01.1995;2/24/30/42/43/45;40;0;6/6/3/5/7/4/8;7/5/2/6/7/4;0/EUR 0,00;5/EUR 98.240,80;7/EUR 35.085,97;761/EUR 968,18;0/EUR 0,00;34523/EUR 21,32;0/EUR 0,00;546782/EUR 1,94
11.01.1995;6/7/10/11/12/44;0;0;6/6/3/5/7/4/8;7/5/2/6/7/4;0/EUR 0,00;0/EUR 491.204,04;2/EUR 122.801,01;233/EUR 3.162,24;0/EUR 0,00;17008/EUR 43,31;0/EUR 0,00;371816/EUR 2,81
14.01.1995;8/23/28/40/42/45;14;8;2/9/3/4/4/4/9;7/0/2/7/7/8;0/EUR 1.522.635,10;5/EUR 913.581,04;49/EUR 46.611,26;1493/EUR 5.099,22;0/EUR 0,00;88918/EUR 85,59;124011/EUR 42,95;1645821/EUR 5,52
18.01.1995;9/12/19/32/43/46;23;0;0/2/1/3/4/9/4;1/3/1/5/2/6;0/EUR 0,00;2/EUR 228.521,19;9/EUR 25.391,21;412/EUR 1.663,95;0/EUR 0,00;22587/EUR 30,32;0/EUR 0,00;435170/EUR 2,25
18.01.1995;5/12/18/40/41/49;0;0;0/2/1/3/4/9/4;1/3/1/5/2/6;0/EUR 0,00;1/EUR 948.246,47;11/EUR 20.774,61;473/EUR 1.449,36;0/EUR 0,00;26593/EUR 25,77;0/EUR 0,00;481283/EUR 2,05
21.01.1995;12/18/21/27/41/44;29;6;0/5/7/3/1/5/8;7/6/4/6/5/5;0/EUR 2.892.002,01;9/EUR 456.455,62;36/EUR 57.056,95;1800/EUR 3.803,76;0/EUR 0,00;106696/EUR 64,17;123343/EUR 38,81;1896268/EUR 4,29
25.01.1995;2/8/19/26/35/39;47;0;6/2/5/9/2/4/3;7/0/8/8/4/7;0/EUR 0,00;0/EUR 449.014,28;3/EUR 74.835,70;289/EUR 2.330,52;0/EUR 0,00;18321/EUR 36,76;0/EUR 0,00;365731/EUR 2,66
25.01.1995;2/5/31/36/41/45;0;0;6/2/5/9/2/4/3;7/0/8/8/4/7;0/EUR 0,00;2/EUR 224.507,14;15/EUR 14.967,10;651/EUR 1.034,55;0/EUR 0,00;26824/EUR 25,10;0/EUR 0,00;451594/EUR 2,15
28.01.1995;17/33/37/39/45/49;26;9;3/7/2/6/7/2/3;6/6/8/3/4/5;2/EUR 2.127.111,25;12/EUR 340.555,11;46/EUR 44.420,22;2996/EUR 2.273,36;0/EUR 0,00;159579/EUR 42,64;156592/EUR 30,42;2191320/EUR 3,68
01.02.1995;5/20/25/38/41/47;14;0;8/1/3/6/0/4/3;3/6/7/8/4/9;0/EUR 0,00;2/EUR 235.664,50;48/EUR 4.909,63;505/EUR 1.399,97;0/EUR 0,00;22981/EUR 30,73;0/EUR 0,00;417779/EUR 2,40
01.02.1995;1/4/22/25/37/41;0;0;8/1/3/6/0/4/3;3/6/7/8/4/9;0/EUR 0,00;0/EUR 920.343,28;16/EUR 14.728,99;343/EUR 2.061,17;0/EUR 0,00;20041/EUR 35,23;0/EUR 0,00;395881/EUR 2,56
04.02.1995;2/4/6/8/31/44;36;5;8/5/6/1/0/5/5;3/5/2/0/5/3;0/EUR 1.388.507,69;9/EUR 462.835,88;20/EUR 104.138,04;2019/EUR 3.438,59;0/EUR 0,00;123891/EUR 55,99;99519/EUR 48,83;1917319/EUR 4,29
08.02.1995;18/24/30/35/37/42;26;0;3/0/5/8/8/9/9;6/8/1/6/2/8;0/EUR 0,00;1/EUR 455.818,30;6/EUR 37.984,85;379/EUR 1.803,99;0/EUR 0,00;21634/EUR 31,60;0/EUR 0,00;398057/EUR 2,45
08.02.1995;5/6/14/23/36/39;0;0;3/0/5/8/8/9/9;6/8/1/6/2/8;0/EUR 0,00;2/EUR 688.080,76;6/EUR 37.984,85;305/EUR 2.241,71;0/EUR 0,00;19358/EUR 35,28;0/EUR 0,00;386610/EUR 2,51
11.02.1995;11/13/35/38/41/42;8;0;9/7/9/2/5/0/5;3/4/6/0/1/2;1/EUR 6.835.158,73;0/EUR 0,00;31/EUR 65.886,86;1092/EUR 6.234,69;0/EUR 0,00;77216/EUR 88,15;93748/EUR 50,82;1619621/EUR 5,01
15.02.1995;4/16/29/42/43/49;27;0;3/1/5/3/7/2/1;6/9/7/6/4/8;0/EUR 0,00;2/EUR 227.350,38;13/EUR 17.488,48;425/EUR 1.604,79;0/EUR 0,00;22199/EUR 30,68;0/EUR 0,00;409664/EUR 2,40
15.02.1995;10/11/25/28/37/48;0;0;3/1/5/3/7/2/1;6/9/7/6/4/8;0/EUR 0,00;1/EUR 454.700,82;5/EUR 45.470,06;281/EUR 2.427,20;0/EUR 0,00;16568/EUR 41,16;0/EUR 0,00;339602/EUR 2,86
18.02.1995;1/9/12/24/31/38;28;1;7/2/2/4/1/1/7;4/3/0/5/1/5;2/EUR 675.238,59;10/EUR 405.143,14;38/EUR 53.308,26;2773/EUR 2.435,03;0/EUR 0,00;136890/EUR 49,29;139131/EUR 33,95;2116337/EUR 3,78
22.02.1995;1/3/15/32/41/46;25;0;9/6/7/6/0/0/9;9/7/8/1/0/8;0/EUR 0,00;2/EUR 222.423,68;4/EUR 55.605,91;332/EUR 2.009,84;0/EUR 0,00;18890/EUR 35,28;0/EUR 0,00;379301/EUR 2,51
22.02.1995;18/20/26/29/35/45;0;0;9/6/7/6/0/0/9;9/7/8/1/0/8;0/EUR 0,00;0/EUR 444.847,40;4/EUR 55.605,91;195/EUR 3.421,87;0/EUR 0,00;16098/EUR 41,41;0/EUR 0,00;322851/EUR 2,97
25.02.1995;3/6/26/34/37/47;41;1;8/4/5/5/7/4/0;3/0/9/0/4/1;1/EUR 1.332.466,42;6/EUR 666.233,21;39/EUR 51.248,68;2020/EUR 3.298,14;0/EUR 0,00;106765/EUR 62,38;122809/EUR 37,94;1755471/EUR 4,55
01.03.1995;7/8/10/25/38/47;14;0;5/9/1/2/2/6/4;5/1/4/2/1/7;0/EUR 0,00;3/EUR 150.316,23;17/EUR 13.263,17;405/EUR 1.670,13;0/EUR 0,00;23831/EUR 28,38;0/EUR 0,00;443064/EUR 2,20
01.03.1995;2/19/21/25/36/47;0;0;5/9/1/2/2/6/4;5/1/4/2/1/7;0/EUR 0,00;1/EUR 895.796,16;5/EUR 45.094,87;470/EUR 1.439,18;0/EUR 0,00;22176/EUR 30,47;0/EUR 0,00;412255/EUR 2,35
04.03.1995;27/36/37/41/47/49;42;6;7/1/6/9/2/1/1;3/0/4/9/6/1;1/EUR 1.364.617,37;9/EUR 454.872,46;47/EUR 43.551,59;1763/EUR 3.870,12;0/EUR 0,00;108689/EUR 62,74;119480/EUR 39,93;1655101/EUR 4,91
08.03.1995;5/19/20/25/33/49;27;0;5/6/0/8/2/5/8;2/5/5/0/4/7;0/EUR 0,00;1/EUR 463.505,11;5/EUR 46.350,50;467/EUR 1.488,73;0/EUR 0,00;26699/EUR 26,02;0/EUR 0,00;489936/EUR 2,05
08.03.1995;3/8/19/31/34/47;0;0;5/6/0/8/2/5/8;2/5/5/0/4/7;0/EUR 0,00;7/EUR 66.215,01;19/EUR 12.197,48;829/EUR 838,62;0/EUR 0,00;31053/EUR 22,34;0/EUR 0,00;497314/EUR 1,99
11.03.1995;4/18/21/25/26/31;5;6;2/0/7/7/2/4/0;0/3/5/6/2/5;1/EUR 1.334.770,20;7/EUR 572.044,35;42/EUR 47.670,35;1630/EUR 4.094,37;0/EUR 0,00;108919/EUR 61,25;157502/EUR 29,65;1927901/EUR 4,14
15.03.1995;2/5/13/23/26/31;32;0;8/1/5/0/7/7/6;8/8/6/1/3/4;0/EUR 0,00;4/EUR 110.289,80;17/EUR 12.975,26;575/EUR 1.150,82;0/EUR 0,00;29582/EUR 22,34;0/EUR 0,00;480371/EUR 1,94
15.03.1995;9/26/30/34/43/46;0;0;8/1/5/0/7/7/6;8/8/6/1/3/4;0/EUR 0,00;1/EUR 441.159,35;5/EUR 44.115,90;334/EUR 1.981,20;0/EUR 0,00;19979/EUR 33,08;0/EUR 0,00;372529/EUR 2,56
18.03.1995;7/8/13/32/33/43;40;0;4/9/1/2/9/0/9;7/3/8/5/4/4;1/EUR 1.334.463,83;3/EUR 1.334.463,83;24/EUR 83.403,98;1976/EUR 3.376,67;0/EUR 0,00;116077/EUR 57,47;116906/EUR 39,93;1970749/EUR 4,04
22.03.1995;2/3/17/18/28/47;27;0;2/2/3/0/0/7/2;6/6/2/6/2/5;0/EUR 0,00;0/EUR 441.148,16;12/EUR 18.381,15;341/EUR 1.940,51;0/EUR 0,00;22003/EUR 30,06;0/EUR 0,00;433465/EUR 2,20
22.03.1995;3/4/5/29/34/37;0;0;2/2/3/0/0/7/2;6/6/2/6/2/5;0/EUR 0,00;0/EUR 441.148,16;3/EUR 73.524,69;244/EUR 2.711,94;0/EUR 0,00;17459/EUR 37,89;0/EUR 0,00;399863/EUR 2,35
25.03.1995;5/10/13/28/32/43;35;3;5/5/6/6/5/8/4;6/2/1/1/8/5;1/EUR 1.322.466,78;4/EUR 991.850,06;38/EUR 52.202,59;2002/EUR 3.302,84;0/EUR 0,00;102145/EUR 64,73;112198/EUR 41,21;1735075/EUR 4,55
29.03.1995;10/11/26/32/35/36;19;0;5/6/3/0/4/7/6;6/4/5/6/0/6;0/EUR 0,00;0/EUR 928.137,11;14/EUR 17.392,46;247/EUR 2.957,41;0/EUR 0,00;18150/EUR 40,24;0/EUR 0,00;375535/EUR 2,76
29.03.1995;2/20/27/42/48/49;0;0;5/6/3/0/4/7/6;6/4/5/6/0/6;0/EUR 0,00;3/EUR 309.379,04;14/EUR 17.392,46;409/EUR 1.785,99;0/EUR 0,00;23786/EUR 30,68;0/EUR 0,00;456566/EUR 2,30
01.04.1995;4/11/20/32/33/48;30;2;5/8/6/5/3/2/9;9/4/7/7/0/3;0/EUR 1.487.608,23;7/EUR 637.546,36;50/EUR 44.628,21;2225/EUR 3.342,93;0/EUR 0,00;122386/EUR 60,74;145210/EUR 35,84;2024647/EUR 4,40
05.04.1995;20/21/22/25/35/39;16;0;9/7/2/4/7/9/1;3/6/8/6/2/6;0/EUR 0,00;1/EUR 449.289,20;5/EUR 44.928,90;241/EUR 2.796,36;0/EUR 0,00;17452/EUR 38,60;0/EUR 0,00;335552/EUR 2,86
05.04.1995;8/24/29/34/35/43;0;0;9/7/2/4/7/9/1;3/6/8/6/2/6;0/EUR 0,00;1/EUR 1.377.426,31;7/EUR 32.092,05;255/EUR 2.642,87;0/EUR 0,00;17065/EUR 39,47;0/EUR 0,00;344431/EUR 2,81
08.04.1995;13/15/24/32/36/49;26;5;5/1/9/6/5/7/7;9/1/3/9/4/7;1/EUR 2.822.575,22;7/EUR 572.128,71;34/EUR 58.895,56;1664/EUR 4.011,29;0/EUR 0,00;87050/EUR 76,64;112986/EUR 41,31;1548217/EUR 5,16
12.04.1995;3/15/23/42/43/49;23;0;5/3/7/9/9/5/4;3/2/4/5/9/9;0/EUR 0,00;0/EUR 440.166,58;2/EUR 110.041,62;278/EUR 2.374,95;0/EUR 0,00;20676/EUR 31,90;0/EUR 0,00;376445/EUR 2,51
12.04.1995;20/26/27/35/37/44;0;0;5/3/7/9/9/5/4;3/2/4/5/9/9;0/EUR 0,00;1/EUR 440.166,58;3/EUR 73.361,08;251/EUR 2.630,44;0/EUR 0,00;14611/EUR 45,15;0/EUR 0,00;324048/EUR 2,91
15.04.1995;10/23/26/33/38/45;6;6;4/2/2/0/2/4/0;5/4/3/7/5/4;1/EUR 1.299.789,09;9/EUR 433.263,01;86/EUR 22.670,73;2681/EUR 2.424,03;0/EUR 0,00;121092/EUR 53,63;143407/EUR 31,70;1754564/EUR 4,40
19.04.1995;12/31/41/43/44/47;39;0;4/8/3/9/9/6/1;6/7/3/3/9/8;0/EUR 0,00;0/EUR 856.164,39;12/EUR 17.333,20;303/EUR 2.059,38;0/EUR 0,00;22430/EUR 27,81;0/EUR 0,00;387588/EUR 2,30
19.04.1995;9/14/23/27/34/41;0;0;4/8/3/9/9/6/1;6/7/3/3/9/8;0/EUR 0,00;6/EUR 69.332,97;11/EUR 18.908,95;634/EUR 984,19;0/EUR 0,00;25388/EUR 24,54;0/EUR 0,00;411393/EUR 2,15
22.04.1995;20/22/25/26/33/37;31;6;9/8/3/7/0/8/4;9/6/3/1/3/8;0/EUR 1.298.307,21;3/EUR 1.298.307,21;51/EUR 38.185,48;1040/EUR 6.241,85;0/EUR 0,00;72056/EUR 90,09;119355/EUR 38,04;1444940/EUR 5,37
26.04.1995;3/4/18/33/38/43;13;0;9/3/3/0/9/0/7;1/7/2/8/2/6;0/EUR 0,00;3/EUR 427.963,58;14/EUR 15.275,92;548/EUR 1.170,76;0/EUR 0,00;26420/EUR 24,24;0/EUR 0,00;444722/EUR 2,05
26.04.1995;8/15/24/38/43/45;0;0;9/3/3/0/9/0/7;1/7/2/8/2/6;0/EUR 0,00;2/EUR 213.863,22;3/EUR 71.287,74;407/EUR 1.576,36;0/EUR 0,00;19569/EUR 32,77;0/EUR 0,00;348174/EUR 2,66
29.04.1995;4/13/21/25/26/31;46;8;9/0/1/1/4/3/0;2/0/6/1/9/2;0/EUR 2.626.747,57;11/EUR 362.301,89;35/EUR 56.933,12;7326/EUR 906,62;0/EUR 0,00;120271/EUR 55,22;124302/EUR 37,38;2004025/EUR 3,94
03.05.1995;1/8/11/18/33/47;10;0;6/9/6/4/0/1/9;7/5/1/5/0/3;0/EUR 0,00;2/EUR 206.133,20;6/EUR 34.355,49;363/EUR 1.703,57;0/EUR 0,00;20218/EUR 30,58;0/EUR 0,00;392272/EUR 2,25
03.05.1995;2/7/8/26/36/38;0;0;6/9/6/4/0/1/9;7/5/1/5/0/3;0/EUR 0,00;4/EUR 103.066,58;7/EUR 29.447,60;290/EUR 2.132,39;0/EUR 0,00;18342/EUR 33,69;0/EUR 0,00;359044/EUR 2,45
06.05.1995;2/18/27/31/38/39;29;2;3/9/4/0/7/5/9;4/1/4/5/4/5;0/EUR 3.940.024,90;4/EUR 984.958,00;19/EUR 103.679,77;2020/EUR 3.250,64;0/EUR 0,00;118475/EUR 55,42;118738/EUR 38,70;1963164/EUR 3,99
10.05.1995;8/11/29/40/44/47;17;0;6/6/1/2/4/2/9;0/1/6/1/1/2;0/EUR 0,00;1/EUR 509.732,34;1/EUR 254.866,17;292/EUR 2.618,48;0/EUR 0,00;17429/EUR 43,87;0/EUR 0,00;366508/EUR 2,97
10.05.1995;2/6/12/26/37/47;0;0;6/6/1/2/4/2/9;0/1/6/1/1/2;0/EUR 0,00;1/EUR 509.732,34;32/EUR 7.964,55;665/EUR 1.149,74;0/EUR 0,00;30563/EUR 25,00;0/EUR 0,00;510544/EUR 2,15
13.05.1995;1/16/28/30/34/48;7;3;0/9/3/4/8/0/7;6/6/8/1/7/1;0/EUR 5.316.382,05;8/EUR 516.133,92;49/EUR 42.133,37;1453/EUR 4.736,25;0/EUR 0,00;81005/EUR 84,93;130746/EUR 36,81;1443592/EUR 5,68
17.05.1995;3/17/18/26/29/46;26;0;5/7/5/0/5/7/1;1/9/0/3/6/7;0/EUR 0,00;3/EUR 347.812,44;24/EUR 21.738,24;857/EUR 1.826,28;0/EUR 0,00;54142/EUR 28,89;0/EUR 0,00;1006195/EUR 2,20
17.05.1995;4/8/10/17/27/33;0;0;5/7/5/0/5/7/1;1/9/0/3/6/7;0/EUR 0,00;2/EUR 521.718,71;24/EUR 21.738,24;1176/EUR 1.330,89;0/EUR 0,00;61632/EUR 25,36;0/EUR 0,00;1077946/EUR 2,10
20.05.1995;6/12/16/20/39/41;46;0;4/7/3/8/6/1/3;8/7/9/3/9/1;0/EUR 6.791.490,88;7/EUR 632.189,45;34/EUR 65.078,30;1928/EUR 3.825,49;0/EUR 0,00;111048/EUR 66,42;127841/EUR 40,34;1940210/EUR 4,55
24.05.1995;11/22/24/36/40/45;42;0;3/9/8/3/3/5/8;0/3/1/3/1/5;0/EUR 0,00;0/EUR 426.369,21;3/EUR 71.061,49;313/EUR 2.043,28;0/EUR 0,00;18047/EUR 35,43;0/EUR 0,00;339400/EUR 2,71
24.05.1995;3/9/14/22/26/41;0;0;3/9/8/3/3/5/8;0/3/1/3/1/5;0/EUR 0,00;2/EUR 213.184,58;6/EUR 35.530,75;478/EUR 1.337,95;0/EUR 0,00;24643/EUR 25,92;0/EUR 0,00;430801/EUR 2,10
27.05.1995;1/13/18/25/28/30;32;0;7/1/7/3/0/9/8;7/0/5/6/8/4;0/EUR 8.256.089,49;6/EUR 732.299,28;41/EUR 53.582,83;1947/EUR 3.761,17;0/EUR 0,00;107064/EUR 68,36;135404/EUR 37,84;1855356/EUR 4,70
31.05.1995;8/12/14/20/48/49;19;0;9/4/4/9/5/9/6;8/6/1/0/8/8;0/EUR 0,00;1/EUR 849.371,93;6/EUR 35.250,20;233/EUR 2.723,19;0/EUR 0,00;13495/EUR 46,99;0/EUR 0,00;303235/EUR 3,02
31.05.1995;1/8/12/32/41/43;0;0;9/4/4/9/5/9/6;8/6/1/0/8/8;0/EUR 0,00;0/EUR 423.002,71;15/EUR 14.100,05;322/EUR 1.970,47;0/EUR 0,00;18951/EUR 33,44;0/EUR 0,00;383178/EUR 2,35
03.06.1995;10/11/26/29/32/45;6;1;9/0/8/8/3/6/6;2/8/9/9/6/8;0/EUR 9.993.543,46;5/EUR 1.042.472,35;55/EUR 47.385,10;2121/EUR 4.095,81;0/EUR 0,00;127488/EUR 68,10;184560/EUR 32,93;2274977/EUR 4,55
07.06.1995;10/14/17/22/34/37;25;0;7/4/5/5/6/4/0;8/3/8/2/5/3;0/EUR 0,00;2/EUR 415.432,37;6/EUR 33.988,49;466/EUR 1.312,84;0/EUR 0,00;23125/EUR 26,43;0/EUR 0,00;412429/EUR 2,10
07.06.1995;8/9/10/21/27/35;0;0;7/4/5/5/6/4/0;8/3/8/2/5/3;0/EUR 0,00;0/EUR 407.862,03;5/EUR 40.786,16;368/EUR 1.662,47;0/EUR 0,00;18001/EUR 33,95;0/EUR 0,00;337557/EUR 2,61
10.06.1995;3/18/20/21/30/40;9;0;7/6/6/9/7/1/0;3/5/6/6/1/6;5/EUR 2.369.762,91;7/EUR 795.116,19;143/EUR 19.460,84;3860/EUR 2.403,17;0/EUR 0,00;179479/EUR 51,64;288739/EUR 22,45;2569056/EUR 4,29
14.06.1995;4/15/31/39/45/49;33;0;6/4/9/4/1/1/5;7/3/9/3/5/7;0/EUR 0,00;1/EUR 424.301,65;5/EUR 42.430,12;417/EUR 1.526,26;0/EUR 0,00;21218/EUR 29,96;0/EUR 0,00;396488/EUR 2,30
14.06.1995;7/9/18/36/40/46;0;0;6/4/9/4/1/1/5;7/3/9/3/5/7;0/EUR 0,00;0/EUR 832.163,68;5/EUR 42.430,12;262/EUR 2.429,20;0/EUR 0,00;16591/EUR 38,35;0/EUR 0,00;333995/EUR 2,71
17.06.1995;11/14/25/40/42/48;27;1;1/0/5/3/1/7/9;7/8/1/7/6/7;0/EUR 1.405.831,18;6/EUR 702.915,59;44/EUR 47.926,05;1383/EUR 5.082,50;0/EUR 0,00;84002/EUR 83,65;122566/EUR 40,14;1555710/EUR 5,42
21.06.1995;2/6/14/26/45/46;29;0;9/2/1/6/3/0/2;8/3/6/5/2/1;0/EUR 0,00;20/EUR 26.570,51;4/EUR 26.570,51;306/EUR 2.083,92;0/EUR 0,00;18461/EUR 34,51;0/EUR 0,00;353860/EUR 2,56
21.06.1995;15/25/27/30/42/48;0;0;9/2/1/6/3/0/2;8/3/6/5/2/1;0/EUR 0,00;0/EUR 1.257.292,20;6/EUR 35.427,36;323/EUR 1.974,25;0/EUR 0,00;18573/EUR 34,31;0/EUR 0,00;349717/EUR 2,61
24.06.1995;3/7/28/30/33/37;45;0;7/7/4/3/4/7/7;2/4/0/4/1/5;0/EUR 2.767.291,99;6/EUR 680.730,38;33/EUR 61.884,57;1780/EUR 3.824,31;0/EUR 0,00;108057/EUR 62,99;123059/EUR 38,70;1914997/EUR 4,24
28.06.1995;2/5/12/25/34/47;15;0;3/9/0/1/3/8/4;4/1/0/4/5/3;0/EUR 0,00;2/EUR 845.934,92;8/EUR 27.161,10;553/EUR 1.178,73;0/EUR 0,00;25832/EUR 25,21;0/EUR 0,00;448536/EUR 2,10
28.06.1995;1/22/23/39/41/43;0;0;3/9/0/1/3/8/4;4/1/0/4/5/3;0/EUR 0,00;0/EUR 434.577,70;4/EUR 54.322,21;220/EUR 2.962,99;0/EUR 0,00;15465/EUR 42,13;0/EUR 0,00;326313/EUR 2,86
01.07.1995;2/23/28/29/44/47;9;8;4/0/5/5/2/8/6;5/5/4/2/0/0;1/EUR 4.113.463,95;3/EUR 1.346.171,96;35/EUR 57.693,05;1043/EUR 6.453,32;0/EUR 0,00;70888/EUR 94,95;129500/EUR 36,35;1333789/EUR 6,03
05.07.1995;2/4/13/20/21/35;8;0;7/9/4/1/6/9/6;1/3/9/3/9/4;0/EUR 0,00;1/EUR 854.858,60;11/EUR 19.103,65;400/EUR 1.576,01;0/EUR 0,00;23418/EUR 26,89;0/EUR 0,00;395100/EUR 2,30
05.07.1995;10/14/17/26/28/37;0;0;7/9/4/1/6/9/6;1/3/9/3/9/4;0/EUR 0,00;1/EUR 420.280,90;10/EUR 21.014,05;282/EUR 2.235,52;0/EUR 0,00;18625/EUR 33,85;0/EUR 0,00;364279/EUR 2,45
08.07.1995;9/10/21/22/24/44;43;0;7/5/6/0/6/6/8;3/9/3/9/7/6;0/EUR 1.316.441,82;1/EUR 3.949.325,45;29/EUR 68.091,81;1175/EUR 5.601,87;0/EUR 0,00;81443/EUR 80,78;87431/EUR 52,66;1651668/EUR 4,76
12.07.1995;22/31/35/43/44/45;39;0;8/6/2/4/4/8/9;3/4/0/5/2/2;0/EUR 0,00;0/EUR 404.879,21;4/EUR 50.609,87;215/EUR 2.824,73;0/EUR 0,00;15920/EUR 38,14;0/EUR 0,00;324319/EUR 2,66
12.07.1995;1/4/20/21/25/46;0;0;8/6/2/4/4/8/9;3/4/0/5/2/2;0/EUR 0,00;1/EUR 404.879,21;6/EUR 33.739,90;231/EUR 2.629,06;0/EUR 0,00;15394/EUR 39,42;0/EUR 0,00;302557/EUR 2,86
15.07.1995;3/5/25/34/44/46;16;9;2/6/0/3/2/6/3;7/4/2/9/2/3;1/EUR 2.594.433,72;4/EUR 958.493,89;58/EUR 33.051,49;1478/EUR 4.323,38;0/EUR 0,00;87925/EUR 72,65;139372/EUR 32,06;1586722/EUR 4,81
19.07.1995;13/33/37/41/44/48;3;0;3/6/6/1/6/7/5;5/6/3/5/7/6;0/EUR 0,00;0/EUR 815.017,67;9/EUR 22.785,47;344/EUR 1.788,35;0/EUR 0,00;19085/EUR 32,21;0/EUR 0,00;394936/EUR 2,25
19.07.1995;7/9/10/37/39/44;0;0;3/6/6/1/6/7/5;5/6/3/5/7/6;0/EUR 0,00;0/EUR 410.138,46;6/EUR 34.178,17;374/EUR 1.644,93;0/EUR 0,00;18606/EUR 33,03;0/EUR 0,00;347249/EUR 2,56
22.07.1995;12/13/16/26/32/47;33;1;2/8/1/5/4/2/8;2/7/4/5/2/2;0/EUR 1.261.602,59;7/EUR 540.686,82;51/EUR 37.105,93;2015/EUR 3.130,49;0/EUR 0,00;110762/EUR 56,91;132935/EUR 33,18;1810784/EUR 4,14
26.07.1995;6/8/15/17/39/47;21;0;2/7/8/9/6/5/9;0/7/5/4/1/5;0/EUR 0,00;2/EUR 614.016,56;17/EUR 12.147,48;690/EUR 897,83;0/EUR 0,00;30781/EUR 20,09;0/EUR 0,00;483873/EUR 1,84
26.07.1995;1/4/5/9/23/24;0;0;2/7/8/9/6/5/9;0/7/5/4/1/5;0/EUR 0,00;1/EUR 823.153,96;7/EUR 29.501,08;276/EUR 2.244,62;0/EUR 0,00;16770/EUR 36,92;0/EUR 0,00;343449/EUR 2,56
29.07.1995;11/12/39/41/43/45;18;5;5/0/6/2/6/5/3;6/7/4/4/9/9;0/EUR 2.545.017,15;2/EUR 1.925.121,87;13/EUR 148.086,29;1064/EUR 6.031,05;0/EUR 0,00;80042/EUR 80,17;111664/EUR 40,19;1484675/EUR 5,16
02.08.1995;3/14/17/38/48/49;16;0;1/4/6/2/6/2/0;9/9/8/1/5/2;0/EUR 0,00;1/EUR 407.124,85;10/EUR 20.356,22;412/EUR 1.482,24;0/EUR 0,00;20571/EUR 29,65;0/EUR 0,00;380020/EUR 2,30
02.08.1995;6/13/31/33/39/40;0;0;1/4/6/2/6/2/0;9/9/8/1/5/2;0/EUR 0,00;1/EUR 407.124,85;7/EUR 29.080,34;396/EUR 1.542,11;0/EUR 0,00;20521/EUR 29,76;0/EUR 0,00;381857/EUR 2,30
05.08.1995;5/9/17/23/36/47;2;6;4/6/7/9/3/3/9;6/6/2/8/8/9;1/EUR 3.819.900,71;12/EUR 318.720,85;48/EUR 39.840,07;2742/EUR 2.324,69;0/EUR 0,00;119625/EUR 53,28;138507/EUR 32,21;1859322/EUR 4,09
09.08.1995;5/8/12/19/36/40;18;0;0/7/0/8/3/9/5;1/6/8/8/2/7;0/EUR 0,00;1/EUR 407.210,70;7/EUR 29.086,47;313/EUR 1.951,45;0/EUR 0,00;17758/EUR 34,36;0/EUR 0,00;347210/EUR 2,51
09.08.1995;17/23/30/34/36/42;0;0;0/7/0/8/3/9/5;1/6/8/8/2/7;0/EUR 0,00;5/EUR 81.442,10;21/EUR 9.695,47;797/EUR 766,38;0/EUR 0,00;32606/EUR 18,71;0/EUR 0,00;472956/EUR 1,84
12.08.1995;13/20/26/44/48/49;37;3;1/0/9/6/2/2/0;2/0/0/6/9/5;0/EUR 1.263.561,51;3/EUR 1.263.561,51;29/EUR 65.356,60;1097/EUR 5.759,14;0/EUR 0,00;67957/EUR 92,95;106904/EUR 41,36;1375917/EUR 5,47
16.08.1995;7/23/30/31/37/49;28;0;3/6/4/5/9/5/4;6/7/5/7/4/3;0/EUR 0,00;1/EUR 410.228,14;5/EUR 41.022,79;231/EUR 2.663,78;0/EUR 0,00;17440/EUR 35,28;0/EUR 0,00;370693/EUR 2,35
16.08.1995;1/8/22/26/42/48;0;0;3/6/4/5/9/5/4;6/7/5/7/4/3;0/EUR 0,00;1/EUR 410.228,14;9/EUR 22.790,43;237/EUR 2.596,34;0/EUR 0,00;15363/EUR 40,03;0/EUR 0,00;304307/EUR 2,91
19.08.1995;4/23/32/36/42/49;37;3;1/5/2/8/9/7/5;7/6/9/6/2/1;0/EUR 2.535.031,21;9/EUR 423.823,24;17/EUR 112.188,48;1696/EUR 3.748,43;0/EUR 0,00;91966/EUR 69,13;103140/EUR 43,10;1564331/EUR 4,86
23.08.1995;20/21/23/33/38/42;18;0;0/5/5/6/9/1/9;9/3/3/9/1/7;0/EUR 0,00;1/EUR 407.462,31;6/EUR 33.955,15;350/EUR 1.746,27;0/EUR 0,00;17428/EUR 35,02;0/EUR 0,00;329018/EUR 2,66
23.08.1995;5/21/24/33/37/45;0;0;0/5/5/6/9/1/9;9/3/3/9/1/7;0/EUR 0,00;1/EUR 407.462,31;18/EUR 11.318,37;483/EUR 1.265,40;0/EUR 0,00;23920/EUR 25,51;0/EUR 0,00;380067/EUR 2,30
26.08.1995;13/17/20/27/33/48;23;5;3/3/3/5/6/8/0;2/4/9/9/0/8;0/EUR 3.816.773,59;1/EUR 3.845.227,19;40/EUR 48.065,32;2040/EUR 3.141,48;0/EUR 0,00;113786/EUR 56,29;150992/EUR 29,71;1779535/EUR 4,29
30.08.1995;15/16/17/20/23/38;12;0;4/1/0/4/6/1/2;8/3/4/1/2/2;0/EUR 0,00;0/EUR 453.967,83;2/EUR 113.491,92;226/EUR 3.013,04;0/EUR 0,00;17426/EUR 39,06;0/EUR 0,00;357358/EUR 2,71
30.08.1995;5/8/27/32/37/43;0;0;4/1/0/4/6/1/2;8/3/4/1/2/2;0/EUR 0,00;1/EUR 453.967,83;21/EUR 10.808,71;510/EUR 1.335,19;0/EUR 0,00;25343/EUR 26,84;0/EUR 0,00;451922/EUR 2,15
02.09.1995;6/11/25/32/37/42;30;2;8/1/0/4/3/2/2;2/1/6/5/2/3;2/EUR 2.638.788,14;8/EUR 547.800,98;49/EUR 44.718,41;3029/EUR 2.411,35;0/EUR 0,00;138780/EUR 52,61;125375/EUR 40,75;2215011/EUR 3,94
06.09.1995;1/3/4/15/22/33;49;0;0/8/0/7/2/2/1;3/6/0/7/5/9;0/EUR 0,00;0/EUR 880.766,22;7/EUR 30.485,57;362/EUR 1.768,46;0/EUR 0,00;19891/EUR 32,16;0/EUR 0,00;397539/EUR 2,30
06.09.1995;8/9/10/20/25/44;0;0;0/8/0/7/2/2/1;3/6/0/7/5/9;0/EUR 0,00;2/EUR 213.399,17;5/EUR 42.679,83;345/EUR 1.855,63;0/EUR 0,00;23736/EUR 26,95;0/EUR 0,00;437327/EUR 2,10
09.09.1995;7/16/23/37/41/42;1;9;6/6/5/3/1/8/6;0/9/6/7/6/5;2/EUR 751.273,42;5/EUR 751.273,42;35/EUR 56.345,49;1866/EUR 3.522,85;0/EUR 0,00;100476/EUR 65,39;102708/EUR 44,79;1735693/EUR 4,50
13.09.1995;19/20/24/25/26/29;1;0;9/0/9/6/5/2/5;3/1/4/1/4/4;0/EUR 0,00;0/EUR 1.300.677,05;33/EUR 6.362,26;495/EUR 1.272,45;0/EUR 0,00;20526/EUR 30,68;0/EUR 0,00;362301/EUR 2,51
13.09.1995;5/21/29/37/48/49;0;0;9/0/9/6/5/2/5;3/1/4/1/4/4;0/EUR 0,00;0/EUR 419.910,83;7/EUR 29.993,61;286/EUR 2.202,29;0/EUR 0,00;17588/EUR 35,79;0/EUR 0,00;340187/EUR 2,66
16.09.1995;19/21/29/37/40/43;15;7;5/7/2/6/0/7/2;7/9/3/8/2/0;0/EUR 1.308.560,56;5/EUR 785.136,34;34/EUR 57.730,58;1352/EUR 4.839,33;0/EUR 0,00;84493/EUR 77,41;114486/EUR 39,98;1607523/EUR 4,86
20.09.1995;14/16/26/27/32/42;18;0;6/3/5/6/2/3/6;7/6/7/2/2/5;0/EUR 0,00;3/EUR 282.527,06;10/EUR 21.383,50;625/EUR 1.026,37;0/EUR 0,00;30245/EUR 21,17;0/EUR 0,00;445760/EUR 2,05
20.09.1995;7/14/17/21/43/49;0;0;6/3/5/6/2/3/6;7/6/7/2/2/5;0/EUR 0,00;0/EUR 1.728.347,45;11/EUR 19.439,52;316/EUR 2.030,03;0/EUR 0,00;20374/EUR 31,44;0/EUR 0,00;395259/EUR 2,30
23.09.1995;20/24/27/28/38/40;1;4;1/7/2/3/6/8/3;8/6/8/1/6/0;0/EUR 2.613.797,98;5/EUR 783.142,45;20/EUR 97.892,76;1327/EUR 4.917,96;0/EUR 0,00;84748/EUR 77,00;91607/EUR 49,85;1604380/EUR 4,86
27.09.1995;21/22/26/27/33/45;28;0;9/4/9/8/9/1/8;9/9/9/0/9/6;0/EUR 0,00;2/EUR 1.080.909,69;1/EUR 216.735,96;249/EUR 2.611,27;0/EUR 0,00;18386/EUR 35,33;0/EUR 0,00;356328/EUR 2,61
27.09.1995;9/16/26/27/34/43;0;0;9/4/9/8/9/1/8;9/9/9/0/9/6;0/EUR 0,00;2/EUR 216.735,96;7/EUR 30.962,25;439/EUR 1.481,11;0/EUR 0,00;23829/EUR 27,25;0/EUR 0,00;416175/EUR 2,25
30.09.1995;6/11/14/15/25/46;12;2;7/4/9/4/8/5/6;3/2/3/8/7/9;1/EUR 3.947.228,75;3/EUR 1.333.430,77;21/EUR 95.245,04;1478/EUR 4.510,92;0/EUR 0,00;89797/EUR 74,24;118084/EUR 39,47;1639156/EUR 4,86
04.10.1995;4/18/20/31/41/43;49;0;2/1/3/3/3/4/5;1/7/0/9/4/6;0/EUR 0,00;0/EUR 397.933,97;10/EUR 19.896,67;433/EUR 1.378,49;0/EUR 0,00;20015/EUR 29,81;0/EUR 0,00;354359/EUR 2,40
04.10.1995;1/4/6/12/32/39;0;0;2/1/3/3/3/4/5;1/7/0/9/4/6;0/EUR 0,00;0/EUR 397.933,97;9/EUR 22.107,44;294/EUR 2.030,24;0/EUR 0,00;20008/EUR 29,81;0/EUR 0,00;416264/EUR 2,05
07.10.1995;3/9/10/18/37/39;4;4;6/1/9/0/8/4/3;7/1/4/3/1/8;1/EUR 1.330.935,56;9/EUR 443.645,15;54/EUR 36.970,39;2498/EUR 2.663,98;0/EUR 0,00;142063/EUR 46,83;153935/EUR 30,22;2283615/EUR 3,48
11.10.1995;1/2/7/13/22/24;16;0;5/7/1/1/9/9/2;0/3/2/9/0/5;0/EUR 0,00;3/EUR 273.760,86;5/EUR 42.334,87;522/EUR 1.216,52;0/EUR 0,00;26475/EUR 23,98;0/EUR 0,00;452214/EUR 1,99
11.10.1995;6/10/36/37/41/49;0;0;5/7/1/1/9/9/2;0/3/2/9/0/5;0/EUR 0,00;1/EUR 821.282,63;7/EUR 30.239,18;216/EUR 2.939,88;0/EUR 0,00;15041/EUR 42,18;0/EUR 0,00;326991/EUR 2,76
14.10.1995;3/5/21/31/42/47;32;4;2/2/0/9/4/2/7;8/7/5/8/1/2;0/EUR 1.418.831,60;5/EUR 851.298,94;46/EUR 46.266,24;2029/EUR 3.496,37;0/EUR 0,00;113363/EUR 62,53;155045/EUR 32,01;1894056/EUR 4,45
18.10.1995;6/9/18/34/35/42;47;0;5/2/7/1/9/1/2;2/4/1/8/4/9;0/EUR 0,00;3/EUR 139.160,10;15/EUR 13.915,98;383/EUR 1.635,01;0/EUR 0,00;20117/EUR 31,09;0/EUR 0,00;355638/EUR 2,51
18.10.1995;5/15/21/22/37/45;0;0;5/2/7/1/9/1/2;2/4/1/8/4/9;0/EUR 0,00;0/EUR 417.480,40;3/EUR 69.580,02;414/EUR 1.512,61;0/EUR 0,00;23472/EUR 26,64;0/EUR 0,00;402261/EUR 2,20
21.10.1995;10/15/32/36/37/39;18;1;4/6/1/3/9/6/6;5/8/9/1/7/1;0/EUR 2.739.573,48;2/EUR 1.976.699,36;28/EUR 70.596,37;1057/EUR 6.233,67;0/EUR 0,00;71723/EUR 91,83;139727/EUR 32,98;1452891/EUR 5,42
25.10.1995;8/16/21/28/31/47;18;0;4/0/7/3/0/7/7;1/2/0/4/7/2;0/EUR 0,00;0/EUR 835.739,20;7/EUR 29.875,60;280/EUR 2.240,63;0/EUR 0,00;16891/EUR 37,12;0/EUR 0,00;348467/EUR 2,56
25.10.1995;12/16/34/35/37/43;0;0;4/0/7/3/0/7/7;1/2/0/4/7/2;0/EUR 0,00;2/EUR 209.129,37;10/EUR 20.912,91;309/EUR 2.030,34;0/EUR 0,00;18480/EUR 33,90;0/EUR 0,00;352343/EUR 2,56
28.10.1995;2/11/13/20/36/40;14;8;7/4/8/3/6/0/5;0/6/7/3/3/8;0/EUR 4.070.989,30;0/EUR 3.994.247,51;18/EUR 110.951,31;1395/EUR 4.772,09;0/EUR 0,00;81164/EUR 82,01;81901/EUR 56,86;1564970/EUR 5,06
01.11.1995;10/15/19/31/33/37;5;0;5/5/5/8/3/8/7;4/5/4/1/1/4;0/EUR 0,00;3/EUR 153.061,87;7/EUR 32.798,97;582/EUR 1.183,44;0/EUR 0,00;26492/EUR 25,97;0/EUR 0,00;450042/EUR 2,20
01.11.1995;6/12/21/23/33/47;0;0;5/5/5/8/3/8/7;4/5/4/1/1/4;0/EUR 0,00;1/EUR 1.294.924,87;23/EUR 9.982,26;587/EUR 1.173,36;0/EUR 0,00;28406/EUR 24,24;0/EUR 0,00;500847/EUR 1,94
04.11.1995;18/23/29/33/37/44;4;0;3/6/8/2/2/8/3;9/5/6/9/1/0;0/EUR 5.710.705,84;7/EUR 1.273.342,42;69/EUR 35.645,99;2553/EUR 3.211,32;0/EUR 0,00;135679/EUR 60,38;179295/EUR 32,01;2145802/EUR 4,55
08.11.1995;13/19/21/25/28/38;16;0;7/9/2/5/4/1/1;5/5/3/7/3/0;0/EUR 0,00;2/EUR 222.472,30;5/EUR 44.494,46;267/EUR 2.499,65;0/EUR 0,00;17594/EUR 37,89;0/EUR 0,00;359703/EUR 2,66
08.11.1995;11/14/20/22/28/44;0;0;7/9/2/5/4/1/1;5/5/3/7/3/0;0/EUR 0,00;0/EUR 444.944,65;11/EUR 20.224,71;388/EUR 1.720,14;0/EUR 0,00;24555/EUR 27,15;0/EUR 0,00;468890/EUR 2,05
11.11.1995;15/21/24/33/38/39;40;9;1/0/5/4/7/2/7;0/7/7/6/6/6;0/EUR 7.268.983,35;5/EUR 934.966,48;24/EUR 97.392,31;2011/EUR 3.874,37;0/EUR 0,00;115855/EUR 67,23;117298/EUR 46,48;2039176/EUR 4,55
15.11.1995;1/2/6/17/31/39;46;0;9/0/2/5/2/9/4;4/9/8/7/7/0;0/EUR 0,00;3/EUR 162.733,98;1/EUR 162.733,98;297/EUR 2.191,70;0/EUR 0,00;17084/EUR 38,09;0/EUR 0,00;338412/EUR 2,76
15.11.1995;13/16/29/37/44/47;0;0;9/0/2/5/2/9/4;4/9/8/7/7/0;0/EUR 0,00;0/EUR 878.902,00;8/EUR 27.122,30;357/EUR 1.823,32;0/EUR 0,00;23153/EUR 28,07;0/EUR 0,00;443260/EUR 2,10
18.11.1995;1/13/23/25/32/43;28;9;7/0/7/8/3/7/3;5/2/7/4/5/1;0/EUR 8.888.091,71;4/EUR 1.214.331,26;29/EUR 83.746,95;1981/EUR 4.086,55;0/EUR 0,00;129112/EUR 62,68;142139/EUR 39,83;2230580/EUR 4,35
22.11.1995;22/28/29/33/43/48;35;0;6/0/0/5/9/8/6;6/6/0/5/9/0;0/EUR 0,00;0/EUR 1.312.827,65;4/EUR 54.240,71;234/EUR 2.781,53;0/EUR 0,00;14253/EUR 45,66;0/EUR 0,00;309793/EUR 3,02
22.11.1995;2/4/10/16/21/39;0;0;6/0/0/5/9/8/6;6/6/0/5/9/0;0/EUR 0,00;1/EUR 433.925,65;13/EUR 16.689,44;392/EUR 1.660,42;0/EUR 0,00;23529/EUR 27,66;0/EUR 0,00;424053/EUR 2,20
25.11.1995;32/39/42/44/48/49;23;0;3/1/8/5/5/6/1;3/1/7/6/4/1;3/EUR 3.543.227,58;25/EUR 208.990,91;65/EUR 40.190,56;4735/EUR 1.839,01;0/EUR 0,00;155751/EUR 55,88;164742/EUR 36,97;2141364/EUR 4,86
29.11.1995;27/29/35/40/42/48;10;0;4/9/3/7/2/6/4;4/0/3/7/6/9;0/EUR 0,00;0/EUR 1.758.118,65;4/EUR 55.661,33;349/EUR 1.913,82;0/EUR 0,00;17455/EUR 38,24;0/EUR 0,00;339763/EUR 2,81
29.11.1995;2/4/21/34/39/43;0;0;4/9/3/7/2/6/4;4/0/3/7/6/9;0/EUR 0,00;4/EUR 111.322,71;22/EUR 10.120,20;335/EUR 1.993,83;0/EUR 0,00;21749/EUR 30,68;0/EUR 0,00;354813/EUR 2,71
02.12.1995;2/16/25/26/37/39;34;4;6/0/7/8/4/7/7;8/7/9/1/9/3;0/EUR 1.569.331,08;16/EUR 294.249,55;63/EUR 37.365,01;3055/EUR 2.568,42;0/EUR 0,00;147645/EUR 53,12;183369/EUR 29,91;2268243/EUR 4,14
06.12.1995;1/10/13/32/33/48;37;7;8/7/9/1/3/7/1;9/4/6/3/8/3;0/EUR 1.077.549,02;1/EUR 2.656.076,14;21/EUR 25.655,91;1157/EUR 1.474,57;0/EUR 0,00;61772/EUR 24,70;66830/EUR 12,07;979562/EUR 2,45
06.12.1995;2/7/8/10/12/42;49;0;8/7/9/1/3/7/1;9/4/6/3/8/3;0/EUR 1.077.549,02;1/EUR 2.656.076,14;21/EUR 25.655,91;1157/EUR 1.474,57;0/EUR 0,00;61772/EUR 24,70;66830/EUR 12,07;979562/EUR 2,45
09.12.1995;2/9/12/15/38/39;20;6;5/9/8/9/8/5/2;3/6/5/6/8/1;0/EUR 2.987.757,93;7/EUR 607.897,21;28/EUR 75.987,13;1641/EUR 4.321,80;0/EUR 0,00;101630/EUR 69,74;117728/EUR 42,13;1886481/EUR 4,50
13.12.1995;10/17/27/30/33/45;16;0;0/1/7/1/6/9/3;3/5/0/6/4/1;0/EUR 2.032.386,20;3/EUR 265.232,51;20/EUR 23.870,89;1040/EUR 1.453,65;0/EUR 0,00;53046/EUR 25,46;56178/EUR 12,73;880994/EUR 2,40
13.12.1995;7/10/27/35/41/49;45;3;0/1/7/1/6/9/3;3/5/0/6/4/1;0/EUR 2.032.386,20;3/EUR 265.232,51;20/EUR 23.870,89;1040/EUR 1.453,65;0/EUR 0,00;53046/EUR 25,46;56178/EUR 12,73;880994/EUR 2,40
16.12.1995;13/21/28/33/39/47;18;3;4/3/5/9/0/5/7;4/8/1/1/4/4;2/EUR 2.208.377,98;17/EUR 252.176,11;65/EUR 32.976,84;2700/EUR 2.646,24;0/EUR 0,00;113898/EUR 62,68;151831/EUR 32,93;1809853/EUR 4,70
20.12.1995;10/23/27/42/45/49;1;7;2/6/5/4/3/4/7;2/4/1/2/9/7;1/EUR 3.012.209,09;1/EUR 816.519,07;18/EUR 27.217,29;856/EUR 1.812,33;0/EUR 0,00;48291/EUR 28,73;54544/EUR 13,45;844109/EUR 2,61
20.12.1995;3/7/27/35/40/45;48;9;2/6/5/4/3/4/7;2/4/1/2/9/7;1/EUR 3.012.209,09;1/EUR 816.519,07;18/EUR 27.217,29;856/EUR 1.812,33;0/EUR 0,00;48291/EUR 28,73;54544/EUR 13,45;844109/EUR 2,61
23.12.1995;6/7/20/35/44/47;42;8;7/5/0/5/4/9/0;3/4/6/1/8/2;2/EUR 851.286,56;5/EUR 851.286,56;18/EUR 124.145,91;1144/EUR 6.511,15;0/EUR 0,00;75606/EUR 98,47;98757/EUR 52,77;1532559/EUR 5,83
27.12.1995;2/6/9/13/31/49;37;1;1/2/0/2/6/8/2;3/1/3/5/9/6;0/EUR 804.268,11;2/EUR 335.111,69;7/EUR 57.447,68;642/EUR 1.983,51;0/EUR 0,00;38363/EUR 29,65;43989/EUR 13,70;683420/EUR 2,61
27.12.1995;18/22/36/37/43/48;16;0;1/2/0/2/6/8/2;3/1/3/5/9/6;0/EUR 804.268,11;2/EUR 335.111,69;7/EUR 57.447,68;642/EUR 1.983,51;0/EUR 0,00;38363/EUR 29,65;43989/EUR 13,70;683420/EUR 2,61
30.12.1995;8/21/24/32/43/49;9;6;9/5/1/0/6/0/8;3/2/8/5/7/4;1/EUR 1.433.908,52;12/EUR 358.477,12;52/EUR 41.362,75;2505/EUR 2.862,06;0/EUR 0,00;118289/EUR 60,59;156699/EUR 32,01;1913220/EUR 4,45
03.01.1996;19/24/25/30/35/41;20;6;4/2/9/9/2/8/7;6/4/5/4/8/9;0/EUR 1.644.719,22;2/EUR 349.500,93;17/EUR 24.670,65;863/EUR 1.538,94;0/EUR 0,00;45132/EUR 26,28;56568/EUR 11,10;741725/EUR 2,51
03.01.1996;10/25/30/39/45/47;37;2;4/2/9/9/2/8/7;6/4/5/4/8/9;0/EUR 1.644.719,22;2/EUR 349.500,93;17/EUR 24.670,65;863/EUR 1.538,94;0/EUR 0,00;45132/EUR 26,28;56568/EUR 11,10;741725/EUR 2,51
06.01.1996;3/6/14/19/22/32;29;4;7/0/9/2/2/3/1;2/2/6/4/0/5;1/EUR 1.332.916,10;6/EUR 666.458,03;40/EUR 49.984,30;2702/EUR 2.466,52;0/EUR 0,00;131105/EUR 50,82;130969/EUR 35,59;2047971/EUR 3,89
10.01.1996;5/37/38/39/43/44;31;9;7/0/3/0/9/3/4;5/0/1/2/4/1;0/EUR 2.616.008,40;0/EUR 809.407,62;8/EUR 60.705,53;893/EUR 1.722,13;0/EUR 0,00;38462/EUR 35,74;55352/EUR 13,14;712850/EUR 3,02
10.01.1996;15/23/30/41/44/47;45;3;7/0/3/0/9/3/4;5/0/1/2/4/1;0/EUR 2.616.008,40;0/EUR 809.407,62;8/EUR 60.705,53;893/EUR 1.722,13;0/EUR 0,00;38462/EUR 35,74;55352/EUR 13,14;712850/EUR 3,02
13.01.1996;3/7/20/26/29/42;32;1;4/0/0/1/6/4/7;3/3/3/7/4/0;1/EUR 1.443.330,40;8/EUR 541.248,88;51/EUR 42.450,88;2023/EUR 3.567,28;0/EUR 0,00;103494/EUR 69,69;153887/EUR 32,82;1792777/EUR 4,81
17.01.1996;18/20/32/40/43/46;29;1;1/2/7/5/7/9/1;0/8/8/6/8/4;0/EUR 3.558.183,18;2/EUR 797.276,60;18/EUR 26.171,50;699/EUR 2.134,13;0/EUR 0,00;41240/EUR 32,36;52259/EUR 13,50;754967/EUR 2,76
17.01.1996;7/18/22/26/46/49;5;7;1/2/7/5/7/9/1;0/8/8/6/8/4;0/EUR 3.558.183,18;2/EUR 797.276,60;18/EUR 26.171,50;699/EUR 2.134,13;0/EUR 0,00;41240/EUR 32,36;52259/EUR 13,50;754967/EUR 2,76
20.01.1996;8/9/17/25/42/43;34;8;1/5/7/5/4/2/5;8/9/1/6/1/6;3/EUR 595.267,53;6/EUR 595.267,53;95/EUR 21.147,65;1631/EUR 4.105,88;0/EUR 0,00;101722/EUR 65,80;133225/EUR 35,18;1797660/EUR 4,45
24.01.1996;7/10/17/35/41/49;24;7;3/1/3/8/0/3/9;6/5/5/7/8/2;1/EUR 4.501.761,76;10/EUR 78.631,53;23/EUR 20.512,57;2084/EUR 716,88;0/EUR 0,00;43714/EUR 30,58;51112/EUR 13,80;789933/EUR 2,66
24.01.1996;1/7/34/36/39/43;40;9;3/1/3/8/0/3/9;6/5/5/7/8/2;1/EUR 4.501.761,76;10/EUR 78.631,53;23/EUR 20.512,57;2084/EUR 716,88;0/EUR 0,00;43714/EUR 30,58;51112/EUR 13,80;789933/EUR 2,66
27.01.1996;3/10/21/33/36/49;8;4;2/3/1/0/0/4/0;9/7/4/3/3/5;0/EUR 1.309.210,87;12/EUR 327.302,68;29/EUR 67.717,80;2053/EUR 3.188,52;0/EUR 0,00;104960/EUR 62,33;107822/EUR 42,49;1773567/EUR 4,40
31.01.1996;3/14/15/16/17/30;12;1;9/8/2/9/5/6/3;2/5/2/7/6/4;1/EUR 896.537,63;3/EUR 249.038,21;26/EUR 17.241,07;886/EUR 1.602,13;0/EUR 0,00;50277/EUR 25,26;59865/EUR 11,20;797186/EUR 2,51
31.01.1996;9/16/19/29/31/44;46;2;9/8/2/9/5/6/3;2/5/2/7/6/4;1/EUR 896.537,63;3/EUR 249.038,21;26/EUR 17.241,07;886/EUR 1.602,13;0/EUR 0,00;50277/EUR 25,26;59865/EUR 11,20;797186/EUR 2,51
03.02.1996;5/13/20/25/38/40;49;4;1/1/6/0/2/5/0;2/5/0/6/1/6;1/EUR 2.661.363,10;10/EUR 405.645,63;45/EUR 45.071,71;2627/EUR 2.573,54;0/EUR 0,00;124480/EUR 54,30;116361/EUR 40,65;1954831/EUR 4,14
07.02.1996;7/31/33/34/35/47;11;1;2/5/2/9/3/7/9;5/9/2/7/1/1;0/EUR 2.419.105,65;0/EUR 2.015.921,37;33/EUR 36.653,08;1824/EUR 2.099,88;0/EUR 0,00;119713/EUR 28,58;147297/EUR 12,27;2009476/EUR 2,66
07.02.1996;1/2/7/14/20/47;38;5;2/5/2/9/3/7/9;5/9/2/7/1/1;0/EUR 2.419.105,65;0/EUR 2.015.921,37;33/EUR 36.653,08;1824/EUR 2.099,88;0/EUR 0,00;119713/EUR 28,58;147297/EUR 12,27;2009476/EUR 2,66
10.02.1996;26/34/36/41/47/48;9;7;1/1/9/4/3/2/0;8/2/0/7/9/3;0/EUR 1.331.878,13;3/EUR 1.331.878,13;18/EUR 110.989,81;1210/EUR 5.503,60;0/EUR 0,00;73462/EUR 90,60;111855/EUR 41,67;1372623/EUR 5,78
14.02.1996;4/12/18/19/42/44;49;7;1/8/9/1/5/3/5;6/2/6/7/1/8;0/EUR 3.385.636,84;2/EUR 1.410.682,01;15/EUR 32.217,68;816/EUR 1.875,37;0/EUR 0,00;53318/EUR 25,67;65375/EUR 11,04;890055/EUR 2,40
14.02.1996;3/12/14/15/18/28;21;9;1/8/9/1/5/3/5;6/2/6/7/1/8;0/EUR 3.385.636,84;2/EUR 1.410.682,01;15/EUR 32.217,68;816/EUR 1.875,37;0/EUR 0,00;53318/EUR 25,67;65375/EUR 11,04;890055/EUR 2,40
17.02.1996;1/4/20/30/43/47;41;5;4/4/1/7/9/2/5;9/0/3/1/8/7;0/EUR 2.657.289,18;2/EUR 1.988.116,55;28/EUR 71.004,13;1057/EUR 6.269,67;0/EUR 0,00;69390/EUR 95,46;94356/EUR 49,14;1385377/EUR 5,73
21.02.1996;3/5/23/24/45/46;12;5;0/5/5/0/1/5/0;5/8/4/7/3/0;1/EUR 4.332.925,87;1/EUR 789.407,51;19/EUR 24.928,65;875/EUR 1.714,11;0/EUR 0,00;43023/EUR 31,19;70345/EUR 10,07;764487/EUR 2,76
21.02.1996;20/21/23/28/31/39;5;9;0/5/5/0/1/5/0;5/8/4/7/3/0;1/EUR 4.332.925,87;1/EUR 789.407,51;19/EUR 24.928,65;875/EUR 1.714,11;0/EUR 0,00;43023/EUR 31,19;70345/EUR 10,07;764487/EUR 2,76
24.02.1996;4/23/29/31/37/43;8;6;1/7/8/3/2/0/5;8/1/7/5/6/6;0/EUR 3.977.687,32;3/EUR 1.320.398,14;43/EUR 46.060,39;2220/EUR 2.973,83;0/EUR 0,00;93450/EUR 70,61;115408/EUR 40,03;1578151/EUR 5,01
28.02.1996;24/25/27/38/39/40;12;0;9/9/8/2/4/1/2;0/5/3/5/8/7;1/EUR 1.017.937,35;7/EUR 121.182,98;40/EUR 12.724,21;1448/EUR 1.113,03;0/EUR 0,00;61603/EUR 23,37;78761/EUR 9,66;965611/EUR 2,35
28.02.1996;2/7/10/28/31/42;37;3;9/9/8/2/4/1/2;0/5/3/5/8/7;1/EUR 1.017.937,35;7/EUR 121.182,98;40/EUR 12.724,21;1448/EUR 1.113,03;0/EUR 0,00;61603/EUR 23,37;78761/EUR 9,66;965611/EUR 2,35
02.03.1996;3/9/20/34/35/38;28;0;3/9/7/6/4/1/6;3/4/8/0/2/0;1/EUR 5.482.042,51;3/EUR 1.504.355,18;44/EUR 51.284,83;1782/EUR 4.220,97;0/EUR 0,00;104310/EUR 72,09;123440/EUR 42,64;1886719/EUR 4,76
06.03.1996;5/11/15/19/32/48;45;9;4/0/8/0/2/9/4;0/8/8/7/3/3;0/EUR 922.849,74;3/EUR 256.347,13;18/EUR 25.634,69;846/EUR 1.727,14;0/EUR 0,00;53241/EUR 24,54;61133/EUR 11,30;919327/EUR 2,25
06.03.1996;3/10/13/14/19/49;39;5;4/0/8/0/2/9/4;0/8/8/7/3/3;0/EUR 922.849,74;3/EUR 256.347,13;18/EUR 25.634,69;846/EUR 1.727,14;0/EUR 0,00;53241/EUR 24,54;61133/EUR 11,30;919327/EUR 2,25
09.03.1996;3/14/18/19/24/38;6;3;7/0/6/6/2/4/0;7/5/6/8/7/8;1/EUR 2.686.002,92;1/EUR 2.686.002,92;48/EUR 41.968,78;1783/EUR 3.766,12;0/EUR 0,00;121807/EUR 55,12;198023/EUR 23,72;2054573/EUR 3,89
13.03.1996;3/6/13/22/33/36;16;2;3/2/4/3/4/9/9;9/5/0/1/6/4;0/EUR 1.828.501,71;0/EUR 754.709,97;56/EUR 8.086,13;1002/EUR 1.431,05;0/EUR 0,00;52682/EUR 24,34;67614/EUR 10,02;842584/EUR 2,40
13.03.1996;3/4/13/16/28/36;6;4;3/2/4/3/4/9/9;9/5/0/1/6/4;0/EUR 1.828.501,71;0/EUR 754.709,97;56/EUR 8.086,13;1002/EUR 1.431,05;0/EUR 0,00;52682/EUR 24,34;67614/EUR 10,02;842584/EUR 2,40
16.03.1996;12/15/17/25/35/36;41;9;0/1/1/6/1/0/4;3/8/0/0/6/2;1/EUR 1.337.382,90;4/EUR 1.003.037,18;25/EUR 80.242,97;1617/EUR 4.135,38;0/EUR 0,00;95953/EUR 69,69;120614/EUR 38,81;1702004/EUR 4,70
20.03.1996;13/15/20/34/44/48;46;1;1/0/6/6/3/2/6;1/0/8/2/4/4;0/EUR 2.888.399,50;2/EUR 818.979,05;17/EUR 31.173,41;605/EUR 2.773,81;0/EUR 0,00;37249/EUR 40,29;57373/EUR 13,80;704424/EUR 3,37
20.03.1996;4/14/18/37/40/45;27;3;1/0/6/6/3/2/6;1/0/8/2/4/4;0/EUR 2.888.399,50;2/EUR 818.979,05;17/EUR 31.173,41;605/EUR 2.773,81;0/EUR 0,00;37249/EUR 40,29;57373/EUR 13,80;704424/EUR 3,37
23.03.1996;7/24/25/31/35/46;12;0;8/3/8/3/8/5/2;4/7/4/3/2/7;0/EUR 1.322.675,39;8/EUR 496.003,23;48/EUR 41.333,60;1191/EUR 5.552,78;0/EUR 0,00;84190/EUR 78,53;158787/EUR 29,14;1647646/EUR 4,81
27.03.1996;6/7/18/32/33/42;10;1;9/9/8/3/6/3/3;1/0/4/0/0/8;1/EUR 3.853.798,90;2/EUR 402.249,74;27/EUR 17.877,73;988/EUR 1.547,07;0/EUR 0,00;53201/EUR 25,67;75871/EUR 9,51;903939/EUR 2,35
27.03.1996;3/16/19/21/41/43;11;9;9/9/8/3/6/3/3;1/0/4/0/0/8;1/EUR 3.853.798,90;2/EUR 402.249,74;27/EUR 17.877,73;988/EUR 1.547,07;0/EUR 0,00;53201/EUR 25,67;75871/EUR 9,51;903939/EUR 2,35
30.03.1996;2/8/12/20/35/45;16;4;5/4/4/9/4/5/9;1/4/6/4/4/0;1/EUR 2.678.085,52;10/EUR 406.623,02;36/EUR 56.475,41;1590/EUR 4.262,28;0/EUR 0,00;86866/EUR 77,97;129613/EUR 36,56;1532943/EUR 5,27
03.04.1996;2/4/11/28/37/42;6;8;4/3/8/2/0/2/9;0/6/4/7/8/8;0/EUR 913.222,77;1/EUR 761.018,95;22/EUR 20.755,02;665/EUR 2.174,32;0/EUR 0,00;43489/EUR 29,71;79912/EUR 8,54;768897/EUR 2,66
03.04.1996;1/13/16/19/24/41;7;0;4/3/8/2/0/2/9;0/6/4/7/8/8;0/EUR 913.222,77;1/EUR 761.018,95;22/EUR 20.755,02;665/EUR 2.174,32;0/EUR 0,00;43489/EUR 29,71;79912/EUR 8,54;768897/EUR 2,66
06.04.1996;19/24/30/41/43/44;32;9;0/4/0/9/9/5/8;4/4/0/5/4/4;1/EUR 1.286.996,93;5/EUR 772.198,15;30/EUR 64.349,82;1169/EUR 5.504,67;0/EUR 0,00;82193/EUR 78,28;136294/EUR 33,03;1524723/EUR 5,06
10.04.1996;7/11/12/36/41/43;47;2;8/5/6/7/6/8/2;7/5/0/6/7/3;0/EUR 1.742.929,86;0/EUR 691.422,57;11/EUR 37.713,91;560/EUR 2.345,86;0/EUR 0,00;34477/EUR 34,05;43123/EUR 14,42;666818/EUR 2,76
10.04.1996;11/28/30/39/42/49;38;3;8/5/6/7/6/8/2;7/5/0/6/7/3;0/EUR 1.742.929,86;0/EUR 691.422,57;11/EUR 37.713,91;560/EUR 2.345,86;0/EUR 0,00;34477/EUR 34,05;43123/EUR 14,42;666818/EUR 2,76
13.04.1996;7/9/10/11/18/23;44;4;8/0/6/0/1/3/2;7/7/8/9/0/5;2/EUR 645.242,84;9/EUR 430.161,88;32/EUR 60.491,50;2714/EUR 2.377,46;0/EUR 0,00;143777/EUR 44,84;123059/EUR 36,66;2273327/EUR 3,37
17.04.1996;3/16/25/26/30/47;42;9;1/2/7/6/4/2/9;1/0/3/9/8/1;0/EUR 2.642.477,06;2/EUR 720.522,59;12/EUR 37.481,12;717/EUR 1.986,42;0/EUR 0,00;41345/EUR 30,78;50609/EUR 13,29;738027/EUR 2,71
17.04.1996;6/11/15/20/37/47;10;4;1/2/7/6/4/2/9;1/0/3/9/8/1;0/EUR 2.642.477,06;2/EUR 720.522,59;12/EUR 37.481,12;717/EUR 1.986,42;0/EUR 0,00;41345/EUR 30,78;50609/EUR 13,29;738027/EUR 2,71
20.04.1996;3/11/13/28/32/36;14;3;3/2/4/2/7/1/2;7/7/6/4/5/0;0/EUR 1.280.588,19;10/EUR 384.176,44;43/EUR 44.671,67;2173/EUR 2.946,58;0/EUR 0,00;116641/EUR 54,86;105450/EUR 42,49;1937943/EUR 3,94
24.04.1996;4/9/25/32/41/46;28;3;2/9/0/1/0/4/9;1/1/5/6/5/1;0/EUR 3.554.480,66;2/EUR 380.001,48;29/EUR 15.724,17;1061/EUR 1.360,96;0/EUR 0,00;51787/EUR 24,90;74979/EUR 9,10;835823/EUR 2,45
24.04.1996;7/22/25/28/30/31;13;0;2/9/0/1/0/4/9;1/1/5/6/5/1;0/EUR 3.554.480,66;2/EUR 380.001,48;29/EUR 15.724,17;1061/EUR 1.360,96;0/EUR 0,00;51787/EUR 24,90;74979/EUR 9,10;835823/EUR 2,45
27.04.1996;2/25/27/28/38/42;3;3;9/7/5/4/3/8/1;3/7/6/1/0/6;1/EUR 2.590.153,34;3/EUR 1.309.565,15;25/EUR 78.573,90;1161/EUR 5.639,81;0/EUR 0,00;82348/EUR 79,51;119862/EUR 38,19;1600122/EUR 4,91
01.05.1996;8/19/31/35/44/46;28;2;9/4/8/8/3/4/9;4/1/1/7/7/0;1/EUR 5.264.987,70;0/EUR 0,00;20/EUR 23.325,08;763/EUR 1.936,11;0/EUR 0,00;47066/EUR 28,07;65305/EUR 10,69;816874/EUR 2,56
01.05.1996;10/17/19/22/23/37;32;1;9/4/8/8/3/4/9;4/1/1/7/7/0;1/EUR 5.264.987,70;0/EUR 0,00;20/EUR 23.325,08;763/EUR 1.936,11;0/EUR 0,00;47066/EUR 28,07;65305/EUR 10,69;816874/EUR 2,56
04.05.1996;6/10/11/21/42/48;32;4;2/6/8/3/0/1/0;0/1/6/3/7/6;0/EUR 1.276.003,23;5/EUR 765.601,92;55/EUR 34.800,06;1260/EUR 5.063,48;0/EUR 0,00;84219/EUR 75,72;165826/EUR 26,89;1538230/EUR 4,96
08.05.1996;4/19/26/29/33/42;47;5;4/6/5/7/7/3/0;5/1/0/5/2/3;1/EUR 1.651.849,44;0/EUR 0,00;27/EUR 16.685,35;758/EUR 1.882,01;0/EUR 0,00;43695/EUR 29,19;57136/EUR 11,81;782984/EUR 2,56
08.05.1996;3/14/23/25/35/42;17;9;4/6/5/7/7/3/0;5/1/0/5/2/3;1/EUR 1.651.849,44;0/EUR 0,00;27/EUR 16.685,35;758/EUR 1.882,01;0/EUR 0,00;43695/EUR 29,19;57136/EUR 11,81;782984/EUR 2,56
11.05.1996;4/6/18/39/41/49;34;9;0/0/0/8/8/6/7;2/3/8/0/5/4;1/EUR 2.577.635,63;4/EUR 976.224,26;26/EUR 75.094,15;1525/EUR 4.267,60;0/EUR 0,00;91166/EUR 71,38;114004/EUR 39,93;1734972/EUR 4,50
15.05.1996;4/9/21/22/41/47;17;0;7/5/2/8/8/3/0;8/9/2/9/8/2;1/EUR 847.268,22;5/EUR 141.211,35;15/EUR 28.242,23;589/EUR 2.277,60;0/EUR 0,00;34974/EUR 34,31;53632/EUR 11,81;647514/EUR 2,91
15.05.1996;23/24/30/39/42/43;16;9;7/5/2/8/8/3/0;8/9/2/9/8/2;1/EUR 847.268,22;5/EUR 141.211,35;15/EUR 28.242,23;589/EUR 2.277,60;0/EUR 0,00;34974/EUR 34,31;53632/EUR 11,81;647514/EUR 2,91
18.05.1996;6/17/29/35/44/48;15;5;0/8/9/5/2/5/6;1/1/8/6/1/8;1/EUR 1.246.288,99;7/EUR 534.123,82;30/EUR 62.314,41;1779/EUR 3.502,76;0/EUR 0,00;81159/EUR 76,74;80303/EUR 54,30;1377780/EUR 5,42
22.05.1996;18/19/34/37/42/47;39;3;8/6/7/4/6/0/1;8/7/6/4/4/8;0/EUR 841.995,06;5/EUR 140.332,49;11/EUR 38.272,50;519/EUR 2.568,68;0/EUR 0,00;32432/EUR 36,76;47803/EUR 13,19;612803/EUR 3,07
22.05.1996;1/15/18/38/42/47;23;9;8/6/7/4/6/0/1;8/7/6/4/4/8;0/EUR 841.995,06;5/EUR 140.332,49;11/EUR 38.272,50;519/EUR 2.568,68;0/EUR 0,00;32432/EUR 36,76;47803/EUR 13,19;612803/EUR 3,07
25.05.1996;6/18/21/27/28/36;4;6;1/7/5/8/6/0/8;0/7/1/0/0/3;0/EUR 1.262.217,22;4/EUR 946.662,90;39/EUR 48.546,81;1542/EUR 4.092,79;0/EUR 0,00;94205/EUR 66,98;126972/EUR 34,77;1639765/EUR 4,60
29.05.1996;1/2/15/16/25/47;12;4;9/9/1/6/0/2/9;5/2/8/0/9/3;0/EUR 1.648.273,27;1/EUR 671.898,48;12/EUR 33.594,89;517/EUR 2.469,23;0/EUR 0,00;32889/EUR 34,72;51122/EUR 11,81;604066/EUR 2,97
29.05.1996;15/18/20/32/37/43;16;5;9/9/1/6/0/2/9;5/2/8/0/9/3;0/EUR 1.648.273,27;1/EUR 671.898,48;12/EUR 33.594,89;517/EUR 2.469,23;0/EUR 0,00;32889/EUR 34,72;51122/EUR 11,81;604066/EUR 2,97
01.06.1996;8/23/27/29/43/47;31;2;2/8/1/6/6/5/4;2/1/6/6/2/0;0/EUR 2.516.809,44;3/EUR 1.254.592,22;27/EUR 69.699,56;1226/EUR 5.116,60;0/EUR 0,00;76648/EUR 81,81;112834/EUR 38,91;1371967/EUR 5,47
05.06.1996;9/14/24/25/32/33;49;4;7/4/1/4/6/8/5;1/1/3/9/3/7;3/EUR 827.934,02;2/EUR 348.137,01;15/EUR 27.850,94;813/EUR 1.627,19;0/EUR 0,00;46543/EUR 25,41;54297/EUR 11,50;822191/EUR 2,25
05.06.1996;4/12/23/25/27/49;47;0;7/4/1/4/6/8/5;1/1/3/9/3/7;3/EUR 827.934,02;2/EUR 348.137,01;15/EUR 27.850,94;813/EUR 1.627,19;0/EUR 0,00;46543/EUR 25,41;54297/EUR 11,50;822191/EUR 2,25
08.06.1996;8/12/16/20/28/41;22;3;4/8/0/3/7/6/5;3/5/2/8/3/0;0/EUR 3.749.871,56;6/EUR 616.531,04;24/EUR 77.066,36;2064/EUR 2.987,02;0/EUR 0,00;94743/EUR 65,04;102090/EUR 42,23;1491405/EUR 4,96
12.06.1996;5/11/22/30/32/40;37;5;3/6/1/6/2/6/4;4/2/6/1/3/1;0/EUR 821.976,09;1/EUR 684.980,09;14/EUR 29.356,28;777/EUR 1.674,94;0/EUR 0,00;37116/EUR 31,34;47606/EUR 12,94;674000/EUR 2,71
12.06.1996;22/23/26/30/34/41;3;8;3/6/1/6/2/6/4;4/2/6/1/3/1;0/EUR 821.976,09;1/EUR 684.980,09;14/EUR 29.356,28;777/EUR 1.674,94;0/EUR 0,00;37116/EUR 31,34;47606/EUR 12,94;674000/EUR 2,71
15.06.1996;15/30/32/33/36/37;40;5;8/9/4/0/4/3/0;5/7/6/0/3/7;0/EUR 5.135.966,93;6/EUR 693.047,66;47/EUR 44.237,08;2034/EUR 3.407,30;0/EUR 0,00;88007/EUR 78,74;131676/EUR 36,81;1536661/EUR 5,37
19.06.1996;7/12/41/44/47/49;24;7;9/1/2/3/4/5/4;8/5/7/0/0/3;0/EUR 1.656.215,62;1/EUR 695.199,58;42/EUR 9.931,38;676/EUR 1.953,95;0/EUR 0,00;42712/EUR 27,66;61757/EUR 10,12;734337/EUR 2,51
19.06.1996;10/11/15/16/19/40;12;6;9/1/2/3/4/5/4;8/5/7/0/0/3;0/EUR 1.656.215,62;1/EUR 695.199,58;42/EUR 9.931,38;676/EUR 1.953,95;0/EUR 0,00;42712/EUR 27,66;61757/EUR 10,12;734337/EUR 2,51
22.06.1996;11/12/17/23/34/41;37;0;5/2/7/6/4/3/6;4/9/8/1/3/1;1/EUR 6.506.255,20;9/EUR 456.762,76;98/EUR 20.973,76;2585/EUR 2.650,43;0/EUR 0,00;128618/EUR 53,23;178973/EUR 26,79;2024360/EUR 4,04
26.06.1996;1/5/31/42/43/48;20;4;1/2/8/5/7/8/2;9/8/5/4/6/4;1/EUR 3.217.998,45;0/EUR 0,00;23/EUR 18.519,15;662/EUR 2.037,45;0/EUR 0,00;34438/EUR 35,02;54354/EUR 11,71;644115/EUR 2,97
26.06.1996;7/29/32/38/43/47;19;7;1/2/8/5/7/8/2;9/8/5/4/6/4;1/EUR 3.217.998,45;0/EUR 0,00;23/EUR 18.519,15;662/EUR 2.037,45;0/EUR 0,00;34438/EUR 35,02;54354/EUR 11,71;644115/EUR 2,97
29.06.1996;1/2/3/11/26/47;35;3;4/9/4/0/1/7/9;2/8/7/5/3/3;0/EUR 1.287.566,25;3/EUR 1.287.566,25;15/EUR 128.756,59;1495/EUR 4.306,20;0/EUR 0,00;112302/EUR 57,32;96264/EUR 46,78;1813327/EUR 4,24
03.07.1996;4/11/20/27/37/41;48;3;6/2/1/2/5/5/4;6/0/5/5/1/0;4/EUR 223.123,38;3/EUR 223.123,38;18/EUR 23.664,58;971/EUR 1.389,13;0/EUR 0,00;45128/EUR 26,74;49389/EUR 12,94;749903/EUR 2,51
03.07.1996;5/9/22/31/47/48;10;2;6/2/1/2/5/5/4;6/0/5/5/1/0;4/EUR 223.123,38;3/EUR 223.123,38;18/EUR 23.664,58;971/EUR 1.389,13;0/EUR 0,00;45128/EUR 26,74;49389/EUR 12,94;749903/EUR 2,51
06.07.1996;9/11/15/18/33/46;10;1;3/3/1/7/1/8/7;1/0/7/0/9/5;1/EUR 2.590.838,37;5/EUR 781.963,26;17/EUR 114.994,55;1359/EUR 4.794,95;0/EUR 0,00;93494/EUR 69,69;118091/EUR 38,60;1771520/EUR 4,40
10.07.1996;3/16/20/24/30/38;27;4;4/1/6/2/1/9/1;5/9/0/2/4/5;1/EUR 835.371,53;1/EUR 696.142,92;9/EUR 46.409,50;685/EUR 1.930,89;0/EUR 0,00;40107/EUR 29,50;54605/EUR 11,45;691949/EUR 2,71
10.07.1996;10/13/39/41/44/46;37;2;4/1/6/2/1/9/1;5/9/0/2/4/5;1/EUR 835.371,53;1/EUR 696.142,92;9/EUR 46.409,50;685/EUR 1.930,89;0/EUR 0,00;40107/EUR 29,50;54605/EUR 11,45;691949/EUR 2,71
13.07.1996;10/28/33/37/40/41;18;2;4/3/7/3/6/2/5;0/0/8/0/7/9;1/EUR 1.694.863,10;2/EUR 1.694.863,10;35/EUR 54.477,74;1099/EUR 5.783,17;0/EUR 0,00;81862/EUR 77,61;143773/EUR 30,93;1543734/EUR 4,91
17.07.1996;1/18/19/20/27/48;11;1;3/1/6/1/0/9/9;5/0/8/7/2/9;0/EUR 828.564,65;1/EUR 690.470,54;10/EUR 41.428,19;845/EUR 1.552,49;0/EUR 0,00;45982/EUR 25,51;53556/EUR 11,56;776510/EUR 2,35
17.07.1996;11/17/18/23/26/39;48;9;3/1/6/1/0/9/9;5/0/8/7/2/9;0/EUR 828.564,65;1/EUR 690.470,54;10/EUR 41.428,19;845/EUR 1.552,49;0/EUR 0,00;45982/EUR 25,51;53556/EUR 11,56;776510/EUR 2,35
20.07.1996;13/18/33/45/47/48;6;3;6/0/3/7/3/3/7;1/5/0/8/7/8;0/EUR 1.255.167,98;2/EUR 1.882.751,98;24/EUR 78.447,97;1413/EUR 4.441,49;0/EUR 0,00;88892/EUR 70,56;115170/EUR 38,14;1559301/EUR 4,81
24.07.1996;2/11/12/16/22/38;6;6;3/3/4/1/8/8/6;0/1/0/8/6/2;0/EUR 1.652.688,17;5/EUR 137.353,91;23/EUR 17.915,72;740/EUR 1.763,29;0/EUR 0,00;41972/EUR 27,81;69892/EUR 8,79;702345/EUR 2,61
24.07.1996;11/13/23/34/42/44;33;4;3/3/4/1/8/8/6;0/1/0/8/6/2;0/EUR 1.652.688,17;5/EUR 137.353,91;23/EUR 17.915,72;740/EUR 1.763,29;0/EUR 0,00;41972/EUR 27,81;69892/EUR 8,79;702345/EUR 2,61
27.07.1996;2/6/13/26/32/34;16;7;7/7/9/9/0/6/3;0/1/1/1/2/3;0/EUR 2.506.568,92;7/EUR 536.314,66;48/EUR 39.106,26;2061/EUR 3.035,90;0/EUR 0,00;106050/EUR 58,95;162331/EUR 26,95;1731074/EUR 4,29
31.07.1996;7/9/22/29/31/37;23;3;9/5/8/7/7/2/5;4/4/6/0/7/9;1/EUR 2.483.309,80;4/EUR 173.046,17;27/EUR 15.381,86;828/EUR 1.588,33;0/EUR 0,00;46013/EUR 25,56;57386/EUR 10,84;780190/EUR 2,35
31.07.1996;5/9/13/28/35/39;42;6;9/5/8/7/7/2/5;4/4/6/0/7/9;1/EUR 2.483.309,80;4/EUR 173.046,17;27/EUR 15.381,86;828/EUR 1.588,33;0/EUR 0,00;46013/EUR 25,56;57386/EUR 10,84;780190/EUR 2,35
03.08.1996;2/23/37/39/43/45;7;9;8/1/2/5/9/7/5;0/4/0/4/2/8;0/EUR 3.764.657,82;2/EUR 1.887.133,34;28/EUR 67.397,58;1353/EUR 4.649,23;0/EUR 0,00;86822/EUR 72,45;121204/EUR 36,30;1442725/EUR 5,22
07.08.1996;2/4/5/6/17/48;24;7;1/4/3/2/4/7/3;1/5/0/5/0/2;0/EUR 818.997,00;1/EUR 682.497,51;21/EUR 19.499,91;692/EUR 1.873,88;0/EUR 0,00;56701/EUR 20,45;55074/EUR 11,15;773394/EUR 2,35
07.08.1996;4/23/24/26/31/33;46;6;1/4/3/2/4/7/3;1/5/0/5/0/2;0/EUR 818.997,00;1/EUR 682.497,51;21/EUR 19.499,91;692/EUR 1.873,88;0/EUR 0,00;56701/EUR 20,45;55074/EUR 11,15;773394/EUR 2,35
10.08.1996;2/17/19/23/38/47;15;5;7/2/6/7/3/1/5;6/6/0/2/0/4;1/EUR 5.055.299,54;2/EUR 1.935.962,58;31/EUR 62.450,37;2485/EUR 2.596,85;0/EUR 0,00;123417/EUR 52,25;101577/EUR 44,43;1985992/EUR 3,89
14.08.1996;4/22/23/27/30/43;15;4;3/8/2/1/7/5/3;5/4/2/6/4/2;0/EUR 1.620.894,61;1/EUR 668.248,01;20/EUR 20.047,40;862/EUR 1.472,93;0/EUR 0,00;44648/EUR 25,41;51582/EUR 11,66;743226/EUR 2,40
14.08.1996;1/4/11/19/27/45;26;0;3/8/2/1/7/5/3;5/4/2/6/4/2;0/EUR 1.620.894,61;1/EUR 668.248,01;20/EUR 20.047,40;862/EUR 1.472,93;0/EUR 0,00;44648/EUR 25,41;51582/EUR 11,66;743226/EUR 2,40
17.08.1996;3/5/17/37/47/49;46;5;3/5/8/0/8/5/5;9/1/7/7/4/8;2/EUR 627.510,42;11/EUR 342.278,37;22/EUR 85.569,55;2720/EUR 2.307,00;0/EUR 0,00;140404/EUR 44,69;109372/EUR 40,14;1978471/EUR 3,78
21.08.1996;7/23/28/33/40/41;15;7;4/8/9/5/9/7/2;6/9/0/6/7/7;0/EUR 2.443.263,37;2/EUR 342.653,66;14/EUR 29.370,29;598/EUR 2.177,39;0/EUR 0,00;41072/EUR 28,33;58053/EUR 10,58;695785/EUR 2,66
21.08.1996;5/23/25/27/28/44;9;6;4/8/9/5/9/7/2;6/9/0/6/7/7;0/EUR 2.443.263,37;2/EUR 342.653,66;14/EUR 29.370,29;598/EUR 2.177,39;0/EUR 0,00;41072/EUR 28,33;58053/EUR 10,58;695785/EUR 2,66
24.08.1996;1/18/29/34/46/49;35;1;2/0/8/2/5/0/7;3/0/1/5/4/5;2/EUR 620.140,76;11/EUR 338.258,59;28/EUR 66.443,61;1615/EUR 3.839,85;0/EUR 0,00;73444/EUR 84,41;85348/EUR 50,82;1307674/EUR 5,68
28.08.1996;1/13/20/37/46/48;33;2;3/0/7/9/9/5/5;8/7/6/3/1/6;1/EUR 3.294.188,61;1/EUR 709.104,37;10/EUR 42.546,23;395/EUR 3.410,88;0/EUR 0,00;27760/EUR 43,41;45725/EUR 13,91;549388/EUR 3,48
28.08.1996;20/28/36/37/41/44;3;5;3/0/7/9/9/5/5;8/7/6/3/1/6;1/EUR 3.294.188,61;1/EUR 709.104,37;10/EUR 42.546,23;395/EUR 3.410,88;0/EUR 0,00;27760/EUR 43,41;45725/EUR 13,91;549388/EUR 3,48
31.08.1996;8/29/30/34/35/39;41;5;8/3/3/8/4/7/8;2/0/9/4/7/0;0/EUR 1.268.434,68;2/EUR 1.902.652,02;28/EUR 67.951,82;958/EUR 6.620,21;0/EUR 0,00;63925/EUR 99,19;79000/EUR 56,19;1293554/EUR 5,88
04.09.1996;5/12/33/34/43/49;37;3;4/6/1/2/7/8/8;1/0/5/1/8/4;1/EUR 924.459,44;2/EUR 385.191,40;20/EUR 23.111,47;764/EUR 1.915,86;0/EUR 0,00;45075/EUR 29,04;66393/EUR 10,43;803087/EUR 2,56
04.09.1996;7/17/24/26/31/48;38;1;4/6/1/2/7/8/8;1/0/5/1/8/4;1/EUR 924.459,44;2/EUR 385.191,40;20/EUR 23.111,47;764/EUR 1.915,86;0/EUR 0,00;45075/EUR 29,04;66393/EUR 10,43;803087/EUR 2,56
07.09.1996;8/14/16/29/30/45;38;2;8/0/7/1/1/0/4;9/6/2/5/8/2;1/EUR 2.648.085,67;6/EUR 689.825,50;19/EUR 108.919,79;1189/EUR 5.801,68;0/EUR 0,00;69864/EUR 98,73;92302/EUR 52,31;1366285/EUR 6,03
11.09.1996;10/18/19/24/34/42;38;2;8/6/3/1/7/2/2;9/1/9/6/7/4;1/EUR 842.825,09;5/EUR 140.470,85;22/EUR 19.155,09;795/EUR 1.678,57;0/EUR 0,00;45073/EUR 26,48;55656/EUR 11,35;715742/EUR 2,61
11.09.1996;4/8/21/22/35/46;20;3;8/6/3/1/7/2/2;9/1/9/6/7/4;1/EUR 842.825,09;5/EUR 140.470,85;22/EUR 19.155,09;795/EUR 1.678,57;0/EUR 0,00;45073/EUR 26,48;55656/EUR 11,35;715742/EUR 2,61
14.09.1996;3/7/14/16/43/45;20;1;8/2/9/8/9/0/8;5/4/4/8/1/8;0/EUR 1.317.576,07;4/EUR 988.182,05;19/EUR 104.019,16;1216/EUR 5.417,65;0/EUR 0,00;80839/EUR 81,45;98651/EUR 46,73;1570892/EUR 5,01
18.09.1996;5/17/23/27/35/39;28;1;1/1/9/6/9/6/3;6/6/2/6/8/7;2/EUR 417.903,35;3/EUR 232.168,54;16/EUR 26.118,94;1076/EUR 1.229,86;0/EUR 0,00;49887/EUR 23,72;56942/EUR 10,99;773900/EUR 2,40
18.09.1996;2/11/14/26/42/47;18;0;1/1/9/6/9/6/3;6/6/2/6/8/7;2/EUR 417.903,35;3/EUR 232.168,54;16/EUR 26.118,94;1076/EUR 1.229,86;0/EUR 0,00;49887/EUR 23,72;56942/EUR 10,99;773900/EUR 2,40
21.09.1996;5/8/15/40/44/49;27;8;6/6/5/8/5/3/0;4/1/7/6/8/6;0/EUR 2.601.300,68;4/EUR 962.793,44;33/EUR 58.351,08;1051/EUR 6.107,13;0/EUR 0,00;70181/EUR 91,42;110541/EUR 40,60;1373402/EUR 5,57
25.09.1996;8/26/39/42/44/45;27;3;4/9/0/6/4/4/5;5/6/4/2/8/9;1/EUR 827.453,41;2/EUR 344.772,25;4/EUR 103.431,64;517/EUR 2.534,06;0/EUR 0,00;33106/EUR 35,38;43114/EUR 14,37;605902/EUR 3,07
25.09.1996;15/18/25/35/44/46;41;4;4/9/0/6/4/4/5;5/6/4/2/8/9;1/EUR 827.453,41;2/EUR 344.772,25;4/EUR 103.431,64;517/EUR 2.534,06;0/EUR 0,00;33106/EUR 35,38;43114/EUR 14,37;605902/EUR 3,07
28.09.1996;2/7/16/24/43/48;12;8;8/7/9/7/8/2/1;7/7/2/4/6/8;0/EUR 3.892.735,36;1/EUR 3.874.304,06;48/EUR 40.357,29;1793/EUR 3.601,28;0/EUR 0,00;92572/EUR 69,74;154840/EUR 29,14;1598718/EUR 4,81
02.10.1996;10/17/26/27/32/39;47;2;4/1/0/6/1/3/6;7/0/9/0/7/4;0/EUR 820.374,16;2/EUR 341.822,55;36/EUR 11.394,04;1203/EUR 1.079,70;0/EUR 0,00;57013/EUR 20,35;68071/EUR 9,00;894471/EUR 2,05
02.10.1996;7/17/18/26/31/32;21;3;4/1/0/6/1/3/6;7/0/9/0/7/4;0/EUR 820.374,16;2/EUR 341.822,55;36/EUR 11.394,04;1203/EUR 1.079,70;0/EUR 0,00;57013/EUR 20,35;68071/EUR 9,00;894471/EUR 2,05
05.10.1996;1/3/7/24/34/43;42;2;5/6/4/0/7/4/8;1/5/3/9/0/4;1/EUR 5.198.951,14;9/EUR 435.405,22;39/EUR 50.239,03;2165/EUR 3.016,62;0/EUR 0,00;123078/EUR 53,02;111453/EUR 41,01;1944077/EUR 3,99
09.10.1996;3/4/10/11/16/24;21;1;5/1/8/0/9/2/7;1/8/6/0/9/5;1/EUR 1.677.416,44;4/EUR 178.550,44;52/EUR 8.240,75;1061/EUR 1.278,95;0/EUR 0,00;53587/EUR 22,65;87232/EUR 7,36;821537/EUR 2,30
09.10.1996;8/9/29/31/47/49;19;8;5/1/8/0/9/2/7;1/8/6/0/9/5;1/EUR 1.677.416,44;4/EUR 178.550,44;52/EUR 8.240,75;1061/EUR 1.278,95;0/EUR 0,00;53587/EUR 22,65;87232/EUR 7,36;821537/EUR 2,30
12.10.1996;4/17/23/24/35/37;18;2;8/7/0/1/8/9/0;0/7/5/0/3/9;0/EUR 1.296.124,10;4/EUR 972.093,08;30/EUR 64.806,19;1765/EUR 3.671,69;0/EUR 0,00;101575/EUR 63,76;127046/EUR 35,69;1784133/EUR 4,35
16.10.1996;15/16/19/38/40/47;1;8;8/4/6/3/9/1/5;2/8/7/6/7/9;0/EUR 834.033,68;3/EUR 231.676,01;10/EUR 41.701,68;485/EUR 2.722,78;0/EUR 0,00;33775/EUR 34,97;40844/EUR 15,29;630108/EUR 2,97
16.10.1996;6/10/14/27/43/44;35;5;8/4/6/3/9/1/5;2/8/7/6/7/9;0/EUR 834.033,68;3/EUR 231.676,01;10/EUR 41.701,68;485/EUR 2.722,78;0/EUR 0,00;33775/EUR 34,97;40844/EUR 15,29;630108/EUR 2,97
19.10.1996;6/10/22/24/25/32;47;7;2/8/9/3/4/1/7;0/4/3/7/5/3;0/EUR 2.598.529,73;3/EUR 1.302.405,63;32/EUR 61.050,24;1768/EUR 3.683,24;0/EUR 0,00;116192/EUR 56,04;122760/EUR 37,12;2061210/EUR 3,78
23.10.1996;23/32/34/37/40/48;45;1;8/9/7/7/5/5/9;6/2/0/7/4/4;0/EUR 1.666.297,38;1/EUR 693.553,07;42/EUR 9.907,87;769/EUR 1.713,54;0/EUR 0,00;41460/EUR 28,43;47008/EUR 13,24;715578/EUR 2,61
23.10.1996;9/11/12/20/41/43;46;0;8/9/7/7/5/5/9;6/2/0/7/4/4;0/EUR 1.666.297,38;1/EUR 693.553,07;42/EUR 9.907,87;769/EUR 1.713,54;0/EUR 0,00;41460/EUR 28,43;47008/EUR 13,24;715578/EUR 2,61
26.10.1996;3/20/21/24/35/42;15;9;8/8/0/0/1/0/6;7/7/4/8/9/1;0/EUR 3.899.888,54;5/EUR 780.815,25;28/EUR 69.715,62;1302/EUR 4.997,52;0/EUR 0,00;87173/EUR 74,60;107899/EUR 42,18;1696830/EUR 4,55
30.10.1996;1/5/12/14/26/27;44;9;7/7/6/0/9/5/4;5/9/9/5/3/5;0/EUR 2.538.495,73;1/EUR 726.831,93;17/EUR 25.652,84;812/EUR 1.700,71;0/EUR 0,00;42896/EUR 28,79;49925/EUR 13,09;752112/EUR 2,61
30.10.1996;4/12/30/42/43/44;3;3;7/7/6/0/9/5/4;5/9/9/5/3/5;0/EUR 2.538.495,73;1/EUR 726.831,93;17/EUR 25.652,84;812/EUR 1.700,71;0/EUR 0,00;42896/EUR 28,79;49925/EUR 13,09;752112/EUR 2,61
02.11.1996;9/10/20/32/36/47;4;2;5/2/2/8/6/7/5;6/3/8/9/4/7;0/EUR 5.221.376,14;10/EUR 396.446,27;77/EUR 25.743,24;1852/EUR 3.567,69;0/EUR 0,00;93257/EUR 70,81;134626/EUR 34,31;1635572/EUR 4,81
06.11.1996;19/22/23/33/38/44;18;5;5/8/9/2/2/8/8;1/9/8/2/4/9;1/EUR 3.392.669,40;1/EUR 711.811,40;21/EUR 20.337,45;689/EUR 1.962,90;0/EUR 0,00;38956/EUR 31,04;68112/EUR 9,36;675077/EUR 2,81
06.11.1996;11/14/16/35/38/42;28;2;5/8/9/2/2/8/8;1/9/8/2/4/9;1/EUR 3.392.669,40;1/EUR 711.811,40;21/EUR 20.337,45;689/EUR 1.962,90;0/EUR 0,00;38956/EUR 31,04;68112/EUR 9,36;675077/EUR 2,81
09.11.1996;4/7/16/18/28/48;3;2;2/9/3/2/7/0/8;9/4/1/1/4/8;0/EUR 6.641.336,16;5/EUR 851.975,99;40/EUR 53.248,49;1959/EUR 3.624,19;0/EUR 0,00;115060/EUR 61,66;155343/EUR 31,96;1928743/EUR 4,40
13.11.1996;11/25/29/34/35/44;32;9;7/2/1/1/9/0/2;8/4/7/3/5/1;0/EUR 851.444,25;1/EUR 709.536,87;12/EUR 35.476,81;630/EUR 2.139,86;0/EUR 0,00;38524/EUR 31,29;49341/EUR 12,94;697268/EUR 2,71
13.11.1996;10/13/24/26/28/46;22;1;7/2/1/1/9/0/2;8/4/7/3/5/1;0/EUR 851.444,25;1/EUR 709.536,87;12/EUR 35.476,81;630/EUR 2.139,86;0/EUR 0,00;38524/EUR 31,29;49341/EUR 12,94;697268/EUR 2,71
16.11.1996;2/20/21/23/26/36;42;5;2/9/9/8/5/1/9;3/2/8/9/7/2;0/EUR 8.159.618,42;6/EUR 759.141,13;26/EUR 87.593,20;1019/EUR 7.449,83;0/EUR 0,00;81162/EUR 93,52;115554/EUR 45,97;1620582/EUR 5,57
20.11.1996;1/6/7/29/37/46;45;9;0/4/7/7/2/4/9;5/3/3/4/8/5;0/EUR 1.697.631,08;1/EUR 705.155,66;13/EUR 32.545,62;427/EUR 3.137,64;0/EUR 0,00;31041/EUR 38,60;39250/EUR 16,16;622306/EUR 3,02
20.11.1996;8/16/36/43/44/47;30;6;0/4/7/7/2/4/9;5/3/3/4/8/5;0/EUR 1.697.631,08;1/EUR 705.155,66;13/EUR 32.545,62;427/EUR 3.137,64;0/EUR 0,00;31041/EUR 38,60;39250/EUR 16,16;622306/EUR 3,02
23.11.1996;20/23/36/38/39/44;43;9;5/8/7/4/4/7/1;6/1/9/6/9/5;1/EUR 9.783.682,53;6/EUR 812.032,03;24/EUR 101.503,97;1322/EUR 6.142,41;0/EUR 0,00;90665/EUR 89,53;108442/EUR 52,41;1791344/EUR 5,42
27.11.1996;15/17/23/25/27/36;34;2;2/7/9/3/1/8/0;3/6/1/4/5/5;0/EUR 2.548.048,30;4/EUR 177.170,26;30/EUR 14.173,57;969/EUR 1.389,54;0/EUR 0,00;44805/EUR 26,84;58456/EUR 10,89;770724/EUR 2,45
27.11.1996;12/13/25/30/31/46;11;8;2/7/9/3/1/8/0;3/6/1/4/5/5;0/EUR 2.548.048,30;4/EUR 177.170,26;30/EUR 14.173,57;969/EUR 1.389,54;0/EUR 0,00;44805/EUR 26,84;58456/EUR 10,89;770724/EUR 2,45
30.11.1996;4/5/24/30/32/39;31;9;4/0/1/8/9/0/5;8/9/1/9/3/1;0/EUR 1.364.518,39;2/EUR 2.046.777,63;26/EUR 78.722,18;1312/EUR 5.200,15;0/EUR 0,00;97743/EUR 69,79;116227/EUR 41,06;1953773/EUR 4,14
04.12.1996;17/22/39/40/42/48;47;9;6/5/4/0/2/5/5;2/7/8/2/1/6;0/EUR 3.534.493,28;3/EUR 274.012,47;20/EUR 24.661,09;938/EUR 1.665,07;0/EUR 0,00;50935/EUR 27,41;62122/EUR 11,86;888787/EUR 2,45
04.12.1996;3/7/18/31/38/40;20;5;6/5/4/0/2/5/5;2/7/8/2/1/6;0/EUR 3.534.493,28;3/EUR 274.012,47;20/EUR 24.661,09;938/EUR 1.665,07;0/EUR 0,00;50935/EUR 27,41;62122/EUR 11,86;888787/EUR 2,45
07.12.1996;2/8/10/14/27/42;4;3;3/5/0/8/0/7/8;5/1/8/2/6/8;1/EUR 2.871.503,76;2/EUR 2.260.478,06;40/EUR 56.511,92;1892/EUR 3.982,50;0/EUR 0,00;107983/EUR 69,74;168458/EUR 31,29;1846078/EUR 4,86
11.12.1996;8/18/19/27/37/42;38;7;7/1/0/8/6/4/9;2/6/9/2/9/4;1/EUR 4.462.345,86;2/EUR 386.605,23;4/EUR 115.981,55;770/EUR 1.907,89;0/EUR 0,00;40577/EUR 32,36;51721/EUR 13,45;735491/EUR 2,81
11.12.1996;14/15/22/24/41/47;29;4;7/1/0/8/6/4/9;2/6/9/2/9/4;1/EUR 4.462.345,86;2/EUR 386.605,23;4/EUR 115.981,55;770/EUR 1.907,89;0/EUR 0,00;40577/EUR 32,36;51721/EUR 13,45;735491/EUR 2,81
14.12.1996;6/22/33/35/41/44;24;2;6/2/3/6/9/1/1;0/1/7/5/6/0;0/EUR 1.392.614,59;3/EUR 1.392.614,59;39/EUR 53.562,07;1381/EUR 5.042,00;0/EUR 0,00;88464/EUR 78,69;120907/EUR 40,29;1565237/EUR 5,32
18.12.1996;6/10/30/32/43/46;41;6;4/2/9/6/8/5/9;3/3/8/2/7/6;0/EUR 921.346,69;2/EUR 383.894,46;18/EUR 25.592,92;697/EUR 2.092,92;0/EUR 0,00;42679/EUR 30,58;67560/EUR 10,23;767414/EUR 2,66
18.12.1996;7/27/30/33/38/42;19;8;4/2/9/6/8/5/9;3/3/8/2/7/6;0/EUR 921.346,69;2/EUR 383.894,46;18/EUR 25.592,92;697/EUR 2.092,92;0/EUR 0,00;42679/EUR 30,58;67560/EUR 10,23;767414/EUR 2,66
21.12.1996;10/11/13/32/39/49;1;3;2/4/3/1/3/1/6;1/9/7/7/0/1;0/EUR 2.819.324,17;4/EUR 1.070.032,16;48/EUR 44.584,65;1540/EUR 4.632,15;0/EUR 0,00;101731/EUR 70,10;164635/EUR 30,32;1985637/EUR 4,29
25.12.1996;12/24/29/37/38/45;8;5;0/8/9/9/8/9/0;6/4/8/7/7/8;0/EUR 1.807.771,18;3/EUR 246.229,02;21/EUR 21.105,31;660/EUR 2.126,51;0/EUR 0,00;38677/EUR 32,47;50567/EUR 13,14;706771/EUR 2,81
25.12.1996;13/16/21/35/38/49;45;2;0/8/9/9/8/9/0;6/4/8/7/7/8;0/EUR 1.807.771,18;3/EUR 246.229,02;21/EUR 21.105,31;660/EUR 2.126,51;0/EUR 0,00;38677/EUR 32,47;50567/EUR 13,14;706771/EUR 2,81
28.12.1996;4/18/32/44/46/49;45;4;3/5/0/4/3/4/1;9/7/9/9/5/4;1/EUR 4.142.885,68;35/EUR 113.448,10;43/EUR 46.170,73;4030/EUR 1.642,12;0/EUR 0,00;146127/EUR 45,25;126008/EUR 36,76;1840077/EUR 4,29
01.01.1997;12/17/25/30/37/43;44;5;0/9/6/3/7/9/1;6/1/9/1/0/7;1/EUR 2.690.271,19;2/EUR 367.708,34;21/EUR 21.011,90;1131/EUR 1.235,43;0/EUR 0,00;51534/EUR 24,24;52017/EUR 12,68;834273/EUR 2,35
01.01.1997;5/8/13/14/21/25;49;8;0/9/6/3/7/9/1;6/1/9/1/0/7;1/EUR 2.690.271,19;2/EUR 367.708,34;21/EUR 21.011,90;1131/EUR 1.235,43;0/EUR 0,00;51534/EUR 24,24;52017/EUR 12,68;834273/EUR 2,35
04.01.1997;6/10/31/44/46/48;17;2;6/5/0/3/2/1/3;6/3/9/6/9/3;2/EUR 739.722,11;5/EUR 739.722,11;46/EUR 42.212,36;1532/EUR 4.224,91;0/EUR 0,00;87451/EUR 73,98;128220/EUR 35,33;1541230/EUR 5,01
08.01.1997;2/18/22/38/39/47;17;2;7/3/8/1/6/5/5;6/4/0/8/7/8;0/EUR 932.383,95;0/EUR 776.986,60;15/EUR 31.079,44;682/EUR 2.164,61;0/EUR 0,00;40662/EUR 32,47;60636/EUR 11,50;708969/EUR 2,91
08.01.1997;1/21/29/45/48/49;39;6;7/3/8/1/6/5/5;6/4/0/8/7/8;0/EUR 932.383,95;0/EUR 776.986,60;15/EUR 31.079,44;682/EUR 2.164,61;0/EUR 0,00;40662/EUR 32,47;60636/EUR 11,50;708969/EUR 2,91
11.01.1997;3/28/29/33/35/40;11;1;6/1/7/4/2/1/9;5/1/0/1/4/5;0/EUR 1.416.757,49;29/EUR 142.106,83;29/EUR 73.280,55;985/EUR 7.191,63;0/EUR 0,00;73811/EUR 95,97;139720/EUR 35,48;1542786/EUR 5,47
15.01.1997;10/12/17/26/32/45;20;4;4/2/7/0/9/9/5;7/9/2/6/9/6;1/EUR 1.807.785,54;3/EUR 502.162,61;12/EUR 36.475,05;787/EUR 1.761,14;0/EUR 0,00;44738/EUR 27,71;47594/EUR 13,75;751747/EUR 2,61
15.01.1997;1/20/26/37/41/48;35;1;4/2/7/0/9/9/5;7/9/2/6/9/6;1/EUR 1.807.785,54;3/EUR 502.162,61;12/EUR 36.475,05;787/EUR 1.761,14;0/EUR 0,00;44738/EUR 27,71;47594/EUR 13,75;751747/EUR 2,61
18.01.1997;10/19/28/36/44/47;32;1;5/1/5/4/5/0/6;4/5/3/4/3/6;2/EUR 1.371.970,57;7/EUR 568.792,99;71/EUR 28.039,04;1717/EUR 3.864,80;0/EUR 0,00;85689/EUR 77,41;153286/EUR 30,27;1469087/EUR 5,42
22.01.1997;9/16/25/33/35/40;2;5;2/2/6/1/6/1/1;8/6/8/6/0/4;2/EUR 430.055,53;4/EUR 179.189,81;29/EUR 14.829,46;1022/EUR 1.332,48;0/EUR 0,00;50958/EUR 23,88;61551/EUR 10,43;807880/EUR 2,35
22.01.1997;2/4/7/14/26/38;1;8;2/2/6/1/6/1/1;8/6/8/6/0/4;2/EUR 430.055,53;4/EUR 179.189,81;29/EUR 14.829,46;1022/EUR 1.332,48;0/EUR 0,00;50958/EUR 23,88;61551/EUR 10,43;807880/EUR 2,35
25.01.1997;1/7/11/14/29/36;17;2;3/6/5/8/1/5/6;0/1/3/8/2/7;2/EUR 875.104,18;4/EUR 875.104,18;47/EUR 41.893,26;1862/EUR 3.524,85;0/EUR 0,00;105884/EUR 61,97;148890/EUR 30,83;1655859/EUR 4,76
29.01.1997;19/27/34/42/46/49;11;5;9/5/0/6/5/4/6;9/2/9/7/7/9;0/EUR 852.870,75;1/EUR 710.725,63;27/EUR 15.793,86;690/EUR 1.957,02;0/EUR 0,00;35186/EUR 34,31;51121/EUR 12,48;618440/EUR 3,07
29.01.1997;14/28/29/34/41/45;42;4;9/5/0/6/5/4/6;9/2/9/7/7/9;0/EUR 852.870,75;1/EUR 710.725,63;27/EUR 15.793,86;690/EUR 1.957,02;0/EUR 0,00;35186/EUR 34,31;51121/EUR 12,48;618440/EUR 3,07
01.02.1997;10/22/24/26/31/39;28;5;8/1/0/5/1/0/4;8/4/2/6/7/2;1/EUR 1.319.313,74;4/EUR 989.485,28;63/EUR 31.412,19;2050/EUR 3.217,82;0/EUR 0,00;120912/EUR 54,55;133381/EUR 34,61;1908100/EUR 4,14
05.02.1997;8/21/24/30/34/47;31;7;3/5/5/8/8/1/6;3/2/6/7/9/3;0/EUR 3.090.733,24;5/EUR 372.977,05;34/EUR 32.909,71;1757/EUR 2.016,64;0/EUR 0,00;101218/EUR 31,29;128984/EUR 12,99;1797089/EUR 2,76
05.02.1997;6/13/15/24/40/46;21;9;3/5/5/8/8/1/6;3/2/6/7/9/3;0/EUR 3.090.733,24;5/EUR 372.977,05;34/EUR 32.909,71;1757/EUR 2.016,64;0/EUR 0,00;101218/EUR 31,29;128984/EUR 12,99;1797089/EUR 2,76
08.02.1997;5/10/15/26/33/49;19;1;3/9/9/2/9/9/6;2/0/7/7/6/6;1/EUR 1.310.285,10;6/EUR 655.142,52;70/EUR 28.077,49;2132/EUR 3.072,86;0/EUR 0,00;98841/EUR 66,26;177540/EUR 25,82;1630257/EUR 4,81
12.02.1997;8/19/37/39/45/49;11;8;8/0/6/7/0/6/7;0/6/6/7/7/9;0/EUR 3.983.254,78;3/EUR 247.922,62;12/EUR 37.188,35;701/EUR 2.015,87;0/EUR 0,00;39479/EUR 32,01;48715/EUR 13,70;702930/EUR 2,81
12.02.1997;6/8/27/30/45/48;44;2;8/0/6/7/0/6/7;0/6/6/7/7/9;0/EUR 3.983.254,78;3/EUR 247.922,62;12/EUR 37.188,35;701/EUR 2.015,87;0/EUR 0,00;39479/EUR 32,01;48715/EUR 13,70;702930/EUR 2,81
15.02.1997;16/27/30/34/38/47;46;1;2/9/1/8/6/4/7;6/1/6/0/4/3;1/EUR 1.307.267,55;7/EUR 560.257,54;41/EUR 47.826,86;2267/EUR 2.883,23;0/EUR 0,00;108449/EUR 60,23;119352/EUR 38,30;1700053/EUR 4,60
19.02.1997;16/20/22/29/39/40;27;3;3/3/1/1/1/0/2;0/7/4/7/6/0;0/EUR 4.938.585,15;0/EUR 796.108,61;16/EUR 29.854,03;921/EUR 1.642,32;0/EUR 0,00;45297/EUR 29,86;62778/EUR 11,40;763122/EUR 2,81
19.02.1997;1/5/8/18/27/36;2;1;3/3/1/1/1/0/2;0/7/4/7/6/0;0/EUR 4.938.585,15;0/EUR 796.108,61;16/EUR 29.854,03;921/EUR 1.642,32;0/EUR 0,00;45297/EUR 29,86;62778/EUR 11,40;763122/EUR 2,81
22.02.1997;2/8/15/27/30/39;29;1;6/5/6/8/9/8/3;0/4/7/2/3/2;2/EUR 653.773,79;11/EUR 356.603,90;36/EUR 54.481,12;2214/EUR 2.952,86;0/EUR 0,00;106189/EUR 61,56;111032/EUR 41,21;1670867/EUR 4,65
26.02.1997;2/3/8/20/25/31;36;1;1/2/3/1/5/0/7;2/4/0/8/8/5;0/EUR 6.207.333,41;2/EUR 926.699,41;20/EUR 31.718,66;1144/EUR 1.755,98;0/EUR 0,00;65232/EUR 27,51;67561/EUR 14,06;1094003/EUR 2,61
26.02.1997;1/15/16/17/20/31;34;8;1/2/3/1/5/0/7;2/4/0/8/8/5;0/EUR 6.207.333,41;2/EUR 926.699,41;20/EUR 31.718,66;1144/EUR 1.755,98;0/EUR 0,00;65232/EUR 27,51;67561/EUR 14,06;1094003/EUR 2,61
01.03.1997;5/7/13/20/22/44;24;0;1/2/7/5/2/1/9;9/0/9/3/1/0;3/EUR 804.105,47;4/EUR 804.105,47;49/EUR 43.077,06;1814/EUR 3.878,66;0/EUR 0,00;105779/EUR 66,47;138980/EUR 35,43;1787638/EUR 4,70
05.03.1997;11/23/25/32/38/43;44;0;9/0/9/3/9/2/1;2/8/3/6/4/7;2/EUR 3.756.609,06;4/EUR 272.059,28;74/EUR 8.823,52;1610/EUR 1.284,21;0/EUR 0,00;82515/EUR 22,39;99541/EUR 9,82;1233725/EUR 2,35
05.03.1997;19/22/28/29/33/35;43;3;9/0/9/3/9/2/1;2/8/3/6/4/7;2/EUR 3.756.609,06;4/EUR 272.059,28;74/EUR 8.823,52;1610/EUR 1.284,21;0/EUR 0,00;82515/EUR 22,39;99541/EUR 9,82;1233725/EUR 2,35
08.03.1997;3/9/31/43/46/49;33;0;6/6/0/1/5/7/6;2/6/3/2/8/4;1/EUR 1.324.561,70;8/EUR 496.710,60;48/EUR 41.392,50;1963/EUR 3.373,81;0/EUR 0,00;105028/EUR 63,04;164143/EUR 28,22;1785768/EUR 4,45
12.03.1997;5/13/34/36/39/46;47;3;8/4/9/0/5/7/7;0/6/4/1/9/2;0/EUR 956.259,80;0/EUR 796.883,16;10/EUR 47.812,95;543/EUR 2.788,33;0/EUR 0,00;35322/EUR 38,35;48048/EUR 14,88;693714/EUR 3,07
12.03.1997;3/16/28/40/46/47;5;2;8/4/9/0/5/7/7;0/6/4/1/9/2;0/EUR 956.259,80;0/EUR 796.883,16;10/EUR 47.812,95;543/EUR 2.788,33;0/EUR 0,00;35322/EUR 38,35;48048/EUR 14,88;693714/EUR 3,07
15.03.1997;2/7/8/27/31/41;32;0;3/4/0/3/0/8/0;1/1/0/8/6/5;1/EUR 1.307.700,26;5/EUR 784.620,14;34/EUR 57.692,64;2254/EUR 2.900,81;0/EUR 0,00;119354/EUR 54,76;124807/EUR 36,66;1938981/EUR 4,04
19.03.1997;3/19/21/22/34/43;29;4;7/0/7/2/7/3/2;5/9/1/4/9/4;2/EUR 953.423,51;2/EUR 794.519,56;14/EUR 33.949,53;653/EUR 2.304,85;0/EUR 0,00;42485/EUR 31,65;54000/EUR 13,19;768943/EUR 2,76
19.03.1997;6/16/30/37/41/49;13;7;7/0/7/2/7/3/2;5/9/1/4/9/4;2/EUR 953.423,51;2/EUR 794.519,56;14/EUR 33.949,53;653/EUR 2.304,85;0/EUR 0,00;42485/EUR 31,65;54000/EUR 13,19;768943/EUR 2,76
22.03.1997;6/8/11/15/31/32;45;3;0/1/8/3/4/3/3;4/8/5/5/0/4;1/EUR 1.302.292,84;4/EUR 976.719,60;26/EUR 75.132,25;1458/EUR 4.465,98;0/EUR 0,00;94207/EUR 69,08;104066/EUR 43,77;1736137/EUR 4,50
26.03.1997;4/7/15/16/48/49;30;3;0/2/9/4/4/9/3;7/0/9/2/6/6;1/EUR 921.511,63;5/EUR 153.585,23;22/EUR 20.943,44;1004/EUR 1.453,24;0/EUR 0,00;47411/EUR 27,51;53068/EUR 12,99;793090/EUR 2,61
26.03.1997;9/20/25/31/39/46;35;8;0/2/9/4/4/9/3;7/0/9/2/6/6;1/EUR 921.511,63;5/EUR 153.585,23;22/EUR 20.943,44;1004/EUR 1.453,24;0/EUR 0,00;47411/EUR 27,51;53068/EUR 12,99;793090/EUR 2,61
29.03.1997;18/23/26/28/44/49;35;9;7/6/5/5/6/6/0;0/2/8/7/1/9;1/EUR 1.285.770,44;7/EUR 551.044,47;27/EUR 71.431,67;1069/EUR 6.013,87;0/EUR 0,00;71310/EUR 90,14;98364/EUR 45,71;1445354/EUR 5,32
02.04.1997;6/9/16/27/31/39;19;6;9/1/9/0/4/2/1;5/3/2/3/5/4;0/EUR 840.451,32;4/EUR 175.094,00;36/EUR 11.672,90;1251/EUR 1.063,69;0/EUR 0,00;55829/EUR 21,32;75670/EUR 8,28;870215/EUR 2,15
02.04.1997;12/18/19/27/28/30;44;5;9/1/9/0/4/2/1;5/3/2/3/5/4;0/EUR 840.451,32;4/EUR 175.094,00;36/EUR 11.672,90;1251/EUR 1.063,69;0/EUR 0,00;55829/EUR 21,32;75670/EUR 8,28;870215/EUR 2,15
05.04.1997;26/27/33/38/40/46;8;7;4/8/5/5/7/2/9;4/6/2/8/7/2;0/EUR 1.284.471,15;5/EUR 770.682,68;18/EUR 107.039,26;1533/EUR 4.189,37;0/EUR 0,00;87404/EUR 73,47;94941/EUR 47,35;1585019/EUR 4,86
09.04.1997;12/20/25/35/37/41;15;8;7/6/1/5/1/8/8;3/1/4/0/5/0;1/EUR 1.733.012,38;6/EUR 123.966,81;12/EUR 37.190,04;791/EUR 1.786,61;0/EUR 0,00;44720/EUR 28,27;49716/EUR 13,45;755739/EUR 2,61
09.04.1997;2/4/17/28/34/46;43;0;7/6/1/5/1/8/8;3/1/4/0/5/0;1/EUR 1.733.012,38;6/EUR 123.966,81;12/EUR 37.190,04;791/EUR 1.786,61;0/EUR 0,00;44720/EUR 28,27;49716/EUR 13,45;755739/EUR 2,61
12.04.1997;7/13/18/22/26/36;10;2;6/2/1/3/1/6/8;7/6/0/6/9/7;1/EUR 2.586.631,25;8/EUR 488.310,03;74/EUR 26.395,14;2444/EUR 2.663,98;0/EUR 0,00;112374/EUR 57,93;148234/EUR 30,73;1771136/EUR 4,40
16.04.1997;13/16/25/37/38/46;20;0;5/9/7/7/9/2/2;7/7/3/0/5/2;0/EUR 922.058,36;2/EUR 384.190,96;11/EUR 41.911,72;904/EUR 1.614,92;0/EUR 0,00;45272/EUR 28,84;52948/EUR 13,04;763822/EUR 2,71
16.04.1997;6/10/13/34/40/47;16;4;5/9/7/7/9/2/2;7/7/3/0/5/2;0/EUR 922.058,36;2/EUR 384.190,96;11/EUR 41.911,72;904/EUR 1.614,92;0/EUR 0,00;45272/EUR 28,84;52948/EUR 13,04;763822/EUR 2,71
19.04.1997;2/24/25/26/41/46;16;9;6/2/5/0/6/5/2;4/6/9/7/7/3;2/EUR 1.324.638,03;2/EUR 1.324.638,03;36/EUR 55.193,24;1377/EUR 4.809,82;0/EUR 0,00;89332/EUR 74,14;140246/EUR 33,03;1631953/EUR 4,86
23.04.1997;5/6/24/33/37/43;38;9;0/6/0/1/0/2/0;2/6/1/7/0/1;1/EUR 1.839.936,80;2/EUR 382.449,34;10/EUR 45.893,92;843/EUR 1.723,92;0/EUR 0,00;48947/EUR 26,54;54976/EUR 12,48;834796/EUR 2,45
23.04.1997;5/6/13/17/33/48;35;3;0/6/0/1/0/2/0;2/6/1/7/0/1;1/EUR 1.839.936,80;2/EUR 382.449,34;10/EUR 45.893,92;843/EUR 1.723,92;0/EUR 0,00;48947/EUR 26,54;54976/EUR 12,48;834796/EUR 2,45
26.04.1997;9/14/24/27/33/36;28;7;6/7/6/4/0/0/8;1/2/4/8/3/8;1/EUR 1.304.395,17;7/EUR 559.026,50;35/EUR 55.902,61;2428/EUR 2.686,12;0/EUR 0,00;114793/EUR 56,80;106684/EUR 42,74;1827328/EUR 4,24
30.04.1997;4/14/30/31/33/37;1;0;0/2/6/5/7/7/0;5/4/6/5/8/6;0/EUR 896.877,44;0/EUR 747.397,83;31/EUR 14.465,73;984/EUR 1.444,60;0/EUR 0,00;52277/EUR 24,29;54737/EUR 12,27;835668/EUR 2,40
30.04.1997;6/19/27/31/41/43;38;4;0/2/6/5/7/7/0;5/4/6/5/8/6;0/EUR 896.877,44;0/EUR 747.397,83;31/EUR 14.465,73;984/EUR 1.444,60;0/EUR 0,00;52277/EUR 24,29;54737/EUR 12,27;835668/EUR 2,40
03.05.1997;3/13/14/15/21/31;2;6;5/4/7/1/0/2/5;7/1/7/4/4/6;1/EUR 1.688.523,54;2/EUR 1.688.523,54;38/EUR 49.989,16;1392/EUR 4.548,81;0/EUR 0,00;93137/EUR 67,95;102653/EUR 43,15;1640963/EUR 4,60
07.05.1997;8/27/30/31/39/46;35;5;2/9/9/3/1/6/0;5/0/4/2/9/3;1/EUR 1.793.296,15;2/EUR 747.206,71;7/EUR 64.029,90;718/EUR 1.976,76;0/EUR 0,00;43664/EUR 29,04;56149/EUR 11,96;763965/EUR 2,61
07.05.1997;2/7/8/31/39/46;5;3;2/9/9/3/1/6/0;5/0/4/2/9/3;1/EUR 1.793.296,15;2/EUR 747.206,71;7/EUR 64.029,90;718/EUR 1.976,76;0/EUR 0,00;43664/EUR 29,04;56149/EUR 11,96;763965/EUR 2,61
10.05.1997;1/8/11/19/47/49;37;8;0/8/7/8/9/7/2;9/0/7/1/3/4;3/EUR 421.915,91;17/EUR 223.367,21;56/EUR 33.903,92;3198/EUR 1.978,96;0/EUR 0,00;126341/EUR 50,06;127911/EUR 34,61;1871282/EUR 4,04
14.05.1997;1/3/7/35/44/48;19;0;8/3/9/2/9/5/2;9/7/0/0/3/0;1/EUR 1.606.164,75;0/EUR 0,00;23/EUR 19.045,42;620/EUR 2.237,31;0/EUR 0,00;39720/EUR 31,24;69875/EUR 9,36;717502/EUR 2,71
14.05.1997;16/18/28/31/38/44;23;6;8/3/9/2/9/5/2;9/7/0/0/3/0;1/EUR 1.606.164,75;0/EUR 0,00;23/EUR 19.045,42;620/EUR 2.237,31;0/EUR 0,00;39720/EUR 31,24;69875/EUR 9,36;717502/EUR 2,71
17.05.1997;3/4/29/35/38/49;16;8;3/7/1/4/0/3/1;8/5/3/1/5/7;0/EUR 1.272.491,27;2/EUR 1.908.736,96;25/EUR 76.349,48;827/EUR 7.693,41;0/EUR 0,00;64981/EUR 97,91;109892/EUR 40,49;1403283/EUR 5,42
21.05.1997;26/32/37/43/46/48;21;7;4/0/5/3/8/5/5;0/9/1/3/1/1;1/EUR 1.526.954,08;0/EUR 0,00;22/EUR 18.929,15;778/EUR 1.694,98;0/EUR 0,00;39822/EUR 29,60;60201/EUR 10,33;699804/EUR 2,66
21.05.1997;2/4/6/27/34/45;9;2;4/0/5/3/8/5/5;0/9/1/3/1/1;1/EUR 1.526.954,08;0/EUR 0,00;22/EUR 18.929,15;778/EUR 1.694,98;0/EUR 0,00;39822/EUR 29,60;60201/EUR 10,33;699804/EUR 2,66
24.05.1997;6/8/14/23/26/46;22;0;0/3/8/8/6/3/0;3/8/3/7/1/8;0/EUR 2.527.873,59;8/EUR 470.768,37;19/EUR 99.109,13;1552/EUR 4.124,08;0/EUR 0,00;86593/EUR 72,45;94200/EUR 46,63;1532442/EUR 4,91
28.05.1997;8/27/35/40/43/48;17;6;4/5/4/3/3/1/1;4/9/3/3/2/0;0/EUR 873.035,28;0/EUR 727.529,39;15/EUR 29.101,15;574/EUR 2.408,18;0/EUR 0,00;35939/EUR 34,41;51264/EUR 12,73;637970/EUR 3,02
28.05.1997;1/11/15/33/39/44;8;4;4/5/4/3/3/1/1;4/9/3/3/2/0;0/EUR 873.035,28;0/EUR 727.529,39;15/EUR 29.101,15;574/EUR 2.408,18;0/EUR 0,00;35939/EUR 34,41;51264/EUR 12,73;637970/EUR 3,02
31.05.1997;2/10/15/26/32/37;8;2;4/2/5/9/3/3/9;6/4/5/6/5/6;1/EUR 3.794.083,59;10/EUR 379.862,97;56/EUR 33.916,29;2466/EUR 2.567,30;0/EUR 0,00;116178/EUR 54,45;134325/EUR 32,98;1821083/EUR 4,14
04.06.1997;12/16/35/39/41/46;34;9;2/2/6/7/0/3/7;7/7/8/7/1/8;0/EUR 1.748.611,23;1/EUR 1.457.175,98;7/EUR 62.541,12;605/EUR 2.291,41;0/EUR 0,00;36920/EUR 33,59;51302/EUR 12,78;689870/EUR 2,81
04.06.1997;1/10/32/35/37/49;30;7;2/2/6/7/0/3/7;7/7/8/7/1/8;0/EUR 1.748.611,23;1/EUR 1.457.175,98;7/EUR 62.541,12;605/EUR 2.291,41;0/EUR 0,00;36920/EUR 33,59;51302/EUR 12,78;689870/EUR 2,81
07.06.1997;4/9/14/41/45/47;3;4;8/5/2/1/3/5/1;5/8/5/0/1/8;1/EUR 1.679.457,77;2/EUR 1.679.457,77;14/EUR 134.956,41;1107/EUR 5.689,20;0/EUR 0,00;68862/EUR 91,42;93901/EUR 46,94;1387040/EUR 5,42
11.06.1997;1/10/33/42/46/48;47;0;8/3/8/1/3/5/9;2/2/0/5/2/7;0/EUR 2.620.578,17;2/EUR 363.319,56;8/EUR 54.497,89;665/EUR 2.076,10;0/EUR 0,00;39260/EUR 31,44;57220/EUR 11,40;708962/EUR 2,76
11.06.1997;7/8/16/27/28/43;12;8;8/3/8/1/3/5/9;2/2/0/5/2/7;0/EUR 2.620.578,17;2/EUR 363.319,56;8/EUR 54.497,89;665/EUR 2.076,10;0/EUR 0,00;39260/EUR 31,44;57220/EUR 11,40;708962/EUR 2,76
14.06.1997;9/16/17/29/37/44;5;4;3/4/6/0/5/4/6;3/4/6/7/7/5;1/EUR 1.291.708,79;4/EUR 968.781,59;51/EUR 37.991,39;1891/EUR 3.415,38;0/EUR 0,00;95122/EUR 67,85;137707/EUR 32,82;1558998/EUR 4,96
18.06.1997;20/23/26/33/35/42;37;6;8/5/5/3/9/1/8;4/6/4/7/2/0;1/EUR 3.527.514,81;2/EUR 377.890,26;12/EUR 37.789,02;713/EUR 2.013,98;0/EUR 0,00;41882/EUR 30,63;51039/EUR 13,29;767128/EUR 2,66
18.06.1997;1/3/9/31/38/45;46;7;8/5/5/3/9/1/8;4/6/4/7/2/0;1/EUR 3.527.514,81;2/EUR 377.890,26;12/EUR 37.789,02;713/EUR 2.013,98;0/EUR 0,00;41882/EUR 30,63;51039/EUR 13,29;767128/EUR 2,66
21.06.1997;2/15/18/27/29/43;17;0;3/6/4/5/0/8/3;2/0/1/5/6/2;0/EUR 1.263.312,00;4/EUR 947.483,98;20/EUR 94.748,37;1536/EUR 4.112,32;0/EUR 0,00;78936/EUR 80,02;101587/EUR 43,51;1434513/EUR 5,27
25.06.1997;1/14/18/35/39/41;11;2;0/9/1/6/5/0/7;2/1/4/7/4/7;0/EUR 874.357,33;3/EUR 242.877,04;20/EUR 21.858,90;566/EUR 2.445,92;0/EUR 0,00;35294/EUR 35,07;49059/EUR 13,34;665986/EUR 2,91
25.06.1997;5/10/11/35/37/49;4;9;0/9/1/6/5/0/7;2/1/4/7/4/7;0/EUR 874.357,33;3/EUR 242.877,04;20/EUR 21.858,90;566/EUR 2.445,92;0/EUR 0,00;35294/EUR 35,07;49059/EUR 13,34;665986/EUR 2,91
28.06.1997;4/13/27/29/30/47;38;1;3/0/7/5/5/8/8;4/0/9/0/8/8;1/EUR 2.539.939,00;3/EUR 1.276.627,01;33/EUR 58.028,46;1552/EUR 4.112,83;0/EUR 0,00;87927/EUR 72,55;120194/EUR 37,17;1532635/EUR 4,96
02.07.1997;26/28/30/33/36/42;13;8;1/3/4/1/0/2/2;1/4/6/9/6/3;0/EUR 1.787.628,42;3/EUR 253.686,41;13/EUR 35.125,80;994/EUR 1.454,73;0/EUR 0,00;51492/EUR 25,10;58855/EUR 11,61;830315/EUR 2,45
02.07.1997;3/6/18/19/34/39;41;1;1/3/4/1/0/2/2;1/4/6/9/6/3;0/EUR 1.787.628,42;3/EUR 253.686,41;13/EUR 35.125,80;994/EUR 1.454,73;0/EUR 0,00;51492/EUR 25,10;58855/EUR 11,61;830315/EUR 2,45
05.07.1997;3/14/23/26/36/46;38;6;6/2/3/0/8/6/1;7/1/8/6/9/2;1/EUR 1.286.541,01;14/EUR 275.687,36;49/EUR 39.383,89;2367/EUR 2.717,62;0/EUR 0,00;108118/EUR 59,46;135466/EUR 33,23;1596541/EUR 4,81
09.07.1997;10/11/25/29/35/37;16;5;3/9/4/0/3/2/9;9/6/4/1/6/2;1/EUR 2.689.683,15;6/EUR 125.285,38;22/EUR 20.501,22;816/EUR 1.750,31;0/EUR 0,00;49506/EUR 25,77;66650/EUR 10,12;828837/EUR 2,40
09.07.1997;1/10/16/17/20/25;11;4;3/9/4/0/3/2/9;9/6/4/1/6/2;1/EUR 2.689.683,15;6/EUR 125.285,38;22/EUR 20.501,22;816/EUR 1.750,31;0/EUR 0,00;49506/EUR 25,77;66650/EUR 10,12;828837/EUR 2,40
12.07.1997;6/15/29/30/38/47;34;1;5/4/8/6/3/9/8;9/6/6/4/9/4;0/EUR 1.257.405,04;3/EUR 1.257.405,04;25/EUR 75.444,29;1224/EUR 5.136,44;0/EUR 0,00;69611/EUR 90,29;96167/EUR 45,76;1294535/EUR 5,78
16.07.1997;1/20/27/45/48/49;34;5;3/0/2/5/5/9/5;9/2/0/9/2/2;1/EUR 879.703,30;1/EUR 733.086,06;18/EUR 24.436,17;897/EUR 1.552,79;0/EUR 0,00;47421/EUR 26,28;82081/EUR 12,63;782768/EUR 2,51
16.07.1997;1/5/11/25/29/31;26;7;3/0/2/5/5/9/5;9/2/0/9/2/2;1/EUR 879.703,30;1/EUR 733.086,06;18/EUR 24.436,17;897/EUR 1.552,79;0/EUR 0,00;47421/EUR 26,28;82081/EUR 12,63;782768/EUR 2,51
19.07.1997;8/10/11/18/23/45;36;1;8/4/0/5/0/3/1;7/1/6/0/1/8;0/EUR 2.525.844,94;3/EUR 1.268.439,90;28/EUR 67.952,12;1353/EUR 4.687,47;0/EUR 0,00;89821/EUR 70,56;109228/EUR 40,60;1670516/EUR 4,55
23.07.1997;6/7/14/19/43/47;46;5;0/9/1/7/8/4/2;4/0/6/7/3/3;1/EUR 871.138,60;5/EUR 145.189,77;17/EUR 25.621,71;607/EUR 2.272,28;0/EUR 0,00;40097/EUR 30,73;42979/EUR 15,19;750265/EUR 2,61
23.07.1997;11/15/16/27/40/42;28;4;0/9/1/7/8/4/2;4/0/6/7/3/3;1/EUR 871.138,60;5/EUR 145.189,77;17/EUR 25.621,71;607/EUR 2.272,28;0/EUR 0,00;40097/EUR 30,73;42979/EUR 15,19;750265/EUR 2,61
26.07.1997;4/6/15/25/35/49;21;0;6/9/1/1/2/0/6;7/0/7/6/3/3;0/EUR 3.799.507,27;4/EUR 955.246,72;37/EUR 51.634,96;1843/EUR 3.455,36;0/EUR 0,00;92916/EUR 68,51;116099/EUR 38,35;1499561/EUR 5,06
30.07.1997;16/17/23/27/28/38;49;5;9/7/8/1/9/4/7;3/5/0/3/3/9;1/EUR 1.580.965,17;0/EUR 0,00;10/EUR 43.117,19;765/EUR 1.784,77;0/EUR 0,00;44047/EUR 27,71;46725/EUR 13,80;766971/EUR 2,51
30.07.1997;3/20/25/30/45/48;37;4;9/7/8/1/9/4/7;3/5/0/3/3/9;1/EUR 1.580.965,17;0/EUR 0,00;10/EUR 43.117,19;765/EUR 1.784,77;0/EUR 0,00;44047/EUR 27,71;46725/EUR 13,80;766971/EUR 2,51
02.08.1997;3/8/21/26/33/42;41;7;4/0/5/6/3/1/7;2/2/8/8/2/2;1/EUR 5.140.970,94;15/EUR 268.292,69;38/EUR 52.952,51;2521/EUR 2.660,56;0/EUR 0,00;120217/EUR 55,78;113377/EUR 41,36;1898761/EUR 4,19
06.08.1997;20/24/29/31/36/41;46;9;2/2/9/4/6/9/3;2/5/0/1/5/5;1/EUR 869.202,84;2/EUR 362.167,83;22/EUR 19.754,58;638/EUR 2.157,09;0/EUR 0,00;39493/EUR 21,57;61468/EUR 10,58;690930/EUR 2,81
06.08.1997;1/11/17/25/42/43;49;5;2/2/9/4/6/9/3;2/5/0/1/5/5;1/EUR 869.202,84;2/EUR 362.167,83;22/EUR 19.754,58;638/EUR 2.157,09;0/EUR 0,00;39493/EUR 21,57;61468/EUR 10,58;690930/EUR 2,81
09.08.1997;10/12/16/30/39/42;31;8;3/2/5/4/9/7/1;1/2/6/2/7/5;1/EUR 1.256.233,26;3/EUR 1.256.233,26;40/EUR 47.108,75;1901/EUR 3.304,12;0/EUR 0,00;100055/EUR 62,74;123261/EUR 35,64;1698088/EUR 4,40
13.08.1997;1/8/14/36/40/47;21;5;1/4/3/9/8/0/4;5/0/8/4/9/9;0/EUR 858.183,18;1/EUR 715.152,65;17/EUR 25.240,64;741/EUR 1.833,70;0/EUR 0,00;38384/EUR 31,65;45685/EUR 14,06;668301/EUR 2,86
13.08.1997;10/11/13/31/41/44;46;0;1/4/3/9/8/0/4;5/0/8/4/9/9;0/EUR 858.183,18;1/EUR 715.152,65;17/EUR 25.240,64;741/EUR 1.833,70;0/EUR 0,00;38384/EUR 31,65;45685/EUR 14,06;668301/EUR 2,86
16.08.1997;14/39/40/43/45/48;29;3;8/3/7/1/4/7/9;7/2/9/7/8/3;0/EUR 1.242.174,12;4/EUR 931.630,56;18/EUR 103.514,47;1576/EUR 3.940,88;0/EUR 0,00;71083/EUR 87,33;81724/EUR 53,17;1234031/EUR 6,03
20.08.1997;4/11/16/29/46/47;39;3;4/2/8/4/1/5/0;8/3/5/2/0/9;1/EUR 2.445.473,12;0/EUR 0,00;17/EUR 25.464,53;630/EUR 2.175,90;0/EUR 0,00;38949/EUR 31,44;56662/EUR 11,45;711581/EUR 2,71
20.08.1997;7/19/30/36/37/42;8;4;4/2/8/4/1/5/0;8/3/5/2/0/9;1/EUR 2.445.473,12;0/EUR 0,00;17/EUR 25.464,53;630/EUR 2.175,90;0/EUR 0,00;38949/EUR 31,44;56662/EUR 11,45;711581/EUR 2,71
23.08.1997;6/11/24/27/31/45;9;6;0/7/4/1/9/5/6;9/5/5/7/6/5;0/EUR 2.494.923,84;9/EUR 417.583,23;63/EUR 29.827,34;2345/EUR 2.671,09;0/EUR 0,00;116273/EUR 53,84;177463/EUR 24,70;1769446/EUR 4,24
27.08.1997;6/8/19/36/38/41;22;9;7/0/5/7/9/8/8;4/3/5/3/9/5;0/EUR 863.952,95;0/EUR 719.960,78;15/EUR 28.798,41;698/EUR 1.959,73;0/EUR 0,00;39379/EUR 31,04;50996/EUR 12,68;704459/EUR 2,71
27.08.1997;6/15/21/23/30/41;25;5;7/0/5/7/9/8/8;4/3/5/3/9/5;0/EUR 863.952,95;0/EUR 719.960,78;15/EUR 28.798,41;698/EUR 1.959,73;0/EUR 0,00;39379/EUR 31,04;50996/EUR 12,68;704459/EUR 2,71
30.08.1997;8/13/18/29/35/49;41;9;2/9/1/8/9/2/3;8/2/1/7/2/3;0/EUR 3.787.680,22;9/EUR 430.918,79;64/EUR 30.298,95;1791/EUR 3.609,00;0/EUR 0,00;89498/EUR 72,19;105512/EUR 42,85;1537673/EUR 5,01
03.09.1997;17/26/27/33/36/49;35;8;2/9/5/1/0/1/2;9/6/6/8/2/9;2/EUR 918.748,61;2/EUR 765.623,85;23/EUR 21.163,96;1029/EUR 1.497,98;0/EUR 0,00;51833/EUR 26,59;66818/EUR 10,89;900149/EUR 2,40
03.09.1997;6/12/15/27/32/37;10;7;2/9/5/1/0/1/2;9/6/6/8/2/9;2/EUR 918.748,61;2/EUR 765.623,85;23/EUR 21.163,96;1029/EUR 1.497,98;0/EUR 0,00;51833/EUR 26,59;66818/EUR 10,89;900149/EUR 2,40
06.09.1997;6/7/15/24/44/47;19;8;5/8/9/9/3/6/0;1/0/7/8/8/8;1/EUR 5.197.366,74;6/EUR 704.843,26;39/EUR 54.218,67;1595/EUR 4.419,04;0/EUR 0,00;93414/EUR 75,42;167753/EUR 29,40;1671116/EUR 5,01
10.09.1997;10/18/21/25/30/46;27;8;6/7/3/5/0/0/3;1/7/6/1/3/2;0/EUR 896.676,50;3/EUR 249.076,76;14/EUR 32.024,15;718/EUR 1.977,32;0/EUR 0,00;40405/EUR 31,39;53381/EUR 12,58;725474/EUR 2,76
10.09.1997;4/21/23/29/40/47;37;2;6/7/3/5/0/0/3;1/7/6/1/3/2;0/EUR 896.676,50;3/EUR 249.076,76;14/EUR 32.024,15;718/EUR 1.977,32;0/EUR 0,00;40405/EUR 31,39;53381/EUR 12,58;725474/EUR 2,76
13.09.1997;10/16/35/36/37/44;28;0;5/8/9/4/5/5/9;4/1/4/1/6/0;1/EUR 1.301.459,18;3/EUR 1.301.459,18;24/EUR 81.341,17;1002/EUR 6.494,28;0/EUR 0,00;67304/EUR 96,63;100306/EUR 45,40;1347798/EUR 5,78
17.09.1997;2/5/17/26/38/48;45;8;4/7/7/5/6/9/2;9/8/5/9/5/3;1/EUR 1.796.041,17;14/EUR 53.533,59;26/EUR 17.193,21;1251/EUR 1.138,24;0/EUR 0,00;52933/EUR 24,03;56204/EUR 11,96;793110/EUR 2,51
17.09.1997;8/13/15/22/28/43;6;5;4/7/7/5/6/9/2;9/8/5/9/5/3;1/EUR 1.796.041,17;14/EUR 53.533,59;26/EUR 17.193,21;1251/EUR 1.138,24;0/EUR 0,00;52933/EUR 24,03;56204/EUR 11,96;793110/EUR 2,51
20.09.1997;6/12/16/36/37/48;31;3;1/1/3/2/5/5/1;5/3/4/0/2/1;0/EUR 1.289.965,39;4/EUR 967.474,01;29/EUR 66.722,31;1627/EUR 3.964,20;0/EUR 0,00;96822/EUR 66,57;117729/EUR 38,35;1609426/EUR 4,81
24.09.1997;1/4/9/16/21/42;7;8;6/0/6/6/8/1/0;6/1/7/4/8/2;0/EUR 892.295,91;3/EUR 247.859,94;20/EUR 22.307,36;761/EUR 1.856,50;0/EUR 0,00;42841/EUR 29,50;62719/EUR 10,63;722317/EUR 2,76
24.09.1997;2/11/21/28/34/43;48;3;6/0/6/6/8/1/0;6/1/7/4/8/2;0/EUR 892.295,91;3/EUR 247.859,94;20/EUR 22.307,36;761/EUR 1.856,50;0/EUR 0,00;42841/EUR 29,50;62719/EUR 10,63;722317/EUR 2,76
27.09.1997;11/15/16/34/40/43;38;5;8/6/5/4/8/4/9;3/7/6/1/5/1;0/EUR 2.581.429,98;2/EUR 1.937.196,94;18/EUR 107.622,03;1071/EUR 6.029,20;0/EUR 0,00;67848/EUR 95,15;100828/EUR 44,79;1315265/EUR 5,88
01.10.1997;4/7/11/13/29/37;30;4;5/0/2/3/7/1/7;5/5/4/1/1/2;0/EUR 0,00;5/EUR 150.656,45;30/EUR 15.065,62;943/EUR 1.517,72;0/EUR 0,00;50448/EUR 25,36;58944/EUR 11,45;830068/EUR 2,40
01.10.1997;12/26/28/30/36/43;2;2;5/0/2/3/7/1/7;5/5/4/1/1/2;0/EUR 0,00;5/EUR 150.656,45;30/EUR 15.065,62;943/EUR 1.517,72;0/EUR 0,00;50448/EUR 25,36;58944/EUR 11,45;830068/EUR 2,40
04.10.1997;9/13/23/27/38/40;29;8;7/2/5/0/8/0/0;9/3/3/7/2/4;10/EUR 449.621,95;124/EUR 27.600,56;61/EUR 27.600,56;4259/EUR 1.498,60;0/EUR 0,00;148239/EUR 43,05;121400/EUR 36,76;1983716/EUR 3,83
08.10.1997;8/12/16/27/30/37;9;2;8/5/1/4/3/8/7;3/7/3/2/3/3;0/EUR 1.828.792,69;1/EUR 770.711,67;19/EUR 24.338,26;924/EUR 1.584,75;0/EUR 0,00;50231/EUR 26,08;64783/EUR 10,69;827063/EUR 2,51
08.10.1997;18/30/36/39/43/46;16;7;8/5/1/4/3/8/7;3/7/3/2/3/3;0/EUR 1.828.792,69;1/EUR 770.711,67;19/EUR 24.338,26;924/EUR 1.584,75;0/EUR 0,00;50231/EUR 26,08;64783/EUR 10,69;827063/EUR 2,51
11.10.1997;5/6/29/30/32/45;13;2;1/0/4/8/6/5/6;8/0/9/6/9/3;1/EUR 1.994.349,61;4/EUR 830.978,97;32/EUR 62.323,41;1020/EUR 6.517,44;0/EUR 0,00;71559/EUR 92,85;115433/EUR 40,29;1518568/EUR 5,22
15.10.1997;12/15/25/31/33/35;36;2;4/0/1/1/6/1/0;1/7/2/4/3/2;2/EUR 1.378.185,89;4/EUR 193.245,63;16/EUR 28.986,82;911/EUR 1.612,10;0/EUR 0,00;53897/EUR 24,34;64100/EUR 10,84;896557/EUR 2,30
15.10.1997;5/10/12/14/25/42;18;7;4/0/1/1/6/1/0;1/7/2/4/3/2;2/EUR 1.378.185,89;4/EUR 193.245,63;16/EUR 28.986,82;911/EUR 1.612,10;0/EUR 0,00;53897/EUR 24,34;64100/EUR 10,84;896557/EUR 2,30
18.10.1997;2/10/25/29/30/42;43;4;7/2/0/5/5/6/5;4/4/6/8/9/6;0/EUR 2.016.559,16;5/EUR 672.186,39;34/EUR 59.310,52;1657/EUR 4.056,64;0/EUR 0,00;96851/EUR 69,38;95339/EUR 49,34;1771681/EUR 4,55
22.10.1997;4/11/17/18/25/29;39;1;8/4/6/0/7/7/8;3/2/5/5/0/9;1/EUR 916.084,17;8/EUR 95.425,42;31/EUR 14.775,52;2232/EUR 649,80;0/EUR 0,00;68481/EUR 18,92;71335/EUR 9,61;835123/EUR 2,45
22.10.1997;1/6/16/26/46/47;17;4;8/4/6/0/7/7/8;3/2/5/5/0/9;1/EUR 916.084,17;8/EUR 95.425,42;31/EUR 14.775,52;2232/EUR 649,80;0/EUR 0,00;68481/EUR 18,92;71335/EUR 9,61;835123/EUR 2,45
25.10.1997;16/21/31/46/47/48;41;2;1/8/5/3/1/6/8;5/1/1/8/7/0;0/EUR 3.979.289,76;1/EUR 3.271.217,64;27/EUR 72.693,69;1240/EUR 5.276,12;0/EUR 0,00;75165/EUR 87,02;120894/EUR 37,84;1463833/EUR 5,32
29.10.1997;4/21/40/41/43/46;45;7;0/7/2/4/8/5/1;9/7/5/2/4/8;0/EUR 920.236,93;3/EUR 255.621,35;12/EUR 38.343,16;639/EUR 2.280,16;0/EUR 0,00;41326/EUR 31,50;50253/EUR 13,70;751826/EUR 2,71
29.10.1997;2/7/16/28/30/35;34;9;0/7/2/4/8/5/1;9/7/5/2/4/8;0/EUR 920.236,93;3/EUR 255.621,35;12/EUR 38.343,16;639/EUR 2.280,16;0/EUR 0,00;41326/EUR 31,50;50253/EUR 13,70;751826/EUR 2,71
01.11.1997;4/9/18/28/33/49;40;5;9/9/1/6/3/4/9;7/1/2/7/4/2;0/EUR 6.017.167,49;11/EUR 308.769,32;61/EUR 33.407,81;2579/EUR 2.633,92;0/EUR 0,00;127878/EUR 53,07;134560/EUR 35,33;2090099/EUR 3,89
05.11.1997;4/14/18/38/39/49;48;3;2/4/6/1/0/3/7;4/3/0/8/7/0;1/EUR 1.900.237,09;3/EUR 272.222,23;14/EUR 34.999,97;732/EUR 2.119,71;0/EUR 0,00;43367/EUR 32,01;55937/EUR 13,09;780454/EUR 2,81
05.11.1997;14/22/25/32/37/44;29;8;2/4/6/1/0/3/7;4/3/0/8/7/0;1/EUR 1.900.237,09;3/EUR 272.222,23;14/EUR 34.999,97;732/EUR 2.119,71;0/EUR 0,00;43367/EUR 32,01;55937/EUR 13,09;780454/EUR 2,81
08.11.1997;1/15/26/27/28/32;25;7;2/8/2/5/9/9/8;8/0/3/8/4/5;1/EUR 8.253.003,99;1/EUR 3.726.394,22;18/EUR 124.213,10;985/EUR 7.566,25;0/EUR 0,00;76640/EUR 97,20;116259/EUR 44,84;1600558/EUR 5,57
12.11.1997;1/10/17/29/34/36;27;7;6/5/3/1/7/4/8;2/9/9/2/7/9;2/EUR 470.412,82;6/EUR 130.670,20;16/EUR 29.400,77;973/EUR 1.530,96;0/EUR 0,00;44340/EUR 30,01;52602/EUR 13,40;756447/EUR 2,76
12.11.1997;2/12/23/26/44/47;1;3;6/5/3/1/7/4/8;2/9/9/2/7/9;2/EUR 470.412,82;6/EUR 130.670,20;16/EUR 29.400,77;973/EUR 1.530,96;0/EUR 0,00;44340/EUR 30,01;52602/EUR 13,40;756447/EUR 2,76
15.11.1997;7/10/11/12/35/43;2;9;8/7/3/6/8/9/8;8/6/6/7/1/7;0/EUR 2.039.305,05;3/EUR 1.132.947,24;34/EUR 59.979,55;1394/EUR 4.876,34;0/EUR 0,00;101701/EUR 66,83;152957/EUR 31,09;1820985/EUR 4,45
19.11.1997;1/3/18/23/35/37;47;9;4/0/6/4/0/7/5;4/2/6/5/8/3;0/EUR 938.741,66;0/EUR 782.284,71;12/EUR 39.114,19;630/EUR 2.359,25;0/EUR 0,00;42527/EUR 31,24;56223/EUR 12,48;773749/EUR 2,71
19.11.1997;2/11/14/24/30/48;16;4;4/0/6/4/0/7/5;4/2/6/5/8/3;0/EUR 938.741,66;0/EUR 782.284,71;12/EUR 39.114,19;630/EUR 2.359,25;0/EUR 0,00;42527/EUR 31,24;56223/EUR 12,48;773749/EUR 2,71
22.11.1997;10/33/36/39/47/48;20;4;8/4/0/2/3/4/4;7/3/9/0/5/6;0/EUR 4.058.970,00;2/EUR 1.683.054,10;28/EUR 72.130,86;1195/EUR 5.633,62;0/EUR 0,00;83566/EUR 80,53;116340/EUR 40,49;1563847/EUR 5,16
26.11.1997;8/12/28/29/32/42;33;2;5/7/1/3/7/1/4;5/2/3/6/8/6;2/EUR 936.583,39;2/EUR 780.486,14;21/EUR 22.248,20;848/EUR 1.744,68;0/EUR 0,00;49594/EUR 26,69;58369/EUR 11,96;843753/EUR 2,45
26.11.1997;5/10/13/16/18/39;8;1;5/7/1/3/7/1/4;5/2/3/6/8/6;2/EUR 936.583,39;2/EUR 780.486,14;21/EUR 22.248,20;848/EUR 1.744,68;0/EUR 0,00;49594/EUR 26,69;58369/EUR 11,96;843753/EUR 2,45
29.11.1997;1/11/14/16/36/48;3;1;1/7/3/0/1/2/7;2/5/2/6/5/3;1/EUR 6.179.134,08;5/EUR 706.721,34;24/EUR 88.340,14;1071/EUR 6.598,68;0/EUR 0,00;71848/EUR 98,32;117432/EUR 42,08;1369949/EUR 6,19
03.12.1997;2/5/22/34/43/49;8;6;1/8/3/6/3/4/0;3/7/2/4/5/6;2/EUR 524.102,86;5/EUR 174.700,92;16/EUR 32.756,43;1089/EUR 1.524,01;0/EUR 0,00;56555/EUR 26,23;68537/EUR 11,45;950050/EUR 2,45
03.12.1997;3/11/13/19/26/44;21;2;1/8/3/6/3/4/0;3/7/2/4/5/6;2/EUR 524.102,86;5/EUR 174.700,92;16/EUR 32.756,43;1089/EUR 1.524,01;0/EUR 0,00;56555/EUR 26,23;68537/EUR 11,45;950050/EUR 2,45
06.12.1997;1/13/15/34/40/49;41;5;4/5/0/3/4/5/4;1/7/1/7/6/2;1/EUR 2.216.365,33;5/EUR 738.788,44;32/EUR 69.261,39;1379/EUR 5.357,42;0/EUR 0,00;81057/EUR 91,11;93042/EUR 55,58;1563799/EUR 5,62
10.12.1997;1/2/5/7/8/25;27;2;3/4/2/0/6/8/7;3/0/1/5/6/0;2/EUR 471.787,37;9/EUR 87.368,02;44/EUR 10.722,40;2301/EUR 649,24;0/EUR 0,00;77276/EUR 17,28;68703/EUR 10,28;1044369/EUR 1,99
10.12.1997;9/17/23/26/39/49;22;4;3/4/2/0/6/8/7;3/0/1/5/6/0;2/EUR 471.787,37;9/EUR 87.368,02;44/EUR 10.722,40;2301/EUR 649,24;0/EUR 0,00;77276/EUR 17,28;68703/EUR 10,28;1044369/EUR 1,99
13.12.1997;3/9/22/23/40/41;6;3;6/5/2/8/2/8/7;5/2/5/1/5/0;1/EUR 2.066.175,08;12/EUR 286.968,75;70/EUR 29.515,50;1921/EUR 3.585,08;0/EUR 0,00;105422/EUR 65,29;153018/EUR 31,50;1891167/EUR 4,35
17.12.1997;1/17/19/37/42/44;21;4;2/3/9/4/2/1/8;1/1/7/7/2/7;2/EUR 482.383,49;3/EUR 267.990,83;14/EUR 34.455,96;832/EUR 1.835,95;0/EUR 0,00;48015/EUR 28,43;52780/EUR 13,70;859997/EUR 2,51
17.12.1997;2/4/25/27/31/43;42;3;2/3/9/4/2/1/8;1/1/7/7/2/7;2/EUR 482.383,49;3/EUR 267.990,83;14/EUR 34.455,96;832/EUR 1.835,95;0/EUR 0,00;48015/EUR 28,43;52780/EUR 13,70;859997/EUR 2,51
20.12.1997;14/19/34/35/39/42;17;6;2/5/1/7/8/6/9;8/2/5/4/2/1;0/EUR 2.120.857,18;3/EUR 1.178.253,99;55/EUR 38.561,02;1182/EUR 5.980,94;0/EUR 0,00;80925/EUR 87,33;133504/EUR 37,02;1627062/EUR 5,16
24.12.1997;4/21/22/24/26/36;27;4;6/2/7/7/5/1/8;7/0/6/8/6/2;0/EUR 1.073.179,93;2/EUR 447.158,29;16/EUR 33.536,86;858/EUR 1.980,39;0/EUR 0,00;50620/EUR 30,01;69599/EUR 11,56;902720/EUR 2,66
24.12.1997;4/9/21/23/25/48;16;9;6/2/7/7/5/1/8;7/0/6/8/6/2;0/EUR 1.073.179,93;2/EUR 447.158,29;16/EUR 33.536,86;858/EUR 1.980,39;0/EUR 0,00;50620/EUR 30,01;69599/EUR 11,56;902720/EUR 2,66
27.12.1997;4/12/17/41/42/47;22;2;5/7/5/6/8/8/3;8/1/5/6/3/2;0/EUR 4.103.982,91;3/EUR 1.101.736,50;34/EUR 58.327,21;1598/EUR 4.136,66;0/EUR 0,00;94739/EUR 69,74;114094/EUR 40,55;1732239/EUR 4,55
31.12.1997;15/18/24/30/33/46;42;8;7/7/9/4/7/6/3;6/6/0/9/0/0;1/EUR 2.154.123,52;5/EUR 180.157,22;28/EUR 19.302,55;1085/EUR 1.577,39;0/EUR 0,00;56557/EUR 27,05;66909/EUR 12,07;911403/EUR 2,66
31.12.1997;2/13/26/33/44/49;18;6;7/7/9/4/7/6/3;6/6/0/9/0/0;1/EUR 2.154.123,52;5/EUR 180.157,22;28/EUR 19.302,55;1085/EUR 1.577,39;0/EUR 0,00;56557/EUR 27,05;66909/EUR 12,07;911403/EUR 2,66
03.01.1998;12/15/16/20/29/45;26;7;1/0/5/0/7/1/3;2/4/0/2/3/7;0/EUR 6.188.484,02;2/EUR 1.737.084,26;15/EUR 138.966,73;982/EUR 7.075,67;0/EUR 0,00;69700/EUR 99,65;110695/EUR 43,92;1446362/EUR 5,73
07.01.1998;6/16/31/32/40/42;37;1;2/2/6/3/1/4/8;9/8/4/2/4/3;0/EUR 916.321,92;1/EUR 763.601,59;10/EUR 45.816,05;692/EUR 2.096,55;0/EUR 0,00;42833/EUR 30,27;51788/EUR 13,24;782477/EUR 2,61
07.01.1998;1/6/13/18/36/37;47;5;2/2/6/3/1/4/8;9/8/4/2/4/3;0/EUR 916.321,92;1/EUR 763.601,59;10/EUR 45.816,05;692/EUR 2.096,55;0/EUR 0,00;42833/EUR 30,27;51788/EUR 13,24;782477/EUR 2,61
10.01.1998;2/19/29/36/43/49;34;1;7/5/0/6/2/0/4;6/9/1/1/6/6;2/EUR 4.243.687,08;7/EUR 547.354,78;12/EUR 191.574,17;1752/EUR 4.373,80;0/EUR 0,00;103649/EUR 73,88;109716/EUR 48,88;1830988/EUR 5,01
14.01.1998;3/5/16/20/30/41;37;2;9/5/9/6/1/7/8;0/6/2/2/9/0;0/EUR 1.931.743,25;4/EUR 211.546,10;30/EUR 16.923,66;925/EUR 1.738,09;0/EUR 0,00;53334/EUR 26,95;60539/EUR 12,58;900887/EUR 2,51
14.01.1998;9/13/29/35/37/40;20;6;9/5/9/6/1/7/8;0/6/2/2/9/0;0/EUR 1.931.743,25;4/EUR 211.546,10;30/EUR 16.923,66;925/EUR 1.738,09;0/EUR 0,00;53334/EUR 26,95;60539/EUR 12,58;900887/EUR 2,51
17.01.1998;15/30/31/32/41/48;9;5;2/6/8/2/3/9/2;1/7/2/8/4/3;0/EUR 2.194.453,56;3/EUR 1.219.140,88;33/EUR 66.498,57;1194/EUR 6.126,30;0/EUR 0,00;81754/EUR 89,42;130764/EUR 39,11;1599146/EUR 5,47
21.01.1998;15/16/19/29/39/42;38;6;9/2/6/9/4/3/8;9/6/8/5/7/4;0/EUR 2.886.988,13;0/EUR 796.037,39;11/EUR 43.420,18;553/EUR 2.735,00;0/EUR 0,00;37424/EUR 36,15;49234/EUR 14,52;722638/EUR 2,97
21.01.1998;19/22/34/36/40/42;23;7;9/2/6/9/4/3/8;9/6/8/5/7/4;0/EUR 2.886.988,13;0/EUR 796.037,39;11/EUR 43.420,18;553/EUR 2.735,00;0/EUR 0,00;37424/EUR 36,15;49234/EUR 14,52;722638/EUR 2,97
24.01.1998;14/22/25/35/44/48;33;8;3/1/9/1/6/1/6;7/9/8/7/9/2;1/EUR 4.272.083,21;9/EUR 384.746,22;30/EUR 69.254,28;1618/EUR 4.280,23;0/EUR 0,00;80219/EUR 86,31;113965/EUR 42,49;1373042/EUR 6,03
28.01.1998;20/25/29/30/43/48;46;3;2/8/9/0/0/5/1;1/6/4/1/2/7;2/EUR 1.943.393,24;2/EUR 814.601,32;22/EUR 22.722,68;926/EUR 1.709,50;0/EUR 0,00;46551/EUR 30,42;58528/EUR 12,78;812037/EUR 2,76
28.01.1998;4/11/14/21/31/40;8;8;2/8/9/0/0/5/1;1/6/4/1/2/7;2/EUR 1.943.393,24;2/EUR 814.601,32;22/EUR 22.722,68;926/EUR 1.709,50;0/EUR 0,00;46551/EUR 30,42;58528/EUR 12,78;812037/EUR 2,76
31.01.1998;5/6/17/23/27/47;18;6;4/8/9/5/8/9/9;9/9/0/1/7/8;0/EUR 2.066.948,15;8/EUR 430.614,16;48/EUR 43.061,41;2550/EUR 2.701,87;0/EUR 0,00;140897/EUR 48,88;165567/EUR 29,09;2177914/EUR 3,78
04.02.1998;9/14/29/33/39/40;20;6;9/9/7/9/1/9/6;9/9/8/1/3/1;0/EUR 964.525,90;1/EUR 803.771,60;19/EUR 25.382,22;682/EUR 2.239,20;0/EUR 0,00;42970/EUR 31,75;54440/EUR 13,24;784989/EUR 2,76
04.02.1998;8/17/30/33/46/47;49;0;9/9/7/9/1/9/6;9/9/8/1/3/1;0/EUR 964.525,90;1/EUR 803.771,60;19/EUR 25.382,22;682/EUR 2.239,20;0/EUR 0,00;42970/EUR 31,75;54440/EUR 13,24;784989/EUR 2,76
07.02.1998;12/36/40/42/44/48;39;6;3/2/5/6/8/0/6;8/7/4/7/1/7;1/EUR 4.145.868,10;1/EUR 3.464.866,58;65/EUR 31.983,35;2342/EUR 2.958,85;0/EUR 0,00;111088/EUR 62,38;126544/EUR 38,30;1582912/EUR 5,22
11.02.1998;18/32/34/41/46/47;28;1;4/6/0/5/6/0/6;3/5/2/5/9/1;0/EUR 1.933.654,56;1/EUR 807.607,21;8/EUR 60.570,50;813/EUR 1.887,38;0/EUR 0,00;47283/EUR 28,99;52066/EUR 13,96;822200/EUR 2,61
11.02.1998;4/18/21/22/25/42;48;2;4/6/0/5/6/0/6;3/5/2/5/9/1;0/EUR 1.933.654,56;1/EUR 807.607,21;8/EUR 60.570,50;813/EUR 1.887,38;0/EUR 0,00;47283/EUR 28,99;52066/EUR 13,96;822200/EUR 2,61
14.02.1998;10/11/17/32/36/49;35;3;0/6/1/4/5/4/4;3/9/8/5/7/2;0/EUR 2.110.223,84;4/EUR 879.259,91;35/EUR 60.292,10;1794/EUR 3.920,84;0/EUR 0,00;111546/EUR 63,04;124890/EUR 39,42;1978913/EUR 4,24
18.02.1998;9/19/34/43/46/49;1;0;2/1/6/7/9/1/2;9/9/0/3/2/7;1/EUR 2.920.724,30;3/EUR 274.186,00;26/EUR 18.982,07;1303/EUR 1.199,39;0/EUR 0,00;60907/EUR 22,96;72007/EUR 10,28;915032/EUR 2,40
18.02.1998;4/11/17/26/29/34;40;9;2/1/6/7/9/1/2;9/9/0/3/2/7;1/EUR 2.920.724,30;3/EUR 274.186,00;26/EUR 18.982,07;1303/EUR 1.199,39;0/EUR 0,00;60907/EUR 22,96;72007/EUR 10,28;915032/EUR 2,40
21.02.1998;2/13/29/37/47/49;21;0;5/6/0/4/5/6/4;8/7/1/1/8/5;0/EUR 4.164.824,96;2/EUR 1.712.167,57;56/EUR 36.689,28;1633/EUR 4.193,87;0/EUR 0,00;92069/EUR 74,34;124115/EUR 38,60;1663210/EUR 4,91
25.02.1998;13/19/28/30/35/47;48;0;3/1/5/8/8/4/9;3/9/8/1/8/0;0/EUR 958.841,92;2/EUR 399.517,44;14/EUR 34.244,34;619/EUR 2.452,56;0/EUR 0,00;38461/EUR 35,28;41910/EUR 17,13;740559/EUR 2,86
25.02.1998;7/22/35/39/40/45;46;8;3/1/5/8/8/4/9;3/9/8/1/8/0;0/EUR 958.841,92;2/EUR 399.517,44;14/EUR 34.244,34;619/EUR 2.452,56;0/EUR 0,00;38461/EUR 35,28;41910/EUR 17,13;740559/EUR 2,86
28.02.1998;24/33/36/44/45/49;16;7;4/1/5/8/2/9/4;8/7/3/7/9/1;0/EUR 6.341.256,76;6/EUR 604.564,35;36/EUR 60.456,43;1614/EUR 4.494,87;0/EUR 0,00;98040/EUR 73,98;127590/EUR 39,78;1770251/EUR 4,91
04.03.1998;6/9/27/39/40/49;13;1;9/4/1/5/8/1/9;4/4/3/8/8/2;0/EUR 1.939.725,79;2/EUR 408.701,63;19/EUR 25.812,72;694/EUR 2.237,82;0/EUR 0,00;44289/EUR 31,34;63291/EUR 11,61;777217/EUR 2,81
04.03.1998;1/14/30/32/44/46;6;3;9/4/1/5/8/1/9;4/4/3/8/8/2;0/EUR 1.939.725,79;2/EUR 408.701,63;19/EUR 25.812,72;694/EUR 2.237,82;0/EUR 0,00;44289/EUR 31,34;63291/EUR 11,61;777217/EUR 2,81
07.03.1998;12/18/23/25/40/44;38;5;7/8/0/8/2/1/2;2/2/3/0/2/4;0/EUR 8.707.128,43;3/EUR 1.314.373,13;92/EUR 25.715,99;2442/EUR 3.229,37;0/EUR 0,00;130863/EUR 60,23;189399/EUR 29,14;2137379/EUR 4,40
11.03.1998;21/31/37/39/47/48;20;7;4/8/7/0/0/0/0;8/0/0/5/3/5;2/EUR 1.467.568,40;7/EUR 118.501,30;44/EUR 11.311,46;1148/EUR 1.372,87;0/EUR 0,00;59531/EUR 23,67;70047/EUR 10,63;921591/EUR 2,40
11.03.1998;3/11/19/23/42/47;31;8;4/8/7/0/0/0/0;8/0/0/5/3/5;2/EUR 1.467.568,40;7/EUR 118.501,30;44/EUR 11.311,46;1148/EUR 1.372,87;0/EUR 0,00;59531/EUR 23,67;70047/EUR 10,63;921591/EUR 2,40
14.03.1998;1/12/22/31/39/45;30;2;5/6/6/6/8/6/7;9/1/4/3/3/4;4/EUR 2.902.069,86;15/EUR 322.350,10;41/EUR 70.759,78;2264/EUR 4.271,38;0/EUR 0,00;118987/EUR 81,24;142127/EUR 47,60;2189411/EUR 5,27
18.03.1998;7/14/24/34/40/45;16;3;8/5/2/1/4/6/1;9/5/5/9/7/1;2/EUR 482.933,43;8/EUR 100.611,10;34/EUR 14.203,89;1213/EUR 1.260,74;0/EUR 0,00;54632/EUR 25,00;69452/EUR 10,38;830787/EUR 2,61
18.03.1998;7/9/18/33/42/46;19;9;8/5/2/1/4/6/1;9/5/5/9/7/1;2/EUR 482.933,43;8/EUR 100.611,10;34/EUR 14.203,89;1213/EUR 1.260,74;0/EUR 0,00;54632/EUR 25,00;69452/EUR 10,38;830787/EUR 2,61
21.03.1998;5/9/16/38/40/41;44;1;1/5/6/8/8/6/3;1/0/5/8/6/6;0/EUR 2.175.433,60;7/EUR 517.960,35;25/EUR 87.017,33;1802/EUR 4.024,07;0/EUR 0,00;104628/EUR 69,28;119369/EUR 42,49;1934946/EUR 4,45
25.03.1998;12/15/23/24/26/39;45;8;0/9/8/4/5/1/8;3/0/9/8/0/5;0/EUR 952.192,42;0/EUR 793.493,71;27/EUR 17.633,18;956/EUR 1.576,98;0/EUR 0,00;54019/EUR 24,95;68815/EUR 10,33;888199/EUR 2,40
25.03.1998;2/8/10/13/23/29;17;9;0/9/8/4/5/1/8;3/0/9/8/0/5;0/EUR 952.192,42;0/EUR 793.493,71;27/EUR 17.633,18;956/EUR 1.576,98;0/EUR 0,00;54019/EUR 24,95;68815/EUR 10,33;888199/EUR 2,40
28.03.1998;2/8/10/11/22/35;46;0;5/5/3/9/2/3/8;1/2/4/0/1/3;1/EUR 4.334.212,84;4/EUR 899.491,37;41/EUR 52.653,14;2004/EUR 3.590,75;0/EUR 0,00;114913/EUR 62,58;112731/EUR 44,64;1937744/EUR 4,45
01.04.1998;1/2/7/36/37/41;48;3;8/6/8/0/2/8/0;5/0/8/3/7/5;0/EUR 1.924.064,77;4/EUR 400.846,80;25/EUR 19.437,43;1078/EUR 1.427,42;0/EUR 0,00;52357/EUR 26,28;56541/EUR 12,88;893595/EUR 2,40
01.04.1998;3/6/9/23/29/38;14;4;8/6/8/0/2/8/0;5/0/8/3/7/5;0/EUR 1.924.064,77;4/EUR 400.846,80;25/EUR 19.437,43;1078/EUR 1.427,42;0/EUR 0,00;52357/EUR 26,28;56541/EUR 12,88;893595/EUR 2,40
04.04.1998;3/17/39/41/42/48;32;8;6/6/5/1/9/9/2;4/3/3/4/1/2;0/EUR 2.119.084,94;2/EUR 1.765.904,09;55/EUR 38.528,81;1523/EUR 4.637,93;0/EUR 0,00;110253/EUR 64,06;191408/EUR 25,82;1873914/EUR 4,50
08.04.1998;5/10/16/26/31/48;29;5;5/9/2/4/9/8/4;9/4/8/0/4/0;3/EUR 969.231,02;6/EUR 136.615,04;21/EUR 23.419,67;1076/EUR 1.447,37;0/EUR 0,00;47957/EUR 29,04;53072/EUR 13,86;794349/EUR 2,76
08.04.1998;2/15/20/30/44/47;16;4;5/9/2/4/9/8/4;9/4/8/0/4/0;3/EUR 969.231,02;6/EUR 136.615,04;21/EUR 23.419,67;1076/EUR 1.447,37;0/EUR 0,00;47957/EUR 29,04;53072/EUR 13,86;794349/EUR 2,76
11.04.1998;8/23/31/33/35/39;44;0;0/8/2/1/4/3/2;9/8/1/1/7/9;0/EUR 4.196.144,09;3/EUR 1.153.921,71;34/EUR 61.089,97;1582/EUR 4.376,40;0/EUR 0,00;109615/EUR 63,14;128604/EUR 37,68;1740370/EUR 4,76
15.04.1998;2/8/30/38/45/48;4;5;6/6/7/2/3/5/0;5/9/1/1/7/6;2/EUR 830.382,50;0/EUR 0,00;10/EUR 45.293,56;816/EUR 1.757,67;0/EUR 0,00;41177/EUR 31,14;56038/EUR 12,12;720688/EUR 2,81
15.04.1998;6/7/13/20/21/47;4;2;6/6/7/2/3/5/0;5/9/1/1/7/6;2/EUR 830.382,50;0/EUR 0,00;10/EUR 45.293,56;816/EUR 1.757,67;0/EUR 0,00;41177/EUR 31,14;56038/EUR 12,12;720688/EUR 2,81
18.04.1998;3/11/24/45/46/49;29;0;1/3/1/3/0/6/8;0/6/4/8/3/0;0/EUR 6.367.243,47;3/EUR 1.206.166,28;35/EUR 62.031,36;2078/EUR 3.482,66;0/EUR 0,00;106507/EUR 67,90;117827/EUR 42,95;1916978/EUR 4,50
22.04.1998;14/15/18/29/38/44;9;2;7/4/2/0/2/0/1;0/7/9/4/5/3;0/EUR 932.115,57;1/EUR 776.762,96;15/EUR 31.070,54;784/EUR 1.882,42;0/EUR 0,00;40213/EUR 32,82;54129/EUR 12,88;706000/EUR 2,97
22.04.1998;5/8/21/24/35/38;23;1;7/4/2/0/2/0/1;0/7/9/4/5/3;0/EUR 932.115,57;1/EUR 776.762,96;15/EUR 31.070,54;784/EUR 1.882,42;0/EUR 0,00;40213/EUR 32,82;54129/EUR 12,88;706000/EUR 2,97
25.04.1998;8/33/38/44/47/49;9;4;0/0/9/5/3/5/2;2/6/8/6/9/7;1/EUR 8.685.362,94;2/EUR 1.931.766,26;33/EUR 70.246,03;2227/EUR 3.469,68;0/EUR 0,00;119608/EUR 64,58;149028/EUR 36,25;1996391/EUR 4,60
29.04.1998;2/7/16/26/33/46;44;1;4/5/1/5/4/4/8;7/7/9/0/7/0;0/EUR 1.881.019,98;2/EUR 395.376,85;23/EUR 20.628,33;947/EUR 1.586,49;0/EUR 0,00;48329/EUR 27,81;59385/EUR 11,96;809528/EUR 2,61
29.04.1998;11/26/34/37/44/49;25;3;4/5/1/5/4/4/8;7/7/9/0/7/0;0/EUR 1.881.019,98;2/EUR 395.376,85;23/EUR 20.628,33;947/EUR 1.586,49;0/EUR 0,00;48329/EUR 27,81;59385/EUR 11,96;809528/EUR 2,61
02.05.1998;18/32/34/38/40/48;9;5;5/0/0/2/1/2/7;7/7/4/5/4/7;2/EUR 1.027.663,34;10/EUR 342.554,41;75/EUR 27.404,32;3204/EUR 2.138,27;0/EUR 0,00;150386/EUR 45,56;181959/EUR 26,33;2038048/EUR 3,99
06.05.1998;4/15/28/30/40/48;45;8;7/4/8/9/2/7/0;1/4/7/9/6/4;2/EUR 1.455.798,66;7/EUR 122.687,76;23/EUR 22.403,84;1195/EUR 1.365,46;0/EUR 0,00;57559/EUR 25,36;62979/EUR 12,27;894292/EUR 2,56
06.05.1998;9/18/33/36/39/48;35;1;7/4/8/9/2/7/0;1/4/7/9/6/4;2/EUR 1.455.798,66;7/EUR 122.687,76;23/EUR 22.403,84;1195/EUR 1.365,46;0/EUR 0,00;57559/EUR 25,36;62979/EUR 12,27;894292/EUR 2,56
09.05.1998;1/3/14/21/22/47;35;1;4/3/4/7/5/3/2;0/8/9/0/1/5;0/EUR 2.177.996,55;7/EUR 518.570,58;31/EUR 70.257,95;1242/EUR 5.845,40;0/EUR 0,00;80765/EUR 89,89;110093/EUR 46,12;1555712/EUR 5,57
13.05.1998;8/10/14/15/31/35;23;8;2/5/6/8/0/2/7;5/1/7/2/1/6;0/EUR 911.962,85;0/EUR 759.969,07;9/EUR 50.664,58;650/EUR 2.221,41;0/EUR 0,00;39051/EUR 33,08;53212/EUR 12,83;710053/EUR 2,86
13.05.1998;13/22/25/37/45/48;29;2;2/5/6/8/0/2/7;5/1/7/2/1/6;0/EUR 911.962,85;0/EUR 759.969,07;9/EUR 50.664,58;650/EUR 2.221,41;0/EUR 0,00;39051/EUR 33,08;53212/EUR 12,83;710053/EUR 2,86
16.05.1998;5/15/22/36/37/43;17;2;8/0/1/6/9/9/0;8/1/8/2/5/4;0/EUR 4.227.851,96;4/EUR 854.106,39;32/EUR 64.057,97;1659/EUR 4.118,61;0/EUR 0,00;93644/EUR 72,96;112710/EUR 42,39;1462153/EUR 5,57
20.05.1998;1/20/37/38/43/47;48;9;4/9/2/7/5/7/0;9/5/5/2/2/6;0/EUR 1.856.727,63;4/EUR 386.818,23;14/EUR 33.741,58;633/EUR 2.363,14;0/EUR 0,00;37745/EUR 35,43;49962/EUR 14,16;695775/EUR 3,02
20.05.1998;6/13/29/30/47/49;31;6;4/9/2/7/5/7/0;9/5/5/2/2/6;0/EUR 1.856.727,63;4/EUR 386.818,23;14/EUR 33.741,58;633/EUR 2.363,14;0/EUR 0,00;37745/EUR 35,43;49962/EUR 14,16;695775/EUR 3,02
23.05.1998;11/13/22/27/33/48;35;9;1/7/0/9/3/7/7;4/6/0/4/4/8;0/EUR 6.319.641,28;3/EUR 1.162.105,14;39/EUR 53.635,59;2082/EUR 3.348,96;0/EUR 0,00;117252/EUR 59,46;117751/EUR 41,41;1904071/EUR 4,35
27.05.1998;14/15/16/27/34/49;1;1;6/4/7/5/1/9/7;3/1/6/0/8/1;1/EUR 2.794.714,57;2/EUR 390.827,88;18/EUR 26.055,18;687/EUR 2.161,74;0/EUR 0,00;41175/EUR 32,26;50239/EUR 13,96;741959/EUR 2,81
27.05.1998;4/10/26/28/33/38;29;6;6/4/7/5/1/9/7;3/1/6/0/8/1;1/EUR 2.794.714,57;2/EUR 390.827,88;18/EUR 26.055,18;687/EUR 2.161,74;0/EUR 0,00;41175/EUR 32,26;50239/EUR 13,96;741959/EUR 2,81
30.05.1998;4/9/15/22/38/45;41;0;9/6/9/4/6/3/8;8/6/8/2/5/0;1/EUR 8.597.775,83;7/EUR 542.412,99;39/EUR 58.413,67;2085/EUR 3.642,09;0/EUR 0,00;98868/EUR 76,80;121390/EUR 43,77;1708897/EUR 5,32
03.06.1998;5/11/24/32/36/49;15;6;7/3/7/5/0/7/5;1/1/0/6/9/2;1/EUR 1.644.770,51;0/EUR 0,00;13/EUR 34.505,66;751/EUR 1.891,42;0/EUR 0,00;42372/EUR 29,96;53267/EUR 12,63;743255/EUR 2,71
03.06.1998;8/24/28/41/46/48;19;3;7/3/7/5/0/7/5;1/1/0/6/9/2;1/EUR 1.644.770,51;0/EUR 0,00;13/EUR 34.505,66;751/EUR 1.891,42;0/EUR 0,00;42372/EUR 29,96;53267/EUR 12,63;743255/EUR 2,71
06.06.1998;5/15/21/32/34/35;38;9;5/1/5/2/8/7/0;6/0/3/1/9/6;0/EUR 2.038.432,58;2/EUR 1.698.693,80;34/EUR 59.953,88;1475/EUR 4.606,59;0/EUR 0,00;91430/EUR 74,29;120464/EUR 39,47;1639328/EUR 4,96
10.06.1998;15/24/32/36/40/46;34;0;2/2/1/0/4/8/5;2/1/9/9/7/1;1/EUR 936.501,03;1/EUR 780.417,52;13/EUR 36.019,23;1181/EUR 1.255,53;0/EUR 0,00;47575/EUR 27,87;56456/EUR 12,42;781981/EUR 2,66
10.06.1998;8/15/17/18/27/28;41;9;2/2/1/0/4/8/5;2/1/9/9/7/1;1/EUR 936.501,03;1/EUR 780.417,52;13/EUR 36.019,23;1181/EUR 1.255,53;0/EUR 0,00;47575/EUR 27,87;56456/EUR 12,42;781981/EUR 2,66
13.06.1998;6/8/14/20/27/34;38;8;7/9/9/7/1/6/6;3/6/1/7/8/2;0/EUR 4.085.729,38;9/EUR 379.129,01;53/EUR 38.628,20;2100/EUR 3.249,67;0/EUR 0,00;99062/EUR 68,87;111208/EUR 42,95;1534643/EUR 5,32
17.06.1998;1/4/13/18/19/26;9;3;5/6/5/5/8/0/6;6/4/9/5/6/8;0/EUR 931.845,56;2/EUR 388.268,97;35/EUR 13.312,05;754/EUR 1.956,77;0/EUR 0,00;43285/EUR 30,47;71363/EUR 9,77;769329/EUR 2,71
17.06.1998;14/20/37/38/40/48;12;2;5/6/5/5/8/0/6;6/4/9/5/6/8;0/EUR 931.845,56;2/EUR 388.268,97;35/EUR 13.312,05;754/EUR 1.956,77;0/EUR 0,00;43285/EUR 30,47;71363/EUR 9,77;769329/EUR 2,71
20.06.1998;19/27/29/31/38/44;36;4;2/4/1/4/1/2/6;4/7/8/1/8/5;8/EUR 775.928,38;54/EUR 72.536,67;24/EUR 72.536,67;1515/EUR 4.668,20;0/EUR 0,00;97202/EUR 72,76;107453/EUR 46,07;1841960/EUR 4,60
24.06.1998;7/8/13/19/31/34;41;5;8/0/5/8/6/0/9;5/1/6/1/9/8;1/EUR 1.848.750,91;3/EUR 254.695,91;28/EUR 16.373,30;1017/EUR 1.427,48;0/EUR 0,00;62858/EUR 20,66;65020/EUR 10,53;878465/EUR 2,30
24.06.1998;12/24/25/35/41/48;36;2;8/0/5/8/6/0/9;5/1/6/1/9/8;1/EUR 1.848.750,91;3/EUR 254.695,91;28/EUR 16.373,30;1017/EUR 1.427,48;0/EUR 0,00;62858/EUR 20,66;65020/EUR 10,53;878465/EUR 2,30
27.06.1998;1/6/11/12/16/20;17;3;7/5/9/0/8/7/4;6/3/1/7/7/0;0/EUR 2.016.361,60;11/EUR 305.509,32;65/EUR 31.020,95;3155/EUR 2.130,30;0/EUR 0,00;123763/EUR 54,30;134283/EUR 35,02;1860396/EUR 4,29
01.07.1998;4/9/11/21/25/47;23;4;9/5/3/8/5/8/6;7/8/1/5/9/0;0/EUR 934.642,99;0/EUR 778.869,12;28/EUR 16.690,05;901/EUR 1.642,42;0/EUR 0,00;52891/EUR 25,00;65208/EUR 10,74;909923/EUR 2,30
01.07.1998;3/4/6/23/26/48;36;5;9/5/3/8/5/8/6;7/8/1/5/9/0;0/EUR 934.642,99;0/EUR 778.869,12;28/EUR 16.690,05;901/EUR 1.642,42;0/EUR 0,00;52891/EUR 25,00;65208/EUR 10,74;909923/EUR 2,30
04.07.1998;14/16/23/25/30/36;28;6;7/2/1/0/3/2/8;4/2/4/2/0/0;0/EUR 4.076.499,03;4/EUR 858.390,56;29/EUR 71.039,20;1122/EUR 6.120,42;0/EUR 0,00;78368/EUR 87,58;114911/EUR 41,82;1511981/EUR 5,42
08.07.1998;7/11/24/33/35/47;22;4;8/4/8/5/0/5/8;9/3/1/2/3/3;1/EUR 1.888.890,96;5/EUR 314.815,14;16/EUR 29.820,23;885/EUR 1.707,20;0/EUR 0,00;45426/EUR 29,76;53036/EUR 13,45;772328/EUR 2,76
08.07.1998;8/22/34/35/40/47;21;6;8/4/8/5/0/5/8;9/3/1/2/3/3;1/EUR 1.888.890,96;5/EUR 314.815,14;16/EUR 29.820,23;885/EUR 1.707,20;0/EUR 0,00;45426/EUR 29,76;53036/EUR 13,45;772328/EUR 2,76
11.07.1998;2/10/14/38/41/49;11;9;4/8/4/7/0/1/8;9/1/3/7/1/6;0/EUR 6.216.682,74;1/EUR 3.566.972,90;26/EUR 82.314,72;1470/EUR 4.852,98;0/EUR 0,00;87177/EUR 81,81;120339/EUR 41,47;1661083/EUR 5,11
15.07.1998;8/9/17/21/25/48;1;1;3/6/1/6/8/0/8;9/9/9/5/5/9;1/EUR 1.694.657,41;0/EUR 0,00;11/EUR 42.016,28;621/EUR 2.356,75;0/EUR 0,00;41762/EUR 31,34;65872/EUR 10,48;757407/EUR 2,71
15.07.1998;9/15/20/34/35/46;37;9;3/6/1/6/8/0/8;9/9/9/5/5/9;1/EUR 1.694.657,41;0/EUR 0,00;11/EUR 42.016,28;621/EUR 2.356,75;0/EUR 0,00;41762/EUR 31,34;65872/EUR 10,48;757407/EUR 2,71
18.07.1998;2/19/30/31/37/42;9;7;4/7/4/1/6/7/5;2/9/8/4/0/8;0/EUR 8.444.804,51;1/EUR 3.713.536,25;53/EUR 42.040,00;1415/EUR 5.248,77;0/EUR 0,00;99729/EUR 74,44;191785/EUR 27,10;1855066/EUR 4,76
22.07.1998;6/12/19/40/48/49;23;6;4/0/5/5/4/1/1;9/1/9/8/1/9;1/EUR 901.601,88;3/EUR 250.444,93;36/EUR 12.522,20;1021/EUR 1.398,13;0/EUR 0,00;51473/EUR 24,80;61280/EUR 10,99;826553/EUR 2,45
22.07.1998;10/25/38/40/41/43;23;9;4/0/5/5/4/1/1;9/1/9/8/1/9;1/EUR 901.601,88;3/EUR 250.444,93;36/EUR 12.522,20;1021/EUR 1.398,13;0/EUR 0,00;51473/EUR 24,80;61280/EUR 10,99;826553/EUR 2,45
25.07.1998;9/13/14/34/38/49;16;7;3/9/3/2/0/2/9;1/7/4/8/7/0;0/EUR 10.877.440,47;9/EUR 450.488,13;28/EUR 86.879,84;1649/EUR 4.917,35;0/EUR 0,00;101319/EUR 80,02;121387/EUR 46,73;1924223/EUR 5,01
29.07.1998;10/28/30/39/40/44;24;6;3/3/3/4/8/5/8;5/8/4/4/2/8;0/EUR 913.324,47;3/EUR 253.701,24;17/EUR 26.862,46;848/EUR 1.705,26;0/EUR 0,00;50104/EUR 25,82;62238/EUR 10,99;804883/EUR 2,51
29.07.1998;1/7/23/30/37/47;2;9;3/3/3/4/8/5/8;5/8/4/4/2/8;0/EUR 913.324,47;3/EUR 253.701,24;17/EUR 26.862,46;848/EUR 1.705,26;0/EUR 0,00;50104/EUR 25,82;62238/EUR 10,99;804883/EUR 2,51
01.08.1998;3/20/21/38/39/43;8;8;0/9/8/6/2/7/4;6/2/9/8/0/7;0/EUR 14.000.897,88;7/EUR 743.680,33;40/EUR 78.086,39;1911/EUR 5.448,17;0/EUR 0,00;121144/EUR 85,90;171566/EUR 42,44;2397585/EUR 5,16
05.08.1998;1/25/28/32/47/49;27;7;7/6/7/7/3/5/4;3/9/2/9/4/5;0/EUR 1.861.900,42;2/EUR 395.239,97;15/EUR 31.619,16;523/EUR 2.871,72;0/EUR 0,00;40649/EUR 33,03;54328/EUR 13,09;779423/EUR 2,71
05.08.1998;13/19/23/24/28/49;34;9;7/6/7/7/3/5/4;3/9/2/9/4/5;0/EUR 1.861.900,42;2/EUR 395.239,97;15/EUR 31.619,16;523/EUR 2.871,72;0/EUR 0,00;40649/EUR 33,03;54328/EUR 13,09;779423/EUR 2,71
08.08.1998;7/11/15/22/37/39;42;3;9/4/2/4/8/1/4;3/4/3/3/9/6;2/EUR 9.153.184,68;16/EUR 448.486,58;91/EUR 47.312,85;4202/EUR 3.415,38;0/EUR 0,00;227744/EUR 62,99;250387/EUR 40,09;3843147/EUR 4,45
12.08.1998;7/9/16/22/29/47;3;4;2/5/2/0/4/6/1;3/6/3/5/0/8;0/EUR 2.865.253,37;4/EUR 209.031,82;23/EUR 21.812,02;921/EUR 1.724,89;0/EUR 0,00;50513/EUR 28,12;80267/EUR 9,36;853778/EUR 2,61
12.08.1998;6/9/12/28/35/46;26;6;2/5/2/0/4/6/1;3/6/3/5/0/8;0/EUR 2.865.253,37;4/EUR 209.031,82;23/EUR 21.812,02;921/EUR 1.724,89;0/EUR 0,00;50513/EUR 28,12;80267/EUR 9,36;853778/EUR 2,61
15.08.1998;6/19/20/30/46/48;5;5;1/9/1/9/9/9/3;2/1/2/3/7/8;0/EUR 2.339.099,72;4/EUR 974.624,84;49/EUR 47.736,72;1935/EUR 4.029,44;0/EUR 0,00;107248/EUR 72,65;151473/EUR 35,99;1885973/EUR 4,96
19.08.1998;7/16/18/23/26/42;47;6;3/0/9/1/5/4/6;6/4/6/8/3/0;1/EUR 3.892.425,06;4/EUR 213.994,06;23/EUR 22.329,80;828/EUR 1.964,18;0/EUR 0,00;52746/EUR 27,56;72245/EUR 10,63;922765/EUR 2,45
19.08.1998;8/11/15/24/28/40;4;0;3/0/9/1/5/4/6;6/4/6/8/3/0;1/EUR 3.892.425,06;4/EUR 213.994,06;23/EUR 22.329,80;828/EUR 1.964,18;0/EUR 0,00;52746/EUR 27,56;72245/EUR 10,63;922765/EUR 2,45
22.08.1998;5/24/36/38/40/47;49;8;7/9/1/7/1/8/8;4/7/4/5/0/6;1/EUR 4.588.472,11;1/EUR 3.748.954,00;24/EUR 93.723,84;1625/EUR 4.614,05;0/EUR 0,00;109928/EUR 68,21;145474/EUR 36,05;1951534/EUR 4,60
26.08.1998;8/18/21/25/28/45;16;6;4/7/7/1/8/9/7;3/3/3/8/7/5;0/EUR 953.594,54;2/EUR 397.331,06;8/EUR 59.599,66;788/EUR 1.916,02;0/EUR 0,00;43321/EUR 31,14;51806/EUR 13,80;788228/EUR 2,71
26.08.1998;2/4/17/23/35/46;48;0;4/7/7/1/8/9/7;3/3/3/8/7/5;0/EUR 953.594,54;2/EUR 397.331,06;8/EUR 59.599,66;788/EUR 1.916,02;0/EUR 0,00;43321/EUR 31,14;51806/EUR 13,80;788228/EUR 2,71
29.08.1998;3/7/11/26/42/43;14;5;2/5/1/7/6/4/4;8/5/3/3/7/3;1/EUR 2.261.052,70;12/EUR 314.035,06;53/EUR 42.661,33;2828/EUR 2.665,06;0/EUR 0,00;149290/EUR 50,46;152759/EUR 34,51;2334609/EUR 3,83
02.09.1998;9/12/19/21/39/49;35;5;7/8/4/7/3/1/7;1/7/3/5/0/1;1/EUR 1.977.291,23;4/EUR 213.270,12;25/EUR 20.473,92;1546/EUR 1.048,40;0/EUR 0,00;79123/EUR 18,30;63981/EUR 11,96;1034708/EUR 2,20
02.09.1998;7/11/20/24/40/41;46;2;7/8/4/7/3/1/7;1/7/3/5/0/1;1/EUR 1.977.291,23;4/EUR 213.270,12;25/EUR 20.473,92;1546/EUR 1.048,40;0/EUR 0,00;79123/EUR 18,30;63981/EUR 11,96;1034708/EUR 2,20
05.09.1998;8/15/32/41/45/48;11;4;2/8/7/1/3/8/0;5/5/8/2/7/4;0/EUR 2.311.389,69;11/EUR 350.210,55;36/EUR 64.205,22;2072/EUR 3.718,42;0/EUR 0,00;111278/EUR 69,23;135248/EUR 39,83;1876119/EUR 4,91
09.09.1998;11/12/18/29/34/36;9;3;3/2/2/0/8/1/3;3/3/3/0/5/4;2/EUR 474.341,33;3/EUR 263.522,95;21/EUR 22.587,65;880/EUR 1.706,90;0/EUR 0,00;52446/EUR 25,62;66445/EUR 10,69;874975/EUR 2,40
09.09.1998;11/13/17/25/39/40;29;1;3/2/2/0/8/1/3;3/3/3/0/5/4;2/EUR 474.341,33;3/EUR 263.522,95;21/EUR 22.587,65;880/EUR 1.706,90;0/EUR 0,00;52446/EUR 25,62;66445/EUR 10,69;874975/EUR 2,40
12.09.1998;9/28/29/38/46/49;3;0;8/8/5/0/8/3/0;5/8/6/4/1/7;0/EUR 4.510.043,26;7/EUR 523.488,90;47/EUR 46.779,83;2106/EUR 3.479,95;0/EUR 0,00;115690/EUR 63,30;162345/EUR 31,60;1897358/EUR 4,60
16.09.1998;8/21/22/35/38/46;28;6;9/7/0/0/7/7/8;5/6/7/1/0/0;0/EUR 939.440,39;1/EUR 782.866,97;15/EUR 31.314,63;632/EUR 2.353,53;0/EUR 0,00;39742/EUR 33,44;52522/EUR 13,40;713089/EUR 2,91
16.09.1998;6/10/12/14/36/43;44;0;9/7/0/0/7/7/8;5/6/7/1/0/0;0/EUR 939.440,39;1/EUR 782.866,97;15/EUR 31.314,63;632/EUR 2.353,53;0/EUR 0,00;39742/EUR 33,44;52522/EUR 13,40;713089/EUR 2,91
19.09.1998;9/20/26/27/32/48;40;6;6/1/8/1/3/4/5;0/5/2/4/5/5;0/EUR 6.771.488,17;6/EUR 628.179,14;54/EUR 41.878,59;1515/EUR 4.975,64;0/EUR 0,00;111010/EUR 67,90;159904/EUR 32,98;2032375/EUR 4,45
23.09.1998;5/10/31/34/35/49;45;0;6/1/8/9/3/2/8;7/7/9/6/9/9;0/EUR 1.876.510,48;2/EUR 390.445,85;16/EUR 29.283,42;630/EUR 2.355,06;0/EUR 0,00;41117/EUR 32,26;71579/EUR 9,82;755934/EUR 2,76
23.09.1998;19/21/24/27/36/41;11;8;6/1/8/9/3/2/8;7/7/9/6/9/9;0/EUR 1.876.510,48;2/EUR 390.445,85;16/EUR 29.283,42;630/EUR 2.355,06;0/EUR 0,00;41117/EUR 32,26;71579/EUR 9,82;755934/EUR 2,76
26.09.1998;1/5/7/12/13/36;10;4;8/1/3/1/3/3/8;5/0/7/6/5/0;1/EUR 9.130.708,19;4/EUR 983.008,34;103/EUR 22.905,01;2344/EUR 3.354,94;0/EUR 0,00;136951/EUR 57,42;191027/EUR 28,79;2181379/EUR 4,29
30.09.1998;14/16/25/36/41/47;34;6;8/7/7/8/8/8/8;4/7/3/2/5/5;0/EUR 4.353.809,94;7/EUR 294.916,58;63/EUR 19.661,06;2158/EUR 1.817,59;0/EUR 0,00;115580/EUR 30,32;154508/EUR 12,02;2001739/EUR 2,76
30.09.1998;4/5/31/36/39/42;9;1;8/7/7/8/8/8/8;4/7/3/2/5/5;0/EUR 4.353.809,94;7/EUR 294.916,58;63/EUR 19.661,06;2158/EUR 1.817,59;0/EUR 0,00;115580/EUR 30,32;154508/EUR 12,02;2001739/EUR 2,76
03.10.1998;18/23/29/32/40/44;15;4;7/0/6/5/4/0/9;7/4/8/2/9/4;4/EUR 523.521,47;10/EUR 349.014,33;49/EUR 42.736,43;2482/EUR 2.812,36;0/EUR 0,00;122420/EUR 57,01;112903/EUR 43,26;1938656/EUR 4,29
07.10.1998;3/10/18/40/41/44;2;2;4/4/1/5/8/7/6;8/2/3/4/4/6;1/EUR 5.443.825,49;8/EUR 113.543,25;20/EUR 27.250,37;900/EUR 1.917,60;0/EUR 0,00;52265/EUR 29,50;69953/EUR 11,66;936312/EUR 2,61
07.10.1998;1/11/22/27/34/37;4;6;4/4/1/5/8/7/6;8/2/3/4/4/6;1/EUR 5.443.825,49;8/EUR 113.543,25;20/EUR 27.250,37;900/EUR 1.917,60;0/EUR 0,00;52265/EUR 29,50;69953/EUR 11,66;936312/EUR 2,61
10.10.1998;4/27/29/31/39/41;6;4;1/5/3/2/1/0/9;9/4/6/7/8/1;1/EUR 2.183.370,03;4/EUR 909.737,50;47/EUR 46.454,65;2095/EUR 3.473,92;0/EUR 0,00;113373/EUR 64,17;131625/EUR 38,70;1964900/EUR 4,40
14.10.1998;19/28/37/44/48/49;30;2;9/6/2/9/4/4/5;5/1/0/8/2/5;1/EUR 968.953,74;3/EUR 269.153,81;9/EUR 53.830,75;738/EUR 2.078,81;0/EUR 0,00;44558/EUR 30,78;49467/EUR 14,67;822154/EUR 2,61
14.10.1998;3/15/21/23/29/30;34;8;9/6/2/9/4/4/5;5/1/0/8/2/5;1/EUR 968.953,74;3/EUR 269.153,81;9/EUR 53.830,75;738/EUR 2.078,81;0/EUR 0,00;44558/EUR 30,78;49467/EUR 14,67;822154/EUR 2,61
17.10.1998;1/5/28/32/35/36;27;4;2/7/7/9/4/0/6;8/8/9/7/0/9;1/EUR 5.774.103,88;0/EUR 0,00;19/EUR 113.962,56;1076/EUR 6.707,79;0/EUR 0,00;75753/EUR 95,25;99291/EUR 50,87;1571010/EUR 5,47
21.10.1998;17/20/24/34/37/38;41;7;3/1/6/9/6/4/0;0/0/2/0/3/6;0/EUR 946.402,04;3/EUR 262.889,41;18/EUR 26.288,94;671/EUR 2.233,17;0/EUR 0,00;41956/EUR 31,96;56898/EUR 12,42;754665/EUR 2,81
21.10.1998;6/22/25/30/34/42;39;4;3/1/6/9/6/4/0;0/0/2/0/3/6;0/EUR 946.402,04;3/EUR 262.889,41;18/EUR 26.288,94;671/EUR 2.233,17;0/EUR 0,00;41956/EUR 31,96;56898/EUR 12,42;754665/EUR 2,81
24.10.1998;1/7/19/26/31/38;3;2;0/3/7/4/3/1/6;5/5/2/2/3/9;0/EUR 2.127.773,58;11/EUR 322.389,93;110/EUR 19.343,35;2832/EUR 2.504,41;0/EUR 0,00;143830/EUR 49,29;232216/EUR 21,37;2159179/EUR 3,94
28.10.1998;2/17/24/28/35/43;12;4;4/7/7/0/1/5/4;0/2/3/5/9/8;1/EUR 1.889.200,54;4/EUR 196.416,36;43/EUR 10.962,76;1038/EUR 1.438,11;0/EUR 0,00;50077/EUR 26,64;64579/EUR 10,94;829439/EUR 2,56
28.10.1998;1/7/13/22/32/37;39;7;4/7/7/0/1/5/4;0/2/3/5/9/8;1/EUR 1.889.200,54;4/EUR 196.416,36;43/EUR 10.962,76;1038/EUR 1.438,11;0/EUR 0,00;50077/EUR 26,64;64579/EUR 10,94;829439/EUR 2,56
31.10.1998;2/5/6/24/26/44;12;0;3/5/3/8/3/7/3;8/7/1/7/7/6;1/EUR 4.285.637,61;3/EUR 1.198.813,34;79/EUR 27.314,70;2215/EUR 3.247,32;0/EUR 0,00;109165/EUR 65,85;214243/EUR 23,47;1861789/EUR 4,60
04.11.1998;14/21/25/26/34/36;24;3;4/8/9/1/6/8/0;5/0/8/4/9/3;0/EUR 974.926,91;2/EUR 406.219,51;15/EUR 32.497,56;794/EUR 1.944,09;0/EUR 0,00;46747/EUR 29,50;56605/EUR 12,88;799951/EUR 2,71
04.11.1998;5/13/22/26/33/45;43;1;4/8/9/1/6/8/0;5/0/8/4/9/3;0/EUR 974.926,91;2/EUR 406.219,51;15/EUR 32.497,56;794/EUR 1.944,09;0/EUR 0,00;46747/EUR 29,50;56605/EUR 12,88;799951/EUR 2,71
07.11.1998;1/4/19/23/31/32;38;2;9/4/7/0/3/7/5;2/1/2/0/4/9;0/EUR 2.181.653,06;1/EUR 3.636.088,46;33/EUR 66.110,65;2003/EUR 3.630,63;0/EUR 0,00;123866/EUR 58,70;151609/EUR 33,54;2116092/EUR 4,09
11.11.1998;7/21/23/28/30/36;26;3;7/1/6/7/8/4/9;3/3/1/2/2/8;0/EUR 1.939.763,37;1/EUR 804.030,41;18/EUR 26.801,00;812/EUR 1.881,35;0/EUR 0,00;47521/EUR 28,73;59208/EUR 12,22;846657/EUR 2,56
11.11.1998;8/11/18/21/30/36;32;6;7/1/6/7/8/4/9;3/3/1/2/2/8;0/EUR 1.939.763,37;1/EUR 804.030,41;18/EUR 26.801,00;812/EUR 1.881,35;0/EUR 0,00;47521/EUR 28,73;59208/EUR 12,22;846657/EUR 2,56
14.11.1998;7/25/27/32/33/41;38;7;8/9/2/7/1/2/9;3/6/3/8/5/5;0/EUR 4.395.910,28;1/EUR 3.690.428,77;38/EUR 58.269,89;1612/EUR 4.578,67;0/EUR 0,00;122193/EUR 60,38;171571/EUR 30,06;2271790/EUR 3,89
18.11.1998;2/14/15/23/34/40;28;8;9/5/1/4/5/4/4;8/5/5/2/6/2;1/EUR 2.915.466,84;2/EUR 406.543,10;20/EUR 24.392,56;846/EUR 1.826,08;0/EUR 0,00;43246/EUR 31,96;52998/EUR 13,80;744301/EUR 2,91
18.11.1998;9/15/28/33/39/45;47;2;9/5/1/4/5/4/4;8/5/5/2/6/2;1/EUR 2.915.466,84;2/EUR 406.543,10;20/EUR 24.392,56;846/EUR 1.826,08;0/EUR 0,00;43246/EUR 31,96;52998/EUR 13,80;744301/EUR 2,91
21.11.1998;2/11/21/31/36/41;28;9;7/6/8/5/0/3/5;6/6/3/1/3/0;3/EUR 2.212.610,76;28/EUR 133.447,74;62/EUR 36.159,99;5103/EUR 1.464,44;0/EUR 0,00;159122/EUR 46,94;130418/EUR 40,09;1953526/EUR 4,55
25.11.1998;4/8/14/26/28/48;18;2;8/8/2/0/1/6/8;6/4/2/1/4/6;0/EUR 952.345,09;0/EUR 793.620,92;24/EUR 19.840,48;766/EUR 1.968,47;0/EUR 0,00;42616/EUR 31,65;67934/EUR 10,48;742842/EUR 2,86
25.11.1998;14/16/26/27/28/47;33;6;8/8/2/0/1/6/8;6/4/2/1/4/6;0/EUR 952.345,09;0/EUR 793.620,92;24/EUR 19.840,48;766/EUR 1.968,47;0/EUR 0,00;42616/EUR 31,65;67934/EUR 10,48;742842/EUR 2,86
28.11.1998;10/17/28/33/34/38;16;3;2/9/3/4/8/6/3;7/6/0/1/8/2;0/EUR 2.180.770,77;5/EUR 726.923,56;46/EUR 47.408,06;1771/EUR 4.104,55;0/EUR 0,00;118540/EUR 61,30;158480/EUR 32,06;2068952/EUR 4,19
02.12.1998;4/10/15/17/46/49;8;9;6/1/6/0/3/9/4;4/9/0/2/7/5;1/EUR 2.027.097,96;1/EUR 1.689.248,30;30/EUR 17.912,34;801/EUR 2.124,42;0/EUR 0,00;46443/EUR 32,77;70948/EUR 11,35;889756/EUR 2,71
02.12.1998;1/17/18/32/39/41;3;8;6/1/6/0/3/9/4;4/9/0/2/7/5;1/EUR 2.027.097,96;1/EUR 1.689.248,30;30/EUR 17.912,34;801/EUR 2.124,42;0/EUR 0,00;46443/EUR 32,77;70948/EUR 11,35;889756/EUR 2,71
05.12.1998;9/22/31/35/43/48;20;5;1/7/9/9/3/5/1;5/4/4/3/2/1;1/EUR 4.542.837,01;10/EUR 393.677,67;72/EUR 32.806,43;2244/EUR 3.508,69;0/EUR 0,00;107240/EUR 73,37;124609/EUR 44,23;1825700/EUR 5,16
09.12.1998;4/25/31/37/38/45;40;8;3/7/8/6/6/1/9;2/2/4/0/5/4;0/EUR 974.703,63;0/EUR 812.253,01;18/EUR 27.075,05;682/EUR 2.262,82;0/EUR 0,00;44351/EUR 31,09;64013/EUR 11,40;822639/EUR 2,66
09.12.1998;4/9/11/14/15/42;3;4;3/7/8/6/6/1/9;2/2/4/0/5/4;0/EUR 974.703,63;0/EUR 812.253,01;18/EUR 27.075,05;682/EUR 2.262,82;0/EUR 0,00;44351/EUR 31,09;64013/EUR 11,40;822639/EUR 2,66
12.12.1998;7/10/17/25/28/41;24;4;0/6/8/9/1/5/9;9/2/5/9/4/4;0/EUR 2.199.378,58;11/EUR 333.239,14;36/EUR 61.093,81;2791/EUR 2.626,71;0/EUR 0,00;144726/EUR 50,62;155438/EUR 32,98;2345888/EUR 3,73
16.12.1998;6/29/35/38/42/44;10;6;4/6/3/5/7/8/1;7/1/0/5/2/3;3/EUR 668.363,20;4/EUR 417.726,95;19/EUR 27.115,39;1046/EUR 1.559,70;0/EUR 0,00;51642/EUR 28,22;63806/EUR 12,07;878458/EUR 2,61
16.12.1998;6/9/12/31/36/49;23;1;4/6/3/5/7/8/1;7/1/0/5/2/3;3/EUR 668.363,20;4/EUR 417.726,95;19/EUR 27.115,39;1046/EUR 1.559,70;0/EUR 0,00;51642/EUR 28,22;63806/EUR 12,07;878458/EUR 2,61
19.12.1998;7/14/19/29/32/33;6;4;5/1/0/0/6/0/9;3/6/8/1/7/7;1/EUR 4.556.377,55;8/EUR 491.041,45;52/EUR 45.326,89;2226/EUR 3.529,45;0/EUR 0,00;128599/EUR 61,05;154103/EUR 35,69;2229146/EUR 4,19
23.12.1998;4/12/16/19/39/49;9;7;0/0/4/6/3/6/3;9/5/3/6/2/0;1/EUR 1.056.489,52;3/EUR 293.469,32;19/EUR 27.802,31;1296/EUR 1.290,71;0/EUR 0,00;63431/EUR 23,57;104120/EUR 7,57;956968/EUR 2,45
23.12.1998;4/13/16/26/41/48;3;1;0/0/4/6/3/6/3;9/5/3/6/2/0;1/EUR 1.056.489,52;3/EUR 293.469,32;19/EUR 27.802,31;1296/EUR 1.290,71;0/EUR 0,00;63431/EUR 23,57;104120/EUR 7,57;956968/EUR 2,45
26.12.1998;19/20/24/29/43/45;30;0;4/6/6/6/8/2/1;2/2/6/6/4/7;2/EUR 1.439.444,53;2/EUR 1.439.444,53;28/EUR 77.113,09;1049/EUR 6.861,03;0/EUR 0,00;68500/EUR 105,02;101983/EUR 49,39;1460258/EUR 5,88
30.12.1998;8/24/33/42/44/46;22;7;7/3/8/1/1/5/3;7/6/8/0/7/9;0/EUR 1.046.685,29;3/EUR 290.745,87;19/EUR 27.544,32;707/EUR 2.344,02;0/EUR 0,00;44725/EUR 33,13;50619/EUR 15,49;810432/EUR 2,86
30.12.1998;6/8/32/35/43/46;45;1;7/3/8/1/1/5/3;7/6/8/0/7/9;0/EUR 1.046.685,29;3/EUR 290.745,87;19/EUR 27.544,32;707/EUR 2.344,02;0/EUR 0,00;44725/EUR 33,13;50619/EUR 15,49;810432/EUR 2,86
02.01.1999;4/12/19/27/41/45;48;0;7/0/0/8/6/8/4;4/1/6/4/5/8;1/EUR 2.235.735,47;20/EUR 186.311,28;44/EUR 50.812,14;3390/EUR 2.198,35;0/EUR 0,00;146298/EUR 50,92;133178/EUR 39,16;2219865/EUR 3,99
06.01.1999;8/14/24/29/41/45;35;0;4/0/0/4/0/3/1;2/5/5/3/8/6;0/EUR 2.006.934,70;1/EUR 800.207,84;20/EUR 24.006,23;964/EUR 1.577,13;0/EUR 0,00;50850/EUR 26,74;54805/EUR 13,14;839649/EUR 2,56
06.01.1999;3/13/18/26/27/44;46;3;4/0/0/4/0/3/1;2/5/5/3/8/6;0/EUR 2.006.934,70;1/EUR 800.207,84;20/EUR 24.006,23;964/EUR 1.577,13;0/EUR 0,00;50850/EUR 26,74;54805/EUR 13,14;839649/EUR 2,56
09.01.1999;4/6/11/17/20/48;23;2;0/8/2/9/4/9/9;6/0/5/3/2/1;0/EUR 2.165.760,52;7/EUR 515.657,24;34/EUR 63.698,84;1708/EUR 4.226,70;0/EUR 0,00;110991/EUR 65,04;157994/EUR 31,96;1934188/EUR 4,45
13.01.1999;8/15/16/30/31/34;48;1;0/0/4/4/8/7/2;1/0/6/5/9/1;1/EUR 2.994.098,57;3/EUR 274.212,18;11/EUR 44.871,08;872/EUR 1.792,44;0/EUR 0,00;43365/EUR 32,21;47164/EUR 15,70;804590/EUR 2,71
13.01.1999;3/5/8/22/44/49;46;7;0/0/4/4/8/7/2;1/0/6/5/9/1;1/EUR 2.994.098,57;3/EUR 274.212,18;11/EUR 44.871,08;872/EUR 1.792,44;0/EUR 0,00;43365/EUR 32,21;47164/EUR 15,70;804590/EUR 2,71
16.01.1999;18/26/30/32/40/46;33;0;8/3/8/9/8/4/0;1/7/3/8/1/2;2/EUR 2.184.938,57;23/EUR 159.718,58;50/EUR 44.082,31;4977/EUR 1.476,15;0/EUR 0,00;172181/EUR 42,64;152673/EUR 33,64;2325775/EUR 3,78
20.01.1999;5/6/14/26/31/33;48;8;9/6/3/9/8/4/3;3/7/0/2/7/0;0/EUR 1.010.490,84;1/EUR 842.075,69;15/EUR 33.682,99;644/EUR 2.484,37;0/EUR 0,00;43466/EUR 32,93;60212/EUR 12,58;825382/EUR 2,71
20.01.1999;11/14/18/37/40/41;9;7;9/6/3/9/8/4/3;3/7/0/2/7/0;0/EUR 1.010.490,84;1/EUR 842.075,69;15/EUR 33.682,99;644/EUR 2.484,37;0/EUR 0,00;43466/EUR 32,93;60212/EUR 12,58;825382/EUR 2,71
23.01.1999;10/15/25/27/32/46;49;7;3/9/4/6/1/9/3;0/8/5/8/2/6;1/EUR 2.244.656,03;4/EUR 935.273,31;44/EUR 51.014,86;2235/EUR 3.347,68;0/EUR 0,00;114996/EUR 65,04;134436/EUR 38,91;2056695/EUR 4,35
27.01.1999;1/8/12/41/44/47;34;6;6/3/0/0/8/2/2;6/6/3/8/3/2;0/EUR 1.988.850,26;3/EUR 271.766,46;16/EUR 30.573,72;856/EUR 1.809,62;0/EUR 0,00;40315/EUR 34,36;50838/EUR 14,42;733581/EUR 2,97
27.01.1999;12/36/39/42/45/47;21;7;6/3/0/0/8/2/2;6/6/3/8/3/2;0/EUR 1.988.850,26;3/EUR 271.766,46;16/EUR 30.573,72;856/EUR 1.809,62;0/EUR 0,00;40315/EUR 34,36;50838/EUR 14,42;733581/EUR 2,97
30.01.1999;4/5/18/20/22/41;40;9;9/3/5/4/5/6/2;7/0/3/0/3/5;0/EUR 2.189.354,90;6/EUR 608.154,13;53/EUR 41.308,55;1386/EUR 5.265,39;0/EUR 0,00;90324/EUR 80,78;120423/EUR 42,39;1734794/EUR 5,01
03.02.1999;1/7/17/19/23/45;44;5;7/2/2/5/3/6/9;0/0/9/5/7/2;0/EUR 4.191.233,70;5/EUR 367.063,91;40/EUR 27.529,74;2311/EUR 1.508,87;0/EUR 0,00;125919/EUR 24,75;135666/EUR 12,17;2058561/EUR 2,40
03.02.1999;5/11/17/20/33/36;16;7;7/2/2/5/3/6/9;0/0/9/5/7/2;0/EUR 4.191.233,70;5/EUR 367.063,91;40/EUR 27.529,74;2311/EUR 1.508,87;0/EUR 0,00;125919/EUR 24,75;135666/EUR 12,17;2058561/EUR 2,40
06.02.1999;13/29/37/38/45/48;33;4;8/2/3/3/2/6/8;7/1/8/2/7/8;0/EUR 4.388.310,64;3/EUR 1.221.642,07;30/EUR 73.298,50;1233/EUR 5.944,69;0/EUR 0,00;86373/EUR 84,82;153222/EUR 33,44;1587481/EUR 5,52
10.02.1999;2/7/11/37/38/41;34;2;3/7/7/1/4/5/7;1/6/0/6/0/3;2/EUR 2.675.010,76;4/EUR 241.414,13;26/EUR 22.284,35;1426/EUR 1.286,61;0/EUR 0,00;71098/EUR 23,06;72269/EUR 12,02;1136021/EUR 2,25
10.02.1999;13/17/26/34/38/39;42;3;3/7/7/1/4/5/7;1/6/0/6/0/3;2/EUR 2.675.010,76;4/EUR 241.414,13;26/EUR 22.284,35;1426/EUR 1.286,61;0/EUR 0,00;71098/EUR 23,06;72269/EUR 12,02;1136021/EUR 2,25
13.02.1999;3/29/35/38/43/49;37;5;6/4/8/5/7/7/5;2/0/9/9/8/2;2/EUR 3.344.573,35;7/EUR 547.818,11;19/EUR 121.096,62;2925/EUR 2.622,01;0/EUR 0,00;111189/EUR 68,97;113501/EUR 47,29;1903426/EUR 4,81
17.02.1999;1/8/13/14/16/22;6;2;2/0/0/0/0/1/1;8/9/7/3/7/1;2/EUR 599.960,12;1/EUR 599.960,12;36/EUR 13.635,44;953/EUR 1.631,07;0/EUR 0,00;50704/EUR 27,41;70463/EUR 10,43;818125/EUR 2,66
17.02.1999;1/6/9/13/20/29;8;8;2/0/0/0/0/1/1;8/9/7/3/7/1;2/EUR 599.960,12;1/EUR 599.960,12;36/EUR 13.635,44;953/EUR 1.631,07;0/EUR 0,00;50704/EUR 27,41;70463/EUR 10,43;818125/EUR 2,66
20.02.1999;1/9/13/23/46/48;36;0;5/0/4/0/5/5/3;3/7/4/1/8/3;0/EUR 2.174.033,33;5/EUR 724.677,76;38/EUR 57.211,36;1543/EUR 4.696,52;0/EUR 0,00;95100/EUR 76,18;120111/EUR 42,23;1805528/EUR 4,81
24.02.1999;9/21/29/44/46/49;25;0;4/6/9/6/7/6/6;6/8/5/8/1/9;1/EUR 981.622,28;2/EUR 409.009,27;14/EUR 35.057,90;900/EUR 1.726,89;0/EUR 0,00;45995/EUR 30,22;56766/EUR 12,94;797122/EUR 2,76
24.02.1999;26/31/34/41/47/49;5;1;4/6/9/6/7/6/6;6/8/5/8/1/9;1/EUR 981.622,28;2/EUR 409.009,27;14/EUR 35.057,90;900/EUR 1.726,89;0/EUR 0,00;45995/EUR 30,22;56766/EUR 12,94;797122/EUR 2,76
27.02.1999;12/15/20/22/26/32;4;6;6/1/0/2/6/1/3;9/5/9/2/6/0;0/EUR 4.373.498,00;14/EUR 261.841,01;48/EUR 45.822,13;1774/EUR 4.132,77;0/EUR 0,00;110207/EUR 66,52;169339/EUR 30,27;1803956/EUR 4,86
03.03.1999;11/24/28/37/38/48;21;5;0/7/4/3/7/1/3;0/1/0/2/7/3;0/EUR 1.013.424,94;10/EUR 84.452,07;36/EUR 14.075,30;1462/EUR 1.097,49;0/EUR 0,00;67632/EUR 21,22;74970/EUR 10,12;1010646/EUR 2,25
03.03.1999;7/11/23/25/38/41;5;0;0/7/4/3/7/1/3;0/1/0/2/7/3;0/EUR 1.013.424,94;10/EUR 84.452,07;36/EUR 14.075,30;1462/EUR 1.097,49;0/EUR 0,00;67632/EUR 21,22;74970/EUR 10,12;1010646/EUR 2,25
06.03.1999;3/18/27/38/44/49;36;7;8/5/1/7/6/5/1;4/8/7/6/0/2;1/EUR 6.708.601,11;11/EUR 353.803,50;81/EUR 28.828,43;3493/EUR 2.228,36;0/EUR 0,00;153088/EUR 50,82;177262/EUR 30,73;2286803/EUR 4,04
10.03.1999;1/4/14/16/31/32;21;6;8/5/7/1/8/8/2;2/5/7/9/7/2;1/EUR 2.083.875,64;7/EUR 127.434,59;19/EUR 28.169,73;978/EUR 1.732,97;0/EUR 0,00;50855/EUR 29,81;64500/EUR 12,42;860171/EUR 2,76
10.03.1999;21/23/32/35/44/47;15;8;8/5/7/1/8/8/2;2/5/7/9/7/2;1/EUR 2.083.875,64;7/EUR 127.434,59;19/EUR 28.169,73;978/EUR 1.732,97;0/EUR 0,00;50855/EUR 29,81;64500/EUR 12,42;860171/EUR 2,76
13.03.1999;1/11/19/20/24/34;6;6;0/1/1/4/2/6/1;5/9/8/2/3/1;1/EUR 2.301.990,20;8/EUR 479.581,25;92/EUR 25.021,60;2002/EUR 3.832,80;0/EUR 0,00;123302/EUR 62,22;207966/EUR 25,82;2032829/EUR 4,50
17.03.1999;23/24/28/30/41/49;13;4;7/3/1/7/0/7/3;7/1/1/1/1/5;0/EUR 978.631,22;2/EUR 407.763,00;19/EUR 25.753,41;718/EUR 2.158,06;0/EUR 0,00;40777/EUR 33,95;53670/EUR 13,65;709863/EUR 3,07
17.03.1999;1/13/25/35/40/45;23;6;7/3/1/7/0/7/3;7/1/1/1/1/5;0/EUR 978.631,22;2/EUR 407.763,00;19/EUR 25.753,41;718/EUR 2.158,06;0/EUR 0,00;40777/EUR 33,95;53670/EUR 13,65;709863/EUR 3,07
20.03.1999;12/15/25/29/30/44;7;8;5/3/1/0/7/3/8;3/6/5/2/0/0;1/EUR 2.168.869,53;3/EUR 1.204.927,52;57/EUR 38.050,34;1371/EUR 5.273,16;0/EUR 0,00;89126/EUR 81,09;151476/EUR 33,39;1646011/EUR 5,27
24.03.1999;7/12/16/42/43/44;10;3;0/9/8/5/1/0/2;2/5/6/7/2/5;0/EUR 1.965.076,31;3/EUR 274.012,52;20/EUR 24.661,09;761/EUR 2.052,38;0/EUR 0,00;47056/EUR 29,65;64379/EUR 11,45;837812/EUR 2,61
24.03.1999;13/21/23/27/30/38;5;8;0/9/8/5/1/0/2;2/5/6/7/2/5;0/EUR 1.965.076,31;3/EUR 274.012,52;20/EUR 24.661,09;761/EUR 2.052,38;0/EUR 0,00;47056/EUR 29,65;64379/EUR 11,45;837812/EUR 2,61
27.03.1999;1/8/18/29/32/38;20;4;2/4/3/4/8/4/5;7/4/3/3/3/9;0/EUR 2.136.959,24;9/EUR 395.733,17;23/EUR 92.911,24;1944/EUR 3.664,17;0/EUR 0,00;111666/EUR 63,76;118504/EUR 42,03;1898624/EUR 4,50
31.03.1999;1/11/18/19/29/38;39;1;2/6/4/5/9/7/5;7/2/0/0/2/6;0/EUR 2.962.758,16;3/EUR 277.133,85;26/EUR 19.186,18;923/EUR 1.711,40;0/EUR 0,00;59106/EUR 23,88;70318/EUR 10,63;906178/EUR 2,45
31.03.1999;6/22/30/32/33/38;41;3;2/6/4/5/9/7/5;7/2/0/0/2/6;0/EUR 2.962.758,16;3/EUR 277.133,85;26/EUR 19.186,18;923/EUR 1.711,40;0/EUR 0,00;59106/EUR 23,88;70318/EUR 10,63;906178/EUR 2,45
03.04.1999;2/11/20/29/35/46;47;6;7/0/8/6/9/1/3;1/1/7/2/6/1;0/EUR 4.272.640,67;20/EUR 177.973,44;32/EUR 66.740,00;2167/EUR 3.285,15;0/EUR 0,00;97192/EUR 73,22;96215/EUR 51,74;1584779/EUR 5,37
07.04.1999;5/6/21/39/43/45;11;7;7/7/3/6/6/5/9;5/0/7/8/1/5;0/EUR 3.937.558,07;0/EUR 812.333,23;7/EUR 69.628,55;448/EUR 3.445,14;0/EUR 0,00;35084/EUR 39,32;53484/EUR 13,65;683315/EUR 3,17
07.04.1999;1/26/28/36/37/46;23;1;7/7/3/6/6/5/9;5/0/7/8/1/5;0/EUR 3.937.558,07;0/EUR 812.333,23;7/EUR 69.628,55;448/EUR 3.445,14;0/EUR 0,00;35084/EUR 39,32;53484/EUR 13,65;683315/EUR 3,17
10.04.1999;2/3/4/5/6/26;16;4;9/3/4/6/0/4/3;1/7/6/4/0/6;3/EUR 2.162.552,47;31/EUR 119.086,88;148/EUR 14.966,28;38008/EUR 194,24;0/EUR 0,00;154633/EUR 47,70;176708/EUR 29,25;1991937/EUR 4,40
14.04.1999;9/11/28/30/32/48;10;1;7/1/5/8/6/1/3;5/5/0/4/3/3;1/EUR 5.022.686,12;1/EUR 1.716.606,61;23/EUR 23.589,73;860/EUR 1.997,77;0/EUR 0,00;47798/EUR 32,16;62688/EUR 12,94;883670/EUR 2,76
14.04.1999;12/14/22/23/30/31;44;4;7/1/5/8/6/1/3;5/5/0/4/3/3;1/EUR 5.022.686,12;1/EUR 1.716.606,61;23/EUR 23.589,73;860/EUR 1.997,77;0/EUR 0,00;47798/EUR 32,16;62688/EUR 12,94;883670/EUR 2,76
17.04.1999;6/7/36/39/42/46;17;3;0/6/5/1/4/5/7;2/4/1/3/1/8;0/EUR 2.171.923,63;4/EUR 904.968,17;36/EUR 60.331,16;1077/EUR 6.722,11;0/EUR 0,00;93396/EUR 77,51;160509/EUR 31,55;1710845/EUR 5,06
21.04.1999;6/14/18/19/24/38;16;3;0/7/6/4/4/3/9;4/1/8/9/0/5;1/EUR 1.024.854,77;4/EUR 213.511,40;19/EUR 26.969,83;1236/EUR 1.312,84;0/EUR 0,00;60610/EUR 23,93;75144/EUR 10,23;992414/EUR 2,30
21.04.1999;5/8/13/19/35/45;2;2;0/7/6/4/4/3/9;4/1/8/9/0/5;1/EUR 1.024.854,77;4/EUR 213.511,40;19/EUR 26.969,83;1236/EUR 1.312,84;0/EUR 0,00;60610/EUR 23,93;75144/EUR 10,23;992414/EUR 2,30
24.04.1999;4/18/25/29/34/36;35;0;1/2/6/4/8/4/8;9/7/6/9/7/7;1/EUR 4.363.927,49;7/EUR 521.905,69;33/EUR 66.424,33;1728/EUR 4.228,38;0/EUR 0,00;98021/EUR 74,50;110320/EUR 46,32;1778598/EUR 4,91
28.04.1999;10/17/42/43/46/49;18;4;0/1/2/1/3/5/7;5/9/4/7/6/7;1/EUR 969.932,25;3/EUR 269.425,61;20/EUR 24.248,27;884/EUR 1.737,22;0/EUR 0,00;49703/EUR 27,61;53479/EUR 13,60;819820/EUR 2,66
28.04.1999;11/19/28/34/37/41;48;6;0/1/2/1/3/5/7;5/9/4/7/6/7;1/EUR 969.932,25;3/EUR 269.425,61;20/EUR 24.248,27;884/EUR 1.737,22;0/EUR 0,00;49703/EUR 27,61;53479/EUR 13,60;819820/EUR 2,66
01.05.1999;9/12/13/24/26/48;27;0;5/3/3/9/5/1/9;7/0/5/0/1/0;0/EUR 2.037.894,45;1/EUR 3.396.490,80;43/EUR 47.392,87;2347/EUR 2.894,32;0/EUR 0,00;131813/EUR 51,49;159439/EUR 29,81;2062338/EUR 3,94
05.05.1999;6/11/12/31/45/48;33;7;4/9/8/6/1/4/8;7/0/6/8/6/2;0/EUR 973.492,89;1/EUR 811.244,08;38/EUR 12.809,09;928/EUR 1.660,93;0/EUR 0,00;47247/EUR 29,14;68320/EUR 10,69;816621/EUR 2,66
05.05.1999;3/18/30/40/43/44;13;6;4/9/8/6/1/4/8;7/0/6/8/6/2;0/EUR 973.492,89;1/EUR 811.244,08;38/EUR 12.809,09;928/EUR 1.660,93;0/EUR 0,00;47247/EUR 29,14;68320/EUR 10,69;816621/EUR 2,66
08.05.1999;3/16/17/23/39/47;24;8;6/6/0/2/8/8/6;3/3/1/8/4/7;2/EUR 2.574.185,33;1/EUR 2.574.185,33;43/EUR 49.575,53;2304/EUR 3.084,11;0/EUR 0,00;129896/EUR 54,66;136435/EUR 36,46;2148933/EUR 3,94
12.05.1999;3/13/19/25/30/45;4;3;7/8/9/4/6/7/8;7/3/3/1/0/3;0/EUR 1.956.131,51;3/EUR 272.955,16;12/EUR 40.943,23;979/EUR 1.589,20;0/EUR 0,00;51739/EUR 26,89;62435/EUR 11,76;873583/EUR 2,51
12.05.1999;1/2/21/31/34/40;30;9;7/8/9/4/6/7/8;7/3/3/1/0/3;0/EUR 1.956.131,51;3/EUR 272.955,16;12/EUR 40.943,23;979/EUR 1.589,20;0/EUR 0,00;51739/EUR 26,89;62435/EUR 11,76;873583/EUR 2,51
15.05.1999;11/28/40/42/46/49;44;3;5/8/4/9/9/9/3;6/9/6/7/0/1;1/EUR 2.066.063,56;5/EUR 688.687,82;38/EUR 54.370,06;1209/EUR 5.696,30;0/EUR 0,00;94326/EUR 72,96;138038/EUR 34,92;1599448/EUR 5,16
19.05.1999;9/15/26/32/33/34;40;0;8/3/7/7/6/4/6;7/5/2/6/1/0;1/EUR 2.915.548,33;2/EUR 399.756,98;28/EUR 17.132,42;707/EUR 2.148,60;0/EUR 0,00;47931/EUR 28,33;59777/EUR 12,02;849502/EUR 2,51
19.05.1999;8/16/19/24/25/44;27;3;8/3/7/7/6/4/6;7/5/2/6/1/0;1/EUR 2.915.548,33;2/EUR 399.756,98;28/EUR 17.132,42;707/EUR 2.148,60;0/EUR 0,00;47931/EUR 28,33;59777/EUR 12,02;849502/EUR 2,51
22.05.1999;14/18/33/35/39/41;24;1;0/0/6/4/6/5/9;2/6/5/1/1/0;0/EUR 2.526.904,13;7/EUR 481.315,04;47/EUR 44.803,23;1860/EUR 2.943,51;5387/EUR 156,35;94821/EUR 48,83;152125/EUR 30,42;1726270/EUR 10,69
26.05.1999;12/24/32/34/45/48;44;0;4/5/2/3/4/3/7;0/9/2/9/3/9;3/EUR 298.685,62;4/EUR 186.678,49;28/EUR 16.000,98;1039/EUR 1.365,46;0/EUR 0,00;50209/EUR 25,26;59999/EUR 11,20;786501/EUR 2,56
26.05.1999;2/16/25/32/36/41;46;5;4/5/2/3/4/3/7;0/9/2/9/3/9;3/EUR 298.685,62;4/EUR 186.678,49;28/EUR 16.000,98;1039/EUR 1.365,46;0/EUR 0,00;50209/EUR 25,26;59999/EUR 11,20;786501/EUR 2,56
29.05.1999;1/11/12/13/42/43;37;2;3/0/0/3/1/1/5;9/3/8/4/2/5;0/EUR 4.989.750,34;7/EUR 469.113,52;41/EUR 50.057,83;1506/EUR 3.543,25;3099/EUR 264,90;72373/EUR 62,38;94054/EUR 47,96;1461646/EUR 12,32
02.06.1999;2/13/18/28/34/36;26;4;3/5/1/0/2/9/3;1/4/2/7/0/5;1/EUR 941.982,64;3/EUR 261.661,80;13/EUR 36.230,09;674/EUR 2.212,82;0/EUR 0,00;40427/EUR 32,98;61016/EUR 11,56;732472/EUR 2,86
02.06.1999;6/27/36/42/44/47;46;2;3/5/1/0/2/9/3;1/4/2/7/0/5;1/EUR 941.982,64;3/EUR 261.661,80;13/EUR 36.230,09;674/EUR 2.212,82;0/EUR 0,00;40427/EUR 32,98;61016/EUR 11,56;732472/EUR 2,86
05.06.1999;5/19/21/31/43/48;32;9;6/0/0/2/5/7/9;0/0/8/4/8/2;2/EUR 3.816.763,57;8/EUR 440.629,45;84/EUR 26.227,94;2852/EUR 2.008,46;8363/EUR 105,33;128480/EUR 37,68;197961/EUR 24,44;2110000/EUR 9,15
09.06.1999;2/5/26/37/38/44;34;9;1/4/1/8/8/7/5;8/1/4/5/3/0;0/EUR 943.355,15;0/EUR 786.129,32;14/EUR 33.691,22;634/EUR 2.355,88;0/EUR 0,00;40407/EUR 33,03;50129/EUR 14,11;772330/EUR 2,71
09.06.1999;7/8/22/24/33/34;36;1;1/4/1/8/8/7/5;8/1/4/5/3/0;0/EUR 943.355,15;0/EUR 786.129,32;14/EUR 33.691,22;634/EUR 2.355,88;0/EUR 0,00;40407/EUR 33,03;50129/EUR 14,11;772330/EUR 2,71
12.06.1999;12/13/24/25/41/42;49;9;6/2/2/5/7/2/6;5/9/7/5/6/4;3/EUR 829.646,08;36/EUR 92.182,86;47/EUR 44.130,06;2221/EUR 2.428,02;3978/EUR 208,56;93398/EUR 48,83;120038/EUR 37,99;1852070/EUR 9,82
16.06.1999;2/16/19/21/23/28;13;4;0/2/1/3/6/2/4;4/1/2/4/2/0;1/EUR 1.900.861,58;4/EUR 396.012,79;18/EUR 26.597,35;818/EUR 1.853,33;0/EUR 0,00;47153/EUR 28,73;60624/EUR 11,81;836105/EUR 2,56
16.06.1999;3/4/23/25/40/45;14;6;0/2/1/3/6/2/4;4/1/2/4/2/0;1/EUR 1.900.861,58;4/EUR 396.012,79;18/EUR 26.597,35;818/EUR 1.853,33;0/EUR 0,00;47153/EUR 28,73;60624/EUR 11,81;836105/EUR 2,56
19.06.1999;12/30/31/34/35/49;15;6;4/8/7/1/3/6/8;0/0/5/9/9/8;0/EUR 2.453.002,56;5/EUR 654.134,00;10/EUR 204.416,85;1017/EUR 5.225,97;2873/EUR 284,59;73539/EUR 61,15;91575/EUR 49,08;1454524/EUR 12,32
23.06.1999;3/10/18/23/28/35;13;4;7/8/8/8/6/5/3;1/1/3/6/1/9;1/EUR 947.089,01;2/EUR 394.620,39;22/EUR 21.524,72;1046/EUR 1.433,61;0/EUR 0,00;54786/EUR 24,44;74911/EUR 9,46;893874/EUR 2,35
23.06.1999;4/8/9/23/27/34;37;8;7/8/8/8/6/5/3;1/1/3/6/1/9;1/EUR 947.089,01;2/EUR 394.620,39;22/EUR 21.524,72;1046/EUR 1.433,61;0/EUR 0,00;54786/EUR 24,44;74911/EUR 9,46;893874/EUR 2,35
26.06.1999;1/14/16/18/48/49;5;1;6/2/1/5/8/1/1;0/2/1/5/1/9;1/EUR 4.927.630,57;5/EUR 659.900,81;102/EUR 20.217,50;1341/EUR 3.998,25;3702/EUR 222,77;74810/EUR 60,64;112506/EUR 40,29;1448496/EUR 12,53
30.06.1999;4/7/23/31/35/42;43;1;9/0/8/1/3/3/8;9/4/8/2/1/6;0/EUR 945.313,86;5/EUR 157.552,29;10/EUR 47.265,66;845/EUR 1.771,27;0/EUR 0,00;44853/EUR 29,81;48536/EUR 14,57;798972/EUR 2,66
30.06.1999;3/16/20/30/37/45;14;3;9/0/8/1/3/3/8;9/4/8/2/1/6;0/EUR 945.313,86;5/EUR 157.552,29;10/EUR 47.265,66;845/EUR 1.771,27;0/EUR 0,00;44853/EUR 29,81;48536/EUR 14,57;798972/EUR 2,66
03.07.1999;6/15/23/24/25/32;31;4;1/5/3/9/6/3/9;9/8/7/1/9/5;0/EUR 2.472.609,12;8/EUR 412.101,51;43/EUR 47.918,74;1336/EUR 4.009,96;4727/EUR 174,35;88371/EUR 51,28;119128/EUR 38,04;1797554/EUR 10,07
07.07.1999;4/8/14/16/21/27;37;6;9/4/5/5/5/7/5;1/5/3/4/8/6;0/EUR 1.904.303,80;1/EUR 799.158,31;21/EUR 22.833,07;1255/EUR 1.209,87;0/EUR 0,00;57944/EUR 23,42;64047/EUR 11,20;910480/EUR 2,35
07.07.1999;3/8/19/23/39/42;38;4;9/4/5/5/5/7/5;1/5/3/4/8/6;0/EUR 1.904.303,80;1/EUR 799.158,31;21/EUR 22.833,07;1255/EUR 1.209,87;0/EUR 0,00;57944/EUR 23,42;64047/EUR 11,20;910480/EUR 2,35
10.07.1999;3/5/15/30/38/44;9;1;0/5/7/6/5/6/4;4/2/9/7/5/0;0/EUR 4.976.650,02;6/EUR 556.453,53;39/EUR 53.505,11;1635/EUR 3.318,28;5594/EUR 149,19;86928/EUR 52,77;157187/EUR 29,19;1684442/EUR 10,89
14.07.1999;9/25/31/32/33/43;45;3;1/0/6/4/7/6/4;6/1/0/2/9/2;0/EUR 2.862.274,58;1/EUR 798.308,95;15/EUR 31.932,33;650/EUR 2.333,49;0/EUR 0,00;45737/EUR 29,65;49740/EUR 14,42;827638/EUR 2,56
14.07.1999;3/20/21/34/37/43;1;1;1/0/6/4/7/6/4;6/1/0/2/9/2;0/EUR 2.862.274,58;1/EUR 798.308,95;15/EUR 31.932,33;650/EUR 2.333,49;0/EUR 0,00;45737/EUR 29,65;49740/EUR 14,42;827638/EUR 2,56
17.07.1999;3/11/22/36/43/44;33;8;3/4/1/0/1/1/7;5/9/0/3/1/8;0/EUR 7.624.157,98;4/EUR 882.502,62;62/EUR 35.584,74;2200/EUR 2.607,38;7891/EUR 111,82;85064/EUR 57,01;172055/EUR 28,17;1602275/EUR 12,07
21.07.1999;2/4/24/39/47/48;20;9;4/8/6/7/5/6/3;7/3/8/6/8/5;0/EUR 3.841.658,12;3/EUR 272.050,95;9/EUR 54.410,15;813/EUR 1.907,32;0/EUR 0,00;48721/EUR 28,43;59261/EUR 12,37;845399/EUR 2,56
21.07.1999;5/19/30/33/35/36;23;3;4/8/6/7/5/6/3;7/3/8/6/8/5;0/EUR 3.841.658,12;3/EUR 272.050,95;9/EUR 54.410,15;813/EUR 1.907,32;0/EUR 0,00;48721/EUR 28,43;59261/EUR 12,37;845399/EUR 2,56
24.07.1999;27/28/31/34/35/49;30;7;8/6/2/0/9/1/1;9/1/8/1/5/5;1/EUR 10.714.958,15;4/EUR 1.030.266,69;67/EUR 38.442,76;1662/EUR 4.029,29;9070/EUR 113,56;82854/EUR 68,36;120535/EUR 46,99;1742763/EUR 12,99
28.07.1999;5/6/32/39/41/42;33;2;9/7/1/5/8/0/4;9/6/4/2/1/2;0/EUR 4.932.434,67;4/EUR 227.245,11;32/EUR 17.043,35;1087/EUR 1.588,79;0/EUR 0,00;54833/EUR 28,17;74256/EUR 10,99;943684/EUR 2,56
28.07.1999;5/17/32/35/37/41;9;3;9/7/1/5/8/0/4;9/6/4/2/1/2;0/EUR 4.932.434,67;4/EUR 227.245,11;32/EUR 17.043,35;1087/EUR 1.588,79;0/EUR 0,00;54833/EUR 28,17;74256/EUR 10,99;943684/EUR 2,56
31.07.1999;3/16/21/29/33/44;18;5;5/7/5/9/4/6/2;2/7/4/2/8/2;1/EUR 2.538.877,66;13/EUR 260.397,68;67/EUR 31.578,05;2529/EUR 2.175,09;5628/EUR 150,37;103288/EUR 45,04;144418/EUR 32,21;1744383/EUR 10,63
04.08.1999;10/13/15/20/43/47;7;0;4/3/5/5/6/2/2;5/7/6/8/8/8;0/EUR 6.112.812,87;3/EUR 327.882,84;18/EUR 32.788,28;763/EUR 2.449,45;0/EUR 0,00;48956/EUR 34,15;77458/EUR 11,40;850354/EUR 3,12
04.08.1999;6/13/18/35/43/44;32;2;4/3/5/5/6/2/2;5/7/6/8/8/8;0/EUR 6.112.812,87;3/EUR 327.882,84;18/EUR 32.788,28;763/EUR 2.449,45;0/EUR 0,00;48956/EUR 34,15;77458/EUR 11,40;850354/EUR 3,12
07.08.1999;9/20/21/27/33/42;48;1;4/2/4/3/2/1/8;5/5/9/9/7/3;0/EUR 2.494.711,35;2/EUR 1.663.140,87;46/EUR 45.194,01;1599/EUR 3.380,36;4432/EUR 187,59;94230/EUR 48,52;121623/EUR 37,58;1751906/EUR 10,43
11.08.1999;3/13/26/28/37/48;5;6;3/5/7/0/6/3/9;9/5/3/3/1/2;2/EUR 3.756.348,86;8/EUR 145.821,31;32/EUR 21.873,17;1629/EUR 1.360,60;0/EUR 0,00;75920/EUR 26,08;82999/EUR 12,63;1265803/EUR 2,45
11.08.1999;9/11/26/39/43/45;14;3;3/5/7/0/6/3/9;9/5/3/3/1/2;2/EUR 3.756.348,86;8/EUR 145.821,31;32/EUR 21.873,17;1629/EUR 1.360,60;0/EUR 0,00;75920/EUR 26,08;82999/EUR 12,63;1265803/EUR 2,45
14.08.1999;19/22/33/40/42/49;27;2;3/4/0/9/8/0/8;4/9/8/0/5/8;0/EUR 5.087.675,62;1/EUR 3.457.285,65;30/EUR 72.026,76;1305/EUR 4.305,03;3866/EUR 223,54;85213/EUR 55,78;122132/EUR 38,91;1749703/EUR 10,84
18.08.1999;7/10/23/24/36/47;42;3;1/5/4/8/4/8/0;4/4/2/4/4/5;1/EUR 1.036.880,56;4/EUR 216.016,78;15/EUR 34.562,67;751/EUR 2.186,03;0/EUR 0,00;46869/EUR 31,29;57418/EUR 13,50;872305/EUR 2,66
18.08.1999;2/3/10/18/43/45;48;8;1/5/4/8/4/8/0;4/4/2/4/4/5;1/EUR 1.036.880,56;4/EUR 216.016,78;15/EUR 34.562,67;751/EUR 2.186,03;0/EUR 0,00;46869/EUR 31,29;57418/EUR 13,50;872305/EUR 2,66
21.08.1999;4/9/20/23/24/41;34;2;4/9/5/9/4/9/6;3/3/2/8/8/8;0/EUR 7.707.504,44;12/EUR 291.092,07;42/EUR 51.980,69;2603/EUR 2.180,66;5661/EUR 154,26;124524/EUR 38,55;150741/EUR 31,85;2096998/EUR 9,15
25.08.1999;5/6/8/29/31/38;23;8;2/3/5/4/8/4/2;6/3/6/1/9/3;0/EUR 986.436,50;5/EUR 164.406,06;15/EUR 32.881,18;709/EUR 2.202,90;0/EUR 0,00;42665/EUR 32,72;55545/EUR 13,29;815642/EUR 2,71
25.08.1999;1/4/6/21/23/47;22;6;2/3/5/4/8/4/2;6/3/6/1/9/3;0/EUR 986.436,50;5/EUR 164.406,06;15/EUR 32.881,18;709/EUR 2.202,90;0/EUR 0,00;42665/EUR 32,72;55545/EUR 13,29;815642/EUR 2,71
28.08.1999;1/14/21/28/43/47;11;3;8/0/8/1/6/5/1;7/5/6/0/1/9;0/EUR 10.594.197,25;6/EUR 641.487,25;31/EUR 77.599,23;1482/EUR 4.220,31;4079/EUR 235,86;81846/EUR 64,63;129112/EUR 40,95;1576253/EUR 13,40
01.09.1999;7/11/22/31/33/43;13;2;9/1/2/4/9/7/0;5/5/6/5/6/4;0/EUR 2.038.008,06;2/EUR 438.154,80;36/EUR 14.605,15;1352/EUR 1.231,50;0/EUR 0,00;69970/EUR 21,27;84588/EUR 9,31;1094615/EUR 2,15
01.09.1999;7/19/24/29/31/39;20;5;9/1/2/4/9/7/0;5/5/6/5/6/4;0/EUR 2.038.008,06;2/EUR 438.154,80;36/EUR 14.605,15;1352/EUR 1.231,50;0/EUR 0,00;69970/EUR 21,27;84588/EUR 9,31;1094615/EUR 2,15
04.09.1999;17/19/24/30/34/35;26;0;3/1/7/7/9/7/2;2/9/7/7/5/9;2/EUR 7.219.218,49;16/EUR 320.353,30;85/EUR 37.688,60;2451/EUR 3.398,25;6884/EUR 186,11;153989/EUR 45,76;221068/EUR 31,85;2897896/EUR 9,71
08.09.1999;1/8/21/24/30/36;28;9;0/7/6/1/7/6/3;3/2/9/2/3/5;1/EUR 4.032.530,64;0/EUR 0,00;10/EUR 54.396,04;708/EUR 2.432,93;0/EUR 0,00;46669/EUR 32,98;52737/EUR 15,44;854777/EUR 2,86
08.09.1999;14/16/31/37/39/48;1;0;0/7/6/1/7/6/3;3/2/9/2/3/5;1/EUR 4.032.530,64;0/EUR 0,00;10/EUR 54.396,04;708/EUR 2.432,93;0/EUR 0,00;46669/EUR 32,98;52737/EUR 15,44;854777/EUR 2,86
11.09.1999;1/14/19/34/35/36;9;2;1/1/9/6/7/2/7;9/0/9/7/4/8;0/EUR 2.664.138,09;1/EUR 3.552.184,09;37/EUR 60.003,07;1292/EUR 4.467,72;4643/EUR 191,22;74879/EUR 65,19;139279/EUR 35,02;1466476/EUR 13,29
15.09.1999;3/12/17/27/34/36;37;0;8/5/4/0/4/6/3;1/2/4/2/4/7;1/EUR 1.019.200,65;2/EUR 424.666,92;19/EUR 26.821,04;1001/EUR 1.612,10;0/EUR 0,00;57491/EUR 25,10;64863/EUR 11,76;963990/EUR 2,35
15.09.1999;3/16/24/45/48/49;29;8;8/5/4/0/4/6/3;1/2/4/2/4/7;1/EUR 1.019.200,65;2/EUR 424.666,92;19/EUR 26.821,04;1001/EUR 1.612,10;0/EUR 0,00;57491/EUR 25,10;64863/EUR 11,76;963990/EUR 2,35
18.09.1999;21/24/28/35/44/45;37;5;0/4/1/7/5/5/3;9/6/2/6/7/7;1/EUR 5.288.064,61;2/EUR 1.749.284,34;18/EUR 121.478,04;1033/EUR 5.503,55;3124/EUR 279,93;68923/EUR 69,79;101798/EUR 47,24;1535024/EUR 12,53
22.09.1999;6/8/18/25/27/38;21;2;5/2/5/4/1/0/6;8/6/4/7/9/7;1/EUR 992.616,95;2/EUR 413.590,39;25/EUR 19.852,34;926/EUR 1.697,23;0/EUR 0,00;54033/EUR 26,02;59116/EUR 12,58;926713/EUR 2,40
22.09.1999;6/10/16/18/45/46;8;0;5/2/5/4/1/0/6;8/6/4/7/9/7;1/EUR 992.616,95;2/EUR 413.590,39;25/EUR 19.852,34;926/EUR 1.697,23;0/EUR 0,00;54033/EUR 26,02;59116/EUR 12,58;926713/EUR 2,40
25.09.1999;12/18/22/25/29/42;44;6;6/3/9/3/4/1/7;3/7/6/3/5/5;1/EUR 2.554.893,17;2/EUR 1.703.262,09;28/EUR 76.038,46;1591/EUR 3.479,29;3701/EUR 230,08;93955/EUR 49,85;114069/EUR 41,06;1765366/EUR 10,58
29.09.1999;2/5/12/23/41/47;49;0;2/7/2/3/0/7/8;7/7/0/2/4/0;0/EUR 966.768,18;5/EUR 161.128,01;19/EUR 25.441,22;1063/EUR 1.439,95;0/EUR 0,00;51267/EUR 26,69;59345/EUR 12,17;853781/EUR 2,51
29.09.1999;2/18/26/28/39/47;30;2;2/7/2/3/0/7/8;7/7/0/2/4/0;0/EUR 966.768,18;5/EUR 161.128,01;19/EUR 25.441,22;1063/EUR 1.439,95;0/EUR 0,00;51267/EUR 26,69;59345/EUR 12,17;853781/EUR 2,51
02.10.1999;10/19/27/35/42/45;8;4;1/9/8/2/5/8/3;7/0/8/4/9/2;1/EUR 2.713.950,75;11/EUR 328.963,71;64/EUR 35.337,89;2401/EUR 2.449,04;4855/EUR 186,31;106779/EUR 46,58;133971/EUR 37,12;1889723/EUR 10,48
06.10.1999;6/23/33/41/44/47;10;6;2/2/6/6/1/7/8;7/5/5/0/0/9;1/EUR 1.937.178,90;3/EUR 269.558,50;20/EUR 24.260,24;962/EUR 1.597,17;0/EUR 0,00;53486/EUR 25,67;70946/EUR 10,23;843151/EUR 2,56
06.10.1999;5/25/35/38/48/49;3;7;2/2/6/6/1/7/8;7/5/5/0/0/9;1/EUR 1.937.178,90;3/EUR 269.558,50;20/EUR 24.260,24;962/EUR 1.597,17;0/EUR 0,00;53486/EUR 25,67;70946/EUR 10,23;843151/EUR 2,56
09.10.1999;6/17/19/20/29/44;25;2;3/3/8/0/6/7/1;7/4/7/4/6/1;0/EUR 2.530.240,87;3/EUR 1.124.551,47;23/EUR 91.675,35;1438/EUR 3.812,35;3735/EUR 225,79;90766/EUR 51,08;126285/EUR 36,71;1765015/EUR 10,48
13.10.1999;18/19/22/23/40/44;34;0;9/2/0/3/9/0/0;0/7/7/0/7/3;2/EUR 472.518,32;9/EUR 87.503,36;33/EUR 14.318,73;744/EUR 2.011,17;0/EUR 0,00;39981/EUR 33,44;54766/EUR 12,94;724075/EUR 2,91
13.10.1999;6/15/22/32/39/46;8;8;9/2/0/3/9/0/0;0/7/7/0/7/3;2/EUR 472.518,32;9/EUR 87.503,36;33/EUR 14.318,73;744/EUR 2.011,17;0/EUR 0,00;39981/EUR 33,44;54766/EUR 12,94;724075/EUR 2,91
16.10.1999;3/4/7/12/30/42;10;1;4/6/8/9/5/7/7;1/8/9/3/9/0;1/EUR 5.078.270,40;5/EUR 679.474,55;66/EUR 32.172,07;2226/EUR 2.480,07;8095/EUR 104,92;121375/EUR 38,45;187760/EUR 24,85;2076921/EUR 8,95
20.10.1999;15/18/21/36/43/46;34;9;1/3/6/0/7/3/9;9/7/4/4/7/7;0/EUR 929.794,92;1/EUR 774.829,10;18/EUR 25.827,60;625/EUR 2.355,47;0/EUR 0,00;37479/EUR 35,13;52094/EUR 13,34;687129/EUR 3,02
20.10.1999;2/3/12/22/39/45;4;2;1/3/6/0/7/3/9;9/7/4/4/7/7;0/EUR 929.794,92;1/EUR 774.829,10;18/EUR 25.827,60;625/EUR 2.355,47;0/EUR 0,00;37479/EUR 35,13;52094/EUR 13,34;687129/EUR 3,02
23.10.1999;3/5/22/27/34/35;20;7;8/8/3/8/8/9/3;9/4/8/4/1/4;0/EUR 2.489.964,47;5/EUR 663.990,48;30/EUR 69.165,67;1318/EUR 4.093,25;3400/EUR 244,09;80116/EUR 56,96;105492/EUR 43,26;1622858/EUR 11,25
27.10.1999;9/16/20/22/41/47;40;5;1/1/2/2/1/0/6;4/7/5/2/6/8;0/EUR 1.865.821,21;0/EUR 780.021,88;15/EUR 31.200,87;493/EUR 3.006,14;0/EUR 0,00;35285/EUR 37,58;51113/EUR 13,70;671626/EUR 3,12
27.10.1999;4/28/36/40/41/42;16;1;1/1/2/2/1/0/6;4/7/5/2/6/8;0/EUR 1.865.821,21;0/EUR 780.021,88;15/EUR 31.200,87;493/EUR 3.006,14;0/EUR 0,00;35285/EUR 37,58;51113/EUR 13,70;671626/EUR 3,12
30.10.1999;1/10/14/23/45/49;7;3;2/2/4/3/9/5/8;2/1/8/8/7/6;0/EUR 5.039.003,44;7/EUR 485.531,21;54/EUR 39.337,01;1729/EUR 3.194,24;5975/EUR 142,19;85478/EUR 54,66;169257/EUR 27,61;1557165/EUR 11,96
03.11.1999;3/21/23/27/34/42;15;9;3/7/2/1/8/1/9;6/3/4/3/0/3;0/EUR 2.857.066,77;6/EUR 267.676,64;29/EUR 17.090,39;1116/EUR 1.406,31;0/EUR 0,00;57081/EUR 24,59;69302/EUR 10,69;919910/EUR 2,40
03.11.1999;1/3/17/26/38/40;23;8;3/7/2/1/8/1/9;6/3/4/3/0/3;0/EUR 2.857.066,77;6/EUR 267.676,64;29/EUR 17.090,39;1116/EUR 1.406,31;0/EUR 0,00;57081/EUR 24,59;69302/EUR 10,69;919910/EUR 2,40
06.11.1999;5/7/12/25/34/49;46;9;3/1/3/9/7/6/8;4/9/8/3/1/9;1/EUR 7.738.943,11;11/EUR 327.265,41;54/EUR 41.665,69;2346/EUR 2.493,52;5626/EUR 159,93;125351/EUR 39,47;144684/EUR 34,21;2231125/EUR 8,85
10.11.1999;16/19/33/37/44/45;24;3;3/3/1/1/5/4/1;6/8/1/2/3/5;0/EUR 3.844.980,70;2/EUR 411.630,82;28/EUR 17.641,31;673/EUR 2.324,18;0/EUR 0,00;44277/EUR 31,60;66947/EUR 11,04;798980/EUR 2,76
10.11.1999;2/19/34/40/42/43;22;5;3/3/1/1/5/4/1;6/8/1/2/3/5;0/EUR 3.844.980,70;2/EUR 411.630,82;28/EUR 17.641,31;673/EUR 2.324,18;0/EUR 0,00;44277/EUR 31,60;66947/EUR 11,04;798980/EUR 2,76
13.11.1999;14/19/23/27/30/47;34;2;9/7/4/6/8/2/2;3/3/2/9/0/0;0/EUR 2.539.733,31;4/EUR 846.577,77;36/EUR 58.790,08;1490/EUR 3.693,11;4146/EUR 204,16;87434/EUR 53,23;125808/EUR 36,97;1732427/EUR 10,74
17.11.1999;1/3/22/28/33/38;24;7;6/4/7/5/9/4/6;3/2/3/8/2/0;1/EUR 4.875.530,59;2/EUR 429.395,76;18/EUR 28.626,36;886/EUR 1.841,62;0/EUR 0,00;54573/EUR 26,74;63078/EUR 12,22;937805/EUR 2,45
17.11.1999;6/7/12/21/24/48;22;0;6/4/7/5/9/4/6;3/2/3/8/2/0;1/EUR 4.875.530,59;2/EUR 429.395,76;18/EUR 28.626,36;886/EUR 1.841,62;0/EUR 0,00;54573/EUR 26,74;63078/EUR 12,22;937805/EUR 2,45
20.11.1999;1/7/8/9/24/41;36;1;4/9/6/6/0/3/3;2/7/0/6/5/9;0/EUR 5.081.324,50;8/EUR 423.598,52;45/EUR 47.066,46;2388/EUR 2.305,98;4880/EUR 173,58;133991/EUR 35,48;128423/EUR 35,48;2217343/EUR 8,39
24.11.1999;1/7/9/21/34/48;26;0;4/5/3/8/6/6/5;3/7/5/9/2/3;1/EUR 956.532,21;3/EUR 265.703,36;12/EUR 39.855,51;932/EUR 1.624,99;0/EUR 0,00;51479/EUR 26,28;66088/EUR 10,84;883419/EUR 2,40
24.11.1999;2/6/10/21/32/42;7;3;4/5/3/8/6/6/5;3/7/5/9/2/3;1/EUR 956.532,21;3/EUR 265.703,36;12/EUR 39.855,51;932/EUR 1.624,99;0/EUR 0,00;51479/EUR 26,28;66088/EUR 10,84;883419/EUR 2,40
27.11.1999;2/5/24/37/43/48;20;1;7/2/4/8/3/2/0;2/2/3/9/7/5;0/EUR 7.754.933,92;7/EUR 509.258,93;42/EUR 53.047,76;1666/EUR 3.477,04;4343/EUR 205,18;94174/EUR 52,00;120949/EUR 40,49;1819746/EUR 10,74
01.12.1999;13/19/23/25/36/38;4;6;5/9/0/2/7/1/2;3/7/7/5/3/8;1/EUR 982.711,18;5/EUR 163.785,20;25/EUR 19.654,21;1130/EUR 1.376,91;0/EUR 0,00;55309/EUR 25,16;65402/EUR 11,25;931113/EUR 2,35
01.12.1999;11/16/28/31/38/41;36;3;5/9/0/2/7/1/2;3/7/7/5/3/8;1/EUR 982.711,18;5/EUR 163.785,20;25/EUR 19.654,21;1130/EUR 1.376,91;0/EUR 0,00;55309/EUR 25,16;65402/EUR 11,25;931113/EUR 2,35
04.12.1999;4/19/28/43/44/46;48;4;7/6/0/9/5/4/8;0/3/4/4/5/5;0/EUR 10.836.058,45;1/EUR 4.108.166,10;20/EUR 128.380,18;1251/EUR 5.336,30;3907/EUR 262,86;91313/EUR 61,82;152857/EUR 36,92;1908435/EUR 11,81
08.12.1999;7/12/22/25/28/31;6;2;2/6/5/6/9/5/3;4/6/1/5/7/4;0/EUR 1.061.174,28;2/EUR 442.155,91;34/EUR 15.605,50;989/EUR 1.698,87;0/EUR 0,00;54497/EUR 27,56;78085/EUR 10,17;907628/EUR 2,61
08.12.1999;8/27/33/34/36/44;17;1;2/6/5/6/9/5/3;4/6/1/5/7/4;0/EUR 1.061.174,28;2/EUR 442.155,91;34/EUR 15.605,50;989/EUR 1.698,87;0/EUR 0,00;54497/EUR 27,56;78085/EUR 10,17;907628/EUR 2,61
11.12.1999;6/7/19/22/46/47;3;4;8/8/5/0/3/5/2;2/9/6/1/4/3;4/EUR 3.630.095,30;5/EUR 982.486,05;81/EUR 37.904,52;2323/EUR 3.436,34;8466/EUR 145,05;124678/EUR 54,15;241921/EUR 27,92;2426240/EUR 11,10
15.12.1999;7/10/23/24/38/40;6;5;9/7/8/0/8/1/3;3/7/5/5/5/2;4/EUR 526.791,75;3/EUR 290.553,52;36/EUR 14.527,64;1252/EUR 1.322,76;0/EUR 0,00;68492/EUR 21,63;84276/EUR 9,31;1072358/EUR 2,15
15.12.1999;3/5/17/33/40/41;18;0;9/7/8/0/8/1/3;3/7/5/5/5/2;4/EUR 526.791,75;3/EUR 290.553,52;36/EUR 14.527,64;1252/EUR 1.322,76;0/EUR 0,00;68492/EUR 21,63;84276/EUR 9,31;1072358/EUR 2,15
18.12.1999;2/6/17/20/25/38;35;2;4/4/5/1/8/6/3;5/8/4/5/5/9;2/EUR 1.412.817,73;18/EUR 209.306,33;71/EUR 33.164,69;3377/EUR 1.812,89;5567/EUR 169,19;142286/EUR 37,22;135927/EUR 37,22;2272919/EUR 9,10
22.12.1999;5/24/37/39/43/47;25;1;4/7/3/1/8/8/7;8/9/3/4/4/5;0/EUR 1.040.380,09;1/EUR 866.983,38;34/EUR 15.299,69;996/EUR 1.653,88;0/EUR 0,00;57455/EUR 25,62;69355/EUR 11,25;913654/EUR 2,56
22.12.1999;10/16/19/22/24/37;30;6;4/7/3/1/8/8/7;8/9/3/4/4/5;0/EUR 1.040.380,09;1/EUR 866.983,38;34/EUR 15.299,69;996/EUR 1.653,88;0/EUR 0,00;57455/EUR 25,62;69355/EUR 11,25;913654/EUR 2,56
25.12.1999;5/18/23/24/30/33;1;4;5/2/8/6/2/8/3;1/5/7/3/6/3;1/EUR 2.806.088,05;4/EUR 935.362,68;46/EUR 50.834,89;2246/EUR 2.706,93;5310/EUR 176,14;138948/EUR 37,02;144827/EUR 35,48;2398871/EUR 8,54
29.12.1999;5/18/23/32/34/35;30;4;6/3/1/1/6/8/5;1/2/8/2/5/7;0/EUR 2.105.121,76;1/EUR 887.284,73;27/EUR 19.717,41;1401/EUR 1.203,27;0/EUR 0,00;69814/EUR 21,58;83380/EUR 9,56;1112992/EUR 2,15
29.12.1999;4/13/19/25/32/49;47;6;6/3/1/1/6/8/5;1/2/8/2/5/7;0/EUR 2.105.121,76;1/EUR 887.284,73;27/EUR 19.717,41;1401/EUR 1.203,27;0/EUR 0,00;69814/EUR 21,58;83380/EUR 9,56;1112992/EUR 2,15
01.01.2000;1/2/12/30/40/47;41;0;8/2/9/5/0/0/8;5/0/0/3/9/5;1/EUR 2.917.648,67;5/EUR 778.039,60;29/EUR 83.840,47;1720/EUR 3.675,32;3865/EUR 251,61;104342/EUR 51,23;119165/EUR 44,84;1974005/EUR 10,79
05.01.2000;1/21/30/36/45/48;4;4;6/5/8/5/0/4/6;7/0/1/4/1/1;0/EUR 3.097.088,50;0/EUR 826.638,92;5/EUR 99.196,66;563/EUR 2.789,71;0/EUR 0,00;36679/EUR 38,30;46696/EUR 15,90;747867/EUR 2,97
05.01.2000;9/10/17/18/22/47;42;6;6/5/8/5/0/4/6;7/0/1/4/1/1;0/EUR 3.097.088,50;0/EUR 826.638,92;5/EUR 99.196,66;563/EUR 2.789,71;0/EUR 0,00;36679/EUR 38,30;46696/EUR 15,90;747867/EUR 2,97
08.01.2000;4/6/20/29/31/37;33;8;7/7/5/9/6/3/3;8/3/5/1/0/8;0/EUR 2.604.751,13;3/EUR 1.157.667,18;34/EUR 63.841,90;1476/EUR 3.823,59;3755/EUR 231,21;82630/EUR 57,78;128811/EUR 37,07;1647144/EUR 11,56
12.01.2000;5/10/21/26/31/34;28;5;2/7/9/6/8/7/7;1/1/4/0/5/6;0/EUR 4.122.360,69;3/EUR 560.344,10;10/EUR 51.263,61;1077/EUR 1.507,24;0/EUR 0,00;50830/EUR 28,53;58039/EUR 13,24;873925/EUR 2,61
12.01.2000;13/20/24/25/29/44;17;7;2/7/9/6/8/7/7;1/1/4/0/5/6;0/EUR 4.122.360,69;3/EUR 560.344,10;10/EUR 51.263,61;1077/EUR 1.507,24;0/EUR 0,00;50830/EUR 28,53;58039/EUR 13,24;873925/EUR 2,61
15.01.2000;22/31/32/33/35/38;14;8;9/2/2/3/9/1/6;5/2/5/2/6/1;0/EUR 5.226.377,04;8/EUR 436.937,62;13/EUR 168.052,90;2582/EUR 2.199,88;2652/EUR 329,48;112130/EUR 44,64;103137/EUR 44,64;1703264/EUR 11,25
19.01.2000;4/5/7/34/38/48;41;6;8/7/8/3/5/0/7;4/3/2/8/9/1;0/EUR 5.181.086,90;0/EUR 882.271,87;13/EUR 40.720,21;578/EUR 2.900,20;0/EUR 0,00;45747/EUR 32,77;56434/EUR 14,06;879877/EUR 2,66
19.01.2000;3/33/40/43/47/48;32;1;8/7/8/3/5/0/7;4/3/2/8/9/1;0/EUR 5.181.086,90;0/EUR 882.271,87;13/EUR 40.720,21;578/EUR 2.900,20;0/EUR 0,00;45747/EUR 32,77;56434/EUR 14,06;879877/EUR 2,66
22.01.2000;10/15/25/28/30/40;32;7;0/6/4/6/6/2/7;8/8/0/1/7/3;2/EUR 3.980.343,43;28/EUR 130.205,18;59/EUR 38.620,18;6237/EUR 949,83;5642/EUR 161,52;185641/EUR 30,12;146755/EUR 30,12;2157860/EUR 9,25
26.01.2000;3/4/21/36/38/46;31;2;4/0/3/8/8/1/0;6/1/0/8/5/7;1/EUR 6.304.005,92;5/EUR 363.607,52;19/EUR 29.550,47;955/EUR 1.861,72;0/EUR 0,00;55690/EUR 28,53;61613/EUR 13,65;927902/EUR 2,71
26.01.2000;4/10/16/31/38/46;8;1;4/0/3/8/8/1/0;6/1/0/8/5/7;1/EUR 6.304.005,92;5/EUR 363.607,52;19/EUR 29.550,47;955/EUR 1.861,72;0/EUR 0,00;55690/EUR 28,53;61613/EUR 13,65;927902/EUR 2,71
29.01.2000;19/21/30/34/41/45;16;0;4/2/3/1/3/1/7;7/3/6/7/0/0;2/EUR 1.297.132,27;5/EUR 691.803,84;46/EUR 46.997,54;1737/EUR 3.235,97;5537/EUR 156,15;100019/EUR 47,55;136663/EUR 34,77;1782434/EUR 10,63
02.02.2000;4/12/13/24/26/36;44;0;9/7/4/8/3/3/4;2/0/3/4/7/8;0/EUR 1.002.795,08;5/EUR 167.132,47;25/EUR 20.055,88;1155/EUR 1.374,66;0/EUR 0,00;56359/EUR 25,21;58215/EUR 12,88;954255/EUR 2,35
02.02.2000;7/8/13/14/15/28;45;9;9/7/4/8/3/3/4;2/0/3/4/7/8;0/EUR 1.002.795,08;5/EUR 167.132,47;25/EUR 20.055,88;1155/EUR 1.374,66;0/EUR 0,00;56359/EUR 25,21;58215/EUR 12,88;954255/EUR 2,35
05.02.2000;12/23/26/27/31/43;38;2;4/4/7/4/4/0/9;4/3/7/1/9/8;2/EUR 1.285.161,18;5/EUR 685.419,28;32/EUR 66.935,47;1637/EUR 3.401,93;5424/EUR 157,94;106317/EUR 44,28;161933/EUR 29,09;1987918/EUR 9,46
09.02.2000;7/30/31/35/40/42;14;7;4/5/5/4/6/3/0;7/0/7/4/6/2;0/EUR 1.988.177,50;1/EUR 821.152,04;33/EUR 14.930,03;1417/EUR 1.101,02;0/EUR 0,00;65553/EUR 21,27;97229/EUR 7,57;993310/EUR 2,20
09.02.2000;4/10/19/24/25/38;5;5;4/5/5/4/6/3/0;7/0/7/4/6/2;0/EUR 1.988.177,50;1/EUR 821.152,04;33/EUR 14.930,03;1417/EUR 1.101,02;0/EUR 0,00;65553/EUR 21,27;97229/EUR 7,57;993310/EUR 2,20
12.02.2000;4/11/20/24/33/48;46;7;0/7/8/8/9/5/2;3/0/7/5/5/1;2/EUR 1.273.040,35;25/EUR 135.790,94;109/EUR 19.465,44;4175/EUR 1.321,28;8483/EUR 100,01;143306/EUR 32,57;149525/EUR 31,19;2098138/EUR 8,90
16.02.2000;8/14/24/26/30/41;27;1;5/2/1/7/1/6/7;8/2/6/1/9/8;0/EUR 2.992.290,23;1/EUR 836.760,61;14/EUR 35.861,14;757/EUR 2.100,18;0/EUR 0,00;44855/EUR 31,70;60688/EUR 12,37;790934/EUR 2,81
16.02.2000;9/22/31/34/42/43;11;7;5/2/1/7/1/6/7;8/2/6/1/9/8;0/EUR 2.992.290,23;1/EUR 836.760,61;14/EUR 35.861,14;757/EUR 2.100,18;0/EUR 0,00;44855/EUR 31,70;60688/EUR 12,37;790934/EUR 2,81
19.02.2000;9/10/15/17/20/40;27;3;5/8/6/5/0/8/9;0/4/2/7/5/8;0/EUR 2.530.452,49;5/EUR 674.787,33;27/EUR 78.100,35;1462/EUR 3.750,07;4312/EUR 195,57;102417/EUR 45,25;138919/EUR 33,39;1913805/EUR 9,66
23.02.2000;6/11/19/23/37/44;22;6;1/3/4/5/6/1/5;8/2/0/6/0/2;2/EUR 2.012.980,32;4/EUR 215.348,01;21/EUR 24.611,19;1168/EUR 1.401,20;0/EUR 0,00;62337/EUR 23,47;66958/EUR 11,56;993861/EUR 2,30
23.02.2000;13/23/24/26/36/45;16;9;1/3/4/5/6/1/5;8/2/0/6/0/2;2/EUR 2.012.980,32;4/EUR 215.348,01;21/EUR 24.611,19;1168/EUR 1.401,20;0/EUR 0,00;62337/EUR 23,47;66958/EUR 11,56;993861/EUR 2,30
26.02.2000;3/5/11/27/32/36;43;7;1/0/4/4/1/5/3;2/6/6/0/0/4;0/EUR 5.089.393,91;8/EUR 426.490,24;55/EUR 38.771,83;2983/EUR 1.858,65;5702/EUR 149,55;144311/EUR 33,13;138597/EUR 33,13;2365470/EUR 7,93
01.03.2000;6/8/15/24/36/47;39;9;6/6/8/5/8/9/4;7/8/4/9/8/1;0/EUR 987.438,22;2/EUR 411.432,59;19/EUR 25.985,18;730/EUR 2.141,70;0/EUR 0,00;41404/EUR 33,75;52827/EUR 14,01;749025/EUR 2,97
01.03.2000;1/6/14/21/22/41;23;2;6/6/8/5/8/9/4;7/8/4/9/8/1;0/EUR 987.438,22;2/EUR 411.432,59;19/EUR 25.985,18;730/EUR 2.141,70;0/EUR 0,00;41404/EUR 33,75;52827/EUR 14,01;749025/EUR 2,97
04.03.2000;5/13/14/22/29/32;39;7;4/4/2/0/1/0/0;5/9/1/3/6/4;0/EUR 7.787.955,80;1/EUR 3.598.082,50;32/EUR 70.275,02;1627/EUR 3.593,61;4361/EUR 206,26;84995/EUR 58,19;124398/EUR 39,73;1667734/EUR 11,86
08.03.2000;10/13/22/28/30/45;2;8;0/7/2/4/1/6/4;2/3/7/6/2/5;2/EUR 979.427,97;1/EUR 809.514,73;16/EUR 30.356,78;644/EUR 2.388,30;0/EUR 0,00;40644/EUR 33,85;51308/EUR 14,16;760301/EUR 2,86
08.03.2000;14/15/19/21/28/34;47;6;0/7/2/4/1/6/4;2/3/7/6/2/5;2/EUR 979.427,97;1/EUR 809.514,73;16/EUR 30.356,78;644/EUR 2.388,30;0/EUR 0,00;40644/EUR 33,85;51308/EUR 14,16;760301/EUR 2,86
11.03.2000;7/12/26/42/44/49;34;7;3/6/1/0/3/7/1;7/4/4/0/6/6;1/EUR 10.682.260,73;5/EUR 771.814,63;74/EUR 32.593,48;2518/EUR 2.490,45;5945/EUR 162,23;137755/EUR 38,50;153255/EUR 34,61;2321525/EUR 9,10
15.03.2000;8/11/16/40/43/47;37;5;7/1/9/8/5/8/0;7/7/4/4/5/5;0/EUR 1.013.867,92;0/EUR 844.889,94;8/EUR 63.366,70;586/EUR 2.739,40;0/EUR 0,00;42974/EUR 33,39;54549/EUR 13,91;812089/EUR 2,76
15.03.2000;6/24/25/26/29/32;44;4;7/1/9/8/5/8/0;7/7/4/4/5/5;0/EUR 1.013.867,92;0/EUR 844.889,94;8/EUR 63.366,70;586/EUR 2.739,40;0/EUR 0,00;42974/EUR 33,39;54549/EUR 13,91;812089/EUR 2,76
18.03.2000;2/4/5/8/29/42;20;1;6/6/9/4/7/3/1;6/2/3/7/1/2;1/EUR 2.690.758,04;4/EUR 896.919,31;39/EUR 57.494,82;1437/EUR 4.057,00;4889/EUR 183,45;99127/EUR 49,75;134702/EUR 36,61;1845269/EUR 10,69
22.03.2000;1/8/9/10/28/38;39;0;5/1/8/3/7/3/6;1/4/9/2/9/5;0/EUR 1.995.511,06;1/EUR 1.662.925,92;30/EUR 16.360,68;983/EUR 1.581,12;0/EUR 0,00;54221/EUR 25,62;63407/EUR 11,61;894549/EUR 2,45
22.03.2000;7/8/10/18/37/40;28;8;5/1/8/3/7/3/6;1/4/9/2/9/5;0/EUR 1.995.511,06;1/EUR 1.662.925,92;30/EUR 16.360,68;983/EUR 1.581,12;0/EUR 0,00;54221/EUR 25,62;63407/EUR 11,61;894549/EUR 2,45
25.03.2000;20/33/36/38/39/43;41;8;8/8/3/5/6/8/6;3/6/8/9/1/9;0/EUR 2.526.186,94;2/EUR 1.684.124,59;31/EUR 67.908,20;1194/EUR 4.584,09;4353/EUR 193,42;81027/EUR 57,11;123775/EUR 37,38;1513270/EUR 12,22
29.03.2000;2/3/13/31/46/49;14;0;6/6/3/2/7/0/8;0/0/6/9/2/1;1/EUR 2.981.237,84;2/EUR 410.719,49;18/EUR 27.381,27;743/EUR 2.100,54;0/EUR 0,00;47250/EUR 29,55;54328/EUR 13,60;847611/EUR 2,61
29.03.2000;2/6/27/28/38/44;4;8;6/6/3/2/7/0/8;0/0/6/9/2/1;1/EUR 2.981.237,84;2/EUR 410.719,49;18/EUR 27.381,27;743/EUR 2.100,54;0/EUR 0,00;47250/EUR 29,55;54328/EUR 13,60;847611/EUR 2,61
01.04.2000;1/11/17/25/42/48;33;0;6/4/9/5/4/1/5;8/4/5/2/5/6;0/EUR 5.098.363,61;4/EUR 857.392,21;81/EUR 26.462,68;1848/EUR 3.015,70;7030/EUR 121,94;97678/EUR 48,27;220550/EUR 21,37;1834457/EUR 10,28
05.04.2000;10/15/19/38/44/49;32;0;1/4/1/8/5/0/3;3/0/0/4/5/8;4/EUR 668.496,03;7/EUR 318.331,45;59/EUR 22.660,87;2332/EUR 1.815,50;0/EUR 0,00;132064/EUR 28,68;177215/EUR 11,30;2273138/EUR 2,61
05.04.2000;9/27/38/43/48/49;11;2;1/4/1/8/5/0/3;3/0/0/4/5/8;4/EUR 668.496,03;7/EUR 318.331,45;59/EUR 22.660,87;2332/EUR 1.815,50;0/EUR 0,00;132064/EUR 28,68;177215/EUR 11,30;2273138/EUR 2,61
08.04.2000;5/16/22/41/44/45;31;4;3/5/9/3/5/2/3;3/3/1/6/7/7;1/EUR 7.751.433,46;2/EUR 1.768.713,23;36/EUR 61.413,62;1205/EUR 4.770,35;5616/EUR 157,43;74734/EUR 65,04;150799/EUR 32,21;1544483/EUR 12,58
12.04.2000;1/3/18/29/31/46;47;0;7/6/6/7/5/6/5;2/2/8/1/1/7;0/EUR 949.541,12;5/EUR 158.256,85;35/EUR 13.564,83;1345/EUR 1.117,79;0/EUR 0,00;63143/EUR 21,27;60215/EUR 11,81;970460/EUR 2,20
12.04.2000;13/17/19/25/33/35;40;9;7/6/6/7/5/6/5;2/2/8/1/1/7;0/EUR 949.541,12;5/EUR 158.256,85;35/EUR 13.564,83;1345/EUR 1.117,79;0/EUR 0,00;63143/EUR 21,27;60215/EUR 11,81;970460/EUR 2,20
15.04.2000;1/7/11/13/15/25;43;2;1/1/6/6/2/4/3;8/6/1/2/9/6;1/EUR 2.519.536,31;12/EUR 279.948,46;47/EUR 44.672,59;4209/EUR 1.296,94;9394/EUR 89,37;164019/EUR 28,12;185168/EUR 24,90;2335719/EUR 7,87
19.04.2000;11/14/18/38/40/45;21;1;4/8/2/4/4/2/8;1/9/6/5/2/5;0/EUR 1.901.712,62;3/EUR 264.492,06;31/EUR 15.357,57;646/EUR 2.333,74;0/EUR 0,00;44270/EUR 30,42;61111/EUR 11,66;809796/EUR 2,61
19.04.2000;4/5/17/25/28/47;38;0;4/8/2/4/4/2/8;1/9/6/5/2/5;0/EUR 1.901.712,62;3/EUR 264.492,06;31/EUR 15.357,57;646/EUR 2.333,74;0/EUR 0,00;44270/EUR 30,42;61111/EUR 11,66;809796/EUR 2,61
22.04.2000;15/16/21/25/32/33;30;3;6/0/0/4/5/6/0;4/5/9/3/9/8;0/EUR 2.462.732,45;7/EUR 469.091,89;38/EUR 54.007,25;1694/EUR 3.149,86;4007/EUR 204,82;88632/EUR 50,92;123757/EUR 36,46;1718506/EUR 10,48
26.04.2000;5/7/16/34/39/43;21;1;6/1/9/1/5/1/7;9/6/3/4/2/4;0/EUR 2.790.537,88;1/EUR 740.687,74;23/EUR 19.322,28;701/EUR 2.007,54;0/EUR 0,00;45258/EUR 27,81;57351/EUR 11,61;779338/EUR 2,56
26.04.2000;1/4/5/7/34/44;22;8;6/1/9/1/5/1/7;9/6/3/4/2/4;0/EUR 2.790.537,88;1/EUR 740.687,74;23/EUR 19.322,28;701/EUR 2.007,54;0/EUR 0,00;45258/EUR 27,81;57351/EUR 11,61;779338/EUR 2,56
29.04.2000;7/14/30/36/38/39;45;6;7/2/4/5/4/3/9;3/3/9/5/1/1;0/EUR 4.932.950,10;1/EUR 3.293.623,53;21/EUR 98.024,47;1123/EUR 4.765,91;2683/EUR 306,88;73551/EUR 61,56;87185/EUR 51,90;1510026/EUR 11,96
03.05.2000;6/14/15/25/26/41;23;1;0/4/9/9/5/9/1;3/4/8/0/2/6;2/EUR 1.857.825,94;1/EUR 770.928,35;17/EUR 27.209,22;999/EUR 1.466,18;0/EUR 0,00;43499/EUR 30,12;64999/EUR 10,63;731974/EUR 2,81
03.05.2000;30/32/33/44/45/47;17;5;0/4/9/9/5/9/1;3/4/8/0/2/6;2/EUR 1.857.825,94;1/EUR 770.928,35;17/EUR 27.209,22;999/EUR 1.466,18;0/EUR 0,00;43499/EUR 30,12;64999/EUR 10,63;731974/EUR 2,81
06.05.2000;4/9/16/34/38/40;45;6;1/7/7/7/1/6/5;5/3/3/5/5/8;1/EUR 7.486.523,22;5/EUR 680.952,79;34/EUR 62.587,55;2131/EUR 2.596,29;3946/EUR 215,66;107665/EUR 43,46;115049/EUR 40,65;1919918/EUR 9,71
10.05.2000;1/6/13/44/45/48;38;8;3/1/8/7/3/6/9;9/0/3/7/0/4;0/EUR 910.291,28;0/EUR 758.576,05;21/EUR 21.673,56;647/EUR 2.227,65;0/EUR 0,00;39008/EUR 33,03;54309/EUR 12,53;726965/EUR 2,81
10.05.2000;3/9/13/43/44/45;26;1;3/1/8/7/3/6/9;9/0/3/7/0/4;0/EUR 910.291,28;0/EUR 758.576,05;21/EUR 21.673,56;647/EUR 2.227,65;0/EUR 0,00;39008/EUR 33,03;54309/EUR 12,53;726965/EUR 2,81
13.05.2000;5/6/25/29/37/43;32;6;9/4/6/7/4/4/0;9/1/1/7/0/3;0/EUR 2.451.823,57;4/EUR 817.274,51;16/EUR 127.699,14;1200/EUR 4.426,87;3237/EUR 252,48;78945/EUR 56,91;110960/EUR 40,49;1627202/EUR 11,04
17.05.2000;1/23/26/28/35/46;48;6;2/5/4/8/7/5/0;3/0/6/6/4/3;0/EUR 1.854.924,81;2/EUR 772.885,32;14/EUR 33.736,88;493/EUR 3.033,80;0/EUR 0,00;34322/EUR 38,96;45095/EUR 15,70;673589/EUR 3,12
17.05.2000;9/14/16/31/45/49;48;1;2/5/4/8/7/5/0;3/0/6/6/4/3;0/EUR 1.854.924,81;2/EUR 772.885,32;14/EUR 33.736,88;493/EUR 3.033,80;0/EUR 0,00;34322/EUR 38,96;45095/EUR 15,70;673589/EUR 3,12
20.05.2000;19/31/32/36/40/49;45;9;4/4/3/4/9/9/2;9/6/8/0/4/1;0/EUR 4.943.547,96;1/EUR 3.322.299,23;50/EUR 41.528,71;1605/EUR 3.363,69;5805/EUR 143,06;107327/EUR 42,54;142108/EUR 32,11;1994314/EUR 9,15
24.05.2000;4/10/14/25/45/49;32;4;7/5/8/6/1/8/5;7/5/5/3/5/5;2/EUR 1.393.922,38;3/EUR 259.144,40;28/EUR 16.659,27;897/EUR 1.646,72;0/EUR 0,00;48492/EUR 27,25;57649/EUR 12,12;819049/EUR 2,56
24.05.2000;2/6/8/23/26/42;37;5;7/5/8/6/1/8/5;7/5/5/3/5/5;2/EUR 1.393.922,38;3/EUR 259.144,40;28/EUR 16.659,27;897/EUR 1.646,72;0/EUR 0,00;48492/EUR 27,25;57649/EUR 12,12;819049/EUR 2,56
27.05.2000;9/16/26/29/35/40;48;0;8/6/7/9/2/8/2;3/4/9/8/3/8;0/EUR 7.489.242,78;4/EUR 848.564,91;32/EUR 66.294,11;1723/EUR 3.201,20;3928/EUR 216,02;91489/EUR 50,98;111210/EUR 41,93;1708301/EUR 10,89
31.05.2000;5/13/37/39/43/47;42;4;9/7/7/6/6/7/8;8/8/5/5/5/1;0/EUR 939.815,53;2/EUR 391.589,76;9/EUR 52.211,95;1147/EUR 1.297,30;0/EUR 0,00;49244/EUR 27,00;64221/EUR 10,94;833191/EUR 2,51
31.05.2000;4/9/25/27/44/46;17;0;9/7/7/6/6/7/8;8/8/5/5/5/1;0/EUR 939.815,53;2/EUR 391.589,76;9/EUR 52.211,95;1147/EUR 1.297,30;0/EUR 0,00;49244/EUR 27,00;64221/EUR 10,94;833191/EUR 2,51
03.06.2000;9/21/25/27/39/40;6;7;1/0/2/5/1/0/4;3/3/4/2/4/7;1/EUR 10.165.391,83;10/EUR 356.819,87;55/EUR 40.547,70;2307/EUR 2.513,36;6845/EUR 130,28;127258/EUR 38,55;170590/EUR 28,73;2209082/EUR 8,85
07.06.2000;1/2/8/13/34/37;49;9;0/5/7/1/3/3/4;5/7/3/8/4/6;0/EUR 1.865.169,31;1/EUR 771.128,17;11/EUR 42.061,53;647/EUR 2.264,51;0/EUR 0,00;39742/EUR 32,98;61653/EUR 11,25;741398/EUR 2,76
07.06.2000;1/12/16/32/33/46;18;7;0/5/7/1/3/3/4;5/7/3/8/4/6;0/EUR 1.865.169,31;1/EUR 771.128,17;11/EUR 42.061,53;647/EUR 2.264,51;0/EUR 0,00;39742/EUR 32,98;61653/EUR 11,25;741398/EUR 2,76
10.06.2000;1/25/33/35/37/44;30;2;4/9/6/8/5/6/8;0/5/4/0/0/6;1/EUR 2.897.163,81;1/EUR 2.897.163,81;14/EUR 147.814,43;1087/EUR 4.949,77;3213/EUR 257,59;75386/EUR 60,38;109586/EUR 41,52;1629451/EUR 11,15
14.06.2000;3/4/6/15/31/43;29;6;1/5/9/8/7/3/8;3/7/6/5/8/8;0/EUR 2.753.974,48;2/EUR 370.335,46;8/EUR 55.550,28;579/EUR 2.430,48;0/EUR 0,00;36801/EUR 34,21;47467/EUR 14,01;698783/EUR 2,81
14.06.2000;15/22/23/39/45/47;26;3;1/5/9/8/7/3/8;3/7/6/5/8/8;0/EUR 2.753.974,48;2/EUR 370.335,46;8/EUR 55.550,28;579/EUR 2.430,48;0/EUR 0,00;36801/EUR 34,21;47467/EUR 14,01;698783/EUR 2,81
17.06.2000;24/28/32/40/46/49;39;7;8/6/4/8/2/6/0;1/7/3/7/2/2;2/EUR 1.219.123,24;11/EUR 295.545,01;40/EUR 50.796,80;2215/EUR 2.385,02;3642/EUR 223,13;111050/EUR 40,24;119285/EUR 37,43;1901049/EUR 9,36
21.06.2000;11/12/14/22/31/47;2;4;5/0/0/9/8/0/7;2/4/2/1/9/4;0/EUR 3.675.459,78;1/EUR 767.904,42;13/EUR 35.441,73;547/EUR 2.667,31;0/EUR 0,00;37537/EUR 34,77;52642/EUR 13,09;742309/EUR 2,76
21.06.2000;16/23/24/26/44/48;29;8;5/0/0/9/8/0/7;2/4/2/1/9/4;0/EUR 3.675.459,78;1/EUR 767.904,42;13/EUR 35.441,73;547/EUR 2.667,31;0/EUR 0,00;37537/EUR 34,77;52642/EUR 13,09;742309/EUR 2,76
24.06.2000;6/13/28/29/42/43;31;6;9/2/7/9/8/1/0;8/8/2/1/2/8;0/EUR 2.401.944,80;5/EUR 640.518,60;26/EUR 76.985,37;1526/EUR 3.410,32;3255/EUR 245,93;76367/EUR 57,62;101087/EUR 43,56;1393809/EUR 12,63
28.06.2000;1/5/11/20/22/30;29;6;2/3/1/3/1/0/6;4/8/7/1/4/6;1/EUR 4.641.524,47;3/EUR 268.351,29;29/EUR 16.656,25;953/EUR 1.605,00;0/EUR 0,00;51404/EUR 26,59;56478/EUR 12,78;869634/EUR 2,45
28.06.2000;21/23/27/28/33/48;47;0;2/3/1/3/1/0/6;4/8/7/1/4/6;1/EUR 4.641.524,47;3/EUR 268.351,29;29/EUR 16.656,25;953/EUR 1.605,00;0/EUR 0,00;51404/EUR 26,59;56478/EUR 12,78;869634/EUR 2,45
01.07.2000;16/18/24/29/36/44;25;9;4/9/6/9/6/7/8;2/3/7/3/8/0;1/EUR 4.878.873,88;13/EUR 254.044,01;21/EUR 98.290,80;1539/EUR 3.487,11;2974/EUR 277,58;81150/EUR 55,94;100487/EUR 45,15;1565870/EUR 11,56
05.07.2000;1/2/24/31/42/43;49;1;9/1/7/7/7/1/8;0/4/0/8/5/5;0/EUR 926.832,96;2/EUR 386.180,39;18/EUR 25.745,34;582/EUR 2.521,44;0/EUR 0,00;37395/EUR 35,07;50866/EUR 13,65;702811/EUR 2,97
05.07.2000;11/20/21/26/30/42;43;2;9/1/7/7/7/1/8;0/4/0/8/5/5;0/EUR 926.832,96;2/EUR 386.180,39;18/EUR 25.745,34;582/EUR 2.521,44;0/EUR 0,00;37395/EUR 35,07;50866/EUR 13,65;702811/EUR 2,97
08.07.2000;2/8/11/15/17/35;23;1;2/4/9/8/5/1/3;7/3/9/1/3/8;0/EUR 2.459.766,14;3/EUR 1.093.229,37;78/EUR 26.279,53;1816/EUR 2.934,71;6422/EUR 127,67;98516/EUR 45,76;160173/EUR 28,12;1737659/EUR 10,38
12.07.2000;19/25/27/44/45/48;35;9;1/7/3/6/8/1/8;9/6/3/5/0/3;1/EUR 1.849.040,00;1/EUR 768.505,85;35/EUR 13.174,36;700/EUR 2.085,92;0/EUR 0,00;42154/EUR 30,98;51231/EUR 13,50;723288/EUR 2,86
12.07.2000;20/23/40/41/42/43;21;3;1/7/3/6/8/1/8;9/6/3/5/0/3;1/EUR 1.849.040,00;1/EUR 768.505,85;35/EUR 13.174,36;700/EUR 2.085,92;0/EUR 0,00;42154/EUR 30,98;51231/EUR 13,50;723288/EUR 2,86
15.07.2000;3/9/24/28/31/38;22;6;3/5/7/1/1/8/1;6/4/5/9/2/7;1/EUR 4.936.904,89;7/EUR 471.835,95;35/EUR 58.979,46;2392/EUR 2.243,75;4553/EUR 181,36;138592/EUR 33,64;131292/EUR 33,64;2139901/EUR 8,49
19.07.2000;1/7/24/29/36/38;4;0;6/4/1/5/1/3/8;9/7/7/7/9/5;0/EUR 909.981,80;1/EUR 758.318,16;17/EUR 26.764,14;757/EUR 1.903,28;0/EUR 0,00;50528/EUR 25,46;52912/EUR 12,88;852428/EUR 2,35
19.07.2000;9/10/11/20/24/44;43;3;6/4/1/5/1/3/8;9/7/7/7/9/5;0/EUR 909.981,80;1/EUR 758.318,16;17/EUR 26.764,14;757/EUR 1.903,28;0/EUR 0,00;50528/EUR 25,46;52912/EUR 12,88;852428/EUR 2,35
22.07.2000;2/9/14/38/40/44;4;0;5/9/4/9/3/8/4;3/9/8/5/4/9;0/EUR 2.427.991,59;4/EUR 809.330,51;27/EUR 74.938,01;1262/EUR 4.168,46;3468/EUR 233,35;77103/EUR 57,72;121678/EUR 36,56;1567488/EUR 11,35
26.07.2000;7/9/26/27/35/39;43;9;8/9/2/7/1/4/9;5/5/1/4/6/4;0/EUR 1.816.974,02;1/EUR 755.826,84;15/EUR 30.233,05;791/EUR 1.815,50;0/EUR 0,00;48452/EUR 26,48;52178/EUR 12,99;849036/EUR 2,40
26.07.2000;1/3/8/16/23/45;36;3;8/9/2/7/1/4/9;5/5/1/4/6/4;0/EUR 1.816.974,02;1/EUR 755.826,84;15/EUR 30.233,05;791/EUR 1.815,50;0/EUR 0,00;48452/EUR 26,48;52178/EUR 12,99;849036/EUR 2,40
29.07.2000;5/13/27/28/32/33;45;9;4/0/5/6/0/9/4;6/5/5/8/9/7;0/EUR 4.884.191,88;3/EUR 1.091.644,57;37/EUR 55.319,79;1654/EUR 3.217,51;4878/EUR 167,81;102523/EUR 43,92;131782/EUR 34,15;1901646/EUR 9,46
02.08.2000;6/10/18/22/26/40;7;6;3/8/3/5/6/1/1;8/0/4/4/6/1;0/EUR 2.742.762,97;4/EUR 192.872,69;15/EUR 30.859,58;856/EUR 1.712,42;0/EUR 0,00;45317/EUR 28,94;54671/EUR 12,68;765381/EUR 2,71
02.08.2000;8/15/16/39/44/47;10;3;3/8/3/5/6/1/1;8/0/4/4/6/1;0/EUR 2.742.762,97;4/EUR 192.872,69;15/EUR 30.859,58;856/EUR 1.712,42;0/EUR 0,00;45317/EUR 28,94;54671/EUR 12,68;765381/EUR 2,71
05.08.2000;16/18/21/26/32/47;1;1;5/1/2/2/7/0/5;1/2/6/5/9/3;0/EUR 7.451.019,67;6/EUR 570.406,17;21/EUR 101.858,24;2028/EUR 2.742,31;3376/EUR 253,40;115091/EUR 42,59;105753/EUR 42,59;2053128/EUR 9,15
09.08.2000;2/17/30/33/35/47;43;5;8/7/9/0/6/0/1;7/4/7/9/6/5;0/EUR 3.688.403,70;2/EUR 394.016,96;15/EUR 31.521,35;948/EUR 1.579,38;0/EUR 0,00;51292/EUR 26,08;50493/EUR 14,01;798265/EUR 2,66
09.08.2000;1/3/23/45/47/48;40;8;8/7/9/0/6/0/1;7/4/7/9/6/5;0/EUR 3.688.403,70;2/EUR 394.016,96;15/EUR 31.521,35;948/EUR 1.579,38;0/EUR 0,00;51292/EUR 26,08;50493/EUR 14,01;798265/EUR 2,66
12.08.2000;16/19/26/32/38/39;5;2;0/9/2/8/4/4/4;2/6/3/8/7/2;1/EUR 10.239.773,24;7/EUR 531.191,16;63/EUR 36.888,23;3140/EUR 1.924,30;7975/EUR 116,52;156934/EUR 32,57;201188/EUR 25,41;2472454/EUR 8,23
16.08.2000;12/18/19/28/34/42;30;4;2/4/3/4/5/8/7;2/5/5/9/8/1;1/EUR 4.663.864,91;5/EUR 162.576,86;25/EUR 19.509,21;1032/EUR 1.496,55;0/EUR 0,00;53116/EUR 25,97;64222/EUR 11,35;878858/EUR 2,45
16.08.2000;4/16/25/26/46/48;18;6;2/4/3/4/5/8/7;2/5/5/9/8/1;1/EUR 4.663.864,91;5/EUR 162.576,86;25/EUR 19.509,21;1032/EUR 1.496,55;0/EUR 0,00;53116/EUR 25,97;64222/EUR 11,35;878858/EUR 2,45
19.08.2000;1/20/25/31/32/39;19;3;4/2/6/5/2/7/8;5/9/2/5/7/2;0/EUR 2.472.577,58;2/EUR 1.648.385,03;35/EUR 58.870,86;1020/EUR 5.252,19;4741/EUR 173,84;79246/EUR 57,16;157456/EUR 28,79;1699899/EUR 10,63
23.08.2000;8/14/21/29/38/46;33;8;4/6/8/2/4/6/5;7/3/2/3/4/4;0/EUR 908.135,22;5/EUR 151.355,84;17/EUR 26.709,84;656/EUR 2.191,86;0/EUR 0,00;34469/EUR 37,27;45257/EUR 15,03;652862/EUR 3,12
23.08.2000;20/24/27/36/37/42;22;7;4/6/8/2/4/6/5;7/3/2/3/4/4;0/EUR 908.135,22;5/EUR 151.355,84;17/EUR 26.709,84;656/EUR 2.191,86;0/EUR 0,00;34469/EUR 37,27;45257/EUR 15,03;652862/EUR 3,12
26.08.2000;1/4/27/28/43/46;19;6;8/5/2/8/2/0/6;0/8/3/2/5/1;1/EUR 4.967.291,43;9/EUR 369.587,23;33/EUR 62.997,81;1111/EUR 4.865,15;5391/EUR 154,21;65873/EUR 69,38;133581/EUR 34,21;1350817/EUR 13,50
30.08.2000;10/16/18/26/44/46;21;7;5/1/2/8/5/8/8;9/2/8/1/2/6;9/EUR 208.089,56;26/EUR 30.918,89;19/EUR 25.386,05;1685/EUR 906,42;0/EUR 0,00;49074/EUR 27,81;51885/EUR 13,91;829831/EUR 2,61
30.08.2000;4/9/14/38/40/44;1;8;5/1/2/8/5/8/8;9/2/8/1/2/6;9/EUR 208.089,56;26/EUR 30.918,89;19/EUR 25.386,05;1685/EUR 906,42;0/EUR 0,00;49074/EUR 27,81;51885/EUR 13,91;829831/EUR 2,61
02.09.2000;22/23/25/32/35/36;31;2;0/5/4/3/1/6/9;4/9/9/7/7/3;0/EUR 2.597.056,34;12/EUR 288.561,79;80/EUR 27.052,66;1820/EUR 3.091,73;4288/EUR 201,86;84536/EUR 56,29;119673/EUR 39,78;1640864/EUR 11,61
06.09.2000;10/20/27/29/30/43;15;9;0/0/3/1/3/3/5;6/7/1/4/3/1;0/EUR 922.339,67;6/EUR 128.102,70;14/EUR 32.940,70;759/EUR 1.924,04;0/EUR 0,00;43907/EUR 29,76;55987/EUR 12,32;742029/EUR 2,76
06.09.2000;2/9/20/21/29/35;26;3;0/0/3/1/3/3/5;6/7/1/4/3/1;0/EUR 922.339,67;6/EUR 128.102,70;14/EUR 32.940,70;759/EUR 1.924,04;0/EUR 0,00;43907/EUR 29,76;55987/EUR 12,32;742029/EUR 2,76
09.09.2000;16/29/39/40/41/47;17;6;6/8/6/0/2/2/3;0/9/9/4/1/8;0/EUR 5.112.261,75;2/EUR 1.676.803,61;33/EUR 63.515,29;1024/EUR 5.321,88;4544/EUR 184,47;77222/EUR 59,67;126051/EUR 36,56;1563468/EUR 11,76
13.09.2000;6/7/8/13/36/45;38;3;4/5/0/3/5/4/6;5/6/7/1/1/7;0/EUR 1.838.499,51;2/EUR 381.733,23;12/EUR 38.173,31;634/EUR 2.287,98;0/EUR 0,00;38903/EUR 33,34;48677/EUR 14,11;729765/EUR 2,81
13.09.2000;6/8/29/31/44/47;33;7;4/5/0/3/5/4/6;5/6/7/1/1/7;0/EUR 1.838.499,51;2/EUR 381.733,23;12/EUR 38.173,31;634/EUR 2.287,98;0/EUR 0,00;38903/EUR 33,34;48677/EUR 14,11;729765/EUR 2,81
16.09.2000;4/10/18/20/25/43;40;2;2/7/2/0/5/5/4;4/1/5/8/2/5;0/EUR 7.716.314,30;4/EUR 868.017,52;64/EUR 33.906,88;1790/EUR 3.152,01;6741/EUR 128,74;102208/EUR 46,68;188863/EUR 25,26;1937840/EUR 9,82
20.09.2000;6/20/22/29/40/46;30;9;0/2/7/6/1/7/5;9/6/4/4/1/7;1/EUR 2.756.403,16;1/EUR 764.919,70;32/EUR 14.342,20;771/EUR 1.884,98;0/EUR 0,00;40671/EUR 31,96;68093/EUR 10,07;680397/EUR 3,02
20.09.2000;12/17/21/25/36/42;32;5;0/2/7/6/1/7/5;9/6/4/4/1/7;1/EUR 2.756.403,16;1/EUR 764.919,70;32/EUR 14.342,20;771/EUR 1.884,98;0/EUR 0,00;40671/EUR 31,96;68093/EUR 10,07;680397/EUR 3,02
23.09.2000;9/18/26/35/39/45;29;3;3/7/7/4/5/0/9;8/4/4/9/6/0;4/EUR 2.616.280,81;10/EUR 366.507,83;81/EUR 28.279,91;2877/EUR 2.070,12;6827/EUR 134,16;128347/EUR 39,22;160298/EUR 31,39;2110511/EUR 9,51
27.09.2000;4/16/19/20/29/49;3;8;4/4/7/4/6/1/9;3/7/8/5/0/7;1/EUR 889.702,68;5/EUR 148.283,75;15/EUR 29.656,72;764/EUR 1.843,82;0/EUR 0,00;46156/EUR 27,30;56487/EUR 11,81;787225/EUR 2,51
27.09.2000;7/13/14/22/28/41;16;6;4/4/7/4/6/1/9;3/7/8/5/0/7;1/EUR 889.702,68;5/EUR 148.283,75;15/EUR 29.656,72;764/EUR 1.843,82;0/EUR 0,00;46156/EUR 27,30;56487/EUR 11,81;787225/EUR 2,51
30.09.2000;1/2/7/10/11/35;31;3;2/1/1/2/4/6/7;6/5/0/4/6/1;1/EUR 2.497.979,48;7/EUR 475.805,62;55/EUR 37.848,13;2738/EUR 1.976,71;6140/EUR 135,59;128890/EUR 35,48;158462/EUR 28,89;2056327/EUR 8,90
04.10.2000;2/16/25/27/35/41;12;1;3/5/4/3/4/6/5;9/6/2/4/4/8;1/EUR 856.650,37;2/EUR 356.937,62;17/EUR 25.195,59;738/EUR 1.837,89;0/EUR 0,00;41056/EUR 29,55;54171/EUR 11,81;686843/EUR 2,76
04.10.2000;15/26/30/38/44/47;29;8;3/5/4/3/4/6/5;9/6/2/4/4/8;1/EUR 856.650,37;2/EUR 356.937,62;17/EUR 25.195,59;738/EUR 1.837,89;0/EUR 0,00;41056/EUR 29,55;54171/EUR 11,81;686843/EUR 2,76
07.10.2000;1/3/26/32/38/48;27;7;8/1/2/6/1/3/9;0/6/6/7/5/7;2/EUR 1.287.403,86;11/EUR 312.097,88;48/EUR 44.701,48;5468/EUR 1.020,23;5200/EUR 165,05;169161/EUR 29,86;146661/EUR 29,86;2134209/EUR 8,85
11.10.2000;3/5/14/39/40/48;1;4;0/6/8/1/1/1/2;6/1/5/2/5/6;0/EUR 893.737,08;1/EUR 744.780,89;20/EUR 22.343,40;626/EUR 2.260,47;0/EUR 0,00;40851/EUR 30,98;53189/EUR 12,58;754319/EUR 2,66
11.10.2000;9/10/18/22/33/35;47;1;0/6/8/1/1/1/2;6/1/5/2/5/6;0/EUR 893.737,08;1/EUR 744.780,89;20/EUR 22.343,40;626/EUR 2.260,47;0/EUR 0,00;40851/EUR 30,98;53189/EUR 12,58;754319/EUR 2,66
14.10.2000;2/26/37/38/39/47;11;2;9/7/6/1/8/1/0;6/6/2/9/3/9;1/EUR 5.961.959,94;0/EUR 0,00;50/EUR 42.585,40;1594/EUR 3.473,05;6801/EUR 125,22;102575/EUR 45,66;172594/EUR 27,10;1816403/EUR 10,28
18.10.2000;3/14/15/33/38/45;11;1;4/4/2/0/1/6/8;1/3/0/2/6/8;1/EUR 1.789.929,44;1/EUR 746.826,97;14/EUR 32.006,82;677/EUR 2.095,94;0/EUR 0,00;37450/EUR 33,90;51527/EUR 13,04;679448/EUR 2,97
18.10.2000;5/14/24/26/29/35;40;4;4/4/2/0/1/6/8;1/3/0/2/6/8;1/EUR 1.789.929,44;1/EUR 746.826,97;14/EUR 32.006,82;677/EUR 2.095,94;0/EUR 0,00;37450/EUR 33,90;51527/EUR 13,04;679448/EUR 2,97
21.10.2000;10/21/24/30/32/33;29;2;3/6/4/2/9/7/8;8/1/1/1/5/8;1/EUR 2.461.812,58;5/EUR 656.483,33;23/EUR 89.196,10;1921/EUR 2.776,62;3375/EUR 243,12;120693/EUR 38,76;112152/EUR 38,76;2157672/EUR 8,33
25.10.2000;1/16/22/31/41/45;38;4;8/7/7/7/6/4/3;4/5/5/7/6/7;0/EUR 881.777,71;1/EUR 734.814,73;14/EUR 31.492,05;670/EUR 2.083,77;0/EUR 0,00;38072/EUR 32,77;54020/EUR 12,22;689886/EUR 2,86
25.10.2000;10/16/33/34/39/41;32;2;8/7/7/7/6/4/3;4/5/5/7/6/7;0/EUR 881.777,71;1/EUR 734.814,73;14/EUR 31.492,05;670/EUR 2.083,77;0/EUR 0,00;38072/EUR 32,77;54020/EUR 12,22;689886/EUR 2,86
28.10.2000;5/11/13/29/35/49;47;8;8/1/7/2/3/9/0;4/1/0/0/4/8;2/EUR 1.223.726,96;9/EUR 362.585,76;98/EUR 20.811,68;1882/EUR 2.817,63;4364/EUR 186,93;95976/EUR 46,73;114209/EUR 39,27;1742383/EUR 10,28
01.11.2000;6/8/9/31/37/48;18;9;8/7/2/1/0/0/8;6/8/9/6/4/7;0/EUR 1.774.926,14;1/EUR 744.290,35;15/EUR 29.771,61;502/EUR 2.817,01;0/EUR 0,00;36684/EUR 34,46;63012/EUR 10,58;691517/EUR 2,86
01.11.2000;8/22/26/30/43/44;3;8;8/7/2/1/0/0/8;6/8/9/6/4/7;0/EUR 1.774.926,14;1/EUR 744.290,35;15/EUR 29.771,61;502/EUR 2.817,01;0/EUR 0,00;36684/EUR 34,46;63012/EUR 10,58;691517/EUR 2,86
04.11.2000;17/22/37/43/46/48;26;3;7/2/7/1/7/5/5;3/7/7/0/1/5;2/EUR 1.238.325,52;5/EUR 660.440,27;43/EUR 47.997,07;1295/EUR 4.143,66;4820/EUR 171,23;79561/EUR 57,06;128145/EUR 35,43;1511927/EUR 11,96
08.11.2000;1/5/9/12/15/46;22;5;3/5/4/3/1/2/0;1/3/5/1/4/7;0/EUR 2.693.857,75;2/EUR 382.888,13;21/EUR 21.879,30;902/EUR 1.613,02;0/EUR 0,00;50414/EUR 25,82;71499/EUR 9,61;849652/EUR 2,40
08.11.2000;2/3/9/28/32/38;26;9;3/5/4/3/1/2/0;1/3/5/1/4/7;0/EUR 2.693.857,75;2/EUR 382.888,13;21/EUR 21.879,30;902/EUR 1.613,02;0/EUR 0,00;50414/EUR 25,82;71499/EUR 9,61;849652/EUR 2,40
11.11.2000;24/26/27/39/41/49;33;6;7/8/1/4/1/4/9;4/4/8/8/3/6;1/EUR 2.446.875,39;3/EUR 1.087.500,14;54/EUR 37.760,39;1989/EUR 2.665,42;5150/EUR 158,35;105422/EUR 42,54;146345/EUR 30,63;1850153/EUR 9,66
15.11.2000;3/7/8/26/45/47;10;6;8/3/1/8/4/3/6;2/0/2/5/7/8;2/EUR 1.821.196,22;2/EUR 395.222,80;15/EUR 31.617,78;748/EUR 2.007,79;0/EUR 0,00;46886/EUR 28,63;63243/EUR 11,25;831407/EUR 2,56
15.11.2000;2/3/24/26/37/46;47;9;8/3/1/8/4/3/6;2/0/2/5/7/8;2/EUR 1.821.196,22;2/EUR 395.222,80;15/EUR 31.617,78;748/EUR 2.007,79;0/EUR 0,00;46886/EUR 28,63;63243/EUR 11,25;831407/EUR 2,56
18.11.2000;1/6/8/23/37/47;49;9;9/5/4/3/1/4/7;2/8/2/7/3/2;0/EUR 2.446.152,68;4/EUR 815.384,21;42/EUR 48.534,74;1371/EUR 3.865,78;3906/EUR 208,71;81030/EUR 55,32;115009/EUR 38,96;1591675/EUR 11,25
22.11.2000;3/17/28/34/42/47;29;4;8/1/9/4/3/8/0;6/0/3/5/6/0;1/EUR 897.163,40;1/EUR 747.636,14;10/EUR 44.858,14;921/EUR 1.542,31;0/EUR 0,00;46886/EUR 27,10;50376/EUR 13,34;782905/EUR 2,56
22.11.2000;9/12/32/38/42/47;10;2;8/1/9/4/3/8/0;6/0/3/5/6/0;1/EUR 897.163,40;1/EUR 747.636,14;10/EUR 44.858,14;921/EUR 1.542,31;0/EUR 0,00;46886/EUR 27,10;50376/EUR 13,34;782905/EUR 2,56
25.11.2000;4/10/14/37/43/48;12;2;8/3/9/4/6/3/6;7/1/3/7/3/1;0/EUR 4.901.296,12;4/EUR 818.381,15;17/EUR 120.350,13;1073/EUR 4.957,54;2787/EUR 293,63;67173/EUR 66,98;100670/EUR 44,69;1387149/EUR 12,94
29.11.2000;15/24/33/41/46/49;39;1;1/6/5/4/0/7/7;8/9/0/9/2/8;1/EUR 905.721,51;1/EUR 754.767,95;18/EUR 25.158,88;725/EUR 1.977,98;0/EUR 0,00;40518/EUR 31,65;58147/EUR 11,66;711828/EUR 2,81
29.11.2000;3/8/25/36/40/48;38;9;1/6/5/4/0/7/7;8/9/0/9/2/8;1/EUR 905.721,51;1/EUR 754.767,95;18/EUR 25.158,88;725/EUR 1.977,98;0/EUR 0,00;40518/EUR 31,65;58147/EUR 11,66;711828/EUR 2,81
02.12.2000;4/32/42/43/45/46;35;5;2/7/9/8/0/7/0;0/8/3/8/0/7;1/EUR 7.515.202,45;2/EUR 1.742.604,21;40/EUR 54.456,37;1289/EUR 4.393,68;3691/EUR 236,01;93365/EUR 51,28;111089/EUR 43,10;1704383/EUR 11,20
06.12.2000;8/9/29/30/33/43;16;8;3/7/7/1/0/8/2;0/3/6/1/2/2;0/EUR 663.499,38;2/EUR 442.332,92;8/EUR 69.114,49;344/EUR 4.178,99;992/EUR 222,92;20311/EUR 59,87;30690/EUR 39,63;426811/EUR 11,35
09.12.2000;4/11/15/26/33/40;30;0;3/3/6/9/3/9/2;7/2/8/2/2/9;1/EUR 3.240.465,12;14/EUR 245.425,27;57/EUR 37.674,90;2834/EUR 1.970,11;5831/EUR 147,30;102175/EUR 46,22;154588/EUR 30,52;1831132/EUR 10,28
13.12.2000;5/15/17/23/26/37;19;9;3/5/7/6/8/5/6;3/2/4/7/0/5;0/EUR 638.892,08;0/EUR 851.856,14;7/EUR 76.058,55;518/EUR 2.672,32;1294/EUR 164,53;28801/EUR 40,65;40342/EUR 28,99;485723/EUR 9,61
16.12.2000;11/24/27/31/40/48;42;7;8/1/3/7/8/1/8;2/0/3/3/5/3;2/EUR 1.559.548,38;12/EUR 346.566,27;68/EUR 30.394,62;2931/EUR 1.833,39;5847/EUR 141,37;133132/EUR 34,15;134646/EUR 33,75;2081493/EUR 8,69
20.12.2000;6/7/24/26/35/38;25;3;6/7/7/8/8/1/6;5/0/9/5/8/9;0/EUR 658.785,68;3/EUR 292.793,65;15/EUR 36.599,19;484/EUR 2.949,08;1295/EUR 169,54;26753/EUR 45,10;39206/EUR 30,78;510491/EUR 9,46
23.12.2000;11/13/18/20/28/33;2;3;2/6/4/0/2/5/3;9/9/1/0/8/6;2/EUR 1.648.871,37;4/EUR 879.652,37;33/EUR 66.640,30;1536/EUR 3.722,46;4783/EUR 183,91;95968/EUR 50,41;148049/EUR 32,67;1892124/EUR 10,23
27.12.2000;11/13/24/27/41/48;42;0;7/5/7/4/4/0/5;1/7/6/0/2/5;0/EUR 609.885,83;1/EUR 813.181,10;17/EUR 29.896,36;709/EUR 1.863,76;1398/EUR 145,41;35818/EUR 33,64;30624/EUR 33,64;507039/EUR 8,79
30.12.2000;2/5/7/17/27/47;46;4;8/1/4/4/0/8/6;1/0/9/3/0/9;6/EUR 536.435,94;36/EUR 96.619,59;53/EUR 41.017,73;8171/EUR 691,73;5941/EUR 146,33;227720/EUR 27,20;123692/EUR 27,20;2384838/EUR 7,98
03.01.2001;13/19/21/34/36/46;38;2;5/5/0/1/7/9/1;6/8/5/2/5/8;0/EUR 622.791,55;3/EUR 276.796,25;6/EUR 86.498,83;351/EUR 3.844,35;1007/EUR 206,15;20891/EUR 54,61;30303/EUR 37,63;401649/EUR 11,35
06.01.2001;8/12/17/26/37/42;31;6;8/2/5/1/3/4/4;6/8/2/1/6/0;2/EUR 1.500.235,86;20/EUR 158.511,99;113/EUR 17.534,50;3009/EUR 1.712,06;8303/EUR 95,41;114338/EUR 38,09;171345/EUR 25,41;1816828/EUR 9,56
10.01.2001;3/4/15/24/27/28;38;2;0/7/7/6/7/6/5;3/2/7/6/1/6;0/EUR 636.722,67;0/EUR 848.963,56;10/EUR 53.060,18;496/EUR 2.781,38;1167/EUR 181,87;24604/EUR 47,40;36445/EUR 32,01;464246/EUR 10,02
13.01.2001;4/6/28/31/37/46;10;4;9/3/4/6/9/7/7;3/6/7/1/3/5;1/EUR 3.074.005,51;3/EUR 1.366.224,67;34/EUR 59.737,30;1289/EUR 4.096,78;4945/EUR 164,28;80375/EUR 55,58;143730/EUR 31,09;1550247/EUR 11,50
17.01.2001;11/12/20/43/45/49;22;4;0/6/1/7/4/0/3;9/1/5/7/4/6;0/EUR 639.933,79;1/EUR 853.245,07;7/EUR 76.182,59;248/EUR 5.590,77;744/EUR 286,68;17069/EUR 68,72;24798/EUR 47,29;378067/EUR 12,37
20.01.2001;1/3/28/47/48/49;26;2;4/7/3/3/5/4/9;6/2/4/8/1/5;0/EUR 3.044.440,72;1/EUR 3.206.009,21;67/EUR 29.906,79;14573/EUR 357,44;4713/EUR 170,06;100973/EUR 43,61;122710/EUR 35,89;1619320/EUR 10,84
24.01.2001;6/7/9/18/38/46;31;9;3/6/8/1/9/6/4;4/8/5/5/7/7;0/EUR 3.717.076,69;2/EUR 448.423,94;11/EUR 50.957,24;541/EUR 2.693,84;1683/EUR 133,19;32149/EUR 38,35;43454/EUR 28,38;564828/EUR 8,69
27.01.2001;2/12/13/38/40/43;16;4;6/1/8/3/4/8/3;6/8/6/1/2/8;0/EUR 6.170.734,47;4/EUR 817.885,91;31/EUR 65.958,49;1155/EUR 4.602,80;4083/EUR 200,27;74250/EUR 60,54;121702/EUR 36,92;1557571/EUR 11,50
31.01.2001;14/16/19/24/30/33;28;3;3/5/7/5/1/0/0;2/8/9/9/1/1;0/EUR 6.925.107,19;6/EUR 167.638,34;23/EUR 27.332,33;897/EUR 1.822,14;1744/EUR 144,18;35460/EUR 38,96;37742/EUR 36,61;584545/EUR 9,46
03.02.2001;3/12/15/28/35/37;47;2;5/9/6/3/1/3/1;8/4/8/1/8/8;0/EUR 9.545.404,25;5/EUR 698.745,85;59/EUR 37.009,81;2206/EUR 2.573,54;5136/EUR 170,06;101698/EUR 47,19;124108/EUR 38,70;1750374/EUR 10,94
07.02.2001;1/5/10/26/31/40;28;8;6/6/0/6/6/5/5;8/9/1/6/6/2;2/EUR 5.285.757,71;9/EUR 152.016,43;32/EUR 26.721,60;1836/EUR 1.210,89;2523/EUR 135,54;65374/EUR 30,37;58343/EUR 30,37;947216/EUR 7,93
10.02.2001;32/34/39/41/42/44;49;0;1/2/8/5/0/7/6;8/2/9/3/7/6;3/EUR 841.314,68;39/EUR 86.288,69;133/EUR 15.814,16;3913/EUR 1.397,51;7921/EUR 106,20;117711/EUR 39,27;146287/EUR 31,60;1787938/EUR 10,33
14.02.2001;2/25/26/31/34/48;23;6;5/8/8/6/7/5/3;8/6/9/5/0/8;0/EUR 694.539,91;2/EUR 463.026,59;12/EUR 48.231,90;353/EUR 4.262,95;1131/EUR 204,67;24473/EUR 52,00;36580/EUR 34,77;502088/EUR 10,12
17.02.2001;12/13/16/21/33/49;5;9;3/9/8/4/7/3/8;0/8/0/6/3/5;2/EUR 1.589.445,66;2/EUR 1.589.445,66;31/EUR 65.244,73;1189/EUR 4.422,78;4786/EUR 169,03;83965/EUR 52,97;142856/EUR 31,14;1696458/EUR 10,48
21.02.2001;4/5/10/22/25/26;24;4;0/1/5/8/4/0/5;6/9/2/5/0/0;0/EUR 667.774,76;2/EUR 445.183,17;23/EUR 24.194,69;727/EUR 1.990,15;2332/EUR 95,41;34626/EUR 35,33;52874/EUR 23,11;575515/EUR 8,49
24.02.2001;4/21/23/29/47/48;16;9;4/2/5/8/7/1/8;4/7/7/3/5/6;0/EUR 3.049.730,86;1/EUR 3.175.941,52;22/EUR 90.225,58;1019/EUR 5.064,65;3026/EUR 262,34;64458/EUR 67,75;96725/EUR 45,15;1370698/EUR 12,73
28.02.2001;16/23/30/33/38/49;7;0;8/7/3/0/4/5/9;7/0/5/8/6/4;0/EUR 3.740.338,63;0/EUR 920.810,40;18/EUR 31.972,56;430/EUR 3.479,80;1362/EUR 168,98;26399/EUR 47,96;37375/EUR 33,85;502261/EUR 10,07
03.03.2001;9/34/41/42/43/46;19;2;0/8/4/3/2/4/3;7/0/9/9/0/3;0/EUR 6.232.562,90;3/EUR 1.414.592,01;22/EUR 94.402,43;952/EUR 5.672,07;4363/EUR 190,41;78822/EUR 57,93;143830/EUR 31,75;1519271/EUR 12,02
05.03.2001;7/13/15/28/33/39;18;5;3/3/1/0/3/0/2;1/8/3/4/4/7;0/EUR 0,00;8/EUR 369.637,80;39/EUR 32.394,30;1508/EUR 2.178,20;3728/EUR 135,50;69657/EUR 36,20;95139/EUR 21,20;1176610/EUR 9,40
07.03.2001;1/6/17/29/32/44;48;6;8/3/1/6/6/1/1;4/2/8/8/1/1;0/EUR 7.064.605,51;7/EUR 158.484,28;20/EUR 34.668,40;723/EUR 2.493,42;1654/EUR 167,65;37639/EUR 40,49;39438/EUR 38,65;604535/EUR 10,07
10.03.2001;10/15/21/25/38/48;14;7;7/5/8/9/2/9/3;7/8/5/8/7/8;2/EUR 4.870.179,82;10/EUR 356.767,20;46/EUR 48.473,79;2575/EUR 2.251,42;3902/EUR 228,55;110655/EUR 44,58;109244/EUR 44,58;1971504/EUR 9,92
14.03.2001;22/26/32/38/39/45;37;4;7/6/0/7/6/0/8;9/6/3/0/1/4;0/EUR 690.443,39;2/EUR 460.295,58;12/EUR 47.947,42;513/EUR 2.916,10;1271/EUR 181,05;27286/EUR 46,37;38520/EUR 32,82;507997/EUR 9,92
17.03.2001;5/25/33/41/44/49;1;5;7/2/7/5/1/8/4;7/6/7/3/0/4;0/EUR 3.104.897,92;6/EUR 536.545,46;44/EUR 45.728,26;2236/EUR 2.339,57;7485/EUR 107,47;134174/EUR 32,98;179784/EUR 24,59;1795272/EUR 9,82
21.03.2001;11/22/26/28/45/49;33;9;1/5/0/4/4/3/3;8/6/2/7/1/8;0/EUR 3.802.886,75;0/EUR 930.651,79;11/EUR 52.877,91;422/EUR 3.583,64;1191/EUR 195,31;22638/EUR 56,50;37019/EUR 34,56;440898/EUR 11,61
24.03.2001;9/11/30/36/45/49;25;2;4/0/0/9/5/6/5;4/4/2/0/8/2;0/EUR 6.259.778,66;8/EUR 525.813,44;49/EUR 41.783,85;1414/EUR 3.764,64;5769/EUR 141,93;93594/EUR 48,11;155056/EUR 29,04;1706288/EUR 10,53
28.03.2001;14/19/24/25/31/41;46;9;7/5/7/1/1/8/3;3/1/2/6/8/5;0/EUR 7.036.114,28;1/EUR 1.035.114,15;11/EUR 58.813,29;621/EUR 2.708,62;1541/EUR 167,91;33502/EUR 42,44;40950/EUR 34,72;641439/EUR 8,85
31.03.2001;2/10/14/15/28/44;13;0;9/2/3/9/1/5/0;9/1/9/6/2/4;0/EUR 9.624.769,38;0/EUR 3.451.540,16;8/EUR 269.651,55;1298/EUR 4.321,03;2772/EUR 311,27;77908/EUR 60,89;99956/EUR 47,45;1517524/EUR 12,48
04.04.2001;4/12/21/22/24/31;34;6;1/4/3/4/5/1/2;3/4/2/1/7/1;0/EUR 11.436.875,75;4/EUR 1.466.920,49;37/EUR 40.813,16;1408/EUR 2.788,48;3568/EUR 169,29;75399/EUR 44,02;96105/EUR 34,56;1350316/EUR 9,82
07.04.2001;3/9/33/36/37/38;32;3;8/1/8/7/7/0/6;6/1/7/3/9/2;2/EUR 7.314.906,25;5/EUR 851.449,77;92/EUR 28.921,48;2160/EUR 3.202,78;12248/EUR 86,87;135952/EUR 43,05;242917/EUR 24,08;2512402/EUR 9,31
11.04.2001;4/12/24/28/33/36;35;2;1/5/0/2/4/1/1;4/7/5/0/3/5;1/EUR 746.515,49;3/EUR 331.784,66;12/EUR 51.841,32;953/EUR 1.697,18;1362/EUR 182,68;40546/EUR 35,89;35702/EUR 35,89;610025/EUR 8,95
14.04.2001;2/9/11/21/24/42;32;7;1/2/5/5/0/7/7;0/3/8/9/3/5;1/EUR 2.442.700,13;9/EUR 361.881,50;82/EUR 24.824,14;2364/EUR 2.238,79;7537/EUR 107,98;119411/EUR 37,48;184149/EUR 24,29;1982912/EUR 9,00
18.04.2001;1/6/17/19/29/48;47;6;4/8/4/8/3/1/6;9/0/7/7/7/5;0/EUR 662.698,70;1/EUR 883.598,27;10/EUR 55.224,89;718/EUR 1.999,76;1192/EUR 185,29;31730/EUR 38,24;32155/EUR 37,73;513356/EUR 9,46
21.04.2001;2/7/18/25/27/48;39;8;5/0/8/0/2/2/3;4/9/9/1/9/4;1/EUR 3.047.016,87;6/EUR 529.848,45;86/EUR 23.103,85;2115/EUR 2.442,54;7170/EUR 110,80;109433/EUR 39,93;175268/EUR 24,90;1958748/EUR 8,90
25.04.2001;9/13/20/26/31/42;4;8;7/9/7/9/5/6/0;2/9/8/7/4/0;0/EUR 668.089,76;1/EUR 890.786,37;13/EUR 42.826,27;615/EUR 2.353,68;1979/EUR 112,48;29115/EUR 42,03;43417/EUR 28,17;501294/EUR 9,77
28.04.2001;3/7/14/33/35/38;11;3;7/5/6/5/5/2/9;6/6/0/3/8/7;0/EUR 3.059.439,16;7/EUR 455.495,11;53/EUR 37.599,79;2016/EUR 2.570,06;5836/EUR 136,57;104026/EUR 42,13;162254/EUR 27,00;1903241/EUR 9,20
02.05.2001;2/12/14/24/31/44;43;1;9/1/5/0/4/5/5;8/4/6/9/2/0;0/EUR 3.712.335,53;0/EUR 870.528,52;10/EUR 54.408,00;548/EUR 2.581,36;973/EUR 223,64;26708/EUR 44,79;27093/EUR 44,18;485638/EUR 9,82
05.05.2001;29/36/41/42/44/49;11;5;0/9/6/5/0/2/8;0/6/8/2/0/5;3/EUR 2.047.725,36;5/EUR 822.329,85;32/EUR 63.303,10;1841/EUR 2.860,83;2863/EUR 283,00;89090/EUR 50,00;100502/EUR 44,33;1441222/EUR 12,32
09.05.2001;4/16/17/26/30/36;21;3;7/5/3/8/0/6/0;6/6/5/7/5/5;0/EUR 674.848,58;3/EUR 299.932,71;15/EUR 37.491,55;467/EUR 3.130,95;1237/EUR 181,82;27947/EUR 44,23;33956/EUR 36,40;504227/EUR 9,77
12.05.2001;1/7/28/29/31/46;16;9;8/5/2/6/3/2/5;6/8/2/5/0/8;0/EUR 3.029.118,23;2/EUR 1.569.513,10;32/EUR 61.309,06;1551/EUR 3.288,78;4103/EUR 191,22;82840/EUR 52,10;112475/EUR 38,35;1553287/EUR 11,10
16.05.2001;2/16/19/23/33/35;24;7;1/5/7/6/6/6/3;8/6/1/4/7/0;0/EUR 2.929.307,66;6/EUR 503.696,74;27/EUR 69.957,87;1516/EUR 3.239,44;2957/EUR 255,49;79593/EUR 52,20;89181/EUR 46,58;1435110/EUR 11,56
19.05.2001;1/9/10/11/15/34;48;1;7/3/9/2/8/5/9;8/3/1/5/9/0;2/EUR 3.103.601,54;3/EUR 1.075.537,60;20/EUR 100.831,62;1567/EUR 3.346,00;3073/EUR 262,45;94259/EUR 47,04;97194/EUR 45,61;1739805/EUR 10,17
23.05.2001;13/15/31/40/44/46;2;2;9/1/6/6/8/3/4;7/6/4/6/0/3;0/EUR 3.787.243,52;1/EUR 1.010.833,76;12/EUR 52.647,57;555/EUR 2.959,61;1419/EUR 178,08;31668/EUR 43,87;45572/EUR 30,47;566075/EUR 9,82
26.05.2001;2/8/13/22/42/43;14;1;8/5/7/5/3/0/2;4/0/3/2/8/5;0/EUR 662.672,32;2/EUR 441.781,55;10/EUR 55.222,69;401/EUR 3.580,47;1027/EUR 215,05;21956/EUR 55,32;28074/EUR 43,26;411866/EUR 11,76
30.05.2001;16/26/27/35/47/48;42;3;6/7/5/1/4/4/0;8/9/0/6/1/8;0/EUR 3.593.946,87;1/EUR 886.185,66;10/EUR 55.386,56;344/EUR 4.186,15;955/EUR 231,97;21315/EUR 57,16;28708/EUR 42,44;432318/EUR 11,25
02.06.2001;8/13/23/34/35/39;7;1;9/7/3/4/2/7/9;2/1/8/8/7/9;0/EUR 6.029.614,95;0/EUR 3.247.557,46;34/EUR 59.697,72;1666/EUR 3.167,61;4564/EUR 177,88;90461/EUR 49,34;132346/EUR 33,69;1593782/EUR 11,20
06.06.2001;8/9/26/34/42/47;28;6;3/2/9/4/1/4/3;9/9/0/5/9/0;2/EUR 9.224.294,85;3/EUR 1.712.498,53;68/EUR 47.219,59;2284/EUR 3.655,17;6341/EUR 202,52;127390/EUR 55,42;176472/EUR 39,98;2378415/EUR 11,86
09.06.2001;2/6/15/31/48/49;42;3;5/3/6/8/0/5/5;8/1/9/7/5/7;0/EUR 9.336.217,72;5/EUR 688.304,45;30/EUR 71.698,36;1583/EUR 3.532,82;3804/EUR 226,14;90273/EUR 52,41;111287/EUR 42,49;1691081/EUR 11,15
13.06.2001;6/15/17/20/34/41;9;5;4/4/6/5/7/8/2;2/7/1/5/7/2;0/EUR 10.257.456,27;3/EUR 409.439,32;15/EUR 51.179,91;505/EUR 3.952,49;1830/EUR 167,75;31850/EUR 53,02;49931/EUR 33,80;565137/EUR 11,91
16.06.2001;4/17/22/25/32/36;43;3;5/9/5/8/9/9/8;7/7/6/8/1/2;0/EUR 6.755.075,95;3/EUR 1.404.946,24;10/EUR 60.455,05;600/EUR 2.619,71;1012/EUR 238,93;25435/EUR 52,25;31245/EUR 42,54;482789/EUR 10,99
20.06.2001;1/2/5/8/25/27;26;9;0/7/6/7/4/9/6;9/8/5/5/1/3;0/EUR 14.595.467,96;9/EUR 216.863,84;62/EUR 19.675,13;1910/EUR 1.660,52;4412/EUR 110,59;76237/EUR 35,18;88924/EUR 30,17;1170501/EUR 9,15
23.06.2001;6/18/29/35/40/42;44;6;5/7/0/6/2/3/8;3/5/2/3/5/8;0/EUR 13.131.637,05;10/EUR 383.224,10;56/EUR 42.770,54;2052/EUR 3.034,77;5408/EUR 177,11;122523/EUR 43,00;135587/EUR 38,86;2259938/EUR 9,31
27.06.2001;13/17/20/24/27/47;45;2;7/7/1/6/7/6/1;7/2/1/1/1/6;1/EUR 1.804.896,90;0/EUR 0,00;9/EUR 71.622,89;624/EUR 2.685,82;1106/EUR 233,10;32048/EUR 44,23;35059/EUR 40,44;591927/EUR 9,56
30.06.2001;6/12/14/16/27/43;37;9;9/2/9/2/5/0/3;2/4/6/9/8/8;1/EUR 2.475.820,14;3/EUR 1.100.364,50;33/EUR 62.520,67;1301/EUR 4.123,16;4424/EUR 186,52;86657/EUR 52,36;122697/EUR 36,97;1629761/EUR 11,10
04.07.2001;2/17/31/34/37/43;39;7;8/7/5/5/3/6/7;1/2/4/1/3/1;0/EUR 711.919,95;0/EUR 949.226,62;11/EUR 53.933,32;536/EUR 2.877,76;1479/EUR 160,44;31185/EUR 41,82;44301/EUR 29,45;519076/EUR 10,02
07.07.2001;11/22/37/39/40/42;16;3;7/6/3/5/9/1/3;3/2/5/0/7/1;0/EUR 3.114.107,00;4/EUR 1.038.035,67;25/EUR 80.072,86;1239/EUR 4.200,72;3352/EUR 238,88;86001/EUR 51,18;107290/EUR 41,01;1567631/EUR 11,20
11.07.2001;1/8/12/27/39/45;25;7;1/4/4/3/5/3/1;7/1/3/6/2/3;0/EUR 3.138.260,79;2/EUR 472.031,98;11/EUR 53.639,99;405/EUR 3.787,91;1366/EUR 172,77;24841/EUR 52,25;36204/EUR 35,84;481582/EUR 10,74
14.07.2001;6/18/22/23/31/38;7;5;1/1/6/6/8/9/2;1/3/7/9/6/2;0/EUR 2.430.212,80;1/EUR 3.240.283,72;38/EUR 53.294,10;1389/EUR 3.790,82;4133/EUR 195,98;90638/EUR 49,14;133510/EUR 33,34;1721333/EUR 10,33
18.07.2001;11/12/31/34/44/45;47;5;0/8/4/5/8/6/1;0/3/2/6/5/9;1/EUR 5.547.604,55;2/EUR 1.606.229,17;46/EUR 43.647,51;1519/EUR 3.436,60;5494/EUR 146,18;93790/EUR 47,09;154589/EUR 28,53;1770132/EUR 9,97
21.07.2001;21/25/33/37/38/44;10;1;9/7/9/5/9/3/4;4/6/6/9/2/5;1/EUR 3.842.357,98;1/EUR 971.001,31;16/EUR 37.929,73;522/EUR 3.022,71;1522/EUR 159,47;26589/EUR 50,21;43451/EUR 30,68;483976/EUR 10,99
25.07.2001;6/12/13/32/37/39;40;2;5/3/1/0/8/3/6;6/7/3/9/9/1;1/EUR 673.130,28;3/EUR 299.169,00;10/EUR 56.094,19;412/EUR 3.539,88;969/EUR 231,51;25228/EUR 48,88;32237/EUR 38,24;501615/EUR 9,82
28.07.2001;2/6/18/22/23/27;39;9;9/2/9/7/7/6/2;5/4/4/9/9/3;0/EUR 2.310.193,52;12/EUR 256.688,16;213/EUR 9.038,31;2495/EUR 2.006,16;7856/EUR 98,01;117731/EUR 35,94;160553/EUR 26,33;1791836/EUR 9,41
01.08.2001;9/30/32/34/41/48;21;6;3/5/7/0/3/5/0;0/1/4/9/5/2;0/EUR 3.006.100,94;0/EUR 927.876,55;5/EUR 115.984,57;476/EUR 3.167,61;1189/EUR 195,06;27757/EUR 45,91;35080/EUR 36,35;510685/EUR 9,97
04.08.2001;6/10/17/29/35/47;7;5;0/9/5/8/0/2/3;8/5/1/8/5/6;1/EUR 5.387.184,72;8/EUR 512.831,84;28/EUR 70.865,57;1780/EUR 2.898,31;4312/EUR 184,07;88941/EUR 49,03;134443/EUR 32,47;1570351/EUR 11,10
08.08.2001;10/17/20/22/40/41;15;8;5/3/5/2/7/8/7;2/1/8/1/3/1;0/EUR 679.332,25;1/EUR 905.776,37;12/EUR 47.175,83;426/EUR 3.455,11;1068/EUR 211,98;29067/EUR 42,85;29737/EUR 41,87;500234/EUR 9,92
11.08.2001;2/14/22/24/28/34;38;6;3/7/8/6/1/1/5;0/7/0/6/9/4;0/EUR 3.022.182,71;2/EUR 1.561.900,32;30/EUR 65.079,17;1311/EUR 3.871,96;4536/EUR 172,15;76469/EUR 56,14;119407/EUR 35,94;1463984/EUR 11,71
15.08.2001;10/11/23/31/35/47;48;4;1/8/8/0/5/4/9;8/6/6/5/5/2;0/EUR 3.704.386,32;2/EUR 454.802,41;4/EUR 142.125,75;580/EUR 2.548,43;1072/EUR 212,08;29231/EUR 42,74;30974/EUR 40,34;519909/EUR 9,61
18.08.2001;6/7/12/26/29/44;43;7;3/1/2/7/6/4/4;9/4/9/7/8/5;0/EUR 6.085.733,58;1/EUR 3.175.129,69;29/EUR 68.429,52;1729/EUR 2.984,10;3566/EUR 222,57;101939/EUR 43,46;98856/EUR 43,46;1821336/EUR 9,56
22.08.2001;3/11/25/35/36/48;15;8;8/4/4/6/5/4/5;0/5/0/5/0/4;0/EUR 6.850.686,46;4/EUR 254.984,28;16/EUR 39.841,30;637/EUR 2.601,86;1537/EUR 165,86;31157/EUR 44,99;39686/EUR 35,33;546479/EUR 10,23
25.08.2001;2/15/28/30/32/41;44;7;1/4/3/6/7/1/3;6/2/5/2/1/3;0/EUR 9.348.580,86;8/EUR 416.315,73;35/EUR 59.473,68;1517/EUR 3.567,59;4305/EUR 193,37;82606/EUR 55,42;117507/EUR 38,96;1610789/EUR 11,35
29.08.2001;6/16/22/28/34/35;1;2;6/1/5/5/1/5/3;9/0/3/5/3/8;1/EUR 10.324.884,78;1/EUR 1.301.738,55;12/EUR 67.798,84;505/EUR 4.188,76;1217/EUR 267,41;29659/EUR 60,33;36049/EUR 49,65;581987/EUR 12,27
01.09.2001;1/6/25/27/35/38;47;8;2/8/6/4/7/4/4;7/3/1/9/8/0;0/EUR 2.410.238,77;8/EUR 401.706,44;33/EUR 60.864,59;1329/EUR 3.929,38;4078/EUR 197,00;82247/EUR 53,69;116777/EUR 37,84;1665386/EUR 10,58
05.09.2001;1/9/25/33/38/44;16;1;2/0/5/4/3/3/9;3/0/2/4/5/5;0/EUR 3.148.990,56;5/EUR 197.000,46;22/EUR 27.983,00;811/EUR 1.973,64;1954/EUR 125,98;48002/EUR 29,55;43559/EUR 29,55;601794/EUR 9,00
08.09.2001;2/4/6/12/28/40;36;5;3/8/1/6/1/4/3;1/5/9/5/8/0;0/EUR 5.647.369,25;8/EUR 416.396,41;39/EUR 53.384,14;2757/EUR 1.963,41;5081/EUR 163,87;145214/EUR 34,31;121773/EUR 34,31;2124257/EUR 8,59
12.09.2001;4/18/23/26/43/44;7;5;1/3/7/6/8/1/5;3/2/6/9/7/5;0/EUR 6.464.359,07;2/EUR 544.659,86;14/EUR 48.630,30;500/EUR 3.540,29;1647/EUR 165,30;28544/EUR 52,46;49627/EUR 30,17;545487/EUR 10,94
15.09.2001;12/19/26/27/33/38;13;9;3/3/6/4/9/9/1;6/9/1/9/4/5;0/EUR 8.965.869,22;5/EUR 667.069,38;38/EUR 54.857,63;2441/EUR 2.220,34;5688/EUR 146,59;142815/EUR 32,11;153412/EUR 29,86;2237485/EUR 8,18
19.09.2001;4/10/23/24/25/30;42;8;4/1/7/7/6/3/8;8/9/1/4/3/8;1/EUR 9.922.936,81;3/EUR 425.363,35;11/EUR 72.505,07;865/EUR 2.397,24;1313/EUR 242,97;46326/EUR 39,78;41823/EUR 39,78;812972/EUR 8,59
22.09.2001;12/28/32/33/36/48;1;1;0/3/4/2/4/3/4;8/0/5/0/0/7;1/EUR 2.375.564,34;3/EUR 1.055.806,38;30/EUR 65.987,89;1741/EUR 2.956,34;3387/EUR 233,76;100504/EUR 44,43;95384/EUR 44,43;1789970/EUR 9,71
26.09.2001;1/17/21/23/28/46;45;8;7/8/8/8/8/0/6;8/4/0/5/1/6;0/EUR 715.393,67;0/EUR 953.858,26;3/EUR 198.720,44;294/EUR 5.272,14;766/EUR 311,27;19971/EUR 65,65;25045/EUR 52,36;436999/EUR 11,96
29.09.2001;8/20/23/27/28/41;9;3;0/4/8/9/7/6/7;4/0/7/7/3/7;0/EUR 3.082.173,50;0/EUR 4.109.564,74;28/EUR 70.439,86;936/EUR 5.478,65;3876/EUR 203,49;68158/EUR 63,66;134963/EUR 32,11;1461348/EUR 11,86
03.10.2001;11/17/20/33/43/49;6;7;0/3/2/5/1/1/7;2/6/3/4/5/4;0/EUR 3.859.914,61;0/EUR 5.146.552,92;15/EUR 43.207,79;524/EUR 3.215,82;1484/EUR 174,66;30658/EUR 46,48;41328/EUR 34,46;559006/EUR 10,17
06.10.2001;6/9/25/30/41/42;7;9;0/3/2/5/8/4/5;1/2/9/7/9/3;1/EUR 6.567.752,97;12/EUR 729.750,34;55/EUR 41.027,85;3099/EUR 1.893,16;6239/EUR 144,64;131201/EUR 37,84;162771/EUR 30,47;2199104/EUR 9,00
10.10.2001;7/33/37/41/47/49;17;1;4/4/7/2/7/7/3;1/5/7/4/0/8;0/EUR 737.190,81;1/EUR 982.921,11;39/EUR 15.751,93;570/EUR 2.802,19;6125/EUR 41,16;32680/EUR 41,16;93869/EUR 14,37;536852/EUR 10,02
13.10.2001;2/9/10/15/25/38;4;4;8/8/5/9/4/6/2;4/4/1/4/1/1;1/EUR 3.106.137,55;4/EUR 789.648,90;50/EUR 39.482,42;2233/EUR 2.298,56;6157/EUR 128,23;122886/EUR 35,33;165599/EUR 26,18;2030814/EUR 8,54
17.10.2001;7/23/34/35/37/42;31;9;4/8/2/3/6/5/8;1/6/1/8/2/7;0/EUR 716.078,34;1/EUR 954.771,17;4/EUR 149.182,96;370/EUR 4.193,21;1162/EUR 205,39;25535/EUR 51,38;37116/EUR 35,33;496595/EUR 10,53
20.10.2001;3/8/11/37/40/42;15;0;5/6/3/5/2/9/5;2/8/7/7/7/8;1/EUR 3.095.867,13;1/EUR 3.095.867,13;43/EUR 45.478,85;1691/EUR 3.006,81;3626/EUR 215,71;89176/EUR 48,21;104989/EUR 40,95;1671172/EUR 10,28
24.10.2001;4/26/27/32/40/48;2;1;6/0/3/1/3/8/6;4/9/9/4/9/6;0/EUR 705.734,19;1/EUR 940.978,92;5/EUR 117.622,34;534/EUR 2.863,44;1222/EUR 192,50;30600/EUR 42,23;39419/EUR 32,77;559510/EUR 9,20
27.10.2001;4/18/22/23/27/37;21;4;4/3/5/3/6/7/9;3/8/3/5/1/4;0/EUR 3.036.038,87;3/EUR 1.035.690,93;36/EUR 53.942,21;1948/EUR 2.591,84;3508/EUR 221,39;113209/EUR 38,09;111089/EUR 38,09;1792144/EUR 9,51
31.10.2001;11/18/23/26/36/38;44;8;6/0/7/2/8/7/7;0/4/3/7/1/9;0/EUR 3.796.424,33;0/EUR 1.013.847,27;13/EUR 48.742,63;683/EUR 2.412,12;1786/EUR 141,88;37981/EUR 36,66;43177/EUR 32,26;623510/EUR 8,90
03.11.2001;3/5/7/24/26/42;21;0;4/8/6/2/1/6/6;0/1/9/6/6/9;1/EUR 6.242.448,42;12/EUR 356.267,72;73/EUR 27.922,62;3038/EUR 1.744,43;6704/EUR 121,59;133690/EUR 33,54;171034/EUR 26,18;2167519/EUR 8,23
07.11.2001;3/4/7/10/17/22;20;0;4/5/8/3/9/1/1;2/8/5/8/0/3;0/EUR 727.510,42;2/EUR 485.006,93;24/EUR 25.260,73;1063/EUR 1.482,85;2175/EUR 111,46;42723/EUR 31,19;47365/EUR 28,12;669933/EUR 7,93
10.11.2001;2/14/15/16/20/26;37;9;0/1/5/9/5/5/0;2/9/2/0/7/0;0/EUR 3.094.460,20;5/EUR 631.186,61;20/EUR 98.622,89;1257/EUR 4.079,85;3142/EUR 251,10;73857/EUR 58,75;100990/EUR 42,95;1424873/EUR 12,17
14.11.2001;2/3/15/22/27/42;28;1;2/0/9/7/3/8/6;6/7/6/3/2/3;0/EUR 3.850.791,89;1/EUR 1.008.442,25;10/EUR 63.027,61;412/EUR 3.977,44;1149/EUR 219,40;26139/EUR 53,02;34958/EUR 39,63;494252/EUR 11,20
17.11.2001;1/2/4/30/38/40;46;7;3/9/2/0/5/3/4;2/6/5/3/2/6;1/EUR 6.274.417,92;1/EUR 3.231.501,41;16/EUR 126.230,50;1241/EUR 4.231,40;2795/EUR 289,03;78840/EUR 56,34;96010/EUR 46,27;1647409/EUR 10,79
21.11.2001;14/25/34/43/44/46;3;3;4/4/1/4/3/7/3;7/8/0/2/0/1;1/EUR 719.900,86;2/EUR 479.933,89;16/EUR 37.494,82;382/EUR 4.083,18;1198/EUR 200,27;22764/EUR 57,93;31096/EUR 42,44;438584/EUR 12,02
24.11.2001;7/20/26/30/40/42;14;8;8/7/4/1/5/4/2;0/1/8/9/1/0;1/EUR 2.325.042,26;3/EUR 1.033.352,13;47/EUR 41.224,14;2049/EUR 2.458,55;5396/EUR 143,62;111197/EUR 38,30;120257/EUR 35,43;1766073/EUR 9,61
28.11.2001;7/22/25/36/37/48;29;0;3/1/5/8/9/6/4;9/2/0/9/8/2;0/EUR 710.640,29;1/EUR 947.520,39;6/EUR 98.700,04;397/EUR 3.878,35;810/EUR 292,41;22833/EUR 57,01;26840/EUR 48,52;467790/EUR 11,10
01.12.2001;2/10/33/37/40/41;38;3;1/3/2/0/3/8/0;0/2/9/0/6/3;0/EUR 3.091.324,55;8/EUR 396.780,70;23/EUR 86.256,63;1829/EUR 2.820,18;3562/EUR 222,77;90472/EUR 48,21;130658/EUR 33,39;1727428/EUR 10,07
05.12.2001;3/5/18/25/46/48;29;8;7/1/1/6/6/5/5;9/6/4/8/1/4;1/EUR 3.905.175,19;1/EUR 1.085.134,19;14/EUR 48.443,47;715/EUR 2.466,17;1225/EUR 221,44;35096/EUR 42,49;37246/EUR 40,03;629603/EUR 9,46
08.12.2001;1/4/20/29/33/35;49;9;8/6/1/3/9/3/9;7/2/0/0/2/2;0/EUR 2.476.214,19;3/EUR 1.100.539,62;23/EUR 89.717,87;1177/EUR 4.558,27;3616/EUR 228,24;71694/EUR 63,30;114278/EUR 39,68;1441675/EUR 12,58
12.12.2001;1/15/19/30/40/47;2;3;0/9/8/8/7/7/6;1/5/0/4/6/0;0/EUR 3.244.509,80;1/EUR 1.024.394,14;24/EUR 26.676,91;420/EUR 3.963,38;1556/EUR 164,58;25135/EUR 56,04;40970/EUR 34,36;493732/EUR 11,40
15.12.2001;19/27/31/39/40/44;42;2;3/5/9/6/1/7/6;5/8/9/5/9/9;1/EUR 5.690.925,23;3/EUR 1.087.295,73;49/EUR 41.605,66;2527/EUR 2.097,52;5031/EUR 162,08;130245/EUR 34,41;136667/EUR 32,77;2070641/EUR 8,64
19.12.2001;1/19/24/43/44/46;25;8;0/4/4/1/8/2/8;7/4/3/9/7/9;0/EUR 759.110,61;0/EUR 1.012.147,53;8/EUR 79.074,00;323/EUR 5.092,06;1088/EUR 232,54;22415/EUR 62,07;37141/EUR 37,43;466561/EUR 11,91
22.12.2001;12/18/25/47/48/49;29;6;7/3/1/3/1/3/4;7/6/0/0/0/4;1/EUR 3.271.857,98;8/EUR 545.309,66;23/EUR 91.041,55;2061/EUR 2.641,54;3647/EUR 229,62;101489/EUR 45,35;110471/EUR 41,67;1888810/EUR 9,71
26.12.2001;2/22/23/28/40/49;3;7;7/9/3/3/3/5/4;2/8/3/3/5/9;0/EUR 680.303,71;1/EUR 907.071,63;10/EUR 56.691,94;344/EUR 4.284,83;1028/EUR 220,57;20645/EUR 60,38;31500/EUR 39,57;415225/EUR 11,96
29.12.2001;2/8/11/44/46/48;32;9;7/9/4/5/6/0/3;4/9/0/7/8/1;0/EUR 3.196.330,46;7/EUR 479.243,19;32/EUR 65.521,49;1615/EUR 3.375,45;5087/EUR 164,84;82304/EUR 56,04;155041/EUR 29,71;1625181/EUR 11,35
02.01.2002;13/21/25/34/35/46;38;1;0/6/6/8/7/9/5;9/5/8/9/0/0;0/EUR 3.916.169,90;1/EUR 959.786,00;6/EUR 99.977,70;471/EUR 3.311,30;1637/EUR 146,50;27310/EUR 48,30;42123/EUR 31,30;488494/EUR 10,80
05.01.2002;12/24/27/29/43/49;15;1;4/9/3/2/7/9/7;7/7/4/9/9/8;2/EUR 3.099.007,10;8/EUR 380.307,30;34/EUR 55.927,50;1624/EUR 3.044,30;3396/EUR 223,90;84445/EUR 49,50;98391/EUR 42,50;1610036/EUR 10,30
09.01.2002;4/24/37/39/43/47;26;8;1/0/7/7/6/3/6;6/7/3/5/6/1;0/EUR 699.982,60;2/EUR 466.655,10;16/EUR 36.457,40;614/EUR 2.470,00;1616/EUR 144,30;29318/EUR 43,70;43989/EUR 29,10;493236/EUR 10,40
12.01.2002;3/11/13/25/30/37;26;7;5/8/9/1/2/5/4;3/1/2/1/6/4;0/EUR 2.959.820,80;4/EUR 753.279,40;46/EUR 40.939,00;2383/EUR 2.054,60;6070/EUR 124,00;128313/EUR 32,20;158253/EUR 26,10;2093469/EUR 7,90
16.01.2002;19/22/25/26/28/42;45;3;1/5/1/6/4/1/4;7/1/3/9/2/7;0/EUR 3.687.324,30;1/EUR 970.004,70;7/EUR 86.607,50;386/EUR 4.083,50;876/EUR 276,80;26415/EUR 50,40;28993/EUR 46,00;511027/EUR 10,40
19.01.2002;2/8/16/20/42/46;40;6;5/5/6/7/6/8/6;3/6/1/1/1/6;0/EUR 5.998.472,90;5/EUR 616.306,30;49/EUR 39.305,20;1475/EUR 3.394,90;3894/EUR 197,80;76794/EUR 55,10;112064/EUR 37,80;1453861/EUR 11,60
23.01.2002;21/31/32/34/38/46;42;6;5/7/0/0/0/7/7;8/5/2/8/2/8;0/EUR 6.792.029,60;1/EUR 1.058.075,60;14/EUR 47.235,50;542/EUR 3.172,20;1705/EUR 155,10;36742/EUR 39,50;43400/EUR 33,50;637971/EUR 9,10
26.01.2002;1/11/12/26/42/47;35;0;1/1/7/6/8/9/2;0/3/5/5/0/7;1/EUR 9.234.022,00;5/EUR 651.197,90;25/EUR 81.399,70;1615/EUR 3.276,10;3837/EUR 212,10;92185/EUR 48,50;106771/EUR 41,90;1757476/EUR 10,10
30.01.2002;6/18/25/33/34/45;1;3;7/4/5/4/9/5/5;6/1/8/2/1/5;0/EUR 724.040,00;1/EUR 965.386,70;9/EUR 67.040,70;503/EUR 3.118,70;1188/EUR 203,10;25154/EUR 52,70;32867/EUR 40,30;472090/EUR 11,20
02.02.2002;3/18/27/31/36/47;35;3;2/6/9/9/7/5/1;1/9/0/7/4/7;4/EUR 749.907,80;13/EUR 233.393,90;59/EUR 32.141,10;3223/EUR 1.529,70;4800/EUR 158,00;122070/EUR 35,00;115914/EUR 35,00;1824555/EUR 9,10
06.02.2002;6/18/25/33/34/45;1;3;7/8/3/5/8/7/6;7/9/6/4/4/2;0/EUR 715.625,20;3/EUR 318.055,60;12/EUR 49.696,10;607/EUR 2.554,40;1215/EUR 196,30;32801/EUR 39,90;33270/EUR 39,40;580968/EUR 9,00
09.02.2002;7/10/21/31/41/45;32;1;9/6/4/1/4/4/8;7/8/8/5/5/1;2/EUR 1.484.874,90;26/EUR 115.596,10;64/EUR 29.350,50;3340/EUR 1.462,20;5883/EUR 127,70;120635/EUR 34,20;150738/EUR 27,40;1791147/EUR 9,20
13.02.2002;1/5/6/11/17/45;28;4;0/1/5/7/7/1/5;8/0/4/7/2/0;2/EUR 351.758,80;3/EUR 312.674,50;17/EUR 34.486,10;753/EUR 2.024,20;1683/EUR 139,30;37315/EUR 34,50;42852/EUR 30,00;622966/EUR 8,20
16.02.2002;1/8/9/29/33/48;2;1;6/0/4/9/8/0/9;7/4/3/4/8/0;0/EUR 2.230.527,80;5/EUR 594.807,40;25/EUR 74.350,90;1267/EUR 3.814,30;3815/EUR 194,80;76249/EUR 53,60;122141/EUR 33,40;1572229/EUR 10,40
20.02.2002;2/11/22/25/38/40;14;6;5/7/7/2/5/7/3;4/7/4/9/2/9;0/EUR 2.950.450,70;2/EUR 479.948,60;20/EUR 29.996,70;837/EUR 1.863,50;1544/EUR 155,40;38233/EUR 35,00;37075/EUR 35,00;610277/EUR 8,60
23.02.2002;7/22/23/38/47/49;10;8;6/7/7/7/9/1/8;7/6/6/9/5/6;0/EUR 5.202.795,60;2/EUR 1.501.563,20;38/EUR 49.393,50;1471/EUR 3.317,50;5335/EUR 140,70;87648/EUR 47,10;133839/EUR 30,80;1643573/EUR 10,00
27.02.2002;4/17/25/32/37/45;42;5;2/0/0/4/1/5/5;6/0/0/3/3/6;0/EUR 5.991.387,30;3/EUR 350.485,20;23/EUR 28.572,10;1007/EUR 1.696,70;1905/EUR 137,90;43099/EUR 33,50;50028/EUR 28,80;688421/EUR 8,40
02.03.2002;4/20/28/30/47/49;37;5;3/6/0/9/2/6/6;3/8/9/5/2/1;1/EUR 8.403.289,90;4/EUR 803.967,50;21/EUR 95.710,40;1332/EUR 3.923,20;2853/EUR 281,70;77999/EUR 56,60;94464/EUR 46,80;1527011/EUR 11,50
06.03.2002;7/11/22/25/33/44;9;1;8/3/5/8/1/6/3;1/3/0/4/8/2;3/EUR 256.739,00;20/EUR 51.347,80;63/EUR 10.188,00;2411/EUR 692,10;2884/EUR 89,00;51600/EUR 27,30;58745/EUR 24,00;648410/EUR 8,70
09.03.2002;4/5/38/40/43/44;42;5;1/5/1/9/9/2/1;0/0/9/3/3/9;2/EUR 1.362.090,40;2/EUR 1.362.090,40;35/EUR 55.595,50;1014/EUR 4.989,30;3914/EUR 198,80;65927/EUR 64,90;125725/EUR 34,00;1451420/EUR 11,70
13.03.2002;30/31/32/33/37/43;5;7;5/7/4/7/7/1/5;2/3/0/4/4/6;0/EUR 715.861,80;7/EUR 136.354,60;8/EUR 74.568,90;1134/EUR 1.367,70;804/EUR 296,70;40885/EUR 37,00;29895/EUR 37,00;496600/EUR 10,50
16.03.2002;2/7/25/27/39/44;34;9;7/6/0/4/8/1/9;6/1/4/5/3/0;2/EUR 1.490.930,50;7/EUR 431.618,80;27/EUR 69.938,20;2504/EUR 1.960,70;4021/EUR 187,80;115332/EUR 36,00;117984/EUR 35,20;1940539/EUR 8,50
20.03.2002;4/9/13/35/40/44;10;6;3/2/8/5/4/3/8;0/3/3/0/0/1;0/EUR 711.448,10;3/EUR 316.199,10;9/EUR 65.874,80;538/EUR 2.865,10;925/EUR 256,30;26758/EUR 48,70;33825/EUR 38,50;488122/EUR 10,60
23.03.2002;10/15/17/18/47/48;44;8;2/2/8/7/1/0/5;1/8/9/5/5/1;0/EUR 2.955.220,50;9/EUR 332.410,70;16/EUR 116.863,10;1109/EUR 4.383,60;2438/EUR 306,70;61997/EUR 66,30;81891/EUR 50,20;1342198/EUR 12,20
27.03.2002;1/5/8/27/36/48;49;6;4/1/7/1/2/6/6;9/1/8/5/4/2;0/EUR 3.702.716,70;3/EUR 332.220,50;16/EUR 38.932,00;625/EUR 2.591,30;1806/EUR 137,90;29833/EUR 45,90;46568/EUR 29,40;524102/EUR 10,40
30.03.2002;4/8/37/38/43/44;21;7;6/8/7/8/6/4/8;5/7/7/7/3/9;2/EUR 2.999.601,90;3/EUR 1.020.661,00;16/EUR 119.608,70;1085/EUR 4.585,90;2745/EUR 278,80;71215/EUR 59,10;93789/EUR 44,80;1338607/EUR 12,50
03.04.2002;8/13/16/20/33/37;30;0;2/3/7/7/7/3/3;4/4/4/8/6/6;0/EUR 693.371,50;1/EUR 924.495,40;6/EUR 96.301,60;460/EUR 3.265,80;1036/EUR 223,00;25189/EUR 50,40;33639/EUR 37,70;477278/EUR 10,60
06.04.2002;5/7/17/23/24/46;16;1;3/4/5/9/1/0/5;5/5/9/2/2/0;0/EUR 2.928.983,10;3/EUR 993.605,10;37/EUR 50.351,60;1675/EUR 2.891,80;3365/EUR 221,40;96551/EUR 42,40;106425/EUR 38,50;1825085/EUR 8,90
10.04.2002;9/13/16/18/38/41;32;7;9/0/4/0/5/7/6;0/1/6/2/1/6;1/EUR 4.647.921,50;0/EUR 0,00;39/EUR 15.741,10;575/EUR 2.775,90;2908/EUR 84,40;31214/EUR 43,20;59757/EUR 22,60;561171/EUR 9,60
13.04.2002;9/18/27/29/33/36;49;9;1/5/1/7/8/9/9;1/7/3/7/4/7;0/EUR 2.237.948,90;20/EUR 149.196,50;92/EUR 20.271,20;3161/EUR 1.533,90;9251/EUR 80,60;131025/EUR 31,30;133456/EUR 30,70;1796797/EUR 9,10
17.04.2002;3/4/13/34/43/47;46;5;3/4/3/4/5/3/3;3/9/7/2/7/0;0/EUR 2.974.253,60;2/EUR 490.869,80;13/EUR 47.199,00;617/EUR 2.585,60;1018/EUR 241,00;29208/EUR 46,20;33014/EUR 40,80;521934/EUR 10,30
20.04.2002;6/7/11/39/42/49;32;9;9/4/1/5/7/3/5;7/6/1/1/6/5;0/EUR 5.260.585,00;4/EUR 762.110,40;29/EUR 65.699,10;1634/EUR 3.031,60;4812/EUR 158,30;94548/EUR 44,30;151222/EUR 27,70;1803168/EUR 9,20
24.04.2002;4/15/42/43/46/48;40;9;8/1/3/8/3/3/9;8/7/6/2/8/8;0/EUR 6.390.375,90;3/EUR 502.129,30;24/EUR 39.228,80;652/EUR 3.754,40;3115/EUR 120,80;40381/EUR 51,20;62736/EUR 33,00;711255/EUR 11,60
27.04.2002;1/6/8/10/21/42;5;2;0/7/8/2/5/0/5;0/2/6/7/7/4;0/EUR 8.847.460,80;5/EUR 655.222,60;50/EUR 40.951,40;1794/EUR 2.967,40;6838/EUR 119,70;100821/EUR 44,60;170152/EUR 26,40;1742064/EUR 10,30
01.05.2002;1/8/11/22/26/42;17;0;6/5/6/6/5/7/3;2/5/4/6/7/5;0/EUR 9.809.735,50;3/EUR 427.677,60;22/EUR 36.449,80;787/EUR 2.649,20;2040/EUR 157,20;42859/EUR 41,10;58568/EUR 30,10;717008/EUR 9,80
04.05.2002;32/34/38/39/47/49;10;8;5/9/4/6/0/7/3;3/2/4/2/3/0;5/EUR 2.527.501,20;19/EUR 198.440,00;40/EUR 58.911,80;4027/EUR 1.521,40;4727/EUR 199,40;152920/EUR 33,90;153157/EUR 33,80;2284153/EUR 9,00
08.05.2002;4/35/36/38/43/46;44;9;1/3/8/6/7/8/7;9/3/7/7/0/1;0/EUR 799.969,30;1/EUR 1.066.625,70;13/EUR 51.280,00;461/EUR 3.759,70;1761/EUR 151,40;25059/EUR 58,50;45522/EUR 32,20;491113/EUR 11,90
11.05.2002;14/16/29/40/43/46;12;8;2/3/2/5/5/1/5;5/0/9/9/8/5;0/EUR 3.050.270,50;4/EUR 750.100,40;26/EUR 72.125,00;942/EUR 5.175,80;2813/EUR 266,60;57876/EUR 71,20;89811/EUR 45,90;1201865/EUR 13,70
15.05.2002;13/23/26/27/34/46;37;6;8/8/7/6/8/0/5;9/9/8/0/8/5;1/EUR 4.889.053,40;0/EUR 0,00;13/EUR 50.516,00;458/EUR 3.728,00;2257/EUR 116,30;29854/EUR 48,30;54786/EUR 26,30;598044/EUR 9,60
18.05.2002;9/15/34/38/43/44;1;4;5/6/6/6/0/8/5;9/5/0/1/7/8;0/EUR 2.267.709,90;2/EUR 1.511.806,60;16/EUR 118.109,80;1110/EUR 4.426,40;2796/EUR 270,30;72458/EUR 57,30;83477/EUR 49,80;1433119/EUR 11,60
22.05.2002;4/8/21/25/33/41;36;7;5/1/3/8/8/7/6;1/0/9/4/6/8;1/EUR 2.991.900,10;2/EUR 482.793,40;13/EUR 46.422,40;591/EUR 2.654,90;1248/EUR 193,40;32071/EUR 41,30;32124/EUR 41,30;582643/EUR 9,10
25.05.2002;1/5/7/19/22/31;34;3;0/5/8/6/8/8/1;3/0/4/0/0/6;3/EUR 735.934,80;25/EUR 117.749,50;51/EUR 36.075,20;4368/EUR 1.095,10;5348/EUR 137,60;165086/EUR 28,20;121019/EUR 28,20;2271718/EUR 7,10
29.05.2002;1/5/7/14/22/42;30;6;5/1/4/3/9/4/5;4/8/3/8/7/6;0/EUR 730.317,60;1/EUR 973.756,80;19/EUR 32.031,40;688/EUR 2.299,90;1545/EUR 157,50;40455/EUR 35,00;35981/EUR 35,00;592113/EUR 9,00
01.06.2002;3/7/11/18/36/48;13;7;0/4/1/0/6/9/8;8/6/5/4/0/4;0/EUR 2.946.807,00;10/EUR 295.531,90;42/EUR 43.977,90;2341/EUR 2.051,40;5432/EUR 136,00;114092/EUR 35,60;155718/EUR 26,00;1895714/EUR 8,50
05.06.2002;16/25/28/41/44/47;17;4;0/1/3/3/4/1/6;6/4/4/9/0/9;0/EUR 3.698.415,60;1/EUR 1.002.144,80;10/EUR 62.634,00;558/EUR 2.918,40;1104/EUR 226,90;29207/EUR 47,10;35607/EUR 38,60;507678/EUR 10,80
08.06.2002;6/11/28/34/38/46;29;7;1/4/5/7/7/5/7;2/4/0/5/1/2;2/EUR 2.994.083,60;6/EUR 508.833,70;22/EUR 86.733,00;1825/EUR 2.718,40;3885/EUR 196,40;90814/EUR 46,20;106974/EUR 39,20;1646998/EUR 10,10
12.06.2002;17/23/29/36/41/43;27;6;4/3/9/9/7/6/3;4/9/0/3/0/9;0/EUR 726.408,90;1/EUR 968.545,20;14/EUR 43.238,60;570/EUR 2.761,20;1429/EUR 169,40;24202/EUR 55,00;39356/EUR 33,80;438850/EUR 12,10
15.06.2002;5/16/23/36/37/39;17;2;3/1/3/4/0/6/5;1/9/6/6/4/6;1/EUR 2.931.702,20;2/EUR 1.470.195,50;23/EUR 79.901,90;1040/EUR 4.594,30;3696/EUR 198,80;69909/EUR 57,80;118395/EUR 34,10;1464452/EUR 11,00
19.06.2002;13/14/30/37/41/42;15;1;0/4/3/8/7/1/2;9/9/5/2/6/2;0/EUR 703.169,80;3/EUR 312.519,90;9/EUR 65.108,30;337/EUR 4.520,80;970/EUR 241,60;18350/EUR 70,20;24983/EUR 51,60;410661/EUR 12,50
22.06.2002;7/8/10/18/27/49;25;6;5/4/9/8/1/5/3;4/0/2/1/3/5;1/EUR 2.866.624,60;4/EUR 721.151,60;40/EUR 45.071,90;1946/EUR 2.408,70;5254/EUR 137,20;104283/EUR 38,00;151403/EUR 26,10;1825984/EUR 8,60
26.06.2002;11/21/32/41/42/46;43;4;6/1/7/5/8/9/1;1/8/1/0/2/3;0/EUR 698.048,40;2/EUR 465.365,60;21/EUR 27.700,30;706/EUR 2.142,20;1681/EUR 138,40;33762/EUR 37,90;45698/EUR 28,00;544000/EUR 9,40
29.06.2002;5/6/25/29/30/44;35;4;0/0/0/9/4/2/8;8/5/6/5/9/3;1/EUR 2.915.413,40;2/EUR 1.478.243,30;18/EUR 102.655,70;1299/EUR 3.698,40;3155/EUR 234,20;80651/EUR 50,40;106552/EUR 38,10;1567927/EUR 10,30
03.07.2002;7/9/12/13/14/49;28;5;0/5/8/8/6/1/4;7/4/0/4/5/1;0/EUR 718.890,40;2/EUR 479.260,20;15/EUR 39.938,30;587/EUR 2.653,40;1435/EUR 166,90;32087/EUR 41,00;45266/EUR 29,10;571131/EUR 9,20
06.07.2002;6/13/16/19/39/45;15;8;2/5/5/2/8/6/3;0/7/9/6/5/8;1/EUR 2.924.797,60;2/EUR 1.470.604,80;25/EUR 73.530,20;1494/EUR 3.199,10;2561/EUR 287,10;88668/EUR 46,50;84903/EUR 46,50;1635686/EUR 9,80
10.07.2002;4/17/25/40/47/48;8;2;4/4/2/1/8/7/8;6/7/1/4/0/4;1/EUR 703.138,80;2/EUR 468.759,20;12/EUR 48.829,00;651/EUR 2.340,10;1336/EUR 175,40;31981/EUR 40,30;37840/EUR 34,00;560056/EUR 9,20
13.07.2002;1/2/21/30/36/43;20;5;0/9/7/1/3/1/5;4/4/2/8/9/1;0/EUR 2.182.872,60;2/EUR 1.455.248,40;25/EUR 72.762,40;941/EUR 5.026,00;2798/EUR 260,00;55198/EUR 72,50;86632/EUR 46,10;1190100/EUR 13,40
17.07.2002;14/21/26/27/28/39;37;4;0/4/2/4/2/9/7;5/8/6/5/9/2;0/EUR 2.910.502,20;3/EUR 323.390,90;10/EUR 60.635,80;438/EUR 3.599,30;1135/EUR 213,60;25631/EUR 52,00;33073/EUR 40,30;495972/EUR 10,70
20.07.2002;3/11/24/31/34/36;35;3;7/2/8/6/3/4/5;6/4/6/5/6/7;1/EUR 5.144.790,10;10/EUR 297.905,00;31/EUR 60.061,50;1884/EUR 2.569,50;3900/EUR 190,90;103076/EUR 39,70;124949/EUR 32,70;1826755/EUR 8,90
24.07.2002;11/12/18/19/41/42;21;6;5/7/5/4/9/5/0;8/4/2/7/0/8;0/EUR 709.859,70;6/EUR 157.746,60;11/EUR 53.777,20;584/EUR 2.633,60;1261/EUR 187,60;28604/EUR 45,40;38528/EUR 33,70;528558/EUR 9,80
27.07.2002;8/10/26/39/40/41;22;9;3/6/0/4/8/2/6;8/2/5/4/4/5;0/EUR 2.886.728,50;3/EUR 967.497,20;40/EUR 45.351,40;1665/EUR 2.832,70;3642/EUR 199,20;90525/EUR 44,00;104464/EUR 38,20;1648514/EUR 9,60
31.07.2002;4/12/16/26/34/40;20;0;6/2/4/7/9/4/5;7/6/5/5/5/0;2/EUR 1.812.891,40;12/EUR 82.117,10;27/EUR 22.810,30;941/EUR 1.701,60;2485/EUR 99,10;38967/EUR 34,70;46072/EUR 29,40;596941/EUR 9,00
03.08.2002;5/7/18/26/27/44;21;8;6/2/1/9/0/9/4;6/4/1/2/3/6;2/EUR 1.084.273,40;4/EUR 722.848,90;22/EUR 82.141,90;1846/EUR 2.545,20;3863/EUR 187,10;100213/EUR 39,60;117061/EUR 33,90;1825057/EUR 8,70
07.08.2002;4/9/14/38/41/45;1;4;7/0/0/6/7/7/1;2/8/0/4/5/3;0/EUR 719.245,10;2/EUR 479.496,70;8/EUR 74.921,30;486/EUR 3.206,50;1117/EUR 214,60;24729/EUR 53,30;32441/EUR 40,60;489656/EUR 10,70
10.08.2002;9/10/13/26/31/34;15;2;0/1/4/4/6/6/9;3/6/0/0/1/2;0/EUR 2.895.992,60;10/EUR 290.233,00;33/EUR 54.968,30;2632/EUR 1.791,90;3876/EUR 187,10;114737/EUR 36,50;103684/EUR 36,50;1870957/EUR 8,50
14.08.2002;1/11/18/22/26/31;49;3;0/1/9/6/0/5/8;8/8/7/6/3/4;0/EUR 3.637.274,30;2/EUR 494.187,80;11/EUR 56.157,70;667/EUR 2.407,90;1533/EUR 161,10;35650/EUR 38,10;43945/EUR 30,90;600943/EUR 9,00
17.08.2002;4/5/7/20/29/44;1;2;5/0/2/4/2/0/2;8/6/2/0/2/9;0/EUR 5.850.195,80;5/EUR 590.112,40;33/EUR 55.881,80;1555/EUR 3.083,30;4763/EUR 154,80;84609/EUR 47,90;144547/EUR 28,00;1571965/EUR 10,30
21.08.2002;9/15/22/26/34/41;33;0;8/8/9/1/1/7/1;0/9/1/7/6/1;0/EUR 6.668.387,80;2/EUR 545.461,30;8/EUR 85.228,30;605/EUR 2.930,10;1254/EUR 217,40;28839/EUR 52,00;36402/EUR 41,20;534967/EUR 11,20
24.08.2002;3/16/19/25/27/34;24;4;6/3/4/4/6/3/5;7/4/2/8/3/1;1/EUR 9.025.931,60;5/EUR 628.678,30;47/EUR 41.800,40;2099/EUR 2.433,50;5078/EUR 154,70;119034/EUR 36,30;146413/EUR 29,50;2015865/EUR 8,50
28.08.2002;13/22/34/36/37/44;19;7;6/7/0/1/0/6/4;1/7/6/0/3/4;0/EUR 720.445,30;1/EUR 960.593,80;5/EUR 120.074,20;312/EUR 5.003,00;1073/EUR 223,80;21080/EUR 62,60;30781/EUR 42,90;437181/EUR 12,00
31.08.2002;21/35/39/40/41/43;16;2;2/5/1/5/2/1/3;4/3/0/3/8/2;0/EUR 2.917.502,90;2/EUR 1.464.705,00;19/EUR 96.362,10;1172/EUR 4.061,60;2496/EUR 293,40;73988/EUR 54,40;86680/EUR 46,40;1357917/EUR 11,80
04.09.2002;27/29/34/38/41/44;42;5;7/7/6/5/9/7/0;2/1/0/3/3/9;1/EUR 3.688.180,30;3/EUR 342.523,30;20/EUR 32.111,50;599/EUR 2.787,60;1541/EUR 166,70;29803/EUR 47,40;40540/EUR 34,80;528732/EUR 10,60
07.09.2002;16/17/18/19/29/37;34;6;0/6/4/8/4/0/3;8/4/3/3/8/4;0/EUR 2.182.632,00;1/EUR 2.910.176,00;19/EUR 95.729,40;1174/EUR 4.028,10;3341/EUR 217,70;79546/EUR 50,30;111506/EUR 35,80;1434929/EUR 11,10
11.09.2002;12/23/24/25/28/45;44;1;3/5/6/1/8/3/7;0/6/8/6/3/1;2/EUR 1.469.189,30;2/EUR 503.831,10;9/EUR 69.976,50;592/EUR 2.765,90;1421/EUR 177,20;38191/EUR 38,00;34729/EUR 38,00;605293/EUR 9,10
14.09.2002;8/20/23/27/30/39;15;4;2/4/5/5/3/8/1;8/4/4/6/2/6;0/EUR 2.299.309,70;4/EUR 766.436,50;35/EUR 54.745,40;1377/EUR 3.617,80;4392/EUR 174,50;86814/EUR 48,50;109128/EUR 38,60;1644656/EUR 10,20
18.09.2002;20/24/25/37/39/49;26;1;0/5/5/2/3/1/8;0/5/5/9/0/1;0/EUR 3.085.629,70;1/EUR 1.048.426,70;4/EUR 163.816,60;505/EUR 3.373,60;1618/EUR 161,90;29935/EUR 48,10;46883/EUR 30,70;558499/EUR 10,30
21.09.2002;8/11/14/36/37/48;38;9;2/6/8/5/3/8/1;1/6/8/5/8/9;0/EUR 5.396.267,60;4/EUR 770.212,60;35/EUR 55.015,10;1197/EUR 4.182,40;3178/EUR 242,30;66281/EUR 63,90;101997/EUR 41,50;1355725/EUR 12,40
25.09.2002;3/4/7/25/36/38;44;5;6/6/8/8/2/9/9;5/3/1/5/9/6;0/EUR 6.223.996,40;3/EUR 367.879,40;10/EUR 68.977,40;626/EUR 2.864,80;1471/EUR 187,50;36877/EUR 41,10;42828/EUR 35,40;697464/EUR 8,70
28.09.2002;6/10/12/28/29/40;24;0;3/5/9/7/9/9/1;1/7/7/9/6/0;1/EUR 8.605.676,10;7/EUR 453.653,20;80/EUR 24.809,10;2294/EUR 2.249,40;8105/EUR 97,90;112327/EUR 38,80;189747/EUR 23,00;1847053/EUR 9,40
02.10.2002;4/18/21/27/38/46;30;9;1/6/5/8/7/1/7;9/7/2/3/9/1;0/EUR 761.360,70;1/EUR 1.015.147,60;12/EUR 52.872,20;579/EUR 2.849,00;1758/EUR 144,30;34090/EUR 40,90;42881/EUR 32,50;579685/EUR 9,60
05.10.2002;1/11/26/30/33/39;4;5;4/5/3/9/1/7/8;5/9/9/0/2/1;0/EUR 2.948.685,40;7/EUR 416.633,20;33/EUR 55.235,40;1809/EUR 2.619,70;5127/EUR 142,20;98673/EUR 40,60;138878/EUR 28,80;1748569/EUR 9,10
09.10.2002;7/19/31/34/37/42;46;3;0/4/3/7/4/4/3;8/8/2/2/4/6;1/EUR 4.460.835,40;6/EUR 336.033,30;38/EUR 33.161,10;1414/EUR 2.317,00;3501/EUR 143,90;80874/EUR 34,20;87438/EUR 31,70;1177232/EUR 9,40
12.10.2002;6/7/12/16/17/35;1;0;7/8/0/5/7/2/1;1/8/9/9/6/9;1/EUR 2.222.568,50;7/EUR 423.346,30;49/EUR 37.798,70;1705/EUR 2.824,30;5411/EUR 136,90;91983/EUR 44,20;144932/EUR 28,10;1738547/EUR 9,30
16.10.2002;9/11/21/25/37/40;26;2;8/1/4/2/4/2/8;2/6/2/8/7/1;0/EUR 744.313,80;11/EUR 90.219,80;27/EUR 22.972,60;1082/EUR 1.490,40;1971/EUR 125,80;42533/EUR 32,00;52547/EUR 25,90;642416/EUR 8,40
19.10.2002;1/21/28/34/42/43;48;5;2/1/0/6/3/3/6;0/4/4/7/5/5;1/EUR 2.961.441,80;4/EUR 739.042,60;19/EUR 97.242,40;951/EUR 5.051,20;2539/EUR 291,00;60540/EUR 67,10;85710/EUR 47,40;1286038/EUR 12,60
23.10.2002;1/5/13/14/31/37;30;7;9/9/8/5/2/4/1;2/2/6/2/8/0;0/EUR 731.507,00;1/EUR 975.342,70;10/EUR 60.958,90;365/EUR 4.342,20;985/EUR 247,50;24243/EUR 55,30;30810/EUR 43,50;511259/EUR 10,40
26.10.2002;15/16/30/34/41/43;23;4;0/5/9/2/4/6/1;5/5/5/3/2/1;0/EUR 2.921.143,00;2/EUR 1.459.757,30;28/EUR 65.167,70;967/EUR 4.906,10;2625/EUR 278,00;58700/EUR 68,30;83295/EUR 48,10;1232435/EUR 13,00
30.10.2002;7/25/30/31/34/49;41;6;9/5/6/7/8/6/3;4/4/9/7/4/6;0/EUR 3.693.725,30;0/EUR 1.030.109,80;5/EUR 128.763,70;391/EUR 4.281,10;1344/EUR 191,60;30099/EUR 47,00;44123/EUR 32,10;619206/EUR 9,10
02.11.2002;5/7/17/30/34/44;12;8;5/3/3/5/2/7/3;4/8/4/5/0/8;0/EUR 5.993.353,70;13/EUR 315.098,50;49/EUR 39.109,30;2169/EUR 2.297,10;5919/EUR 129,50;105382/EUR 40,00;153189/EUR 27,50;1815320/EUR 9,20
06.11.2002;21/23/29/33/43/44;45;4;8/4/5/9/4/4/8;5/7/2/7/2/1;0/EUR 6.894.805,60;3/EUR 400.645,30;12/EUR 62.600,80;486/EUR 4.018,80;1474/EUR 203,80;33110/EUR 49,90;41580/EUR 39,70;602112/EUR 10,90
09.11.2002;1/24/27/32/38/43;18;6;0/9/0/4/5/9/6;1/9/5/8/0/0;1/EUR 9.429.445,90;3/EUR 1.126.506,80;50/EUR 42.244,00;1671/EUR 3.286,40;6613/EUR 127,70;97208/EUR 47,80;184166/EUR 25,20;1853814/EUR 10,00
13.11.2002;6/8/19/26/34/47;10;5;9/4/6/6/4/9/1;8/7/4/4/1/3;0/EUR 783.814,00;4/EUR 261.271,30;23/EUR 28.399,00;588/EUR 2.888,20;2176/EUR 120,00;33310/EUR 43,10;60951/EUR 23,50;578556/EUR 9,90
16.11.2002;3/7/13/14/24/44;36;4;9/4/5/0/6/4/0;8/8/1/9/7/4;3/EUR 1.017.670,10;8/EUR 378.199,40;46/EUR 41.108,60;2244/EUR 2.190,90;5251/EUR 144,00;116736/EUR 35,60;125369/EUR 33,10;1920841/EUR 8,60
20.11.2002;22/24/26/31/40/49;14;5;6/0/6/2/8/4/9;6/2/2/1/8/3;0/EUR 755.529,70;0/EUR 1.007.372,90;10/EUR 62.960,80;470/EUR 3.482,90;1100/EUR 228,90;28245/EUR 49,00;31561/EUR 43,80;539570/EUR 10,20
23.11.2002;12/16/32/34/43/44;3;3;0/2/2/0/8/4/3;8/9/9/2/3/4;2/EUR 1.512.440,20;14/EUR 288.083,80;64/EUR 29.548,80;2063/EUR 2.383,30;5837/EUR 129,50;96897/EUR 42,90;138936/EUR 29,90;1640038/EUR 10,10
27.11.2002;18/21/23/32/39/44;17;3;1/6/6/7/8/3/2;7/6/2/2/2/2;0/EUR 748.579,50;2/EUR 499.053,00;12/EUR 51.984,60;609/EUR 2.663,20;1487/EUR 167,80;33705/EUR 40,70;44350/EUR 30,90;582650/EUR 9,40
30.11.2002;7/9/10/11/43/47;14;7;2/2/6/0/6/3/7;8/2/9/4/8/9;0/EUR 3.028.589,40;6/EUR 506.668,80;21/EUR 90.476,50;1648/EUR 2.997,50;3435/EUR 221,20;99174/EUR 42,10;104010/EUR 40,10;1845889/EUR 9,00
04.12.2002;3/6/9/26/30/46;25;1;0/8/1/9/1/4/3;6/5/4/6/3/1;1/EUR 3.898.200,20;9/EUR 128.831,20;22/EUR 32.939,80;1077/EUR 1.749,40;2732/EUR 106,10;48359/EUR 32,90;63450/EUR 25,10;740761/EUR 8,60
07.12.2002;6/8/9/24/34/40;46;1;6/4/6/1/8/3/8;9/1/7/4/3/4;0/EUR 2.401.114,80;4/EUR 800.371,60;50/EUR 40.018,50;1979/EUR 2.628,80;5082/EUR 157,40;109601/EUR 40,10;130962/EUR 33,60;1982891/EUR 8,80
11.12.2002;9/11/23/32/33/39;8;3;2/5/6/0/6/5/7;4/2/5/8/8/8;0/EUR 3.192.835,10;4/EUR 263.906,70;10/EUR 65.976,60;869/EUR 1.973,90;1647/EUR 160,20;46926/EUR 31,80;44357/EUR 31,80;778449/EUR 7,40
14.12.2002;3/6/13/17/22/38;36;2;8/3/8/8/6/4/0;9/7/3/9/8/1;1/EUR 5.572.190,20;5/EUR 634.494,70;37/EUR 53.589,00;2358/EUR 2.186,20;4122/EUR 192,40;119295/EUR 37,30;114444/EUR 37,30;2011603/EUR 8,60
18.12.2002;24/30/36/37/44/48;13;4;9/5/0/5/1/8/5;3/9/8/8/8/0;0/EUR 781.742,30;1/EUR 1.042.323,10;7/EUR 93.064,50;398/EUR 4.255,70;1092/EUR 238,60;25697/EUR 55,70;36439/EUR 39,30;497197/EUR 11,50
21.12.2002;11/12/19/22/41/48;7;8;9/2/4/9/3/4/1;0/8/9/4/3/4;1/EUR 3.128.314,00;2/EUR 1.564.381,10;27/EUR 72.425,00;1358/EUR 3.743,90;5427/EUR 144,10;82099/EUR 52,40;163010/EUR 26,30;1620204/EUR 10,60
25.12.2002;6/14/17/25/34/49;3;6;5/6/4/6/6/8/9;6/2/9/0/0/2;0/EUR 926.587,60;1/EUR 1.235.450,20;14/EUR 55.154,00;692/EUR 2.901,10;1890/EUR 163,40;35171/EUR 48,20;55688/EUR 30,50;655172/EUR 10,30
28.12.2002;13/17/24/27/35/42;1;4;2/0/9/2/9/5/8;3/1/6/1/9/7;1/EUR 3.241.130,00;13/EUR 237.388,90;41/EUR 47.043,50;2032/EUR 2.467,90;4195/EUR 183,90;101665/EUR 41,70;109992/EUR 38,50;1763521/EUR 9,60
01.01.2003;2/27/30/31/32/37;21;5;4/5/2/1/6/4/6;2/5/0/2/9/8;0/EUR 841.865,60;4/EUR 280.621,80;8/EUR 87.694,30;364/EUR 5.011,10;1491/EUR 188,20;23815/EUR 64,80;45045/EUR 34,20;495627/EUR 12,40
04.01.2003;6/17/18/19/24/44;46;6;8/8/6/7/0/8/9;6/4/7/7/6/5;3/EUR 1.032.791,30;7/EUR 429.811,10;25/EUR 75.216,90;1371/EUR 3.566,00;4392/EUR 171,20;96611/EUR 42,80;116193/EUR 35,60;1888055/EUR 8,70
08.01.2003;2/27/30/31/32/37;21;5;3/7/7/0/0/5/1;9/8/1/2/6/2;0/EUR 744.669,20;3/EUR 330.964,10;5/EUR 124.111,50;406/EUR 3.974,00;1053/EUR 235,70;28260/EUR 48,30;35560/EUR 38,30;555871/EUR 9,80
11.01.2003;9/12/32/38/43/48;44;7;6/6/6/3/7/5/3;0/7/4/2/3/0;0/EUR 2.959.777,20;5/EUR 590.695,40;28/EUR 65.925,80;1988/EUR 2.414,10;4633/EUR 159,30;109233/EUR 37,10;139529/EUR 29,10;1848465/EUR 8,70
15.01.2003;2/14/19/27/40/44;30;2;7/3/8/6/0/0/1;1/1/2/3/1/6;0/EUR 3.745.125,50;1/EUR 1.047.131,10;8/EUR 81.807,10;332/EUR 5.125,20;1340/EUR 195,30;24009/EUR 59,90;41205/EUR 34,90;490620/EUR 11,70
18.01.2003;6/17/35/39/41/49;19;8;0/8/8/9/1/5/4;1/3/4/2/0/4;0/EUR 6.054.095,50;5/EUR 615.725,30;42/EUR 45.812,80;1362/EUR 3.673,10;5137/EUR 149,80;83007/EUR 50,90;151004/EUR 28,00;1624805/EUR 10,40
22.01.2003;2/14/19/27/40/44;30;2;2/4/5/8/2/7/1;9/8/1/9/3/8;0/EUR 6.984.052,20;2/EUR 619.971,10;28/EUR 27.677,20;714/EUR 2.821,90;2360/EUR 131,30;35191/EUR 48,40;54592/EUR 31,20;627358/EUR 10,80
25.01.2003;6/9/13/18/37/47;10;9;9/3/7/4/4/4/6;1/1/7/4/1/5;1/EUR 9.708.250,20;5/EUR 726.452,80;34/EUR 66.769,50;2984/EUR 1.978,00;4594/EUR 197,60;140422/EUR 35,50;144738/EUR 34,50;2276241/EUR 8,70
29.01.2003;24/27/30/33/35/47;11;6;4/6/5/8/6/0/8;3/7/6/4/0/5;0/EUR 831.139,50;1/EUR 1.108.186,00;19/EUR 36.453,40;636/EUR 2.831,40;1921/EUR 144,20;32139/EUR 47,40;54236/EUR 28,00;583932/EUR 10,40
01.02.2003;20/36/38/43/44/47;22;7;1/1/1/1/3/0/1;5/6/7/2/1/8;0/EUR 3.192.065,20;6/EUR 524.650,10;22/EUR 89.429,00;1316/EUR 3.887,00;2640/EUR 298,00;74741/EUR 57,90;84752/EUR 51,00;1384943/EUR 12,50
05.02.2003;8/11/12/23/35/47;7;6;4/1/1/2/3/4/4;7/0/7/5/4/6;1/EUR 5.132.375,10;0/EUR 0,00;18/EUR 38.498,20;524/EUR 3.438,30;1744/EUR 158,90;30682/EUR 49,60;54224/EUR 28,10;576272/EUR 10,50
08.02.2003;8/25/32/33/38/48;49;9;1/4/9/7/8/4/8;0/4/1/4/4/7;0/EUR 2.262.195,80;3/EUR 1.005.420,30;81/EUR 23.273,60;1797/EUR 2.727,50;11424/EUR 66,00;103901/EUR 39,90;192632/EUR 21,50;1868352/EUR 8,80
12.02.2003;10/31/33/35/41/42;48;7;5/5/0/4/9/4/6;9/0/0/3/6/2;0/EUR 3.064.382,00;2/EUR 534.790,80;10/EUR 66.848,80;675/EUR 2.574,90;1451/EUR 184,20;32839/EUR 44,70;39806/EUR 36,90;587275/EUR 10,00
15.02.2003;4/6/12/18/24/30;36;4;0/9/1/8/8/2/0;1/9/9/1/0/6;11/EUR 489.536,20;69/EUR 44.840,90;25141/EUR 201,30;9436/EUR 201,30;15583/EUR 49,60;177190/EUR 26,10;147973/EUR 26,10;2268566/EUR 7,50
19.02.2003;19/23/24/34/40/43;45;5;3/5/4/1/8/6/3;0/5/8/5/1/1;0/EUR 760.340,90;0/EUR 1.013.787,90;12/EUR 52.801,40;563/EUR 2.926,10;1388/EUR 182,50;31289/EUR 44,50;39832/EUR 34,90;571158/EUR 9,70
22.02.2003;8/22/23/31/35/49;26;5;5/4/1/1/1/8/0;0/3/9/9/7/0;1/EUR 7.001.226,00;0/EUR 0,00;13/EUR 143.601,50;1023/EUR 4.744,60;3006/EUR 248,40;65176/EUR 63,00;98365/EUR 41,70;1331835/EUR 12,30
26.02.2003;4/20/26/36/43/49;12;0;2/3/7/3/6/2/8;7/2/5/2/4/6;0/EUR 755.565,70;3/EUR 335.807,00;12/EUR 52.469,80;620/EUR 2.640,40;2179/EUR 115,50;32005/EUR 43,20;63824/EUR 21,70;595662/EUR 9,30
01.03.2003;10/14/18/30/40/45;39;8;7/5/1/0/1/1/7;9/6/2/6/8/0;3/EUR 998.147,70;14/EUR 213.226,40;24/EUR 77.738,80;3050/EUR 1.590,40;4173/EUR 178,80;117537/EUR 34,90;119566/EUR 34,30;1687193/EUR 9,70
05.03.2003;4/20/26/36/43/49;12;0;0/0/5/6/7/0/4;4/6/2/8/4/8;0/EUR 753.843,80;2/EUR 502.562,50;13/EUR 48.323,30;325/EUR 5.025,60;1147/EUR 219,00;20238/EUR 68,20;35167/EUR 39,20;437712/EUR 12,60
08.03.2003;12/14/17/39/45/46;26;7;5/6/1/0/3/6/8;0/0/6/3/3/3;1/EUR 5.939.431,50;0/EUR 0,00;30/EUR 61.733,10;993/EUR 4.849,10;4121/EUR 179,70;62958/EUR 64,70;129634/EUR 31,40;1321537/EUR 12,30
12.03.2003;6/7/19/33/34/37;30;5;6/8/9/5/6/7/7;5/7/5/2/7/9;0/EUR 755.287,70;1/EUR 1.007.050,30;19/EUR 33.126,60;665/EUR 2.460,80;1413/EUR 178,10;37124/EUR 37,20;44837/EUR 30,80;664431/EUR 8,30
15.03.2003;7/13/33/42/46/47;49;6;0/3/9/6/8/4/7;6/9/6/6/5/4;0/EUR 2.966.364,70;2/EUR 1.474.051,30;31/EUR 59.437,50;1713/EUR 2.796,60;4521/EUR 163,00;92687/EUR 43,70;135982/EUR 29,80;1632893/EUR 9,90
19.03.2003;9/16/20/23/33/37;13;1;5/0/2/6/1/3/0;7/8/9/6/1/2;0/EUR 3.745.166,10;1/EUR 1.038.401,80;21/EUR 30.904,80;874/EUR 1.930,60;2060/EUR 126,00;41458/EUR 34,40;50405/EUR 28,30;596513/EUR 9,50
22.03.2003;17/28/36/44/45/47;33;7;4/8/1/8/4/0/0;5/2/1/5/3/5;0/EUR 5.990.190,20;2/EUR 1.496.682,70;29/EUR 64.512,10;995/EUR 4.888,60;4472/EUR 167,30;68214/EUR 60,30;128571/EUR 32,00;1357980/EUR 12,10
26.03.2003;1/14/16/17/19/21;41;9;1/6/4/8/0/3/6;2/8/9/2/8/0;1/EUR 6.873.304,50;4/EUR 294.371,40;18/EUR 40.884,90;645/EUR 2.966,50;1711/EUR 172,00;34830/EUR 46,40;51119/EUR 31,60;654373/EUR 9,80
29.03.2003;14/16/18/22/43/46;9;5;6/9/0/9/6/3/6;5/1/9/2/4/8;0/EUR 2.195.413,10;0/EUR 2.927.217,50;17/EUR 107.618,20;831/EUR 5.724,10;2361/EUR 309,90;56799/EUR 70,80;89382/EUR 45,00;1169763/EUR 13,70
02.04.2003;1/14/16/17/19/21;41;9;2/4/3/4/8/6/6;1/9/9/7/3/3;0/EUR 3.022.857,10;2/EUR 2.015.238,00;8/EUR 86.192,00;644/EUR 2.783,80;995/EUR 277,20;34085/EUR 44,50;35974/EUR 42,10;563517/EUR 10,70
05.04.2003;1/3/9/19/42/47;44;1;4/4/3/4/7/0/1;8/6/9/1/1/9;2/EUR 2.649.762,50;6/EUR 505.926,20;38/EUR 49.926,90;2165/EUR 2.278,40;4355/EUR 174,20;117205/EUR 36,10;113647/EUR 36,10;1991973/EUR 8,30
09.04.2003;4/5/8/34/35/42;49;6;6/1/1/4/3/5/5;9/3/5/2/8/0;0/EUR 988.928,10;2/EUR 659.285,40;14/EUR 58.864,70;884/EUR 2.423,80;2190/EUR 150,50;44974/EUR 40,30;52666/EUR 34,40;767249/EUR 9,40
12.04.2003;13/14/27/32/34/40;20;1;9/6/8/8/8/5/7;5/9/0/8/9/9;1/EUR 3.175.416,90;6/EUR 485.886,40;42/EUR 43.382,70;1239/EUR 3.823,50;3881/EUR 187,70;72654/EUR 55,10;104724/EUR 38,20;1505216/EUR 10,60
16.04.2003;4/5/8/34/35/42;49;6;6/1/3/1/5/8/1;5/7/3/8/1/2;0/EUR 750.251,10;0/EUR 1.000.334,80;20/EUR 31.260,40;388/EUR 4.189,50;1065/EUR 234,80;23110/EUR 59,50;32886/EUR 41,80;476876/EUR 11,50
19.04.2003;3/4/10/16/31/46;43;1;6/3/4/6/7/4/6;4/7/9/6/8/9;0/EUR 2.916.203,80;13/EUR 299.097,80;25/EUR 72.198,40;1699/EUR 2.762,10;3756/EUR 192,20;100995/EUR 40,10;96766/EUR 40,10;1760794/EUR 9,00
23.04.2003;17/22/23/26/30/45;10;7;5/3/3/3/4/1/8;8/2/8/6/5/3;0/EUR 3.653.597,60;0/EUR 983.191,70;13/EUR 47.268,80;549/EUR 2.910,10;1343/EUR 183,00;32290/EUR 41,80;34409/EUR 39,20;587118/EUR 9,20
26.04.2003;8/17/24/26/31/45;6;9;4/8/3/0/1/1/1;8/4/2/7/2/2;0/EUR 5.871.333,50;6/EUR 656.695,50;47/EUR 39.321,50;1810/EUR 2.654,70;4998/EUR 147,90;109506/EUR 37,10;137908/EUR 29,40;1726194/EUR 9,40
30.04.2003;17/22/23/26/30/45;10;7;1/0/2/8/7/5/1;2/7/7/5/4/7;0/EUR 6.795.454,60;1/EUR 1.232.161,50;12/EUR 64.175,00;475/EUR 4.215,20;1699/EUR 181,30;32005/EUR 52,90;52315/EUR 32,30;653851/EUR 10,30
03.05.2003;5/14/23/32/41/48;27;3;5/8/5/5/7/9/1;1/7/3/1/6/8;16/EUR 570.725,60;117/EUR 26.622,80;121/EUR 16.089,20;4965/EUR 1.019,40;6209/EUR 125,40;94856/EUR 45,10;153710/EUR 27,80;1605679/EUR 10,60
07.05.2003;9/12/13/25/29/33;31;2;2/6/5/4/6/5/7;6/1/1/6/2/1;2/EUR 377.999,00;6/EUR 167.999,50;15/EUR 41.999,80;714/EUR 2.294,10;1962/EUR 128,40;38082/EUR 36,30;51384/EUR 26,90;682762/EUR 8,10
10.05.2003;7/9/11/13/20/38;2;4;0/6/4/0/6/2/5;5/6/0/2/6/0;0/EUR 2.136.109,90;6/EUR 474.691,00;53/EUR 33.586,60;1943/EUR 2.382,00;7422/EUR 95,90;115262/EUR 33,90;174364/EUR 22,40;1913481/EUR 8,10
14.05.2003;15/25/28/38/40/45;47;6;8/7/3/8/1/0/6;8/0/7/7/0/3;0/EUR 2.900.505,00;3/EUR 339.731,10;10/EUR 63.699,50;512/EUR 3.234,70;1170/EUR 217,70;28708/EUR 48,80;38159/EUR 36,70;527271/EUR 10,60
17.05.2003;1/10/22/35/37/44;3;3;2/6/8/3/3/7/1;2/4/6/8/1/4;0/EUR 5.097.054,50;8/EUR 366.091,50;18/EUR 101.692,10;1248/EUR 3.813,40;3115/EUR 235,00;67274/EUR 59,80;97127/EUR 41,40;1284033/EUR 12,50
21.05.2003;10/19/28/29/33/35;43;2;1/0/9/7/9/5/5;1/7/6/2/5/9;0/EUR 5.954.927,00;1/EUR 1.143.830,00;12/EUR 59.574,40;643/EUR 2.890,70;1333/EUR 214,50;33461/EUR 47,00;37866/EUR 41,50;615021/EUR 10,20
24.05.2003;3/14/15/28/33/46;4;5;3/0/7/5/4/3/8;3/9/3/6/6/1;1/EUR 8.267.893,40;7/EUR 440.565,00;21/EUR 91.784,30;1584/EUR 3.163,70;3116/EUR 247,40;78328/EUR 54,10;100029/EUR 42,30;1446556/EUR 11,70
28.05.2003;8/20/31/39/40/46;37;5;3/5/6/1/5/9/4;3/5/0/4/2/1;1/EUR 754.759,20;2/EUR 503.172,80;10/EUR 62.896,60;378/EUR 4.326,20;1090/EUR 230,80;24432/EUR 56,60;35893/EUR 38,50;484845/EUR 11,40
31.05.2003;12/21/24/26/29/38;10;1;9/1/8/8/5/7/5;7/5/1/2/9/7;1/EUR 2.092.393,80;4/EUR 697.464,60;74/EUR 23.562,90;1869/EUR 2.425,60;9759/EUR 71,40;99792/EUR 38,40;146919/EUR 26,10;1689645/EUR 9,00
04.06.2003;3/11/32/34/36/43;46;5;9/6/3/8/7/1/8;7/7/2/5/9/4;0/EUR 1.305.157,60;1/EUR 1.740.210,10;27/EUR 40.282,60;1020/EUR 2.772,30;2609/EUR 166,70;56525/EUR 42,30;70498/EUR 33,90;990241/EUR 9,60
07.06.2003;2/34/37/38/41/44;11;7;0/0/5/2/9/7/0;2/5/1/1/6/4;0/EUR 3.432.022,10;2/EUR 1.417.909,60;21/EUR 84.399,30;1137/EUR 4.052,90;3436/EUR 206,30;67499/EUR 57,70;118522/EUR 32,80;1376897/EUR 11,30
11.06.2003;6/20/22/31/38/49;47;9;2/0/0/5/9/0/6;0/9/5/7/8/8;0/EUR 4.172.632,80;0/EUR 987.480,90;9/EUR 68.575,00;366/EUR 4.384,30;1153/EUR 214,10;22433/EUR 60,50;34122/EUR 39,70;458009/EUR 11,80
14.06.2003;2/5/21/23/38/48;39;1;4/0/0/7/4/1/1;3/2/1/9/6/1;1/EUR 6.411.153,30;6/EUR 662.029,10;36/EUR 51.817,60;1900/EUR 2.552,60;4399/EUR 169,60;94765/EUR 43,30;115462/EUR 35,50;1664497/EUR 9,80
18.06.2003;10/12/13/24/37/41;4;5;7/5/0/3/7/8/8;5/6/9/4/5/9;0/EUR 748.461,40;2/EUR 498.974,30;15/EUR 41.581,10;837/EUR 1.937,40;1854/EUR 134,50;38360/EUR 35,70;52534/EUR 26,10;612949/EUR 8,90
21.06.2003;17/19/23/26/34/47;11;8;6/3/8/9/2/9/7;8/4/0/3/8/3;1/EUR 5.655.396,90;0/EUR 0,00;55/EUR 31.863,20;1601/EUR 2.845,90;6398/EUR 109,50;96586/EUR 39,90;169822/EUR 22,70;1669755/EUR 9,20
25.06.2003;5/10/11/27/39/48;21;3;8/4/6/1/8/4/2;2/9/8/1/3/5;0/EUR 726.698,70;1/EUR 968.931,60;16/EUR 37.848,80;797/EUR 1.975,50;1574/EUR 153,80;38249/EUR 34,80;41027/EUR 32,40;610962/EUR 8,70
28.06.2003;9/13/14/16/28/47;48;0;1/9/7/4/9/9/2;5/8/9/4/5/3;0/EUR 2.898.498,80;3/EUR 965.244,50;23/EUR 78.688,40;962/EUR 4.891,40;2360/EUR 306,70;65832/EUR 60,40;79555/EUR 50,00;1403115/EUR 11,30
02.07.2003;1/14/20/29/45/46;16;2;9/8/8/9/7/3/3;5/5/7/9/4/9;0/EUR 3.769.910,90;2/EUR 580.941,40;8/EUR 90.772,10;442/EUR 4.271,60;1168/EUR 248,60;23736/EUR 67,30;35221/EUR 45,30;465086/EUR 13,70
05.07.2003;2/8/10/39/45/46;40;6;1/5/5/2/6/2/9;2/7/2/1/0/6;0/EUR 5.988.063,10;6/EUR 492.922,70;39/EUR 47.396,40;1122/EUR 4.283,40;2983/EUR 247,80;66668/EUR 60,90;101058/EUR 40,20;1388131/EUR 11,70
09.07.2003;2/7/9/36/42/46;12;6;8/7/7/1/6/6/6;7/3/7/9/2/7;0/EUR 6.860.285,90;1/EUR 1.162.963,80;12/EUR 60.571,00;616/EUR 3.067,80;1639/EUR 177,30;33036/EUR 48,40;49991/EUR 31,90;627465/EUR 10,10
12.07.2003;4/5/21/25/28/47;18;5;6/0/5/9/2/4/5;5/0/7/2/5/5;3/EUR 3.070.400,60;4/EUR 783.638,60;28/EUR 69.967,70;2714/EUR 1.876,80;3901/EUR 200,80;81372/EUR 52,90;126887/EUR 33,90;1621588/EUR 10,60
16.07.2003;5/10/15/23/29/33;2;8;3/3/3/3/5/1/2;2/9/8/2/7/0;0/EUR 748.751,60;1/EUR 998.335,40;12/EUR 51.996,60;635/EUR 2.554,70;1569/EUR 159,00;31101/EUR 44,10;42910/EUR 31,90;546201/EUR 10,00
19.07.2003;15/18/24/28/30/44;17;1;2/6/6/4/1/1/9;3/6/4/5/4/9;1/EUR 2.854.346,70;5/EUR 561.492,00;25/EUR 70.186,50;1121/EUR 4.069,60;2619/EUR 267,90;73094/EUR 52,80;87319/EUR 44,20;1413307/EUR 10,90
23.07.2003;2/15/17/41/42/49;46;6;5/1/7/7/2/5/4;7/8/6/0/7/4;0/EUR 726.270,90;1/EUR 968.361,20;3/EUR 201.741,90;305/EUR 5.159,30;909/EUR 266,30;21691/EUR 61,30;29863/EUR 44,50;449959/EUR 11,80
26.07.2003;6/7/18/31/36/37;46;8;3/8/3/9/0/1/5;8/9/9/9/0/2;1/EUR 2.814.127,00;8/EUR 347.976,00;25/EUR 69.595,20;1368/EUR 3.306,70;3294/EUR 211,20;80481/EUR 47,50;109433/EUR 34,90;1638915/EUR 9,30
30.07.2003;8/17/37/39/40/45;19;6;1/6/2/9/7/0/7;8/0/7/7/3/3;0/EUR 728.153,50;2/EUR 485.435,70;15/EUR 40.452,90;444/EUR 3.553,30;1580/EUR 153,60;27205/EUR 49,00;43538/EUR 30,60;513230/EUR 10,40
02.08.2003;1/2/3/12/15/21;14;3;5/0/5/2/6/9/4;9/7/8/3/9/5;1/EUR 4.265.216,00;7/EUR 404.235,70;68/EUR 26.007,80;2363/EUR 1.945,90;5394/EUR 131,10;103592/EUR 34,10;104343/EUR 27,10;1685527/EUR 9,20
06.08.2003;7/17/25/35/38/45;1;6;0/1/9/6/8/9/5;3/9/1/6/8/9;0/EUR 1.214.022,40;2/EUR 485.608,90;22/EUR 27.591,40;841/EUR 1.876,60;1485/EUR 163,50;33720/EUR 36,00;39210/EUR 24,70;583920/EUR 9,10
09.08.2003;1/2/11/12/31/34;25;8;8/6/2/7/2/5/8;0/0/2/3/6/5;0/EUR 4.725.700,90;3/EUR 936.447,60;41/EUR 42.825,30;1875/EUR 2.434,70;4737/EUR 148,20;90368/EUR 38,80;141545/EUR 19,80;1609830/EUR 9,50
13.08.2003;3/6/9/18/27/48;23;5;3/7/6/4/1/8/7;5/7/7/5/3/9;1/EUR 6.108.745,00;12/EUR 92.202,90;36/EUR 19.208,90;2168/EUR 829,30;3355/EUR 82,40;64614/EUR 21,40;66845/EUR 16,50;806637/EUR 7,50
16.08.2003;4/12/14/17/38/45;39;6;5/7/6/5/1/6/3;9/4/4/6/2/8;1/EUR 3.533.623,30;4/EUR 706.724,60;27/EUR 65.437,40;1294/EUR 3.550,00;5293/EUR 133,50;79168/EUR 44,60;105391/EUR 26,80;1538017/EUR 10,10
20.08.2003;24/38/42/44/45/48;23;5;9/5/0/7/2/4/1;0/7/2/0/3/2;0/EUR 1.213.457,40;2/EUR 485.382,90;5/EUR 121.345,70;760/EUR 2.075,60;1077/EUR 225,30;33084/EUR 36,60;31647/EUR 30,60;530177/EUR 10,00
23.08.2003;2/6/7/15/31/34;32;6;7/2/8/9/9/0/0;0/8/0/0/5/2;0/EUR 4.722.828,40;5/EUR 561.499,30;39/EUR 44.991,90;1424/EUR 3.203,70;3283/EUR 213,70;84473/EUR 41,50;99898/EUR 28,10;1575541/EUR 9,80
27.08.2003;5/8/19/23/35/48;24;0;2/8/5/7/7/5/1;7/6/9/2/8/2;0/EUR 6.042.701,50;2/EUR 527.949,20;14/EUR 47.138,30;790/EUR 2.171,90;1480/EUR 178,30;36177/EUR 36,40;43252/EUR 24,40;607302/EUR 9,50
30.08.2003;7/19/25/33/42/49;8;7;8/9/3/1/1/9/5;6/7/2/0/0/2;3/EUR 3.313.330,30;10/EUR 311.783,10;69/EUR 28.241,20;3096/EUR 1.636,40;5460/EUR 142,70;133841/EUR 29,10;139899/EUR 22,20;2220617/EUR 7,70
03.09.2003;4/5/9/16/18/43;23;6;4/7/6/3/5/4/0;5/2/2/8/5/6;0/EUR 1.262.759,20;2/EUR 505.103,70;9/EUR 70.153,20;515/EUR 3.187,50;1615/EUR 156,30;31096/EUR 40,60;46324/EUR 21,80;605444/EUR 9,10
06.09.2003;4/8/15/16/18/26;19;9;9/9/7/9/7/9/0;6/0/1/8/1/2;0/EUR 4.829.997,30;4/EUR 713.447,60;33/EUR 54.049,00;1453/EUR 3.191,60;4157/EUR 171,60;85650/EUR 41,60;121148/EUR 23,50;1605096/EUR 9,70
10.09.2003;17/19/20/35/40/48;3;3;5/6/8/4/0/4/9;6/0/6/6/0/6;1/EUR 7.258.261,20;0/EUR 0,00;9/EUR 74.946,40;526/EUR 3.334,10;1383/EUR 195,00;28514/EUR 47,30;46714/EUR 23,10;553680/EUR 10,70
13.09.2003;11/18/19/22/25/42;37;2;0/4/0/8/4/7/1;7/2/4/1/7/7;0/EUR 3.629.185,90;4/EUR 725.837,10;24/EUR 75.608,00;1129/EUR 4.178,80;4005/EUR 181,20;83933/EUR 43,20;123699/EUR 23,40;1652812/EUR 9,60
17.09.2003;3/13/23/34/35/48;15;5;0/9/3/0/7/4/0;7/4/8/3/3/9;1/EUR 5.014.873,40;4/EUR 277.137,50;12/EUR 57.736,90;931/EUR 1.934,90;1243/EUR 222,90;38352/EUR 36,10;34969/EUR 31,70;621891/EUR 9,80
20.09.2003;3/11/26/27/34/47;46;8;8/9/8/2/4/5/1;8/0/6/6/0/2;0/EUR 3.642.188,70;4/EUR 728.437,70;38/EUR 47.923,50;1927/EUR 2.457,10;4032/EUR 180,60;101842/EUR 35,70;108960/EUR 26,70;1801456/EUR 8,80
24.09.2003;17/20/22/25/43/46;29;6;2/1/7/7/6/6/6;8/7/4/3/4/8;0/EUR 4.950.195,60;2/EUR 523.202,70;4/EUR 163.500,80;364/EUR 4.671,40;893/EUR 292,90;23226/EUR 56,30;31524/EUR 33,10;477679/EUR 12,00
27.09.2003;7/17/35/39/40/44;14;5;0/1/7/7/8/4/9;4/2/4/6/4/1;0/EUR 8.642.829,00;3/EUR 984.702,20;40/EUR 46.157,90;1605/EUR 2.990,90;3958/EUR 186,50;90732/EUR 40,60;105982/EUR 27,80;1685765/EUR 9,60
01.10.2003;5/9/14/18/32/38;20;4;4/4/5/6/4/2/0;8/7/6/9/7/8;2/EUR 5.148.422,30;5/EUR 264.642,40;26/EUR 31.807,90;1248/EUR 1.722,90;2275/EUR 145,40;54925/EUR 30,10;60076/EUR 22,00;869339/EUR 8,30
04.10.2003;11/16/19/25/30/49;12;1;2/6/4/1/0/2/9;0/1/3/3/8/8;0/EUR 3.540.510,40;5/EUR 566.481,60;36/EUR 49.173,70;2416/EUR 1.905,00;4420/EUR 160,20;106151/EUR 33,30;137070/EUR 20,60;1777441/EUR 8,70
08.10.2003;8/15/16/34/40/46;3;3;6/4/5/3/0/6/4;4/4/6/4/7/0;0/EUR 4.905.775,00;6/EUR 182.035,20;23/EUR 29.679,60;558/EUR 3.180,70;1374/EUR 198,70;25456/EUR 53,60;38469/EUR 28,30;503100/EUR 11,90
11.10.2003;7/28/31/33/35/47;45;6;2/4/4/3/1/0/6;6/8/0/5/3/8;0/EUR 8.640.102,10;5/EUR 597.492,30;42/EUR 44.456,20;1541/EUR 3.150,30;4578/EUR 163,10;89750/EUR 41,60;117599/EUR 25,40;1726610/EUR 9,50
15.10.2003;1/4/24/31/32/33;13;4;2/8/3/5/4/8/1;8/8/6/0/5/1;0/EUR 10.216.660,50;3/EUR 420.415,50;15/EUR 52.551,90;632/EUR 3.242,90;1798/EUR 175,30;36071/EUR 43,70;57075/EUR 22,00;702380/EUR 9,80
18.10.2003;4/15/32/35/37/41;27;0;0/8/4/5/3/4/4;5/3/3/6/3/8;2/EUR 7.309.836,60;3/EUR 1.174.136,70;52/EUR 42.336,60;1925/EUR 2.973,40;5926/EUR 148,50;101491/EUR 43,30;153026/EUR 23,00;1809634/EUR 10,70
22.10.2003;1/6/8/19/26/44;2;3;0/4/4/5/3/3/3;1/9/5/1/0/5;0/EUR 1.314.373,70;1/EUR 1.051.498,90;36/EUR 18.255,10;879/EUR 1.943,80;2554/EUR 102,90;39227/EUR 33,50;60820/EUR 17,20;612844/EUR 9,40
25.10.2003;24/25/27/35/38/49;2;9;9/8/7/0/5/6/6;4/5/5/3/1/7;0/EUR 4.883.021,60;2/EUR 1.427.459,10;26/EUR 68.627,80;1319/EUR 3.517,20;3697/EUR 193,00;81915/EUR 43,50;113977/EUR 25,00;1592248/EUR 9,80
29.10.2003;9/11/20/25/43/47;15;8;5/6/9/5/9/6/8;9/7/5/7/2/5;0/EUR 6.236.208,80;4/EUR 270.637,40;7/EUR 96.656,20;697/EUR 2.523,80;1138/EUR 237,80;34270/EUR 39,40;35448/EUR 30,50;629062/EUR 9,40
01.11.2003;4/18/21/22/32/43;35;5;3/4/6/3/3/2/1;8/7/3/6/6/2;2/EUR 4.972.755,80;8/EUR 370.930,20;71/EUR 26.121,80;2189/EUR 2.202,80;5309/EUR 139,70;102869/EUR 36,00;113265/EUR 26,10;1654335/EUR 9,80
05.11.2003;8/10/13/27/32/48;15;6;4/5/2/6/0/3/6;7/7/0/6/7/7;0/EUR 1.278.837,30;1/EUR 1.023.069,90;4/EUR 159.854,60;568/EUR 2.926,90;1292/EUR 197,90;32526/EUR 39,30;35374/EUR 28,90;595734/EUR 9,40
08.11.2003;16/27/31/41/44/47;25;9;1/6/5/6/4/9/7;2/9/9/4/9/6;2/EUR 2.441.223,60;21/EUR 137.280,30;83/EUR 21.708,40;3465/EUR 1.352,00;5689/EUR 126,60;111324/EUR 32,30;126331/EUR 22,80;1625221/EUR 9,70
12.11.2003;5/10/18/27/32/39;41;6;1/5/4/3/8/0/0;4/0/1/6/0/8;1/EUR 1.254.795,30;9/EUR 111.537,30;11/EUR 57.036,10;637/EUR 2.560,80;1078/EUR 232,80;27469/EUR 45,60;32191/EUR 31,10;485867/EUR 11,30
15.11.2003;4/19/22/33/36/38;40;8;9/3/4/3/0/5/9;3/1/4/2/1/6;0/EUR 3.534.307,00;5/EUR 565.489,10;26/EUR 67.967,40;1752/EUR 2.622,40;3315/EUR 213,20;88498/EUR 39,90;102700/EUR 27,50;1577280/EUR 9,80
19.11.2003;5/10/18/27/32/39;41;6;3/1/0/3/0/0/6;8/8/2/2/9/1;0/EUR 4.839.763,50;6/EUR 174.060,80;27/EUR 24.175,10;1107/EUR 1.533,00;2583/EUR 101,00;46522/EUR 28,00;56004/EUR 18,60;713193/EUR 8,00
22.11.2003;5/8/25/31/37/39;47;8;2/8/0/5/2/1/4;7/6/5/3/8/1;0/EUR 8.536.408,00;4/EUR 739.328,90;24/EUR 77.013,40;1533/EUR 3.134,70;4557/EUR 162,20;94798/EUR 38,90;131471/EUR 22,40;1807274/EUR 8,90
26.11.2003;5/26/27/28/29/37;25;2;2/1/3/0/0/6/4;3/2/0/1/9/7;0/EUR 10.111.776,90;2/EUR 630.147,50;20/EUR 39.384,20;545/EUR 3.757,70;3533/EUR 89,10;33272/EUR 47,30;56487/EUR 22,30;633715/EUR 10,90
29.11.2003;4/8/28/31/48/49;7;7;0/2/8/8/6/1/8;2/6/1/3/7/7;0/EUR 14.408.706,10;7/EUR 491.077,60;55/EUR 39.062,90;1795/EUR 3.111,90;5174/EUR 166,00;96921/EUR 44,30;147927/EUR 23,20;1693923/EUR 11,10
03.12.2003;9/16/18/41/47/48;43;4;6/5/1/8/0/0/6;5/3/3/1/1/8;2/EUR 8.484.826,10;2/EUR 1.024.378,50;16/EUR 80.029,50;792/EUR 4.203,50;2078/EUR 246,40;51671/EUR 49,50;70712/EUR 28,90;1085788/EUR 10,30
06.12.2003;20/24/33/35/41/43;44;2;1/2/1/6/3/9/4;0/8/0/0/6/5;1/EUR 3.998.894,90;6/EUR 533.185,90;28/EUR 71.408,80;1526/EUR 3.406,60;3805/EUR 210,10;85695/EUR 46,60;112088/EUR 28,50;1560518/EUR 11,20
10.12.2003;1/9/15/24/30/43;7;5;0/1/4/8/3/6/3;2/8/1/3/1/4;0/EUR 1.365.012,20;3/EUR 364.003,20;16/EUR 42.656,60;540/EUR 3.286,10;1733/EUR 157,50;26826/EUR 50,80;56775/EUR 19,20;512233/EUR 11,70
13.12.2003;5/11/26/29/30/44;46;9;1/8/4/3/4/7/3;3/0/0/3/8/7;0/EUR 5.039.031,90;7/EUR 419.887,90;29/EUR 63.345,10;1765/EUR 2.706,00;3793/EUR 193,70;92474/EUR 39,70;106059/EUR 27,70;1640460/EUR 9,80
17.12.2003;5/11/14/20/39/40;15;3;8/5/5/7/0/5/4;5/1/7/4/5/7;0/EUR 6.497.983,30;0/EUR 1.167.161,10;10/EUR 72.947,50;525/EUR 3.612,60;1256/EUR 232,30;31995/EUR 45,50;39003/EUR 29,90;621483/EUR 10,30
20.12.2003;2/24/30/31/37/43;13;5;2/0/4/7/8/0/4;9/6/8/0/3/0;0/EUR 10.463.012,00;3/EUR 1.446.394,70;26/EUR 76.250,50;1173/EUR 4.394,30;3685/EUR 215,10;69722/EUR 56,80;144908/EUR 21,80;1431532/EUR 12,10
24.12.2003;4/6/9/14/27/31;10;4;3/5/3/8/7/0/8;3/6/0/7/5/3;1/EUR 13.153.243,80;3/EUR 717.395,10;32/EUR 42.034,80;1614/EUR 2.166,80;4186/EUR 128,50;78604/EUR 34,20;106825/EUR 20,10;1299551/EUR 9,10
27.12.2003;7/17/24/35/36/40;28;0;1/4/7/8/9/2/6;1/6/7/0/5/5;0/EUR 3.661.615,30;6/EUR 488.215,30;43/EUR 42.576,90;1796/EUR 2.650,30;4315/EUR 169,70;93072/EUR 39,30;116386/EUR 25,10;1630251/EUR 9,80
31.12.2003;4/6/22/31/39/47;45;8;7/1/5/8/2/2/7;9/8/8/1/7/9;0/EUR 5.414.711,90;2/EUR 701.238,60;9/EUR 97.394,20;736/EUR 3.096,50;1389/EUR 252,40;38331/EUR 45,70;46534/EUR 30,10;735537/EUR 10,40
03.01.2004;5/15/16/37/41/48;3;7;4/5/9/5/1/9/4;3/8/8/5/9/0;1/EUR 9.119.687,50;4/EUR 740.995,10;29/EUR 63.878,80;1212/EUR 3.973,90;3452/EUR 214,60;73832/EUR 50,10;110981/EUR 26,70;1387961/EUR 11,70
07.01.2004;10/12/24/44/45/49;22;7;4/8/7/8/1/5/4;9/1/9/7/9/2;0/EUR 1.300.760,90;1/EUR 1.040.608,70;11/EUR 59.125,40;560/EUR 3.019,60;1171/EUR 222,10;29815/EUR 43,60;33048/EUR 31,40;583689/EUR 9,80
10.01.2004;9/13/14/33/42/45;48;9;2/3/7/0/5/1/6;6/0/7/5/3/0;0/EUR 4.858.252,50;3/EUR 948.664,40;28/EUR 63.526,60;1627/EUR 2.842,40;3397/EUR 209,40;85427/EUR 41,60;99330/EUR 28,60;1515349/EUR 10,30
14.01.2004;5/17/19/21/23/28;22;7;3/0/0/4/6/6/6;2/5/6/6/1/9;0/EUR 6.347.365,80;2/EUR 595.645,30;15/EUR 49.637,10;942/EUR 2.055,00;1919/EUR 155,10;48988/EUR 30,30;47556/EUR 25,00;794987/EUR 8,20
17.01.2004;20/28/34/35/40/49;19;0;5/5/0/6/0/5/4;3/4/5/6/5/1;0/EUR 10.285.310,60;8/EUR 393.794,40;23/EUR 85.607,40;1183/EUR 4.327,40;3140/EUR 250,80;69186/EUR 56,90;102290/EUR 30,70;1347319/EUR 12,80
21.01.2004;5/22/29/30/33/49;45;4;4/3/0/1/2/4/6;6/9/8/9/1/1;0/EUR 12.066.688,80;2/EUR 712.551,20;11/EUR 80.971,70;454/EUR 5.100,80;1537/EUR 231,70;29989/EUR 59,40;48450/EUR 29,40;659430/EUR 11,80
24.01.2004;9/12/14/20/26/48;39;4;6/3/8/0/4/7/8;3/6/0/6/8/7;1/EUR 20.233.178,20;0/EUR 0,00;33/EUR 68.741,40;1484/EUR 3.974,40;5549/EUR 163,50;97487/EUR 46,50;157365/EUR 23,00;1876377/EUR 10,60
28.01.2004;15/17/18/27/33/38;7;2;4/0/7/1/4/0/6;6/6/3/5/4/3;0/EUR 1.373.424,30;4/EUR 274.684,80;15/EUR 45.780,80;664/EUR 2.688,90;2251/EUR 122,00;40520/EUR 33,80;63189/EUR 17,30;688258/EUR 8,70
31.01.2004;16/22/30/32/48/49;11;6;4/5/4/0/5/5/6;8/0/3/8/1/7;0/EUR 5.038.213,50;4/EUR 732.957,80;24/EUR 76.349,70;1061/EUR 4.490,30;3426/EUR 213,90;68351/EUR 53,60;119435/EUR 24,50;1454373/EUR 11,00
04.02.2004;1/2/16/21/31/41;11;4;5/0/3/6/6/4/5;0/9/4/4/7/3;0/EUR 6.501.590,80;2/EUR 585.350,90;457/EUR 2.300,50;688/EUR 2.300,50;11738/EUR 39,00;33233/EUR 39,00;66263/EUR 17,60;581631/EUR 11,00
07.02.2004;14/17/20/23/26/28;37;1;8/2/5/9/1/7/8;1/1/3/0/4/9;1/EUR 10.357.052,90;11/EUR 280.397,20;64/EUR 30.120,70;2214/EUR 2.263,80;3584/EUR 215,10;84545/EUR 45,60;114069/EUR 27,00;1510581/EUR 11,20
11.02.2004;4/17/27/28/34/39;32;9;5/0/5/5/0/4/5;7/5/6/7/5/2;1/EUR 1.338.956,00;1/EUR 1.071.164,80;12/EUR 55.789,80;654/EUR 2.661,50;1595/EUR 167,80;36517/EUR 36,60;49559/EUR 21,60;632060/EUR 9,30
14.02.2004;23/25/32/35/37/46;48;8;2/0/7/1/5/4/7;9/1/7/9/4/6;1/EUR 3.639.068,90;10/EUR 291.125,50;85/EUR 21.406,20;2277/EUR 2.077,60;5452/EUR 133,40;105213/EUR 34,50;126917/EUR 22,90;1739302/EUR 9,20
18.02.2004;20/27/30/40/46/48;19;3;9/6/2/0/0/7/6;6/4/3/7/3/5;1/EUR 1.304.445,00;3/EUR 347.852,00;14/EUR 46.587,30;653/EUR 2.596,90;1459/EUR 178,80;34703/EUR 37,50;40929/EUR 25,40;573671/EUR 10,00
21.02.2004;5/9/14/28/38/49;26;1;2/0/3/1/9/4/0;6/9/2/8/1/2;0/EUR 3.498.220,20;7/EUR 399.796,60;62/EUR 28.211,40;1714/EUR 2.653,20;5564/EUR 125,70;86517/EUR 40,40;138018/EUR 20,20;1510825/EUR 10,10
25.02.2004;5/11/13/21/28/49;30;4;7/8/8/4/0/0/6;4/7/5/4/0/0;1/EUR 4.806.494,70;2/EUR 523.309,80;12/EUR 54.511,40;696/EUR 2.443,60;1499/EUR 174,50;34146/EUR 38,30;41029/EUR 25,50;602625/EUR 9,50
28.02.2004;1/6/18/24/29/38;41;5;5/2/2/6/5/1/5;3/9/7/9/1/2;2/EUR 3.181.121,30;0/EUR 0,00;47/EUR 37.601,90;1762/EUR 2.607,80;4308/EUR 164,00;95302/EUR 37,00;109034/EUR 25,90;1678158/EUR 9,20
03.03.2004;20/22/29/44/46/49;5;7;9/1/4/5/6/2/6;8/8/2/8/9/3;1/EUR 2.488.296,20;0/EUR 0,00;8/EUR 86.399,10;363/EUR 4.950,60;1129/EUR 244,80;20958/EUR 65,90;36462/EUR 30,30;450620/EUR 13,40
06.03.2004;1/3/24/37/38/46;20;4;6/0/4/9/0/0/5;9/4/6/9/0/9;1/EUR 3.638.856,70;5/EUR 582.217,00;33/EUR 55.134,10;1272/EUR 3.718,90;3416/EUR 213,00;76982/EUR 47,20;101224/EUR 28,70;1550975/EUR 10,30
10.03.2004;4/8/17/38/40/47;45;2;3/1/0/7/5/7/8;5/3/3/8/6/3;0/EUR 1.292.306,40;0/EUR 1.033.845,10;9/EUR 71.794,80;598/EUR 2.809,30;1087/EUR 237,70;33385/EUR 38,70;37354/EUR 27,60;591590/EUR 9,60
13.03.2004;6/20/21/28/32/48;30;9;3/4/5/1/2/3/0;7/6/6/9/7/1;0/EUR 4.842.513,10;5/EUR 774.802,10;21/EUR 84.528,70;1143/EUR 4.037,80;3045/EUR 233,10;75892/EUR 46,70;95521/EUR 29,70;1468571/EUR 10,60
17.03.2004;1/12/15/21/29/34;23;4;9/5/6/5/1/5/8;0/6/5/6/3/5;0/EUR 6.217.453,10;0/EUR 1.099.952,00;15/EUR 45.831,30;414/EUR 4.317,40;1091/EUR 252,00;26235/EUR 52,40;36869/EUR 29,80;490623/EUR 12,30
20.03.2004;3/10/16/24/27/32;11;4;7/9/6/1/7/5/2;8/2/0/4/2/1;2/EUR 5.004.425,20;13/EUR 317.928,40;75/EUR 25.275,90;3301/EUR 1.493,10;8889/EUR 85,30;141475/EUR 26,70;199541/EUR 15,20;2160079/EUR 7,70
24.03.2004;3/8/9/11/31/44;41;6;5/5/0/1/9/9/5;0/4/7/4/0/0;0/EUR 1.279.723,10;1/EUR 1.023.778,50;13/EUR 49.220,10;635/EUR 2.619,90;1814/EUR 141,00;38560/EUR 33,10;50237/EUR 20,30;679392/EUR 8,20
27.03.2004;26/28/30/40/47/49;13;0;7/9/5/5/2/6/6;1/1/3/3/6/0;1/EUR 4.769.555,90;10/EUR 279.186,60;15/EUR 116.327,70;1506/EUR 3.012,40;3685/EUR 189,40;76780/EUR 45,40;108956/EUR 25,60;1432145/EUR 10,70
31.03.2004;13/20/22/23/25/35;47;4;8/7/1/8/9/0/0;5/1/4/0/7/7;1/EUR 2.263.553,50;0/EUR 0,00;4/EUR 157.191,20;382/EUR 4.279,50;986/EUR 255,00;25618/EUR 49,00;31856/EUR 31,50;509230/EUR 10,80
03.04.2004;1/2/10/16/30/43;6;3;3/9/2/4/8/4/7;0/1/2/7/2/3;0/EUR 4.571.416,90;9/EUR 406.348,10;44/EUR 51.947,90;1648/EUR 3.606,00;5681/EUR 160,90;100605/EUR 45,40;167676/EUR 21,80;1872953/EUR 10,70
07.04.2004;4/6/10/33/34/45;16;4;2/9/7/6/8/7/1;1/7/5/7/2/2;0/EUR 5.942.363,20;2/EUR 548.378,50;15/EUR 45.698,20;554/EUR 3.217,00;1706/EUR 160,70;29979/EUR 45,70;47358/EUR 23,10;588108/EUR 10,20
10.04.2004;3/5/25/43/47/49;40;6;4/4/7/1/2/5/5;1/9/3/9/8/5;1/EUR 9.602.206,60;6/EUR 487.979,10;36/EUR 50.831,10;2036/EUR 2.336,80;3360/EUR 217,80;94302/EUR 38,80;112331/EUR 26,00;1712969/EUR 9,40
14.04.2004;4/12/13/38/43/47;19;1;4/7/5/4/7/7/0;9/6/8/1/7/0;0/EUR 1.232.875,60;2/EUR 493.150,20;7/EUR 88.062,50;486/EUR 3.297,80;1313/EUR 187,70;26636/EUR 46,20;41609/EUR 23,70;505903/EUR 10,70
17.04.2004;18/24/26/29/32/33;27;8;8/0/4/3/0/6/2;9/2/1/6/7/5;1/EUR 4.641.511,70;13/EUR 209.762,20;49/EUR 34.782,00;2146/EUR 2.064,80;5480/EUR 124,40;102199/EUR 33,30;128911/EUR 21,10;1642532/EUR 9,10
21.04.2004;1/3/32/33/46/47;25;1;3/8/6/1/4/4/3;8/9/8/2/1/5;0/EUR 1.230.090,80;5/EUR 199.889,70;3/EUR 199.889,70;468/EUR 3.416,90;1055/EUR 233,10;25483/EUR 48,20;37856/EUR 25,90;495952/EUR 10,90
24.04.2004;1/13/30/33/37/40;29;3;2/3/4/5/2/3/7;3/5/8/8/3/7;0/EUR 4.629.615,10;0/EUR 2.719.619,40;14/EUR 121.411,50;1006/EUR 4.393,00;2178/EUR 312,10;71481/EUR 47,50;72641/EUR 37,40;1437202/EUR 10,40
28.04.2004;25/29/34/43/45/48;15;6;3/4/4/6/4/5/4;4/5/6/7/9/2;0/EUR 5.976.172,80;1/EUR 3.796.865,60;9/EUR 74.808,70;536/EUR 3.265,90;1196/EUR 225,10;27667/EUR 48,60;34266/EUR 31,40;516570/EUR 11,40
01.05.2004;8/9/22/27/29/49;1;6;1/7/8/9/9/7/2;6/8/3/1/9/5;1/EUR 9.427.632,40;6/EUR 460.194,60;46/EUR 37.515,80;1173/EUR 3.825,10;4914/EUR 140,40;73092/EUR 47,20;139817/EUR 19,70;1422947/EUR 10,60
05.05.2004;6/12/25/31/41/46;2;8;5/1/0/5/7/1/1;9/6/1/6/8/3;0/EUR 1.256.177,40;4/EUR 251.235,40;25/EUR 25.123,50;899/EUR 1.816,40;1848/EUR 135,90;36512/EUR 34,40;46586/EUR 21,50;590712/EUR 9,30
08.05.2004;4/11/33/37/43/44;13;7;8/8/9/3/9/3/8;7/4/1/9/9/2;0/EUR 4.703.075,20;4/EUR 689.379,50;30/EUR 57.448,20;1496/EUR 2.995,20;3779/EUR 182,40;81615/EUR 42,20;120547/EUR 22,80;1494865/EUR 10,10
12.05.2004;5/7/13/23/28/38;1;7;4/0/3/5/1/6/9;1/5/0/4/6/3;1/EUR 6.552.728,00;4/EUR 369.930,50;16/EUR 57.801,60;1106/EUR 2.174,00;2484/EUR 148,90;54955/EUR 33,60;67918/EUR 21,70;901870/EUR 9,00
15.05.2004;3/8/23/29/32/34;43;1;9/0/2/2/3/8/0;1/0/3/8/9/5;0/EUR 3.388.559,50;3/EUR 903.615,80;26/EUR 65.164,60;1241/EUR 3.549,60;3554/EUR 190,60;71892/EUR 47,10;101141/EUR 26,80;1436786/EUR 10,30
19.05.2004;3/13/19/24/27/44;29;7;5/3/1/7/5/5/7;3/5/8/0/9/8;0/EUR 4.706.429,80;6/EUR 175.716,00;18/EUR 36.607,50;950/EUR 1.803,40;1862/EUR 141,50;43716/EUR 30,10;44854/EUR 23,50;709208/EUR 8,10
22.05.2004;5/18/26/31/43/44;14;7;9/4/3/5/8/6/7;8/8/9/2/4/0;0/EUR 8.105.952,40;4/EUR 679.904,50;35/EUR 48.564,60;1621/EUR 2.726,30;3322/EUR 204,60;83958/EUR 40,40;90679/EUR 29,90;1482956/EUR 10,00
26.05.2004;8/12/17/21/35/40;3;0;7/4/0/0/8/7/8;6/8/6/6/3/1;0/EUR 9.591.539,90;5/EUR 237.694,00;27/EUR 27.510,80;701/EUR 2.755,00;2148/EUR 138,30;35633/EUR 41,60;56349/EUR 21,00;623838/EUR 10,40
29.05.2004;3/4/14/18/24/40;37;8;0/2/6/6/7/8/8;4/2/8/2/0/1;1/EUR 13.606.219,40;4/EUR 802.935,90;31/EUR 64.752,80;1930/EUR 2.704,10;5217/EUR 153,90;112600/EUR 35,60;137735/EUR 23,30;1945837/EUR 9,00
02.06.2004;10/17/32/38/41/43;37;4;3/4/8/3/8/3/5;5/8/5/8/9/8;0/EUR 1.268.012,40;3/EUR 338.136,60;15/EUR 42.267,00;664/EUR 2.482,50;1346/EUR 188,40;35144/EUR 36,00;45325/EUR 22,30;614047/EUR 9,00
05.06.2004;15/19/31/34/41/44;4;7;2/8/1/6/3/4/6;6/2/3/9/5/6;1/EUR 4.717.838,50;11/EUR 250.896,40;97/EUR 17.782,60;2071/EUR 2.165,50;5854/EUR 117,80;86523/EUR 39,80;123884/EUR 22,20;1448194/EUR 10,40
09.06.2004;5/11/16/28/32/40;10;4;5/3/7/8/7/7/4;2/2/6/1/5/6;2/EUR 626.596,30;5/EUR 200.510,80;9/EUR 69.621,80;877/EUR 1.857,60;1609/EUR 155,70;36854/EUR 34,00;47093/EUR 21,20;603280/EUR 9,10
12.06.2004;3/6/12/13/30/36;45;9;5/6/8/3/8/6/7;2/1/1/8/8/2;2/EUR 1.661.176,80;3/EUR 885.960,90;31/EUR 53.586,30;1754/EUR 2.462,40;3016/EUR 220,30;110911/EUR 29,90;94939/EUR 27,90;1608100/EUR 9,00
16.06.2004;2/11/14/22/34/47;7;7;0/3/6/4/0/3/5;9/5/5/5/3/9;0/EUR 1.221.070,20;2/EUR 488.428,10;11/EUR 55.503,10;548/EUR 2.896,60;1649/EUR 148,00;25820/EUR 47,20;46609/EUR 20,90;465480/EUR 11,50
19.06.2004;19/22/26/27/31/40;43;4;9/1/4/4/9/2/4;4/2/4/9/3/3;0/EUR 4.707.404,40;2/EUR 1.394.533,60;29/EUR 60.109,20;1412/EUR 3.209,70;3458/EUR 201,60;89198/EUR 39,00;101625/EUR 27,40;1653230/EUR 9,20
23.06.2004;8/13/14/19/39/44;45;4;1/4/5/0/8/1/1;1/4/7/4/3/5;0/EUR 6.037.933,20;1/EUR 1.064.423,00;6/EUR 110.877,40;382/EUR 4.527,90;1050/EUR 253,40;26192/EUR 50,70;32825/EUR 32,40;532603/EUR 10,90
26.06.2004;18/30/31/33/35/40;38;2;7/3/9/2/1/6/7;1/3/4/7/3/4;1/EUR 9.641.186,60;4/EUR 720.650,60;125/EUR 14.413,00;2095/EUR 2.235,90;8235/EUR 87,50;114295/EUR 31,50;141615/EUR 20,30;1745701/EUR 9,00
30.06.2004;6/8/15/27/33/34;7;9;2/6/7/1/0/6/8;3/1/2/1/5/5;0/EUR 1.366.091,00;0/EUR 1.092.872,80;11/EUR 62.095,00;550/EUR 3.228,90;1521/EUR 179,60;27687/EUR 49,30;41240/EUR 26,50;531198/EUR 11,30
03.07.2004;4/16/17/20/36/49;44;5;0/7/4/9/9/5/2;1/5/5/3/7/1;0/EUR 4.806.218,10;2/EUR 1.922.487,20;21/EUR 81.907,70;1177/EUR 3.799,60;3014/EUR 228,20;67641/EUR 50,80;89587/EUR 30,70;1338446/EUR 11,30
07.07.2004;4/11/12/26/41/45;20;8;9/6/7/7/6/7/8;9/2/0/8/9/9;0/EUR 6.158.569,60;3/EUR 360.627,00;23/EUR 29.398,90;691/EUR 2.544,20;1508/EUR 179,30;36273/EUR 37,20;42167/EUR 25,60;647075/EUR 9,10
10.07.2004;2/4/31/39/40/46;21;5;7/1/9/9/2/7/1;3/4/0/9/3/6;1/EUR 9.837.859,00;1/EUR 2.943.431,50;29/EUR 63.436,00;971/EUR 4.925,90;3011/EUR 244,30;70903/EUR 51,80;101755/EUR 28,90;1520591/EUR 10,60
14.07.2004;6/7/8/34/42/48;21;4;2/3/1/2/4/4/7;4/7/4/4/0/8;0/EUR 1.257.691,40;2/EUR 503.076,50;14/EUR 44.917,50;378/EUR 4.325,30;1199/EUR 209,70;23729/EUR 53,00;38337/EUR 26,20;502811/EUR 11,00
17.07.2004;10/23/24/25/27/41;17;0;1/3/4/5/4/0/7;9/9/8/6/0/9;2/EUR 2.442.960,40;1/EUR 2.442.960,40;31/EUR 54.401,30;1581/EUR 2.773,40;4808/EUR 140,30;120843/EUR 27,90;137059/EUR 19,60;1745609/EUR 8,50
21.07.2004;10/11/38/43/45/47;21;0;4/7/9/8/3/4/7;4/1/0/7/6/4;0/EUR 1.214.112,90;0/EUR 971.290,30;6/EUR 101.176,00;410/EUR 3.849,60;931/EUR 260,80;26006/EUR 46,60;31323/EUR 31,00;512839/EUR 10,40
24.07.2004;2/9/13/27/37/48;47;0;1/1/3/8/3/4/1;6/4/1/6/2/1;1/EUR 4.548.492,70;11/EUR 330.799,40;50/EUR 33.343,70;2385/EUR 1.817,40;4598/EUR 145,00;106353/EUR 31,30;125438/EUR 21,20;1676632/EUR 8,70
28.07.2004;3/13/30/35/41/49;40;3;2/7/5/6/8/2/9;2/1/4/5/2/2;0/EUR 1.200.827,60;1/EUR 960.662,10;7/EUR 85.773,40;421/EUR 3.708,00;1186/EUR 202,50;25952/EUR 46,20;38061/EUR 25,20;500242/EUR 10,50
31.07.2004;3/6/9/33/44/48;38;5;7/5/7/3/8/6/9;9/2/6/5/0/2;1/EUR 4.551.459,40;8/EUR 335.063,10;62/EUR 27.021,20;2532/EUR 1.720,30;6140/EUR 109,10;104213/EUR 32,10;148362/EUR 18,00;1685949/EUR 8,70
04.08.2004;8/17/19/33/43/45;1;3;8/8/7/7/1/3/0;5/8/5/3/5/1;0/EUR 1.210.842,60;1/EUR 968.674,10;7/EUR 86.488,70;560/EUR 2.810,80;1347/EUR 179,70;31005/EUR 39,00;40723/EUR 23,70;554829/EUR 9,60
07.08.2004;5/7/26/35/39/45;28;6;6/4/1/6/7/2/7;6/4/7/1/7/1;0/EUR 0,00;4/EUR 656.831,70;20/EUR 82.103,90;1285/EUR 3.322,40;3159/EUR 207,90;77701/EUR 42,20;98857/EUR 26,50;1470887/EUR 9,80
11.08.2004;12/18/23/27/32/46;48;4;7/7/7/2/8/5/8;9/9/4/6/7/1;0/EUR 0,00;9/EUR 115.366,40;35/EUR 18.541,00;2584/EUR 652,90;2352/EUR 110,30;54646/EUR 23,70;49964/EUR 20,70;723863/EUR 7,80
14.08.2004;3/12/37/40/48/49;30;1;1/7/9/2/6/8/7;9/0/0/3/0/1;0/EUR 0,00;5/EUR 580.210,70;57/EUR 31.809,80;1522/EUR 3.097,30;4361/EUR 166,30;88951/EUR 40,70;122139/EUR 23,70;1670285/EUR 9,50
18.08.2004;5/7/8/14/23/33;37;2;1/8/6/8/6/7/7;3/6/4/3/3/2;1/EUR 11.019.235,90;9/EUR 142.226,20;24/EUR 33.334,20;878/EUR 2.369,00;2272/EUR 140,80;45123/EUR 35,40;55263/EUR 23,10;785067/EUR 8,90
21.08.2004;1/6/21/27/31/47;35;0;1/4/1/0/9/1/3;9/4/0/1/7/9;0/EUR 0,00;2/EUR 1.331.942,20;20/EUR 83.246,30;1355/EUR 3.194,60;2812/EUR 236,80;78277/EUR 42,50;84097/EUR 31,60;1479153/EUR 9,90
25.08.2004;2/5/13/19/30/47;14;9;2/3/6/0/0/7/3;1/8/0/6/5/2;1/EUR 4.620.036,10;3/EUR 344.048,10;2/EUR 322.545,10;799/EUR 2.099,10;1129/EUR 228,50;37712/EUR 34,20;35309/EUR 29,20;634428/EUR 8,90
28.08.2004;1/12/21/31/36/40;10;6;7/6/4/0/8/8/4;6/9/4/5/8/4;1/EUR 3.269.173,10;9/EUR 290.593,10;40/EUR 40.864,60;1317/EUR 3.226,90;3817/EUR 171,20;67488/EUR 48,40;112903/EUR 23,10;1278491/EUR 11,20
01.09.2004;17/31/32/41/42/43;26;4;4/4/1/4/3/9/4;1/2/1/3/7/9;0/EUR 0,00;6/EUR 164.563,40;15/EUR 41.140,80;1022/EUR 1.569,90;1890/EUR 130,60;34961/EUR 35,30;51429/EUR 19,10;580759/EUR 9,30
04.09.2004;1/3/4/11/19/40;5;4;8/3/8/2/3/5/0;6/4/9/1/8/8;0/EUR 0,00;16/EUR 166.377,70;88/EUR 18.906,50;2817/EUR 1.535,60;9086/EUR 73,20;128720/EUR 25,80;233467/EUR 11,40;1902418/EUR 7,60
08.09.2004;3/9/20/38/39/45;30;2;1/6/5/5/4/8/0;9/2/0/2/8/6;0/EUR 5.895.374,90;4/EUR 1.066.875,70;12/EUR 55.566,80;554/EUR 3.129,30;1637/EUR 162,90;30629/EUR 43,50;45896/EUR 23,20;588908/EUR 9,90
11.09.2004;6/10/12/16/17/31;35;9;1/3/0/3/3/7/0;3/8/8/0/8/2;1/EUR 9.607.986,30;12/EUR 247.506,70;38/EUR 48.850,00;2249/EUR 2.146,00;4275/EUR 173,60;118958/EUR 31,20;114994/EUR 25,80;2045907/EUR 7,90
15.09.2004;1/26/27/28/29/31;23;6;6/9/3/4/0/4/0;2/8/5/9/0/7;0/EUR 0,00;15/EUR 69.526,70;29/EUR 22.476,30;1178/EUR 1.438,60;2325/EUR 112,10;32275/EUR 40,30;44576/EUR 23,30;507808/EUR 11,20
18.09.2004;1/5/17/22/26/41;7;0;9/8/9/3/6/5/5;0/0/8/9/0/6;1/EUR 4.750.709,60;3/EUR 919.222,40;55/EUR 31.337,10;1570/EUR 2.854,20;5746/EUR 119,90;83966/EUR 41,00;157658/EUR 17,40;1518586/EUR 9,90
22.09.2004;2/6/12/14/28/40;27;4;4/1/7/0/7/3/8;8/8/2/8/2/2;0/EUR 0,00;2/EUR 487.408,10;17/EUR 35.838,80;776/EUR 2.041,30;1608/EUR 151,50;32969/EUR 36,90;42830/EUR 22,70;540442/EUR 9,90
25.09.2004;5/7/28/33/39/42;37;2;2/6/4/9/2/7/8;4/4/9/7/3/1;0/EUR 0,00;7/EUR 379.235,80;27/EUR 61.450,20;1271/EUR 3.394,00;3369/EUR 196,90;77017/EUR 43,00;105173/EUR 25,20;1525972/EUR 9,50
29.09.2004;1/14/28/29/43/45;18;1;2/4/0/1/0/3/6;6/8/7/0/3/0;0/EUR 5.856.578,00;1/EUR 1.055.795,00;9/EUR 73.319,80;525/EUR 3.267,90;1026/EUR 257,20;23371/EUR 56,40;30788/EUR 34,20;428346/EUR 13,50
02.10.2004;11/19/28/29/42/45;22;5;1/4/9/9/2/9/9;8/7/8/0/3/6;0/EUR 0,00;8/EUR 366.528,60;25/EUR 73.305,70;1500/EUR 3.176,50;3143/EUR 233,20;79862/EUR 45,80;96678/EUR 30,30;1472370/EUR 10,90
06.10.2004;9/23/29/37/39/43;2;0;2/8/5/8/7/5/7;7/4/6/2/4/5;0/EUR 0,00;5/EUR 275.074,10;29/EUR 29.641,60;1186/EUR 1.884,40;1914/EUR 179,60;44358/EUR 38,70;50836/EUR 27,00;768980/EUR 9,80
09.10.2004;11/15/21/22/27/47;34;9;9/6/8/3/0/2/2;0/4/8/6/1/6;1/EUR 15.582.946,10;2/EUR 1.736.741,70;29/EUR 74.859,50;1319/EUR 4.279,30;3942/EUR 220,20;84773/EUR 51,20;114919/EUR 30,20;1704074/EUR 11,20
13.10.2004;11/12/13/20/32/42;10;8;4/9/6/5/4/3/4;6/0/8/4/0/1;0/EUR 0,00;1/EUR 1.069.993,30;16/EUR 41.796,60;430/EUR 4.043,50;1693/EUR 158,00;28792/EUR 46,40;51015/EUR 20,90;559407/EUR 10,50
16.10.2004;6/7/21/23/28/29;4;7;6/1/7/5/6/3/1;2/1/6/3/1/3;1/EUR 4.804.133,10;4/EUR 693.328,20;53/EUR 32.704,10;1477/EUR 3.051,20;4752/EUR 145,90;81013/EUR 42,70;128034/EUR 21,60;1548867/EUR 9,80
20.10.2004;6/7/10/18/35/43;38;3;4/4/8/8/3/7/2;1/9/2/3/8/8;0/EUR 0,00;1/EUR 1.006.807,70;14/EUR 44.946,70;532/EUR 3.075,30;1423/EUR 176,80;27874/EUR 45,10;39008/EUR 25,80;548735/EUR 10,00
23.10.2004;26/29/32/34/40/48;49;7;5/4/0/1/0/4/3;4/1/4/7/2/4;2/EUR 2.316.171,70;5/EUR 539.813,40;44/EUR 38.339,00;1494/EUR 2.935,70;4085/EUR 165,10;75402/EUR 44,70;121069/EUR 22,20;1391201/EUR 10,60
27.10.2004;7/27/29/31/37/38;12;3;4/5/5/3/0/2/6;2/3/7/0/3/8;0/EUR 0,00;3/EUR 329.779,60;12/EUR 51.528,00;421/EUR 3.818,70;1400/EUR 176,60;28314/EUR 43,60;43232/EUR 22,80;573989/EUR 9,40
30.10.2004;10/27/30/39/40/47;34;7;2/3/6/3/7/8/0;4/5/8/5/5/6;2/EUR 2.474.578,80;1/EUR 2.474.578,80;33/EUR 52.079,60;2104/EUR 2.123,70;3698/EUR 185,80;109684/EUR 31,30;109217/EUR 25,10;1759559/EUR 8,50
03.11.2004;5/8/15/22/35/48;7;5;3/2/0/6/0/8/3;1/6/1/0/2/3;0/EUR 0,00;2/EUR 500.478,90;12/EUR 52.133,20;561/EUR 2.899,30;1262/EUR 198,20;28083/EUR 44,50;39231/EUR 25,50;487906/EUR 11,20
06.11.2004;16/24/33/36/45/47;42;9;7/3/9/0/3/7/6;7/2/0/9/3/9;1/EUR 4.678.280,90;9/EUR 304.629,60;58/EUR 29.543,80;1798/EUR 2.477,80;4582/EUR 149,50;86915/EUR 39,40;106986/EUR 25,60;1443252/EUR 10,40
10.11.2004;7/8/19/25/28/45;16;4;7/2/0/1/1/1/1;9/8/5/8/6/3;0/EUR 0,00;3/EUR 338.319,50;11/EUR 57.668,10;584/EUR 2.824,10;1396/EUR 181,70;33407/EUR 37,90;40560/EUR 25,00;620777/EUR 8,90
13.11.2004;5/27/41/42/43/46;16;9;3/4/9/3/5/5/1;0/4/6/7/1/1;0/EUR 0,00;4/EUR 673.093,70;19/EUR 88.564,90;897/EUR 4.877,40;3253/EUR 206,90;69722/EUR 48,20;96248/EUR 27,90;1297548/EUR 11,40
17.11.2004;5/15/17/24/26/43;37;9;5/6/7/6/9/3/5;4/6/0/0/2/7;1/EUR 5.960.973,20;2/EUR 530.722,50;18/EUR 36.855,70;467/EUR 3.693,40;1703/EUR 155,80;28863/EUR 45,90;44966/EUR 23,60;564654/EUR 10,30
20.11.2004;7/18/19/33/46/49;31;6;9/8/7/1/1/1/4;9/4/8/6/0/5;0/EUR 0,00;8/EUR 328.301,30;70/EUR 23.450,00;1884/EUR 2.265,30;6527/EUR 100,50;99032/EUR 33,10;164279/EUR 15,90;1671847/EUR 8,60
24.11.2004;7/8/31/35/36/49;42;5;8/3/8/8/2/5/4;7/6/8/6/5/5;0/EUR 0,00;0/EUR 0,00;8/EUR 79.083,80;502/EUR 3.276,70;1097/EUR 230,60;26130/EUR 48,40;36805/EUR 27,50;500502/EUR 11,10
27.11.2004;18/27/36/39/41/47;13;0;9/8/1/1/3/4/8;5/2/6/6/9/8;0/EUR 0,00;7/EUR 549.291,90;52/EUR 34.047,70;2278/EUR 2.020,70;5222/EUR 135,60;102186/EUR 34,60;129459/EUR 21,80;1615740/EUR 9,60
01.12.2004;3/10/13/28/38/45;21;2;2/0/0/9/6/7/3;4/4/8/7/7/4;0/EUR 0,00;0/EUR 0,00;20/EUR 42.317,90;719/EUR 3.060,50;1875/EUR 180,50;41850/EUR 40,40;49179/EUR 27,50;747422/EUR 9,90
04.12.2004;2/8/17/36/38/40;29;1;3/6/7/3/6/6/9;9/2/3/2/1/9;0/EUR 0,00;6/EUR 789.962,00;42/EUR 50.380,90;1760/EUR 3.125,90;4014/EUR 210,80;94450/EUR 44,80;113851/EUR 29,70;1807046/EUR 10,30
08.12.2004;4/14/15/25/30/32;13;3;6/5/8/5/3/0/5;4/8/5/6/0/2;0/EUR 0,00;3/EUR 597.220,50;15/EUR 74.652,50;964/EUR 3.020,10;2257/EUR 198,40;51062/EUR 43,80;68390/EUR 26,10;978062/EUR 10,00
11.12.2004;3/7/9/33/35/42;30;2;1/9/8/6/0/0/1;7/0/5/2/6/1;0/EUR 0,00;9/EUR 499.371,30;47/EUR 59.765,10;2973/EUR 2.456,50;7211/EUR 155,80;162439/EUR 34,50;204900/EUR 21,90;2951171/EUR 8,30
15.12.2004;6/13/19/34/45/48;5;9;5/6/5/0/0/2/4;0/9/5/0/0/3;2/EUR 13.352.486,10;8/EUR 483.343,30;30/EUR 80.557,20;2205/EUR 2.849,60;4764/EUR 202,90;114000/EUR 42,30;147533/EUR 26,20;2045103/EUR 10,30
18.12.2004;1/10/12/16/22/30;35;9;3/4/9/5/8/3/5;1/4/8/1/8/0;1/EUR 4.053.020,70;10/EUR 324.241,60;37/EUR 54.770,50;2371/EUR 2.222,20;3359/EUR 241,30;113780/EUR 35,60;98289/EUR 32,90;1878452/EUR 9,40
22.12.2004;5/15/16/19/20/43;2;0;7/8/7/8/7/7/6;0/3/7/5/4/5;1/EUR 1.517.262,70;2/EUR 606.905,10;9/EUR 84.292,30;446/EUR 4.422,50;1507/EUR 201,30;30514/EUR 49,70;48557/EUR 24,90;583834/EUR 11,40
25.12.2004;9/13/22/41/47/48;44;6;7/4/0/9/0/9/8;4/8/8/8/5/9;0/EUR 0,00;4/EUR 724.285,50;17/EUR 106.512,50;1047/EUR 4.496,50;3270/EUR 221,40;69992/EUR 51,70;107538/EUR 26,90;1423288/EUR 11,10
29.12.2004;4/5/25/26/28/39;30;7;3/6/9/7/9/5/4;7/0/7/4/7/1;0/EUR 0,00;2/EUR 606.384,20;17/EUR 44.587,00;787/EUR 2.504,10;1758/EUR 172,40;41448/EUR 36,50;55728/EUR 21,70;742864/EUR 8,90
01.01.2005;2/21/22/27/36/44;38;2;6/0/1/3/8/4/7;1/6/4/9/3/2;0/EUR 0,00;2/EUR 1.448.219,40;28/EUR 64.652,60;991/EUR 4.749,40;3141/EUR 230,50;63001/EUR 57,40;95032/EUR 30,40;1288777/EUR 12,30
05.01.2005;1/11/20/24/26/41;45;8;6/1/8/3/4/3/0;3/5/5/6/9/7;1/EUR 10.485.282,60;2/EUR 690.938,30;24/EUR 35.986,30;844/EUR 2.660,60;2079/EUR 166,10;46018/EUR 37,50;50916/EUR 27,10;818349/EUR 9,20
08.01.2005;2/5/14/35/39/42;25;8;4/4/4/4/5/1/1;6/9/6/4/8/2;1/EUR 3.381.090,20;8/EUR 338.109,00;33/EUR 51.228,60;1052/EUR 4.178,10;4075/EUR 165,90;58983/EUR 57,30;114745/EUR 23,50;1246656/EUR 11,90
12.01.2005;3/5/6/10/30/45;1;3;3/7/4/5/9/7/3;5/4/1/2/6/0;0/EUR 0,00;0/EUR 0,00;17/EUR 38.611,20;716/EUR 2.383,50;2990/EUR 87,80;41292/EUR 31,70;76231/EUR 13,70;678331/EUR 8,50
15.01.2005;6/17/28/37/41/45;10;3;2/4/6/2/8/5/1;2/6/9/6/1/0;3/EUR 1.561.013,90;17/EUR 220.378,40;40/EUR 42.128,20;2140/EUR 2.047,30;4333/EUR 155,50;85909/EUR 39,20;105435/EUR 25,50;1444066/EUR 10,20
19.01.2005;7/8/14/36/39/45;22;3;0/1/7/9/9/9/8;4/9/9/6/3/5;0/EUR 0,00;1/EUR 1.028.424,90;21/EUR 30.607,80;357/EUR 4.681,20;1353/EUR 190,00;22494/EUR 57,10;35028/EUR 29,30;466904/EUR 12,10
22.01.2005;2/4/23/35/39/47;29;9;6/7/6/9/6/6/2;7/1/3/5/3/1;0/EUR 0,00;2/EUR 1.325.553,40;27/EUR 61.368,20;1326/EUR 3.248,90;2702/EUR 245,20;72429/EUR 45,70;84027/EUR 31,50;1357022/EUR 10,70
26.01.2005;4/24/32/36/42/45;31;0;7/4/6/2/1/8/4;5/6/4/6/2/1;0/EUR 0,00;4/EUR 276.405,40;11/EUR 62.819,40;711/EUR 2.526,90;1061/EUR 260,50;34322/EUR 40,20;34012/EUR 32,50;579591/EUR 10,40
29.01.2005;9/14/21/23/28/36;47;4;6/7/1/2/8/4/9;5/4/9/3/2/9;0/EUR 0,00;4/EUR 714.394,20;31/EUR 57.612,40;1611/EUR 2.882,40;3539/EUR 201,80;82653/EUR 43,20;95527/EUR 29,90;1498785/EUR 10,40
02.02.2005;6/22/26/30/36/44;19;1;2/6/0/7/8/6/7;7/7/6/5/6/0;1/EUR 12.656.972,50;0/EUR 0,00;23/EUR 37.482,50;561/EUR 3.995,40;1588/EUR 217,10;33226/EUR 51,80;49384/EUR 27,90;653369/EUR 11,60
05.02.2005;7/11/17/18/21/42;12;8;4/6/6/7/4/8/1;8/5/3/1/8/8;0/EUR 0,00;4/EUR 666.470,60;23/EUR 72.442,40;1725/EUR 2.511,30;3999/EUR 166,60;100554/EUR 33,10;123280/EUR 21,60;1781847/EUR 8,20
09.02.2005;10/15/19/39/44/46;20;3;9/4/6/9/6/1/8;4/4/1/9/2/3;0/EUR 0,00;1/EUR 1.092.677,00;7/EUR 97.560,40;419/EUR 4.237,70;1053/EUR 259,40;26508/EUR 51,50;34480/EUR 31,60;536283/EUR 11,20
12.02.2005;16/27/31/33/36/41;44;1;7/0/9/0/8/0/4;4/9/3/5/0/7;0/EUR 0,00;4/EUR 684.945,80;56/EUR 30.577,90;1966/EUR 2.264,50;6322/EUR 108,30;98227/EUR 34,80;121523/EUR 22,50;1611415/EUR 9,30
16.02.2005;1/6/10/19/22/46;11;1;7/6/3/0/7/3/2;1/6/4/0/5/9;1/EUR 9.809.674,90;3/EUR 449.799,00;30/EUR 28.112,40;1112/EUR 1.971,90;2698/EUR 125,00;48024/EUR 35,10;70343/EUR 19,10;760724/EUR 9,70
19.02.2005;9/26/36/41/42/45;29;6;8/7/7/8/0/0/7;4/4/1/5/6/7;0/EUR 0,00;3/EUR 894.148,00;22/EUR 76.205,80;1196/EUR 3.644,60;3064/EUR 218,80;74307/EUR 45,10;85964/EUR 31,20;1406692/EUR 10,40
23.02.2005;20/34/37/38/39/45;29;5;5/2/2/6/1/9/7;0/5/5/6/8/2;0/EUR 0,00;2/EUR 543.962,70;6/EUR 113.325,50;482/EUR 3.667,70;1277/EUR 212,90;32925/EUR 41,30;37946/EUR 28,60;562834/EUR 10,60
26.02.2005;1/7/16/23/25/37;44;0;3/2/7/0/5/2/2;0/2/3/0/5/7;0/EUR 0,00;3/EUR 914.806,10;34/EUR 50.448,80;1586/EUR 2.811,90;3621/EUR 189,40;90749/EUR 37,80;99623/EUR 27,50;1705283/EUR 8,80
02.03.2005;9/24/25/27/35/39;7;0;4/6/4/1/9/1/6;6/5/5/2/0/4;0/EUR 0,00;1/EUR 1.266.051,70;20/EUR 39.564,10;823/EUR 2.499,70;2727/EUR 116,00;50394/EUR 31,40;68453/EUR 18,40;836867/EUR 8,30
05.03.2005;5/8/16/26/43/47;49;2;8/5/9/2/6/0/2;1/5/3/4/4/0;0/EUR 0,00;8/EUR 383.876,10;26/EUR 73.822,30;1688/EUR 2.956,30;3938/EUR 194,90;85686/EUR 44,80;110374/EUR 27,80;1560636/EUR 10,80
09.03.2005;7/16/27/33/35/44;31;0;7/9/7/8/5/4/2;5/8/9/9/0/0;0/EUR 0,00;2/EUR 805.234,10;28/EUR 35.947,90;960/EUR 2.726,00;3195/EUR 126,00;48653/EUR 41,30;86615/EUR 18,50;882991/EUR 10,00
12.03.2005;2/3/6/20/24/39;42;5;5/2/5/2/4/7/9;4/4/1/4/3/3;1/EUR 20.362.941,70;12/EUR 319.003,00;68/EUR 35.184,10;2615/EUR 2.378,70;5413/EUR 176,70;138286/EUR 34,60;143088/EUR 26,70;2411861/EUR 8,70
16.03.2005;4/6/16/29/33/40;38;5;1/3/9/2/7/2/0;5/9/1/4/4/2;0/EUR 0,00;1/EUR 1.104.698,80;12/EUR 57.536,40;534/EUR 3.361,60;1485/EUR 185,90;29287/EUR 47,10;43483/EUR 25,40;575146/EUR 10,50
19.03.2005;4/5/7/9/48/49;23;3;6/3/9/4/9/4/6;9/9/9/7/2/8;1/EUR 4.755.067,30;27/EUR 99.976,10;63/EUR 26.779,30;2678/EUR 1.637,90;4744/EUR 142,20;105673/EUR 31,90;129746/EUR 20,80;1724448/EUR 8,60
23.03.2005;18/21/32/33/45/48;14;1;9/5/7/2/4/1/3;6/6/8/2/0/7;0/EUR 0,00;4/EUR 259.420,10;9/EUR 72.061,10;764/EUR 2.207,10;1344/EUR 193,00;37755/EUR 34,30;36737/EUR 28,20;631611/EUR 9,00
26.03.2005;2/7/21/34/35/48;32;6;9/6/6/5/4/1/5;1/9/1/7/0/7;1/EUR 4.777.250,20;3/EUR 928.039,90;18/EUR 96.670,80;1564/EUR 2.892,70;3847/EUR 180,90;75261/EUR 46,20;119055/EUR 23,30;1441256/EUR 10,60
30.03.2005;1/3/7/14/40/46;19;9;8/5/8/8/1/6/5;2/3/5/3/3/2;1/EUR 2.194.458,60;0/EUR 0,00;12/EUR 50.797,60;386/EUR 4.105,90;1767/EUR 137,90;26301/EUR 46,30;53275/EUR 18,30;513969/EUR 10,40
02.04.2005;5/8/18/37/43/49;22;6;1/7/8/7/7/3/1;4/6/3/6/8/7;0/EUR 0,00;5/EUR 515.474,80;30/EUR 53.695,20;1272/EUR 3.292,60;3296/EUR 195,40;68418/EUR 47,00;89101/EUR 28,90;1313826/EUR 10,70
06.04.2005;6/14/28/32/43/47;45;8;6/9/0/0/0/1/8;3/8/9/0/3/8;0/EUR 0,00;2/EUR 518.451,40;13/EUR 49.851,00;520/EUR 3.240,30;1200/EUR 216,00;25459/EUR 50,90;34105/EUR 30,40;478794/EUR 11,90
09.04.2005;11/29/30/32/39/40;41;5;4/9/4/9/3/8/0;6/0/0/9/8/1;1/EUR 7.881.768,50;1/EUR 2.691.137,70;31/EUR 54.219,00;1304/EUR 3.351,20;3950/EUR 170,20;75643/EUR 44,40;107817/EUR 24,90;1516794/EUR 9,70
13.04.2005;15/22/26/28/36/42;29;2;2/9/5/3/8/0/1;7/7/4/0/6/1;0/EUR 0,00;0/EUR 0,00;22/EUR 28.174,00;537/EUR 3.001,00;1461/EUR 169,60;27255/EUR 45,40;39785/EUR 24,90;459412/EUR 11,80
16.04.2005;1/18/19/24/26/36;38;7;3/5/9/8/4/6/0;0/5/4/9/8/7;2/EUR 2.236.473,40;4/EUR 894.589,30;32/EUR 50.520,10;1168/EUR 3.598,60;3226/EUR 200,40;66256/EUR 48,70;108386/EUR 23,80;1387208/EUR 10,20
20.04.2005;6/9/16/20/25/43;1;9;9/6/5/8/6/0/6;9/0/0/8/6/0;0/EUR 0,00;3/EUR 329.873,70;11/EUR 56.228,40;575/EUR 2.796,70;1595/EUR 155,10;31278/EUR 39,50;43261/EUR 22,80;558556/EUR 9,70
23.04.2005;4/7/13/21/37/49;48;9;2/7/2/9/9/6/5;5/1/1/6/9/5;1/EUR 4.444.733,80;8/EUR 320.770,70;52/EUR 30.843,30;2278/EUR 1.830,50;4436/EUR 144,60;104030/EUR 30,80;113470/EUR 22,60;1679264/EUR 8,40
27.04.2005;5/6/18/27/41/48;29;1;0/6/7/6/7/3/5;1/6/7/6/1/2;0/EUR 0,00;1/EUR 959.291,60;12/EUR 49.963,10;623/EUR 2.502,10;1418/EUR 169,10;32817/EUR 36,50;36970/EUR 25,90;579266/EUR 9,10
30.04.2005;8/18/22/31/34/48;4;3;9/7/0/6/0/2/2;1/4/0/0/4/6;0/EUR 0,00;6/EUR 428.008,20;61/EUR 26.311,90;1394/EUR 2.993,60;4655/EUR 137,90;71366/EUR 44,90;115795/EUR 22,10;1284961/EUR 10,90
04.05.2005;3/7/21/24/30/39;19;0;1/2/0/1/7/8/4;0/3/7/5/0/8;0/EUR 0,00;3/EUR 353.918,30;32/EUR 20.737,40;740/EUR 2.331,50;2885/EUR 92,00;40052/EUR 33,10;70066/EUR 15,10;655883/EUR 8,90
07.05.2005;6/9/25/29/38/43;44;4;0/6/1/2/0/4/7;6/0/9/9/0/7;0/EUR 0,00;5/EUR 526.005,60;42/EUR 39.137,30;2012/EUR 2.124,10;3551/EUR 185,10;93612/EUR 35,10;100094/EUR 26,20;1537511/EUR 9,40
11.05.2005;2/18/22/46/47/49;27;6;7/0/3/8/2/8/0;7/7/6/5/3/5;0/EUR 0,00;1/EUR 1.275.770,10;9/EUR 88.595,10;572/EUR 3.624,30;1432/EUR 222,70;30918/EUR 51,50;46293/EUR 27,50;608499/EUR 11,50
14.05.2005;14/25/30/35/37/38;29;6;1/6/7/4/6/2/2;7/5/4/9/1/9;0/EUR 0,00;1/EUR 3.063.995,90;23/EUR 83.260,70;1126/EUR 4.421,80;2572/EUR 297,80;73546/EUR 52,00;83683/EUR 36,60;1475958/EUR 11,40
18.05.2005;1/18/20/26/27/44;34;2;4/7/3/1/0/6/5;4/0/8/5/7/9;0/EUR 0,00;1/EUR 1.509.403,20;9/EUR 104.819,60;512/EUR 4.790,50;1367/EUR 276,00;31620/EUR 59,60;46480/EUR 32,40;701736/EUR 11,80
21.05.2005;2/21/37/40/41/49;4;4;7/4/6/1/3/3/4;3/1/4/7/4/7;0/EUR 0,00;2/EUR 1.840.103,90;26/EUR 88.466,50;1286/EUR 4.650,30;3787/EUR 242,90;87244/EUR 52,70;127802/EUR 28,70;1796917/EUR 11,20
25.05.2005;22/23/33/43/47/49;3;0;5/4/7/5/0/3/5;2/3/4/4/8/3;1/EUR 23.919.517,10;3/EUR 795.704,10;40/EUR 37.298,60;1252/EUR 3.098,20;9304/EUR 64,10;65556/EUR 45,50;124318/EUR 19,20;1198688/EUR 10,90
28.05.2005;6/7/28/29/34/43;16;5;5/4/8/1/2/8/6;9/9/7/8/6/1;0/EUR 0,00;6/EUR 462.590,30;29/EUR 59.817,70;1130/EUR 3.991,30;3839/EUR 180,70;67647/EUR 51,20;104394/EUR 26,50;1330551/EUR 11,40
01.06.2005;2/15/29/32/33/39;22;2;5/4/1/9/6/5/6;7/5/6/0/2/4;0/EUR 0,00;1/EUR 1.109.860,80;11/EUR 63.060,20;363/EUR 4.968,30;1149/EUR 241,40;23932/EUR 57,90;34940/EUR 31,70;521005/EUR 11,70
04.06.2005;1/6/19/25/43/47;40;8;7/2/5/8/8/4/5;6/3/8/5/5/3;1/EUR 8.242.334,40;15/EUR 180.564,30;46/EUR 36.799,70;1774/EUR 2.480,90;3174/EUR 213,30;85437/EUR 39,60;96708/EUR 28,00;1545958/EUR 9,60
08.06.2005;6/10/23/25/45/49;33;7;8/6/7/6/3/1/6;1/3/1/4/7/8;0/EUR 0,00;2/EUR 515.034,40;31/EUR 20.767,50;600/EUR 2.789,70;2073/EUR 124,20;31597/EUR 40,70;50528/EUR 20,30;578411/EUR 9,70
11.06.2005;9/13/18/24/29/30;35;8;3/3/3/2/8/5/2;7/0/3/1/2/4;2/EUR 2.250.926,30;6/EUR 428.568,80;32/EUR 50.222,90;2038/EUR 2.050,30;3872/EUR 166,00;99630/EUR 32,20;99689/EUR 25,70;1641350/EUR 8,60
15.06.2005;11/12/14/18/31/32;8;3;5/8/4/1/7/0/3;0/6/7/4/9/7;0/EUR 0,00;1/EUR 1.009.901,50;15/EUR 42.079,20;507/EUR 3.236,80;1546/EUR 163,30;29949/EUR 42,10;50271/EUR 20,00;599622/EUR 9,20
18.06.2005;8/18/26/27/28/49;33;9;0/8/3/1/9/6/8;1/3/3/7/4/5;1/EUR 4.441.810,40;4/EUR 635.886,70;29/EUR 54.817,80;1056/EUR 3.914,00;2662/EUR 238,80;71931/EUR 44,20;91819/EUR 27,70;1336933/EUR 10,40
22.06.2005;5/33/40/41/44/48;10;5;9/0/4/6/9/7/4;8/8/1/4/1/3;0/EUR 0,00;0/EUR 0,00;1/EUR 606.188,80;382/EUR 4.125,80;1220/EUR 198,70;27444/EUR 44,10;39164/EUR 24,70;520159/EUR 10,20
25.06.2005;5/17/20/21/24/40;28;9;5/7/0/1/8/5/6;2/5/7/9/9/3;0/EUR 0,00;3/EUR 1.153.609,90;37/EUR 42.076,40;1188/EUR 3.407,20;3126/EUR 199,20;77630/EUR 40,10;91749/EUR 27,10;1447735/EUR 9,40
29.06.2005;7/16/18/25/26/41;27;1;6/6/6/3/2/4/3;1/7/9/7/2/5;0/EUR 0,00;1/EUR 1.057.339,00;14/EUR 47.202,60;545/EUR 3.152,60;1855/EUR 142,40;34658/EUR 38,10;53636/EUR 19,70;646946/EUR 8,90
02.07.2005;1/12/17/29/40/41;42;4;0/4/5/5/0/5/1;6/6/6/4/9/8;2/EUR 4.517.331,20;5/EUR 541.912,20;26/EUR 65.133,60;1377/EUR 3.197,50;2945/EUR 230,00;73620/EUR 46,00;87473/EUR 30,90;1432135/EUR 10,40
06.07.2005;11/16/29/35/38/47;1;8;8/4/2/7/0/7/5;7/2/3/3/6/5;0/EUR 0,00;5/EUR 201.424,30;16/EUR 39.340,60;655/EUR 2.498,50;1193/EUR 211,00;29950/EUR 42,00;31745/EUR 31,70;511550/EUR 10,80
09.07.2005;4/5/27/40/42/48;21;3;3/9/0/2/4/8/8;6/0/0/2/3/6;1/EUR 4.429.650,20;1/EUR 2.536.598,30;19/EUR 83.440,70;974/EUR 4.232,00;2722/EUR 232,90;63836/EUR 49,60;85088/EUR 29,80;1326762/EUR 10,50
13.07.2005;10/14/18/24/39/47;7;9;8/6/1/0/1/0/5;2/8/3/9/8/9;0/EUR 0,00;1/EUR 969.557,90;18/EUR 33.665,20;622/EUR 2.533,00;1587/EUR 152,70;30629/EUR 39,50;43758/EUR 22,10;529541/EUR 10,00
16.07.2005;1/25/30/31/42/49;17;1;9/1/1/7/2/7/9;3/0/1/0/8/5;1/EUR 4.322.057,60;1/EUR 2.488.088,20;35/EUR 44.430,10;1116/EUR 3.622,80;3639/EUR 170,90;63767/EUR 48,70;110890/EUR 22,40;1259573/EUR 10,80
20.07.2005;4/10/19/25/33/43;14;3;3/0/0/9/8/2/8;2/5/7/7/8/9;0/EUR 0,00;8/EUR 120.791,90;8/EUR 75.494,90;839/EUR 1.871,60;1479/EUR 163,30;37802/EUR 31,90;36075/EUR 26,70;637747/EUR 8,30
23.07.2005;2/14/37/45/46/47;13;9;3/1/7/9/0/3/9;8/7/2/4/5/2;0/EUR 0,00;1/EUR 2.499.525,30;19/EUR 82.221,20;743/EUR 5.466,60;2419/EUR 258,30;53529/EUR 58,30;75147/EUR 33,20;1130430/EUR 12,10
27.07.2005;15/16/25/27/38/47;24;8;5/0/3/5/5/3/4;4/7/9/4/0/3;0/EUR 0,00;2/EUR 510.102,70;14/EUR 45.544,80;784/EUR 2.114,50;1428/EUR 178,60;37400/EUR 34,00;41535/EUR 24,50;579844/EUR 9,60
30.07.2005;12/19/22/42/43/45;18;1;8/2/0/6/9/1/4;3/0/7/3/9/1;0/EUR 0,00;5/EUR 530.073,40;13/EUR 127.421,40;999/EUR 4.311,10;2405/EUR 275,50;62954/EUR 52,60;77628/EUR 34,10;1244002/EUR 11,70
03.08.2005;4/7/10/12/24/33;49;7;5/7/1/0/6/0/3;2/6/3/6/7/1;1/EUR 10.522.656,20;4/EUR 320.423,00;16/EUR 50.066,00;1564/EUR 1.331,60;2611/EUR 122,70;66434/EUR 24,10;60081/EUR 21,30;958179/EUR 7,30
06.08.2005;1/7/23/24/33/42;3;5;1/6/7/8/5/0/5;3/9/9/9/7/1;0/EUR 0,00;5/EUR 504.913,30;36/EUR 43.829,20;1356/EUR 3.025,30;5354/EUR 117,80;79747/EUR 39,50;155217/EUR 16,20;1445493/EUR 9,60
10.08.2005;8/9/16/20/35/45;23;1;5/3/8/5/7/6/5;0/8/3/3/8/6;0/EUR 0,00;0/EUR 0,00;16/EUR 40.781,40;378/EUR 4.488,10;1117/EUR 233,60;23646/EUR 55,10;36570/EUR 28,50;493766/EUR 11,60
13.08.2005;10/25/26/34/35/44;45;4;5/8/0/7/3/8/4;3/3/1/7/1/7;0/EUR 0,00;3/EUR 1.218.350,80;47/EUR 34.721,30;1317/EUR 3.221,60;3472/EUR 188,00;72721/EUR 44,80;96618/EUR 27,00;1395253/EUR 10,20
17.08.2005;9/10/16/22/23/45;29;0;8/1/2/6/6/5/1;4/3/5/4/3/3;0/EUR 0,00;4/EUR 297.345,10;8/EUR 92.920,30;520/EUR 3.716,80;1295/EUR 229,60;29778/EUR 49,90;37462/EUR 31,70;590027/EUR 11,00
20.08.2005;1/2/17/18/22/40;44;5;3/7/3/0/9/5/5;9/8/9/7/0/8;1/EUR 12.765.063,60;2/EUR 1.421.525,30;24/EUR 74.037,70;1298/EUR 3.559,20;3193/EUR 222,60;74961/EUR 47,40;95489/EUR 29,70;1463164/EUR 10,60
24.08.2005;7/11/22/38/43/49;25;8;7/6/3/8/4/4/2;8/2/6/5/3/6;0/EUR 0,00;3/EUR 332.758,80;26/EUR 23.997,00;696/EUR 2.330,70;2999/EUR 83,20;35221/EUR 35,40;61064/EUR 16,30;542694/EUR 10,10
27.08.2005;1/9/23/38/42/47;20;7;7/2/0/7/5/8/8;9/9/6/4/9/4;0/EUR 4.414.547,90;6/EUR 422.226,90;33/EUR 47.980,30;1415/EUR 2.909,30;3364/EUR 188,20;73664/EUR 42,90;86460/EUR 29,30;1352306/EUR 10,30
31.08.2005;1/8/12/15/24/29;44;3;6/7/8/8/5/4/6;8/5/7/3/6/7;0/EUR 0,00;3/EUR 353.078,00;17/EUR 38.942,40;795/EUR 2.165,10;1209/EUR 219,00;39008/EUR 33,90;34478/EUR 30,70;584518/EUR 9,90
03.09.2005;5/20/24/41/46/49;44;8;1/4/3/5/8/0/2;3/3/9/1/6/0;2/EUR 4.595.886,20;6/EUR 460.424,20;32/EUR 53.955,90;1445/EUR 3.106,60;3406/EUR 202,70;73904/EUR 46,70;102611/EUR 26,90;1389814/EUR 10,90
07.09.2005;2/6/7/20/24/33;11;8;1/0/5/2/4/2/5;8/1/3/7/6/6;0/EUR 0,00;3/EUR 328.993,30;39/EUR 15.816,90;732/EUR 2.191,00;3251/EUR 75,80;36754/EUR 33,50;66076/EUR 14,90;610216/EUR 8,80
10.09.2005;17/19/27/31/37/48;22;1;3/8/5/5/6/5/3;2/3/0/0/8/2;0/EUR 0,00;12/EUR 208.246,90;35/EUR 44.624,30;2318/EUR 1.751,80;3694/EUR 169,10;112987/EUR 27,60;93859/EUR 26,60;1815014/EUR 7,50
14.09.2005;10/22/26/35/41/47;25;4;4/0/0/3/5/1/6;8/3/8/2/0/3;0/EUR 0,00;3/EUR 353.322,40;8/EUR 82.809,90;556/EUR 3.097,90;1384/EUR 191,40;28172/EUR 47,00;44257/EUR 23,90;512469/EUR 11,30
17.09.2005;8/16/17/28/29/43;12;9;0/0/6/9/3/5/2;5/7/5/8/3/7;0/EUR 0,00;9/EUR 293.517,80;25/EUR 66.041,50;1168/EUR 3.675,20;3488/EUR 189,30;66183/EUR 49,80;103763/EUR 25,40;1240906/EUR 11,70
21.09.2005;14/22/28/36/38/46;39;8;8/3/2/4/0/5/3;2/5/2/8/7/4;0/EUR 0,00;0/EUR 0,00;11/EUR 71.091,30;634/EUR 3.206,90;1384/EUR 226,00;32232/EUR 48,50;41767/EUR 29,90;567077/EUR 12,10
24.09.2005;9/23/25/26/40/48;36;9;9/7/0/1/2/8/3;8/0/4/6/3/0;2/EUR 7.110.239,20;10/EUR 418.881,00;50/EUR 36.720,00;2342/EUR 2.038,20;4134/EUR 177,60;115460/EUR 31,80;108273/EUR 27,10;1892401/EUR 8,50
28.09.2005;11/25/28/32/37/44;13;7;8/8/0/6/2/2/4;8/5/5/7/3/6;0/EUR 0,00;3/EUR 334.415,60;21/EUR 29.858,50;565/EUR 2.885,40;1632/EUR 153,60;30498/EUR 41,10;45684/EUR 21,90;565217/EUR 9,70
01.10.2005;9/14/20/37/44/47;4;0;2/9/0/9/7/3/2;0/4/5/8/8/5;0/EUR 0,00;2/EUR 1.275.614,20;13/EUR 122.655,20;1069/EUR 3.878,10;3185/EUR 200,20;57794/EUR 55,10;95820/EUR 26,60;1168277/EUR 12,00
05.10.2005;11/19/23/30/36/47;9;0;3/3/9/1/1/2/1;8/5/6/4/2/1;1/EUR 5.731.001,80;2/EUR 515.163,00;23/EUR 27.997,90;497/EUR 3.368,70;1630/EUR 158,00;27959/EUR 46,00;48807/EUR 21,10;522825/EUR 10,80
08.10.2005;5/6/14/25/43/49;36;8;2/0/7/4/0/3/1;8/8/9/4/4/2;1/EUR 4.071.966,70;3/EUR 1.085.857,70;37/EUR 55.026,50;1634/EUR 3.239,60;3978/EUR 204,70;90205/EUR 45,10;108118/EUR 30,10;1703233/EUR 10,50
12.10.2005;2/3/10/35/36/41;23;7;2/9/7/1/1/9/5;9/8/1/4/1/4;1/EUR 1.463.017,30;7/EUR 167.201,90;12/EUR 60.959,00;460/EUR 4.134,60;1401/EUR 208,80;27285/EUR 53,60;42863/EUR 27,30;555889/EUR 11,50
15.10.2005;3/9/15/36/40/43;28;8;2/3/5/5/4/6/1;8/0/9/3/1/1;1/EUR 3.105.188,00;3/EUR 828.050,10;38/EUR 40.857,70;1192/EUR 3.386,50;3601/EUR 172,40;62702/EUR 49,50;90905/EUR 27,30;1244830/EUR 10,90
19.10.2005;1/23/24/26/30/35;4;3;9/5/6/2/8/8/6;8/0/4/6/9/6;0/EUR 0,00;0/EUR 0,00;7/EUR 88.876,00;333/EUR 4.857,40;1044/EUR 238,30;21289/EUR 58,40;35749/EUR 27,80;464595/EUR 11,70
22.10.2005;4/9/11/26/31/47;8;2;9/9/7/0/5/2/2;1/7/4/5/6/3;1/EUR 4.466.968,10;11/EUR 324.870,40;38/EUR 42.403,90;2545/EUR 1.646,10;4405/EUR 146,30;114213/EUR 28,20;119125/EUR 21,60;1777251/EUR 7,90
26.10.2005;9/19/21/24/34/35;30;7;6/0/7/0/5/0/6;3/6/7/6/4/0;0/EUR 0,00;1/EUR 958.811,30;15/EUR 39.950,40;566/EUR 2.752,70;1627/EUR 147,30;32302/EUR 37,10;39844/EUR 24,00;558620/EUR 9,40
29.10.2005;2/5/11/18/30/31;45;4;0/0/0/8/3/1/8;3/8/3/6/1/1;0/EUR 0,00;10/EUR 249.557,50;37/EUR 42.154,90;2202/EUR 1.841,60;3950/EUR 157,90;103942/EUR 30,00;106655/EUR 23,30;1680781/EUR 8,10
02.11.2005;13/14/16/17/25/27;22;0;2/5/0/6/1/8/1;7/9/9/4/1/4;0/EUR 0,00;1/EUR 1.024.583,50;11/EUR 58.214,90;625/EUR 2.663,90;1408/EUR 181,90;33693/EUR 38,00;36358/EUR 28,10;619873/EUR 9,00
05.11.2005;5/7/29/40/46/47;24;1;3/7/7/7/9/9/2;6/8/7/7/3/1;0/EUR 0,00;2/EUR 1.339.598,10;22/EUR 76.113,50;889/EUR 4.897,20;3179/EUR 210,60;57526/EUR 58,20;101399/EUR 26,40;1269882/EUR 11,60
09.11.2005;4/19/26/30/46/47;31;0;6/0/8/0/8/0/3;7/4/9/1/8/4;1/EUR 10.530.915,50;2/EUR 633.282,70;21/EUR 37.695,40;692/EUR 2.974,20;1952/EUR 162,20;38148/EUR 41,50;59046/EUR 21,40;696395/EUR 10,00
12.11.2005;12/16/28/33/36/40;35;8;3/0/3/9/1/3/0;1/2/3/0/9/4;0/EUR 0,00;3/EUR 841.761,40;28/EUR 56.367,90;1460/EUR 2.810,60;2461/EUR 256,50;72269/EUR 43,60;79446/EUR 31,70;1304144/EUR 10,60
16.11.2005;2/16/17/23/27/38;21;0;2/4/1/4/5/1/8;6/4/1/9/4/4;0/EUR 0,00;3/EUR 350.488,20;18/EUR 36.509,10;618/EUR 2.764,70;1307/EUR 201,10;35749/EUR 36,70;39270/EUR 26,70;645391/EUR 8,90
19.11.2005;1/4/30/38/40/49;18;7;4/0/6/2/9/5/4;9/3/9/4/6/4;1/EUR 7.691.082,10;3/EUR 858.705,60;51/EUR 31.570,00;1623/EUR 2.579,20;5174/EUR 124,40;89565/EUR 35,90;128884/EUR 19,90;1364325/EUR 10,30
23.11.2005;15/18/24/45/47/49;5;4;6/4/0/1/8/8/8;4/5/8/6/0/6;0/EUR 0,00;1/EUR 961.421,00;11/EUR 54.626,10;411/EUR 3.801,20;1304/EUR 184,30;23014/EUR 52,20;40758/EUR 23,50;470334/EUR 11,20
26.11.2005;5/12/21/32/34/40;25;4;7/9/9/8/4/0/0;0/5/1/2/0/7;0/EUR 0,00;6/EUR 415.323,00;49/EUR 31.784,90;1462/EUR 2.769,70;4120/EUR 151,20;76098/EUR 40,90;114845/EUR 21,60;1415796/EUR 9,60
30.11.2005;20/22/25/35/40/46;1;2;2/4/8/4/6/4/7;3/5/1/9/7/6;1/EUR 5.695.371,70;1/EUR 1.102.938,00;9/EUR 76.592,90;553/EUR 3.241,00;1184/EUR 232,80;30419/EUR 45,40;33089/EUR 33,30;539844/EUR 10,20
03.12.2005;17/49/6/47/36/2;8;3;6/2/3/5/5/7/8;4/2/3/4/0/1;0/EUR 0,00;3/EUR 874.065,90;20/EUR 81.943,60;1492/EUR 2.855,90;3456/EUR 189,60;76739/EUR 42,70;100709/EUR 26,00;1413894/EUR 10,20
07.12.2005;47/7/28/34/29/35;9;0;6/6/8/1/7/4/8;4/3/8/2/5/2;0/EUR 0,00;2/EUR 525.091,40;11/EUR 59.669,40;518/EUR 3.294,40;1474/EUR 178,10;27909/EUR 47,00;42295/EUR 24,80;528217/EUR 10,90
10.12.2005;7/46/30/33/28/2;15;6;7/9/4/4/3/3/2;3/1/4/5/1/2;0/EUR 0,00;6/EUR 439.580,90;45/EUR 36.631,70;1598/EUR 2.682,00;3942/EUR 167,20;78231/EUR 42,10;97768/EUR 26,90;1429257/EUR 10,10
14.12.2005;40/41/25/49/39/16;9;7;7/7/9/1/5/7/4;1/6/4/9/6/9;1/EUR 9.374.065,30;2/EUR 594.692,90;9/EUR 82.596,20;679/EUR 2.846,40;2079/EUR 143,00;38583/EUR 38,50;67756/EUR 17,50;683433/EUR 9,50
17.12.2005;3/22/10/42/41/9;4;8;1/7/4/0/1/3/5;6/6/3/6/3/8;1/EUR 3.180.682,20;6/EUR 424.090,90;27/EUR 58.901,50;1543/EUR 2.679,70;3219/EUR 197,60;77808/EUR 40,80;96655/EUR 26,30;1422083/EUR 9,80
21.12.2005;34/26/30/24/9/18;46;1;6/1/6/3/4/5/8;3/8/4/4/6/2;2/EUR 635.536,10;4/EUR 254.214,40;63/EUR 10.087,80;1638/EUR 1.008,70;2959/EUR 85,90;46506/EUR 27,30;54893/EUR 18,50;682226/EUR 8,10
24.12.2005;38/8/30/24/36/19;16;0;4/1/1/5/2/2/7;7/9/8/1/5/8;0/EUR 0,00;5/EUR 556.852,20;42/EUR 41.432,40;1511/EUR 2.994,30;5272/EUR 132,00;83870/EUR 41,40;120714/EUR 23,00;1558800/EUR 9,80
28.12.2005;40/41/36/49/7/11;13;7;5/0/3/3/4/9/1;8/3/9/7/3/3;1/EUR 5.806.763,30;0/EUR 0,00;15/EUR 43.082,10;423/EUR 3.972,10;1392/EUR 185,20;27113/EUR 47,60;41829/EUR 24,70;550126/EUR 10,30
31.12.2005;42/36/13/21/44/35;30;3;0/1/0/1/7/0/9;1/2/7/2/1/6;0/EUR 0,00;2/EUR 1.450.130,40;13/EUR 139.435,60;1170/EUR 4.028,10;2588/EUR 280,10;67901/EUR 53,30;79211/EUR 36,60;1336457/EUR 11,90
31.12.2005;40/46/39/8/30/32;-;-;B/o/n/u/s//;R/u/n/d/e/;0/EUR 0,00;2/EUR 10.000.000,00;0/EUR 0,00;451/EUR 4.099,40;0/EUR 0,00;30118/EUR 129,30;0/EUR 0,00;634807/EUR 21,90
04.01.2006;12/13/20/41/11/5;38;7;3/5/7/4/0/1/6;6/0/3/8/9/4;0/EUR 0,00;1/EUR 1.035.063,20;8/EUR 80.864,30;475/EUR 3.541,99;1242/EUR 208,30;32017/EUR 40,40;39496/EUR 26,20;600904/EUR 9,40
07.01.2006;3/17/19/21/26/31;34;5;3/7/8/7/0/2/1;8/7/1/2/7/5;8/EUR 1.016.883,90;12/EUR 214.394,40;71/EUR 22.647,30;2928/EUR 1.427,80;6242/EUR 103,00;133576/EUR 24,00;135156/EUR 19,00;1930030/EUR 7,30
11.01.2006;1/4/5/16/19/26;21;3;3/4/4/7/2/6/1;1/9/7/4/6/0;0/EUR 0,00;10/EUR 96.605,50;22/EUR 27.444,70;1009/EUR 1.555,80;2028/EUR 119,00;42727/EUR 28,20;44537/EUR 21,60;674725/EUR 7,80
14.01.2006;10/14/19/27/31/39;4;0;8/1/3/7/0/8/2;4/6/4/0/0/6;1/EUR 4.398.497,50;11/EUR 232.067,50;98/EUR 16.280,20;2358/EUR 1.759,20;6553/EUR 97,30;102811/EUR 31,00;146855/EUR 17,30;1609601/EUR 8,70
18.01.2006;13/14/12/18/27/44;23;7;0/8/6/3/6/6/8;7/2/0/8/3/5;0/EUR 0,00;1/EUR 953.038,30;7/EUR 85.092,70;341/EUR 4.541,60;1391/EUR 171,20;23303/EUR 51,10;40565/EUR 23,40;479576/EUR 10,90
21.01.2006;6/27/17/39/35/20;19;4;3/0/5/5/7/2/5;8/2/1/3/5/8;0/EUR 0,00;4/EUR 616.820,30;19/EUR 81.160,50;1334/EUR 3.005,40;3432/EUR 179,70;75391/EUR 40,90;110983/EUR 22,20;1347769/EUR 10,00
25.01.2006;36/4/23/13/49/17;5;0;1/5/3/7/4/7/3;5/4/1/4/8/5;0/EUR 0,00;2/EUR 505.741,40;8/EUR 79.022,00;662/EUR 2.482,80;1292/EUR 195,70;28908/EUR 43,70;40404/EUR 25,00;527284/EUR 10,50
28.01.2006;33/49/5/38/37/40;7;3;1/5/9/5/9/9/6;3/4/6/3/1/1;0/EUR 0,00;1/EUR 2.624.721,00;20/EUR 82.022,50;1016/EUR 4.198,00;3179/EUR 206,40;74179/EUR 44,20;110763/EUR 23,60;1494757/EUR 9,60
01.02.2006;38/7/22/13/35/23;41;6;6/6/0/7/6/3/5;9/4/8/0/8/8;0/EUR 0,00;4/EUR 328.555,10;22/EUR 37.335,80;846/EUR 2.524,30;1964/EUR 167,20;41090/EUR 39,90;53837/EUR 24,40;721068/EUR 10,00
04.02.2006;26/27/28/35/39/43;41;4;7/7/8/1/8/4/4;6/5/5/0/5/0;0/EUR 0,00;1/EUR 3.077.582,60;36/EUR 53.430,20;1074/EUR 4.656,40;3716/EUR 207,00;68276/EUR 56,30;108180/EUR 28,40;1443031/EUR 11,70
08.02.2006;12/5/6/29/34/1;2;1;7/5/5/7/6/3/3;6/2/3/5/0/8;0/EUR 0,00;4/EUR 426.452,30;32/EUR 33.316,50;1042/EUR 2.660,20;3065/EUR 139,10;52044/EUR 40,90;93453/EUR 18,20;902069/EUR 10,40
11.02.2006;1/45/14/26/10/49;29;8;3/4/7/8/0/0/9;8/8/5/1/8/5;0/EUR 0,00;5/EUR 737.432,30;61/EUR 37.778,20;2233/EUR 2.683,20;4709/EUR 195,70;98748/EUR 46,60;120710/EUR 30,50;1822007/EUR 11,10
15.02.2006;11/17/19/20/26/30;14;3;0/5/4/4/1/0/1;0/8/1/7/8/3;2/EUR 12.053.095,00;7/EUR 349.093,40;30/EUR 50.909,40;1876/EUR 2.116,70;3902/EUR 156,50;96640/EUR 31,60;96515/EUR 25,30;1633288/EUR 8,20
21.02.2006;18/5/40/6/4/21;10;7;1/8/0/0/2/7/8;5/7/3/9/0/4;1/EUR 3.403.122,00;3/EUR 907.499,20;38/EUR 44.777,90;1743/EUR 2.538,10;5367/EUR 126,80;91964/EUR 37,00;152396/EUR 17,80;1637617/EUR 9,10
22.02.2006;6/7/14/15/30/48;12;5;1/3/9/0/8/1/8;8/0/7/6/4/2;0/EUR 0,00;2/EUR 526.695,70;6/EUR 109.728,20;429/EUR 3.990,10;1374/EUR 191,60;24716/EUR 53,20;42291/EUR 24,90;497400/EUR 11,60
25.02.2006;18/10/21/36/17/9;34;5;5/9/4/8/2/0/3;2/2/1/4/7/5;0/EUR 0,00;6/EUR 423.360,80;31/EUR 51.213,00;1073/EUR 3.846,90;2914/EUR 217,90;69693/EUR 45,50;96096/EUR 26,40;1414358/EUR 9,80
01.03.2006;22/48/37/19/2/41;12;9;2/6/2/0/5/4/9;3/4/6/0/0/8;0/EUR 0,00;2/EUR 557.758,60;17/EUR 41.011,60;581/EUR 3.119,90;1777/EUR 156,90;29591/EUR 47,10;45039/EUR 24,70;547926/EUR 11,10
04.03.2006;36/17/37/11/23/7;27;5;2/5/4/4/4/3/7;4/4/8/6/0/0;0/EUR 0,00;6/EUR 447.794,80;92/EUR 18.252,50;2244/EUR 1.945,60;10784/EUR 62,20;103873/EUR 32,30;233498/EUR 11,50;1671619/EUR 8,80
08.03.2006;9/4/19/15/30/33;20;8;5/0/2/8/2/8/3;8/1/0/5/9/5;0/EUR 0,00;8/EUR 169.137,30;18/EUR 46.982,50;1336/EUR 1.645,70;2485/EUR 136,10;55645/EUR 30,30;62624/EUR 21,60;881074/EUR 8,40
11.03.2006;3/9/12/36/46/48;45;8;1/9/1/4/2/2/3;2/4/7/4/6/0;2/EUR 7.423.584,20;7/EUR 446.970,40;25/EUR 78.219,80;1859/EUR 2.734,90;3828/EUR 204,30;99844/EUR 39,10;106078/EUR 29,40;1803584/EUR 9,50
15.03.2006;1/10/14/9/3/38;32;2;1/3/8/3/3/6/6;9/2/2/8/3/1;1/EUR 1.317.682,10;1/EUR 1.054.145,70;9/EUR 73.204,50;735/EUR 2.330,50;1227/EUR 214,70;38748/EUR 34,00;40700/EUR 25,90;659988/EUR 8,70
18.03.2006;5/9/17/38/43/47;44;3;0/7/5/4/7/3/1;9/6/5/0/2/7;0/EUR 0,00;12/EUR 209.168,70;19/EUR 82.566,50;2163/EUR 1.885,70;3127/EUR 200,60;98050/EUR 31,90;95831/EUR 26,10;1590126/EUR 8,60
22.03.2006;3/4/9/19/24/40;1;3;4/1/7/3/3/7/2;8/9/6/4/0/1;2/EUR 2.226.980,70;7/EUR 150.449,20;60/EUR 10.970,20;1584/EUR 1.080,40;3670/EUR 71,70;60429/EUR 21,70;74438/EUR 14,10;838249/EUR 6,90
25.03.2006;3/10/12/21/28/32;46;3;0/2/4/6/6/0/3;5/0/5/6/0/1;0/EUR 0,00;7/EUR 352.353,90;54/EUR 28.547,10;1921/EUR 2.086,40;4310/EUR 143,00;97723/EUR 31,50;102723/EUR 24,00;1632691/EUR 8,30
29.03.2006;3/10/16/17/26/30;41;3;6/7/2/2/6/1/4;2/6/9/6/7/3;0/EUR 0,00;5/EUR 205.674,90;17/EUR 37.807,80;854/EUR 1.956,80;2231/EUR 115,20;43853/EUR 29,30;53626/EUR 19,10;704016/EUR 8,00
01.04.2006;4/6/21/25/35/39;15;3;3/8/6/7/9/0/7;5/2/9/9/4/4;0/EUR 0,00;6/EUR 433.566,10;43/EUR 37.810,90;1397/EUR 3.025,90;4592/EUR 141,60;75114/EUR 43,20;105190/EUR 24,70;1431170/EUR 9,90
05.04.2006;9/21/27/30/32/46;10;1;3/9/3/4/1/0/5;0/3/1/3/2/6;0/EUR 0,00;2/EUR 588.094,50;11/EUR 66.828,90;740/EUR 2.582,80;1781/EUR 165,10;38016/EUR 38,60;51587/EUR 22,80;678870/EUR 9,50
08.04.2006;17/44/25/3/10/46;7;7;7/4/7/5/6/4/6;2/5/6/5/2/3;2/EUR 6.292.494,60;8/EUR 349.444,10;47/EUR 37.174,90;1815/EUR 2.502,90;5147/EUR 135,70;91334/EUR 38,20;151223/EUR 18,40;1621347/EUR 9,40
12.04.2006;11/20/23/46/47/48;10;9;8/0/4/3/8/4/4;1/5/2/1/6/8;0/EUR 0,00;1/EUR 1.008.823,20;7/EUR 90.073,50;370/EUR 4.430,60;1037/EUR 243,20;20110/EUR 62,70;32430/EUR 31,10;416476/EUR 13,30
15.04.2006;2/18/4/8/5/40;16;7;3/7/9/8/8/2/4;3/6/0/2/6/2;1/EUR 4.446.979,80;6/EUR 424.793,40;31/EUR 51.386,30;2096/EUR 1.979,00;5481/EUR 116,20;112488/EUR 28,30;132646/EUR 19,20;1725939/EUR 8,10
19.04.2006;11/13/18/32/41/47;34;4;3/0/7/0/6/1/1;0/5/3/1/0/3;0/EUR 0,00;0/EUR 0,00;14/EUR 41.836,60;603/EUR 2.525,40;1465/EUR 159,90;32978/EUR 35,50;40737/EUR 23,00;571446/EUR 9,00
22.04.2006;3/9/24/35/39/44;45;5;3/8/4/3/0/5/8;7/6/2/8/7/2;1/EUR 4.208.620,70;15/EUR 224.459,70;30/EUR 50.619,90;2225/EUR 1.774,50;3220/EUR 188,60;94404/EUR 32,10;89659/EUR 27,00;1515343/EUR 8,80
24.04.2006;16/31/12/17/34/43;26;7;2/8/3/8/9/1/9;3/3/1/1/3/0;0/EUR 0,00;0/EUR 0,00;23/EUR 25.527,80;600/EUR 2.544,20;2167/EUR 108,30;30555/EUR 38,40;52978/EUR 17,70;524322/EUR 9,80
29.04.2006;12/22/25/37/38/48;35;1;4/2/0/6/4/8/8;0/6/2/8/0/7;1/EUR 4.287.556,10;5/EUR 686.008,90;54/EUR 28.826,60;1446/EUR 2.798,90;3625/EUR 171,70;75993/EUR 40,90;91587/EUR 27,10;1360508/EUR 10,00
03.05.2006;5/10/18/23/35/44;13;7;1/5/1/8/8/2/9;7/0/8/2/6/1;0/EUR 0,00;5/EUR 186.256,50;10/EUR 58.205,10;671/EUR 2.255,30;1502/EUR 155,00;29605/EUR 39,30;40166/EUR 23,10;521059/EUR 9,80
06.05.2006;28/15/31/5/26/37;20;8;3/5/4/4/7/3/4;7/5/5/9/9/2;1/EUR 4.856.384,80;9/EUR 328.202,80;29/EUR 63.660,00;1588/EUR 3.022,60;3467/EUR 212,90;83476/EUR 44,20;99923/EUR 29,50;1553260/EUR 10,40
10.05.2006;6/24/33/35/39/47;4;4;0/1/1/0/2/2/4;1/9/8/4/5/3;0/EUR 0,00;2/EUR 471.076,90;10/EUR 58.884,60;552/EUR 2.773,50;1322/EUR 176,80;30872/EUR 38,10;38769/EUR 24,30;541877/EUR 9,50
13.05.2006;9/12/26/27/40/45;31;1;8/2/4/5/0/7/4;6/8/4/1/0/2;1/EUR 4.197.811,20;5/EUR 483.219,00;124/EUR 12.177,80;1821/EUR 2.156,00;9154/EUR 65,90;91132/EUR 33,10;16524/EUR 14,60;^1508747/EUR 8,80
17.05.2006;31/35/45/40/1/22;30;3;5/5/5/7/7/1/3;7/6/0/4/3/6;0/EUR 0,00;1/EUR 925.629,30;6/EUR 96.419,70;355/EUR 4.237,00;890/EUR 260,00;21641/EUR 53,40;29943/EUR 30,90;412750/EUR 12,30
20.05.2006;25/19/40/49/42/10;5;7;0/4/3/7/6/3/3;6/8/7/5/2/3;1/EUR 4.148.139,40;8/EUR 299.110,20;79/EUR 18.931,00;1945/EUR 1.999,10;6483/EUR 92,20;92579/EUR 32,30;152250/EUR 15,70;1540286/EUR 8,50
24.05.2006;17/47/21/45/2/31;41;8;0/0/7/7/0/5/1;1/8/5/3/6/5;0/EUR 0,00;2/EUR 466.658,30;15/EUR 38.888,10;676/EUR 2.243,50;1749/EUR 133,40;29517/EUR 39,50;44263/EUR 21,00;506033/EUR 10,10
27.05.2006;22/14/29/35/30/43;6;4;3/9/7/6/7/0/0;1/1/1/6/2/9;0/EUR 0,00;2/EUR 1.204.056,90;107/EUR 14.066,00;996/EUR 3.928,90;2943/EUR 204,50;52045/EUR 57,80;75382/EUR 31,90;973019/EUR 13,60
31.05.2006;49/45/48/33/26/11;46;4;4/5/8/6/8/8/1;3/8/4/9/6/8;0/EUR 0,00;1/EUR 1.011.271,50;6/EUR 105.340,70;482/EUR 3.409,30;1326/EUR 190,60;31673/EUR 39,90;47933/EUR 21,00;577350/EUR 9,60
03.06.2006;1/3/10/17/24/49;4;8;9/4/1/2/7/5/5;3/3/6/8/4/5;2/EUR 4.382.213,70;12/EUR 221.570,00;44/EUR 37.767,60;3102/EUR 1.392,80;5685/EUR 116,90;128837/EUR 25,70;138557/EUR 19,10;1838500/EUR 7,90
07.06.2006;7/34/45/23/29/1;13;4;6/6/3/7/0/0/6;8/9/9/7/3/2;0/EUR 0,00;1/EUR 930.135,60;20/EUR 29.066,70;418/EUR 3.615,90;1630/EUR 142,60;24569/EUR 47,30;43954/EUR 21,20;446545/EUR 11,40
10.06.2006;13/19/20/25/29/44;22;3;0/5/8/5/2/8/1;1/5/0/5/8/6;1/EUR 6.441.323,50;0/EUR 0,00;15/EUR 97.752,80;839/EUR 4.543,90;2016/EUR 290,90;53503/EUR 54,80;66540/EUR 35,20;1170490/EUR 11,00
14.06.2006;5/7/12/17/29/45;9;4;3/1/4/5/6/8/3;5/6/9/5/0/6;0/EUR 0,00;0/EUR 0,00;13/EUR 44.118,70;672/EUR 2.219,00;2120/EUR 108,20;36122/EUR 31,70;57799/EUR 15,80;585229/EUR 8,60
17.06.2006;45/31/10/41/40/49;37;9;6/8/3/3/2/5/6;5/1/4/7/8/3;0/EUR 0,00;3/EUR 1.083.347,60;24/EUR 60.738,90;1620/EUR 2.339,50;3552/EUR 164,10;88976/EUR 32,70;96096/EUR 24,20;1419318/EUR 9,00
21.06.2006;45/19/48/43/18/34;37;3;1/4/4/0/3/7/5;8/3/6/9/8/6;0/EUR 0,00;1/EUR 966.584,00;9/EUR 67.123,80;431/EUR 3.644,30;1316/EUR 183,60;25392/EUR 47,50;37175/EUR 26,00;477700/EUR 11,10
24.06.2006;5/13/22/30/47/48;25;3;0/0/1/2/4/7/3;7/5/4/8/6/8;0/EUR 0,00;2/EUR 1.224.686,70;24/EUR 63.785,70;921/EUR 4.321,60;2988/EUR 204,90;54956/EUR 55,70;93971/EUR 26,00;1103087/EUR 12,20
28.06.2006;14/42/41/4/8/6;30;1;5/3/6/7/5/8/7;1/3/8/5/2/9;0/EUR 0,00;2/EUR 612.800,90;19/EUR 40.315,80;659/EUR 3.022,10;1569/EUR 195,20;35395/EUR 43,20;46301/EUR 26,40;636789/EUR 10,50
01.07.2006;6/12/18/25/27/35;22;3;7/1/0/4/4/0/6;1/5/6/7/2/7;0/EUR 0,00;5/EUR 551.071,80;45/EUR 38.268,80;2668/EUR 1.678,20;4109/EUR 167,60;109104/EUR 31,50;108390/EUR 25,40;1790937/EUR 8,40
05.07.2006;7/10/19/32/34/41;40;9;3/7/7/8/6/5/1;8/5/6/0/2/2;0/EUR 0,00;3/EUR 463.726,40;30/EUR 28.982,90;1250/EUR 1.808,50;2438/EUR 142,60;57127/EUR 30,40;65970/EUR 21,00;904704/EUR 8,40
08.07.2006;30/9/31/24/28/49;48;6;5/4/1/0/8/4/8;8/4/8/2/7/0;0/EUR 0,00;1/EUR 3.091.605,90;32/EUR 60.382,90;1202/EUR 4.179,50;3728/EUR 207,30;80966/EUR 47,70;112404/EUR 27,50;1680220/EUR 10,10
12.07.2006;6/22/27/34/35/43;38;5;4/6/8/8/8/9/0;5/9/2/9/1/7;1/EUR 21.196.805,20;2/EUR 913.848,70;18/EUR 63.461,70;699/EUR 4.248,90;2193/EUR 208,30;40867/EUR 55,90;66240/EUR 27,50;802999/EUR 12,50
15.07.2006;5/25/28/30/40/41;8;0;3/7/7/2/6/2/6;0/3/1/4/6/4;0/EUR 0,00;5/EUR 494.009,00;37/EUR 41.723,70;1627/EUR 2.467,00;4372/EUR 141,20;89979/EUR 34,30;107595/EUR 22,90;1492603/EUR 9,10
19.07.2006;5/25/31/44/46/47;45;0;9/3/7/3/6/6/1;5/0/8/2/7/2;0/EUR 0,00;2/EUR 504.730,20;15/EUR 42.060,80;516/EUR 3.179,00;1513/EUR 166,70;29987/EUR 42,00;53152/EUR 18,90;555420/EUR 9,90
22.07.2006;3/5/25/31/37/41;17;8;0/8/1/5/4/2/7;3/9/7/6/1/6;0/EUR 0,00;5/EUR 486.385,10;91/EUR 16.702,70;1886/EUR 2.095,30;8644/EUR 70,30;98939/EUR 30,70;191897/EUR 12,60;1608487/EUR 8,30
26.07.2006;4/11/18/20/30/49;2;5;1/7/1/5/9/9/2;7/4/4/7/4/8;1/EUR 9.923.815,10;0/EUR 0,00;16/EUR 44.002,10;650/EUR 2.816,10;2104/EUR 133,80;37650/EUR 37,30;55350/EUR 20,30;664394/EUR 9,30
29.07.2006;13/17/21/25/34/48;44;0;9/8/4/0/2/5/9;7/8/1/0/6/1;0/EUR 0,00;6/EUR 393.981,70;32/EUR 46.169,70;1577/EUR 2.435,80;3658/EUR 161,50;79681/EUR 37,00;94103/EUR 25,10;1368044/EUR 9,50
02.08.2006;13/17/21/25/34/48;44;0;9/8/4/0/2/5/9;7/8/1/0/6/1;0/EUR 0,00;1/EUR 1.023.391,40;8/EUR 79.952,40;413/EUR 4.026,60;1040/EUR 246,00;23053/EUR 55,40;32293/EUR 31,60;460271/EUR 12,20
05.08.2006;1/7/9/12/43/46;8;6;9/7/8/5/1/2/8;5/8/1/7/8/6;1/EUR 7.318.549,60;7/EUR 352.508,20;25/EUR 61.688,90;1358/EUR 2.952,70;3763/EUR 163,90;83023/EUR 37,10;111381/EUR 22,10;1513965/EUR 8,90
09.08.2006;4/29/30/33/36/39;16;5;2/5/9/5/0/5/7;3/0/7/6/2/2;1/EUR 2.152.349,70;0/EUR 0,00;5/EUR 119.574,90;406/EUR 3.828,70;1221/EUR 195,80;25203/EUR 47,40;39473/EUR 24,20;465968/EUR 11,20
12.08.2006;1/5/14/32/42/48;30;2;7/8/2/0/1/2/4;7/0/6/6/8/7;0/EUR 0,00;3/EUR 775.851,10;17/EUR 85.571,80;970/EUR 3.899,20;2143/EUR 271,50;54571/EUR 53,30;68210/EUR 34,10;1104994/EUR 11,50
16.08.2006;2/19/30/32/41/48;36;2;6/3/4/3/3/3/2;3/0/4/0/7/9;1/EUR 4.128.329,40;2/EUR 487.555,10;9/EUR 67.715,90;615/EUR 2.576,50;1060/EUR 229,90;32629/EUR 37,30;31526/EUR 30,90;566312/EUR 9,40
19.08.2006;4/5/8/24/33/43;1;4;9/0/2/6/7/5/1;2/7/2/4/7/8;0/EUR 0,00;4/EUR 575.132,30;24/EUR 59.909,60;1131/EUR 3.305,30;3039/EUR 189,20;69807/EUR 41,10;97368/EUR 23,60;1323982/EUR 9,50
23.08.2006;2/9/12/28/30/38;25;0;4/1/1/8/7/2/6;3/3/3/1/7/5;0/EUR 0,00;1/EUR 962.784,80;13/EUR 46.287,70;602/EUR 2.598,80;2379/EUR 101,10;32585/EUR 36,90;57126/EUR 16,80;572934/EUR 9,20
26.08.2006;1/4/20/24/25/39;18;8;3/8/9/0/1/2/0;5/9/2/4/0/7;1/EUR 7.069.781,90;3/EUR 797.503,70;30/EUR 49.843,90;1287/EUR 3.020,80;3346/EUR 178,70;73424/EUR 40,70;119979/EUR 19,90;1345152/EUR 9,70
30.08.2006;21/22/25/37/45/48;49;1;8/0/5/0/9/3/5;6/7/2/5/2/9;0/EUR 0,00;1/EUR 932.177,90;14/EUR 41.615,00;467/EUR 3.243,60;1219/EUR 191,10;24141/EUR 48,20;33737/EUR 27,60;448424/EUR 11,40
02.09.2006;6/34/36/38/46/48;49;0;9/3/4/4/9/6/8;2/5/4/8/8/4;0/EUR 0,00;4/EUR 591.450,00;44/EUR 33.605,10;1561/EUR 2.462,70;3916/EUR 151,00;69645/EUR 42,40;101375/EUR 23,30;1194417/EUR 10,80
06.09.2006;3/5/25/38/39/40;2;2;8/0/2/8/3/9/5;6/8/3/9/9/7;0/EUR 0,00;6/EUR 169.247,20;28/EUR 22.667,00;974/EUR 1.694,20;1901/EUR 133,50;39472/EUR 32,10;43690/EUR 23,20;668551/EUR 8,30
09.09.2006;2/13/23/42/43/47;40;1;8/6/5/4/3/4/7;1/8/2/3/2/9;0/EUR 0,00;5/EUR 495.500,80;20/EUR 77.422,00;1299/EUR 3.099,20;2593/EUR 238,80;69797/EUR 44,30;83758/EUR 29,50;1239846/EUR 10,90
13.09.2006;10/14/17/22/31/39;7;5;9/2/5/0/0/6/9;5/8/4/9/3/3;0/EUR 0,00;0/EUR 0,00;14/EUR 53.749,60;569/EUR 3.438,40;2024/EUR 148,70;34661/EUR 43,40;58993/EUR 20,40;647723/EUR 10,20
16.09.2006;5/7/9/16/17/47;36;5;3/4/7/1/3/1/7;6/3/4/6/0/8;0/EUR 0,00;7/EUR 580.363,30;29/EUR 61.606,70;1925/EUR 2.413,00;3977/EUR 179,60;114769/EUR 31,10;111703/EUR 25,50;2034796/EUR 7,70
20.09.2006;1/3/15/22/24/36;30;3;4/3/4/6/1/8/4;4/3/9/5/5/5;0/EUR 0,00;0/EUR 0,00;10/EUR 92.206,90;702/EUR 3.415,00;1683/EUR 219,10;40054/EUR 46,00;48126/EUR 30,60;706793/EUR 11,40
23.09.2006;3/14/31/35/38/48;43;3;3/5/0/8/3/2/5;2/7/0/8/2/7;0/EUR 0,00;6/EUR 758.557,90;28/EUR 68.661,50;1389/EUR 3.598,60;3645/EUR 210,90;76468/EUR 50,20;101065/EUR 30,40;1517382/EUR 11,10
27.09.2006;13/20/27/33/38/45;5;6;4/5/5/7/5/1/8;5/6/8/3/7/9;0/EUR 0,00;6/EUR 316.117,40;30/EUR 39.514,60;1303/EUR 2.365,40;3069/EUR 154,50;57362/EUR 41,30;83817/EUR 22,60;1059528/EUR 9,80
30.09.2006;10/17/27/35/42/46;18;2;8/2/2/2/2/7/3;0/6/4/6/5/7;0/EUR 0,00;6/EUR 637.959,90;35/EUR 68.352,80;2079/EUR 2.991,80;4518/EUR 211,80;104998/EUR 45,50;136438/EUR 28,00;1930307/EUR 10,90
04.10.2006;6/8/12/33/38/42;45;6;6/7/4/7/6/8/6;7/4/9/2/1/1;0/EUR 0,00;6/EUR 515.154,20;26/EUR 74.301,00;1792/EUR 2.802,80;3705/EUR 208,50;96134/EUR 40,10;105614/EUR 29,20;1757012/EUR 9,60
07.10.2006;28/30/31/34/41/48;17;4;8/9/3/2/2/3/6;4/9/5/6/8/1;1/EUR 37.688.291,80;10/EUR 593.038,70;33/EUR 112.317,90;2172/EUR 4.436,80;7359/EUR 201,40;127899/EUR 57,90;266288/EUR 22,20;2712034/EUR 12,00
11.10.2006;19/26/30/40/43/45;7;4;0/0/6/1/4/8/8;1/4/0/1/7/6;1/EUR 1.647.199,90;5/EUR 263.551,90;18/EUR 45.755,50;860/EUR 2.489,90;2622/EUR 125,60;45215/EUR 36,40;63782/EUR 20,60;757595/EUR 9,50
14.10.2006;6/7/30/33/34/39;44;6;8/0/8/3/1/3/1;3/4/3/0/6/5;1/EUR 5.881.614,00;0/EUR 0,00;20/EUR 81.689,00;1016/EUR 4.180,90;2796/EUR 233,70;68366/EUR 47,70;100051/EUR 26,10;1433093/EUR 10,00
18.10.2006;1/8/25/36/37/40;14;3;8/7/7/9/8/7/8;0/2/7/5/4/9;0/EUR 0,00;2/EUR 631.152,30;26/EUR 30.343,80;556/EUR 3.689,20;1608/EUR 196,20;31999/EUR 49,30;42635/EUR 29,60;624890/EUR 11,10
21.10.2006;1/17/21/24/39/47;2;8;6/9/6/2/0/1/3;0/4/2/9/5/2;1/EUR 4.737.457,50;4/EUR 631.915,30;25/EUR 63.191,50;1095/EUR 3.751,00;2962/EUR 213,30;67915/EUR 46,50;93483/EUR 27,00;1338761/EUR 10,30
25.10.2006;11/12/30/32/33/46;7;3;3/1/4/3/1/5/5;2/5/3/4/2/8;0/EUR 0,00;5/EUR 201.601,40;12/EUR 52.500,30;727/EUR 2.253,10;1612/EUR 156,30;33859/EUR 37,20;47692/EUR 21,10;601853/EUR 9,20
28.10.2006;1/7/30/44/48/49;2;0;0/3/1/4/0/8/3;8/9/0/8/1/4;0/EUR 0,00;8/EUR 306.162,60;33/EUR 46.388,20;1661/EUR 2.396,20;4671/EUR 131,00;84301/EUR 36,30;109209/EUR 22,40;1482625/EUR 9,00
01.11.2006;10/14/23/40/42/48;44;0;0/6/5/5/3/7/1;8/1/7/4/6/8;0/EUR 0,00;1/EUR 1.060.261,90;9/EUR 73.629,30;471/EUR 3.658,00;1349/EUR 196,40;26937/EUR 49,20;43929/EUR 24,10;519581/EUR 11,20
04.11.2006;6/14/28/31/39/46;1;2;4/1/2/8/1/3/3;2/8/5/8/7/9;1/EUR 9.186.339,90;8/EUR 353.937,70;28/EUR 63.203,10;1431/EUR 3.215,30;2895/EUR 244,50;70515/EUR 50,10;84510/EUR 33,50;1360572/EUR 11,40
08.11.2006;6/10/15/20/27/37;41;3;1/3/3/8/7/3/4;3/5/4/2/1/0;0/EUR 0,00;1/EUR 997.498,40;17/EUR 36.672,70;534/EUR 3.035,40;1520/EUR 164,00;29386/EUR 42,40;40993/EUR 24,30;522905/EUR 10,40
11.11.2006;1/13/19/28/47/49;32;4;3/2/1/5/0/3/6;7/6/8/5/1/2;0/EUR 0,00;5/EUR 483.455,70;27/EUR 55.955,50;1545/EUR 2.542,40;4173/EUR 144,80;79630/EUR 37,90;105380/EUR 22,90;1371577/EUR 9,60
15.11.2006;2/7/21/26/27/49;48;6;9/1/9/0/9/0/7;8/9/0/0/0/8;1/EUR 5.570.849,20;2/EUR 520.951,20;15/EUR 43.412,60;564/EUR 3.001,90;1664/EUR 156,50;33586/EUR 38,70;46794/EUR 22,20;620250/EUR 9,20
18.11.2006;1/2/8/28/38/43;14;4;7/0/7/4/4/6/8;5/0/8/1/8/7;0/EUR 0,00;2/EUR 1.186.928,90;26/EUR 57.063,80;955/EUR 4.039,20;2692/EUR 220,40;58184/EUR 50,90;81004/EUR 29,30;1130788/EUR 11,50
22.11.2006;12/22/29/33/34/42;6;4;2/5/9/9/4/0/2;4/9/5/8/8/7;1/EUR 4.290.052,10;2/EUR 529.091,80;14/EUR 47.240,30;402/EUR 4.277,40;1357/EUR 194,90;24339/EUR 54,30;41662/EUR 25,30;490524/EUR 11,80
25.11.2006;27/33/34/41/42/49;6;9;4/7/8/6/6/3/3;8/0/2/7/0/6;1/EUR 2.915.908,70;13/EUR 179.440,50;18/EUR 80.997,40;1491/EUR 2.542,30;2293/EUR 254,30;59890/EUR 48,60;80473/EUR 28,90;1122206/EUR 11,40
29.11.2006;2/13/20/28/42/45;17;6;1/3/8/1/9/6/5;4/8/6/8/4/5;0/EUR 0,00;0/EUR 0,00;5/EUR 124.317,60;391/EUR 4.133,30;1069/EUR 232,50;21876/EUR 56,80;33867/EUR 29,30;420445/EUR 13,00
02.12.2006;4/9/17/42/44/45;19;2;9/0/9/4/4/2/8;3/8/0/6/7/9;0/EUR 0,00;2/EUR 1.754.454,10;22/EUR 71.430,80;1073/EUR 3.807,80;3747/EUR 167,70;66050/EUR 47,50;119386/EUR 21,00;1327824/EUR 10,40
06.12.2006;2/3/6/23/35/39;24;2;1/2/9/6/2/8/0;1/7/8/5/7/3;0/EUR 0,00;1/EUR 1.068.437,70;13/EUR 51.367,10;506/EUR 3.431,20;1645/EUR 162,30;31024/EUR 43,00;46828/EUR 22,80;599327/EUR 9,80
09.12.2006;7/12/24/26/33/34;38;7;5/7/7/7/9/4/9;5/9/3/1/6/4;0/EUR 0,00;2/EUR 1.280.331,00;59/EUR 27.125,20;1664/EUR 2.500,60;6290/EUR 101,70;95063/EUR 33,60;162213/EUR 15,70;1680340/EUR 8,30
13.12.2006;5/6/18/20/22/45;7;8;5/2/1/1/2/4/6;5/1/9/6/9/2;0/EUR 0,00;1/EUR 1.232.482,10;15/EUR 51.353,40;574/EUR 3.489,10;1844/EUR 167,00;33217/EUR 46,30;52323/EUR 23,50;634244/EUR 10,60
16.12.2006;4/19/23/31/48/49;30;0;8/8/2/0/4/3/5;4/6/8/8/4/8;1/EUR 13.955.273,30;2/EUR 1.396.882,20;31/EUR 56.325,80;1990/EUR 2.281,30;3856/EUR 181,10;100890/EUR 34,60;106344/EUR 26,20;1718332/EUR 8,90
20.12.2006;4/10/29/44/46/49;36;5;7/3/8/4/4/5/1;9/3/2/3/4/6;0/EUR 0,00;0/EUR 0,00;9/EUR 74.331,00;380/EUR 4.577,20;891/EUR 300,30;25688/EUR 52,00;30486/EUR 35,10;525918/EUR 11,10
23.12.2006;3/11/16/36/38/41;9;3;7/9/3/9/6/8/4;4/8/7/2/3/9;0/EUR 0,00;5/EUR 775.789,20;38/EUR 46.193,70;1715/EUR 2.661,10;4296/EUR 163,40;88909/EUR 39,40;126940/EUR 22,10;1579329/EUR 9,70
27.12.2006;9/13/15/26/38/43;17;3;4/8/6/2/4/4/8;4/4/8/5/5/8;3/EUR 2.047.841,30;4/EUR 258.968,20;24/EUR 26.975,80;716/EUR 2.350,90;1925/EUR 134,50;32548/EUR 39,70;50615/EUR 20,40;557452/EUR 10,20
30.12.2006;1/16/23/39/44/47;12;9;1/7/6/4/0/6/5;5/3/1/4/6/4;0/EUR 0,00;4/EUR 655.046,70;32/EUR 51.175,50;1026/EUR 4.149,90;3447/EUR 190,00;62612/EUR 52,30;103300/EUR 25,30;1232865/EUR 11,60
03.01.2007;2/4/30/35/36/45;24;1;5/7/0/1/8/8/8;0/0/4/6/3/8;1/EUR 4.557.630,80;2/EUR 512.958,70;9/EUR 71.244,20;329/EUR 5.067,20;981/EUR 261,40;20193/EUR 63,50;35490/EUR 28,90;449814/EUR 12,50
06.01.2007;5/10/11/35/38/39;48;2;7/6/3/9/1/5/6;8/4/8/7/5/7;1/EUR 5.280.711,20;0/EUR 0,00;17/EUR 86.286,10;1119/EUR 3.408,20;2914/EUR 201,30;66406/EUR 44,10;93594/EUR 25,00;1325399/EUR 9,70
10.01.2007;4/6/27/36/37/40;24;4;8/4/9/0/2/4/6;4/2/5/2/2/2;0/EUR 0,00;1/EUR 1.016.546,90;11/EUR 57.758,30;427/EUR 3.868,50;1678/EUR 151,40;25225/EUR 50,30;47373/EUR 21,40;511407/EUR 10,90
13.01.2007;8/19/29/38/41/47;25;9;6/9/1/2/8/6/8;3/9/7/8/2/7;0/EUR 0,00;10/EUR 247.470,70;41/EUR 37.724,10;1444/EUR 2.784,90;4199/EUR 147,30;71240/EUR 43,40;109588/EUR 22,50;1275911/EUR 10,60
17.01.2007;9/12/14/27/32/46;11;9;3/1/0/1/8/1/0;0/0/9/9/4/0;2/EUR 2.843.300,30;2/EUR 529.013,20;7/EUR 94.466,60;796/EUR 2.159,90;1551/EUR 170,50;36981/EUR 35,70;47747/EUR 22,10;623367/EUR 9,30
20.01.2007;19/27/28/33/36/38;31;9;8/2/2/0/9/4/4;6/4/7/2/2/5;0/EUR 0,00;3/EUR 784.059,40;32/EUR 45.940,90;984/EUR 3.884,40;3155/EUR 186,30;63881/EUR 46,00;93388/EUR 25,10;1266738/EUR 10,20
24.01.2007;8/10/11/33/34/42;16;7;0/9/5/2/4/7/6;7/3/4/4/7/6;1/EUR 4.173.253,70;1/EUR 986.424,60;13/EUR 47.424,20;429/EUR 3.736,40;1000/EUR 246,60;23586/EUR 52,20;34501/EUR 28,50;494408/EUR 10,90
27.01.2007;15/18/27/40/44/45;24;1;3/5/3/1/5/2/4;4/6/0/5/0/0;0/EUR 0,00;2/EUR 1.155.019,40;32/EUR 45.117,90;1006/EUR 3.731,40;3130/EUR 184,50;60240/EUR 47,90;90560/EUR 25,50;1148109/EUR 11,00
31.01.2007;3/8/10/20/26/44;40;2;3/8/4/4/5/5/3;1/0/0/1/9/1;1/EUR 4.152.987,70;4/EUR 253.087,80;10/EUR 63.271,90;533/EUR 3.086,40;1684/EUR 150,20;29223/EUR 43,30;49722/EUR 20,30;541255/EUR 10,20
03.02.2007;5/18/21/27/34/36;9;7;3/5/4/9/0/5/6;7/3/6/2/1/7;0/EUR 0,00;0/EUR 0,00;47/EUR 31.611,70;1149/EUR 3.362,00;6516/EUR 91,20;64803/EUR 45,80;153688/EUR 15,40;1181320/EUR 11,00
07.02.2007;6/7/11/16/23/48;26;1;0/0/6/7/3/1/8;1/2/4/1/8/2;1/EUR 4.264.075,80;3/EUR 1.137.086,80;7/EUR 92.326,30;618/EUR 2.718,90;1835/EUR 140,80;34671/EUR 37,20;54916/EUR 18,80;631104/EUR 9,00
10.02.2007;4/16/20/26/32/38;1;4;4/9/2/8/0/6/3;5/0/9/9/7/3;3/EUR 977.759,80;11/EUR 213.329,40;42/EUR 34.919,90;4012/EUR 950,40;3402/EUR 172,40;124494/EUR 25,30;83946/EUR 25,30;1535979/EUR 8,40
14.02.2007;7/8/24/33/44/45;15;8;3/1/9/2/3/1/4;0/6/2/7/2/3;0/EUR 0,00;2/EUR 481.873,20;17/EUR 35.431,80;580/EUR 2.700,10;1510/EUR 159,50;28878/EUR 41,70;34377/EUR 28,00;534216/EUR 9,90
17.02.2007;1/14/31/34/39/49;11;2;3/2/2/0/9/9/0;5/4/9/8/9/0;0/EUR 0,00;4/EUR 588.996,40;29/EUR 50.775,50;1019/EUR 3.757,00;3175/EUR 185,50;60236/EUR 48,80;98028/EUR 24,00;1153636/EUR 11,20
21.02.2007;13/14/23/38/41/43;19;8;3/0/5/6/3/0/6;8/5/1/6/0/7;0/EUR 0,00;2/EUR 507.908,90;12/EUR 52.907,10;561/EUR 2.942,40;1464/EUR 173,40;30116/EUR 42,10;40887/EUR 24,80;541223/EUR 10,30
24.02.2007;8/11/13/14/33/36;20;4;1/7/2/6/1/5/1;5/6/1/8/0/2;0/EUR 0,00;2/EUR 1.239.700,00;15/EUR 103.308,30;964/EUR 4.179,40;2124/EUR 291,80;58177/EUR 53,20;71705/EUR 34,50;1178944/EUR 11,50
28.02.2007;13/14/26/28/31/43;8;8;6/3/3/4/7/0/4;1/8/5/5/5/0;0/EUR 0,00;2/EUR 636.948,10;16/EUR 49.761,50;553/EUR 3.743,30;1736/EUR 183,40;32913/EUR 48,30;46684/EUR 27,20;636531/EUR 11,00
03.03.2007;4/7/16/23/26/29;28;9;2/4/7/0/5/0/1;4/5/3/4/5/9;1/EUR 13.670.729,50;6/EUR 474.622,90;41/EUR 43.410,60;1996/EUR 2.318,40;4449/EUR 160,00;94734/EUR 37,50;119590/EUR 23,80;16448591/EUR 9,50
07.03.2007;9/17/19/24/43/49;10;7;5/1/4/8/9/0/4;0/5/0/5/0/1;0/EUR 0,00;1/EUR 1.016.886,60;13/EUR 48.888,70;600/EUR 2.754,00;1571/EUR 161,80;35465/EUR 35,80;45711/EUR 22,20;664245/EUR 8,40
10.03.2007;5/18/23/30/42/49;12;0;4/4/7/1/5/5/1;3/2/7/5/3/8;0/EUR 0,00;8/EUR 303.028,00;72/EUR 21.043,60;1239/EUR 3.179,40;4106/EUR 147,60;65156/EUR 46,50;110231/EUR 21,90;1253980/EUR 10,60
14.03.2007;3/5/15/22/24/37;19;5;0/8/8/2/8/8/5;0/4/8/1/6/7;0/EUR 0,00;3/EUR 354.216,20;13/EUR 51.088,80;528/EUR 3.270,40;1870/EUR 142,00;31321/EUR 42,40;53209/EUR 19,90;564768/EUR 10,30
17.03.2007;6/9/10/11/22/26;34;2;3/4/1/2/9/6/5;1/3/1/2/6/9;1/EUR 8.852.648,60;14/EUR 184.168,50;25/EUR 64.458,90;2650/EUR 1.581,00;3446/EUR 187,00;117877/EUR 27,30;102801/EUR 25,00;1808317/EUR 7,80
21.03.2007;2/3/6/11/31/33;23;7;8/7/0/6/2/5/0;2/0/4/2/2/8;0/EUR 0,00;1/EUR 975.617,30;22/EUR 27.716,30;792/EUR 2.001,70;2280/EUR 106,90;39911/EUR 30,50;59608/EUR 16,30;684254/EUR 7,80
24.03.2007;1/24/25/28/29/32;44;4;7/5/2/7/3/9/8;1/2/5/4/4/0;0/EUR 0,00;3/EUR 794.944,70;20/EUR 74.526,00;805/EUR 4.814,10;1749/EUR 340,80;51097/EUR 58,30;67123/EUR 35,50;1118932/EUR 11,70
28.03.2007;3/11/15/26/27/41;17;0;2/5/3/4/8/2/6;8/7/4/0/3/4;0/EUR 0,00;2/EUR 512.784,20;27/EUR 23.740,00;729/EUR 2.286,00;2105/EUR 121,80;37474/EUR 34,20;57537/EUR 17,80;621630/EUR 9,00
31.03.2007;2/15/28/31/33/35;17;8;3/9/2/0/7/3/1;8/5/5/9/5/3;0/EUR 0,00;5/EUR 503.217,70;14/EUR 112.325,30;923/EUR 4.429,70;3816/EUR 164,80;59713/EUR 52,60;11705/EUR 22,50;1186140/EUR 11,60
04.04.2007;3/5/7/21/31/43;1;4;1/1/3/0/4/9/0;6/3/6/9/8/9;0/EUR 0,00;4/EUR 315.206,10;32/EUR 24.625,40;1185/EUR 1.728,90;3380/EUR 93,20;52266/EUR 30,10;84016/EUR 15,00;819628/EUR 8,40
07.04.2007;6/8/17/29/33/49;5;9;2/7/0/7/5/2/8;1/4/0/8/7/5;2/EUR 6.829.770,70;16/EUR 172.793,70;42/EUR 41.141,30;1997/EUR 2.249,60;4953/EUR 139,50;90601/EUR 38,10;131155/EUR 21,00;1575953/EUR 9,60
11.04.2007;7/10/15/17/22/47;23;0;8/4/4/0/8/6/5;2/1/5/1/2/2;0/EUR 0,00;2/EUR 478.471,40;4/EUR 149.522,30;411/EUR 3.783,50;1173/EUR 203,90;26341/EUR 45,40;36512/EUR 26,20;522757/EUR 10,00
14.04.2007;34/37/41/44/45/49;19;5;2/1/6/4/6/4/7;2/0/5/0/6/3;1/EUR 4.145.040,40;10/EUR 235.908,90;22/EUR 67.019,50;1751/EUR 2.189,30;2405/EUR 245,20;70975/EUR 41,50;83436/EUR 28,20;1105578/EUR 11,70
18.04.2007;14/22/31/37/39/45;40;6;2/3/7/1/3/6/1;4/6/0/7/2/2;0/EUR 0,00;0/EUR 0,00;7/EUR 84.312,80;402/EUR 3.817,10;1102/EUR 214,20;23225/EUR 50,80;33730/EUR 27,90;432416/EUR 12,00
21.04.2007;1/3/6/13/19/46;9;6;3/6/2/2/9/3/3;6/1/5/1/0/9;4/EUR 1.026.727,10;12/EUR 273.793,90;116/EUR 12.614,30;2010/EUR 1.892,70;10088/EUR 58,00;94031/EUR 31,10;193886/EUR 12,00;1519920/EUR 8,40
25.04.2007;7/13/34/36/42/43;14;5;4/4/4/6/4/8/8;0/8/0/1/0/5;1/EUR 1.151.675,60;2/EUR 460.670,20;14/EUR 41.131,20;400/EUR 3.742,90;1157/EUR 199,00;25194/EUR 45,70;31524/EUR 29,20;463666/EUR 10,90
28.04.2007;8/15/19/30/37/39;16;5;3/0/1/6/0/5/8;3/9/3/9/7/1;1/EUR 2.821.668,80;3/EUR 752.445,00;15/EUR 94.055,60;979/EUR 3.746,80;2276/EUR 247,90;57396/EUR 49,10;74752/EUR 30,10;1121718/EUR 11,00
02.05.2007;22/23/30/34/40/48;41;5;8/8/1/5/4/0/4;6/6/7/3/2/2;0/EUR 0,00;1/EUR 902.967,70;11/EUR 51.304,90;339/EUR 4.328,30;1086/EUR 207,80;20359/EUR 55,40;29173/EUR 30,90;421944/EUR 11,70
05.05.2007;13/15/20/32/37/49;19;1;3/7/9/3/6/7/0;4/0/9/7/1/0;0/EUR 0,00;7/EUR 369.980,00;16/EUR 101.166,40;1242/EUR 3.388,50;2637/EUR 245,50;65247/EUR 49,60;90574/EUR 28,50;1231360/EUR 11,50
09.05.2007;8/15/22/44/46/47;21;0;0/3/6/0/8/4/9;6/2/2/6/2/5;0/EUR 0,00;2/EUR 509.578,60;10/EUR 63.697,30;402/EUR 4.119,70;1015/EUR 251,00;21389/EUR 59,50;27860/EUR 36,50;437470/EUR 12,80
12.05.2007;17/21/22/28/31/42;14;7;7/9/6/4/2/7/9;2/2/3/9/9/5;3/EUR 2.953.020,30;2/EUR 1.287.631,70;34/EUR 47.339,40;1178/EUR 3.552,40;3742/EUR 172,00;69405/EUR 46,30;141379/EUR 18,20;1306167/EUR 10,80
16.05.2007;12/10/16/23/40/42;20;2;2/5/5/3/2/6/2;8/0/8/6/2/3;0/EUR 0,00;0/EUR 0,00;15/EUR 53.735,20;689/EUR 3.041,60;1842/EUR 175,00;37684/EUR 42,70;55562/EUR 23,20;701903/EUR 10,10
19.05.2007;4/7/9/21/29/34;18;7;1/8/7/7/9/1/4;3/6/7/7/6/6;0/EUR 0,00;10/EUR 359.650,10;66/EUR 21.845,20;1651/EUR 2.270,50;5883/EUR 98,00;84757/EUR 34,00;136993/EUR 16,80;1417254/EUR 8,90
23.05.2007;9/10/19/20/31/45;1;8;0/0/4/1/1/3/4;4/2/3/3/2/2;1/EUR 5.742.532,70;3/EUR 332.508,20;17/EUR 36.673,70;804/EUR 2.016,10;2180/EUR 114,30;39091/EUR 31,80;53289/EUR 18,70;632774/EUR 8,60
26.05.2007;1/17/25/26/41/42;23;7;5/8/3/4/7/3/1;7/3/3/0/0/6;0/EUR 0,00;7/EUR 322.086,60;15/EUR 93.941,90;1377/EUR 2.660,60;2327/EUR 242,20;92666/EUR 30,40;75163/EUR 29,90;1255047/EUR 9,80
30.05.2007;14/18/23/27/34/39;36;2;6/7/8/6/9/1/3;6/1/4/6/1/8;0/EUR 0,00;5/EUR 187.970,90;22/EUR 26.700,40;916/EUR 1.667,30;1648/EUR 142,50;36817/EUR 31,90;35996/EUR 26,10;553923/EUR 9,30
02.06.2007;13/18/24/28/31/44;21;1;5/3/9/4/6/1/5;3/0/3/6/1/1;0/EUR 0,00;4/EUR 602.566,50;25/EUR 60.256,60;1204/EUR 3.253,00;2497/EUR 241,30;71339/EUR 42,20;78912/EUR 30,50;1325194/EUR 10,00
06.06.2007;4/12/25/29/44/45;30;0;7/1/7/4/6/8/1;0/5/0/0/6/1;0/EUR 0,00;4/EUR 282.997,50;11/EUR 64.317,60;571/EUR 3.221,50;1598/EUR 177,00;32726/EUR 43,20;43757/EUR 25,80;601912/EUR 10,30
09.06.2007;19/22/23/31/32/42;30;1;4/3/2/4/1/5/2;4/2/4/3/3/1;0/EUR 0,00;1/EUR 2.540.278,90;13/EUR 122.128,70;1131/EUR 3.649,80;2391/EUR 265,60;70147/EUR 45,20;74185/EUR 34,20;1404540/EUR 9,90
13.06.2007;3/6/16/23/38/45;36;6;2/7/6/2/5/8/1;0/8/0/5/9/0;1/EUR 13.333.808,40;2/EUR 695.025,10;20/EUR 43.439,00;734/EUR 3.077,40;1604/EUR 216,60;41088/EUR 42,20;48615/EUR 28,50;792098/EUR 9,60
16.06.2007;2/18/26/34/39/49;13;0;2/6/2/5/4/4/2;4/2/8/8/3/5;0/EUR 0,00;2/EUR 1.160.553,60;52/EUR 27.897,40;1755/EUR 2.149,10;4415/EUR 131,40;86995/EUR 33,30;106921/EUR 21,70;1303722/EUR 9,70
20.06.2007;3/7/12/11/17/39;36;8;5/1/9/7/0/1/8;8/2/4/0/1/5;0/EUR 0,00;1/EUR 995.073,60;13/EUR 47.840,00;962/EUR 1.680,80;1529/EUR 162,70;53737/EUR 23,50;41236/EUR 23,50;817042/EUR 6,60
23.06.2007;10/25/29/33/36/41;23;3;9/0/4/5/4/4/9;2/7/3/4/2/1;0/EUR 0,00;2/EUR 1.188.430,00;25/EUR 59.421,50;1081/EUR 3.572,90;2929/EUR 202,80;65623/EUR 45,20;88896/EUR 26,70;1260601/EUR 10,30
27.06.2007;3/4/8/10/17/34;15;1;5/0/8/5/6/4/8;4/5/6/5/4/7;0/EUR 0,00;1/EUR 1.200.935,70;25/EUR 30.023,30;702/EUR 2.779,90;1728/EUR 173,70;42206/EUR 35,50;44408/EUR 27,00;757976/EUR 8,70
30.06.2007;1/2/5/16/31/36;6;9;3/9/6/7/9/1/3;6/7/4/5/6/5;0/EUR 0,00;0/EUR 0,00;31/EUR 53.886,50;999/EUR 4.347,60;3765/EUR 177,40;67215/EUR 49,70;144275/EUR 18,50;1345565/EUR 10,90
04.07.2007;16/20/21/24/30/38;7;3;8/2/3/8/3/7/6;7/3/4/6/3/1;0/EUR 0,00;2/EUR 2.077.223,00;20/EUR 46.302,30;644/EUR 3.738,60;1915/EUR 193,40;41213/EUR 44,90;61063/EUR 24,20;774365/EUR 10,50
07.07.2007;8/11/23/25/27/34;47;7;0/7/3/9/1/9/7;6/2/1/1/6/1;1/EUR 17.600.604,30;5/EUR 606.420,20;25/EUR 75.802,50;2153/EUR 2.288,50;4871/EUR 155,60;116023/EUR 32,60;134661/EUR 22,50;1904662/EUR 8,70
11.07.2007;6/15/28/46/47/49;14;8;9/2/1/1/8/5/2;7/4/3/1/6/9;0/EUR 0,00;0/EUR 0,00;11/EUR 58.225,90;458/EUR 3.635,90;1140/EUR 224,70;23633/EUR 54,20;31763/EUR 32,20;475137/EUR 11,80
14.07.2007;3/9/10/11/23/33;16;5;6/8/1/0/5/1/4;2/0/3/0/5/5;1/EUR 4.283.134,40;6/EUR 571.084,50;40/EUR 37.527,00;2235/EUR 1.746,20;4695/EUR 127,80;124199/EUR 24,10;119153/EUR 20,10;1954969/EUR 6,70
18.07.2007;4/20/24/27/36/39;33;5;2/2/1/4/6/8/1;8/5/1/0/8/6;0/EUR 0,00;2/EUR 476.727,40;8/EUR 74.488,60;635/EUR 2.439,90;1629/EUR 146,30;29166/EUR 40,80;42466/EUR 22,40;500057/EUR 10,40
21.07.2007;4/14/20/29/36/44;38;5;7/3/5/7/1/2/2;1/6/2/0/9/0;0/EUR 0,00;4/EUR 576.354,30;22/EUR 65.494,80;1020/EUR 3.672,80;2142/EUR 269,00;50435/EUR 57,10;70231/EUR 32,80;956467/EUR 13,20
25.07.2007;13/20/23/26/35/43;11;6;2/1/6/5/1/5/6;6/7/0/6/4/8;1/EUR 6.371.704,80;0/EUR 0,00;6/EUR 106.394,10;437/EUR 3.798,00;1344/EUR 189,90;27983/EUR 45,60;40554/EUR 25,10;522730/EUR 10,70
28.07.2007;6/8/14/18/28/33;40;9;7/4/6/3/4/4/0;0/8/4/9/8/3;0/EUR 0,00;1/EUR 2.260.811,30;33/EUR 42.818,30;1443/EUR 2.545,90;3082/EUR 183,30;75227/EUR 37,50;81700/EUR 27,60;1275132/EUR 9,70
01.08.2007;7/14/17/33/40/42;34;5;7/1/4/4/9/6/8;5/4/7/4/3/4;1/EUR 4.092.488,60;2/EUR 506.589,70;16/EUR 39.577,30;659/EUR 2.498,30;1222/EUR 207,20;33216/EUR 38,10;37967/EUR 26,60;612421/EUR 9,00
04.08.2007;4/7/20/30/32/43;48;8;6/1/3/6/7/5/9;1/5/2/8/1/2;0/EUR 0,00;4/EUR 567.802,70;31/EUR 45.790,50;1213/EUR 3.042,60;3278/EUR 173,20;68842/EUR 41,20;89565/EUR 25,30;1268029/EUR 9,80
08.08.2007;7/13/17/24/37/44;4;3;1/3/7/5/1/1/4;3/2/0/6/7/0;0/EUR 0,00;7/EUR 141.022,60;32/EUR 19.280,40;919/EUR 1.745,50;2110/EUR 116,90;40716/EUR 30,30;53636/EUR 18,40;645172/EUR 8,40
11.08.2007;4/6/11/17/19/42;40;1;3/3/3/5/5/6/7;3/0/3/3/7/5;2/EUR 3.519.879,10;10/EUR 237.343,70;68/EUR 21.814,60;2348/EUR 1.642,60;5593/EUR 106,00;106890/EUR 27,70;120750/EUR 19,60;1688394/EUR 7,70
15.08.2007;1/13/27/28/31/37;35;7;0/8/3/4/0/2/5;5/7/1/3/4/0;1/EUR 2.101.540,00;0/EUR 0,00;11/EUR 53.069,10;405/EUR 3.747,60;874/EUR 267,10;25733/EUR 45,30;29211/EUR 31,90;521357/EUR 9,80
18.08.2007;1/8/11/23/24/45;46;5;5/9/7/5/3/7/3;4/9/2/3/5/0;0/EUR 0,00;6/EUR 374.349,30;29/EUR 48.407,20;1354/EUR 2.695,60;2372/EUR 236,70;68706/EUR 40,80;70350/EUR 31,90;1267545/EUR 9,70
22.08.2007;14/31/33/38/39/49;34;4;7/8/4/3/3/0/6;3/3/5/4/5/1;0/EUR 0,00;2/EUR 487.600,90;12/EUR 50.791,70;449/EUR 3.529,40;2241/EUR 108,70;27293/EUR 44,60;39190/EUR 24,80;510429/EUR 10,30
25.08.2007;11/22/30/44/48/49;23;4;7/9/6/1/5/3/7;0/3/6/1/3/4;0/EUR 0,00;2/EUR 1.168.671,00;23/EUR 63.514,70;1179/EUR 3.221,50;2282/EUR 256,00;64863/EUR 45,00;73568/EUR 31,70;1175943/EUR 10,90
29.08.2007;2/7/16/20/31/43;12;5;2/2/1/5/2/1/9;0/4/7/1/0/9;0/EUR 0,00;3/EUR 366.890,90;20/EUR 34.396,00;747/EUR 2.394,30;2121/EUR 129,70;34875/EUR 39,40;53233/EUR 20,60;596231/EUR 10,10
01.09.2007;8/26/33/41/43/45;44;6;0/2/0/9/9/5/7;6/5/5/4/6/6;0/EUR 0,00;3/EUR 873.023,70;8/EUR 204.614,90;981/EUR 4.338,40;2326/EUR 281,40;61695/EUR 53,00;87399/EUR 29,90;1258339/EUR 11,40
05.09.2007;1/9/24/30/31/48;35;4;9/8/5/4/5/5/9;9/3/9/3/2/9;0/EUR 0,00;6/EUR 235.466,00;17/EUR 51.941,00;767/EUR 2.993,20;1464/EUR 241,20;42075/EUR 41,90;44561/EUR 31,70;792681/EUR 9,80
08.09.2007;2/14/26/27/31/34;42;4;8/3/8/9/0/5/9;9/4/8/6/7/9;1/EUR 17.068.346,30;1/EUR 2.963.497,00;27/EUR 68.599,40;1126/EUR 4.276,80;3351/EUR 221,00;75523/EUR 49,00;114607/EUR 25,80;1528126/EUR 10,60
12.09.2007;1/28/31/36/38/49;47;6;6/6/4/3/8/0/6;9/5/0/4/4/1;0/EUR 0,00;1/EUR 1.004.734,20;11/EUR 57.087,10;469/EUR 3.481,20;1154/EUR 217,60;24695/EUR 50,80;35463/EUR 28,30;481761/EUR 11,40
15.09.2007;1/21/27/28/36/49;7;0;6/2/3/9/2/8/2;4/4/2/3/3/5;1/EUR 4.298.877,20;1/EUR 2.434.367,60;48/EUR 31.697,40;1131/EUR 3.497,60;5690/EUR 106,90;65900/EUR 46,10;157163/EUR 15,40;1129277/EUR 11,80
19.09.2007;6/14/28/32/34/40;18;0;4/2/0/1/0/3/1;4/2/3/4/7/3;0/EUR 0,00;1/EUR 956.794,50;16/EUR 37.374,70;468/EUR 3.322,20;1606/EUR 148,90;23641/EUR 50,50;44056/EUR 21,70;446161/EUR 11,70
22.09.2007;3/6/11/34/36/41;43;2;1/4/3/9/6/9/9;1/8/9/1/7/9;0/EUR 0,00;1/EUR 2.303.891,80;22/EUR 65.451,40;1068/EUR 3.505,40;2416/EUR 238,30;65302/EUR 44,10;72144/EUR 31,90;1267210/EUR 9,90
26.09.2007;11/15/31/34/39/43;16;7;7/0/3/5/1/3/6;3/4/6/9/6/3;0/EUR 0,00;4/EUR 257.207,20;12/EUR 53.584,80;701/EUR 2.384,90;1700/EUR 151,20;30343/EUR 42,30;41097/EUR 25,00;539190/EUR 10,40
29.09.2007;9/20/22/27/29/40;19;0;1/6/1/4/5/6/8;2/7/1/1/9/2;0/EUR 0,00;2/EUR 1.236.871,30;21/EUR 73.623,20;994/EUR 4.044,00;3372/EUR 183,40;65947/EUR 46,80;108750/EUR 22,70;1240641/EUR 10,90
03.10.2007;2/14/33/42/48/49;1;9;5/6/4/4/8/9/7;8/4/8/2/0/0;0/EUR 0,00;1/EUR 1.194.546,00;18/EUR 41.477,20;440/EUR 4.411,60;2114/EUR 141,20;29467/EUR 50,60;49881/EUR 23,90;587842/EUR 11,10
06.10.2007;3/6/12/25/26/45;49;2;9/8/7/7/2/5/4;7/2/4/9/7/9;1/EUR 13.408.614,80;9/EUR 307.676,40;61/EUR 28.371,80;2304/EUR 1.953,00;5034/EUR 137,50;115683/EUR 29,90;126372/EUR 21,90;1865854/EUR 8,10
10.10.2007;13/15/25/29/34/36;5;7;9/3/7/3/4/6/8;7/6/4/9/0/0;0/EUR 0,00;1/EUR 984.037,80;8/EUR 76.877,90;418/EUR 3.825,50;1283/EUR 191,70;23748/EUR 51,70;38075/EUR 25,80;445790/EUR 12,10
13.10.2007;3/9/10/24/41/47;16;1;5/9/6/9/1/9/5;2/0/6/5/6/1;1/EUR 4.169.841,00;2/EUR 1.175.917,50;24/EUR 61.245,70;1629/EUR 2.346,00;3607/EUR 163,00;88045/EUR 33,30;98074/EUR 23,90;1573977/EUR 8,20
17.10.2007;22/26/34/42/43/46;9;9;6/0/7/3/1/2/5;6/6/0/1/8/4;1/EUR 1.189.281,80;1/EUR 951.425,40;14/EUR 42.474,30;425/EUR 3.637,80;1259/EUR 188,90;21574/EUR 55,10;33721/EUR 28,20;427219/EUR 12,20
20.10.2007;17/28/34/36/37/49;9;4;0/7/6/9/4/5/5;2/3/7/4/0/3;1/EUR 2.839.288,30;2/EUR 1.135.715,30;24/EUR 59.151,80;875/EUR 4.218,30;2971/EUR 191,10;57501/EUR 49,30;91781/EUR 24,70;1126554/EUR 11,00
24.10.2007;7/14/15/20/23/46;19;2;2/0/0/2/5/4/4;1/7/1/0/7/7;0/EUR 0,00;0/EUR 0,00;13/EUR 44.798,10;361/EUR 4.194,30;989/EUR 235,50;22480/EUR 51,80;32865/EUR 28,30;431563/EUR 11,80
27.10.2007;3/4/8/12/16/47;10;7;5/6/6/7/4/3/8;7/3/0/8/5/5;0/EUR 0,00;1/EUR 3.237.292,00;48/EUR 30.019,40;1448/EUR 2.587,30;5021/EUR 114,70;88342/EUR 32,60;125138/EUR 18,40;1419683/EUR 8,90
31.10.2007;6/22/29/34/46/49;44;6;3/7/4/0/8/4/8;3/0/7/9/1/9;0/EUR 0,00;0/EUR 0,00;5/EUR 130.955,20;376/EUR 4.527,70;1148/EUR 228,10;23702/EUR 55,20;32705/EUR 32,00;465593/EUR 12,30
03.11.2007;2/11/13/15/21/41;10;8;9/3/5/9/8/8/8;2/4/6/9/0/8;0/EUR 0,00;4/EUR 875.974,10;31/EUR 49.521,20;1079/EUR 3.699,10;3137/EUR 195,70;71857/EUR 42,70;96030/EUR 25,50;1312836/EUR 10,20
07.11.2007;6/10/18/28/33/38;3;8;3/0/1/4/7/0/4;9/2/4/3/9/0;0/EUR 0,00;6/EUR 207.211,70;38/EUR 20.448,50;1326/EUR 1.523,60;2953/EUR 105,20;52171/EUR 29,70;71942/EUR 17,20;787099/EUR 8,60
10.11.2007;1/3/5/12/15/41;34;4;6/7/0/3/4/2/7;7/5/5/8/7/9;0/EUR 0,00;4/EUR 675.118,40;29/EUR 58.199,80;1939/EUR 2.263,10;2657/EUR 254,00;101451/EUR 33,20;85746/EUR 31,40;1700218/EUR 8,70
14.11.2007;2/8/27/45/47/48;25;5;9/4/5/7/3/1/4;6/7/8/9/6/4;0/EUR 0,00;1/EUR 1.487.517,90;16/EUR 58.106,10;644/EUR 3.753,40;1954/EUR 190,30;36769/EUR 50,50;58435/EUR 25,40;74712/EUR 10,90
17.11.2007;1/9/15/26/30/42;20;1;9/9/3/8/0/3/3;8/3/7/0/6/8;0/EUR 0,00;5/EUR 625.668,30;36/EUR 54.311,40;1602/EUR 3.173,20;3813/EUR 205,10;87599/EUR 44,60;109078/EUR 28,60;1607487/EUR 10,70
21.11.2007;25/34/40/41/43/47;9;8;0/8/8/2/3/0/0;1/1/8/6/4/9;0/EUR 0,00;1/EUR 2.008.996,60;9/EUR 139.513,60;867/EUR 3.765,40;2677/EUR 187,60;56242/EUR 44,60;91412/EUR 21,90;1031509/EUR 10,70
23.11.2007;13/14/39/42/45/49;41;4;0/1/6/4/4/0/5;2/6/5/3/5/1;0/EUR 0,00;2/EUR 1.986.617,50;26/EUR 95.510,40;1319/EUR 4.895,00;4093/EUR 242,60;83612/EUR 59,30;132992/EUR 29,80;1747501/EUR 12,50
28.11.2007;7/8/10/16/40/49;22;0;9/0/7/0/2/7/5;4/6/4/8/2/4;0/EUR 0,00;4/EUR 854.821,40;30/EUR 71.235,10;1415/EUR 3.926,70;3916/EUR 218,20;93114/EUR 45,90;120045/EUR 28,40;1877933/EUR 10,00
01.12.2007;12/21/23/29/35/41;8;0;5/3/9/7/1/7/8;7/6/5/5/0/9;0/EUR 0,00;10/EUR 606.248,90;70/EUR 54.129,30;2757/EUR 3.573,20;7317/EUR 207,10;159055/EUR 47,60;209481/EUR 28,90;2949045/EUR 11,30
05.12.2007;9/10/24/28/39/42;33;3;1/9/6/2/3/8/7;6/3/5/0/0/4;3/EUR 15.127.486,00;21/EUR 263.865,10;100/EUR 34.632,20;4859/EUR 1.853,10;10808/EUR 128,10;202556/EUR 34,10;305661/EUR 18,10;3303893/EUR 9,20
08.12.2007;1/2/19/24/25/47;12;0;6/9/7/6/2/1/0;0/6/6/5/4/5;0/EUR 0,00;4/EUR 804.097,20;51/EUR 39.416,50;1812/EUR 2.884,40;6299/EUR 127,60;93811/EUR 42,80;174916/EUR 18,30;1774273/EUR 9,90
12.12.2007;10/13/23/34/44/46;14;1;7/5/7/1/7/4/1;7/4/2/0/3/2;0/EUR 0,00;4/EUR 340.803,80;17/EUR 50.118,20;1087/EUR 2.037,90;1671/EUR 203,90;45451/EUR 37,40;45723/EUR 29,80;742746/EUR 10,00
15.12.2007;3/13/18/26/37/49;7;6;5/1/4/1/5/9/1;7/7/6/3/8/2;1/EUR 9.202.336,90;16/EUR 173.891,50;94/EUR 18.499,10;2404/EUR 1.880,60;8123/EUR 85,60;103725/EUR 33,50;186802/EUR 14,80;1691407/EUR 9,00
19.12.2007;3/7/29/32/37/45;16;0;3/4/2/4/7/7/5;7/9/0/0/9/6;0/EUR 0,00;3/EUR 403.993,80;15/EUR 50.499,20;578/EUR 3.407,30;2061/EUR 147,00;32374/EUR 46,70;54413/EUR 22,20;639502/EUR 10,40
22.12.2007;9/10/33/34/41/45;35;9;6/4/8/4/5/3/5;8/9/0/8/6/1;0/EUR 0,00;8/EUR 331.455,50;26/EUR 63.741,40;1289/EUR 3.342,80;2988/EUR 221,80;74091/EUR 44,70;86534/EUR 30,60;1424900/EUR 9,50
26.12.2007;12/13/17/20/31/37;34;2;9/5/6/7/5/1/5;9/3/6/5/2/9;1/EUR 6.685.657,40;4/EUR 371.224,90;23/EUR 40.350,50;830/EUR 2.907,10;2710/EUR 136,90;45382/EUR 40,90;69177/EUR 21,40;867021/EUR 9,40
29.12.2007;2/12/23/26/28/42;1;5;0/7/6/0/2/6/6;2/1/8/7/3/5;1/EUR 3.182.160,40;4/EUR 636.432,00;24/EUR 66.295,00;1856/EUR 2.228,80;3163/EUR 201,20;88567/EUR 35,90;93928/EUR 27,10;1501435/EUR 9,30
02.01.2008;2/7/10/27/30/49;45;2;8/1/9/6/3/6/0;1/2/5/2/8/3;0/EUR 0,00;8/EUR 131.799,00;25/EUR 26.359,80;1081/EUR 1.585,00;1750/EUR 150,60;45144/EUR 29,10;43003/EUR 24,50;714810/EUR 8,10
05.01.2008;9/10/17/33/37/45;18;7;3/8/5/1/0/5/3;8/8/9/5/9/7;0/EUR 0,00;9/EUR 264.124,10;28/EUR 53.060,60;1963/EUR 1.967,80;4290/EUR 138,50;100249/EUR 29,60;121506/EUR 19,50;1603629/EUR 8,10
09.01.2008;26/28/30/38/40/41;43;2;8/5/4/6/6/1/5;6/8/4/8/9/9;0/EUR 0,00;4/EUR 278.682,20;18/EUR 38.705,80;885/EUR 2.046,80;1468/EUR 189,90;36794/EUR 37,80;41415/EUR 26,90;636071/EUR 9,60
12.01.2008;3/4/10/11/45/47;12;7;6/1/0/9/6/5/4;9/6/8/8/5/2;2/EUR 4.389.665,50;7/EUR 353.889,10;39/EUR 39.699,10;1255/EUR 3.207,50;4464/EUR 138,70;69417/EUR 44,60;114378/EUR 21,60;1364109/EUR 9,90
16.01.2008;8/16/19/27/47/48;6;0;0/2/6/4/1/6/6;0/4/4/4/0/5;0/EUR 0,00;1/EUR 1.025.695,50;10/EUR 64.105,90;472/EUR 3.531,20;1574/EUR 162,90;27432/EUR 46,70;47000/EUR 21,80;542840/EUR 10,30
19.01.2008;7/20/22/23/30/31;5;2;3/9/5/9/0/3/0;5/8/3/2/9/3;0/EUR 0,00;3/EUR 783.936,50;27/EUR 54.440,00;942/EUR 4.056,90;3552/EUR 165,50;56331/EUR 52,10;105978/EUR 22,10;1154575/EUR 11,20
23.01.2008;10/11/15/16/28/37;44;1;4/4/7/3/8/7/4;6/9/7/7/9/5;0/EUR 0,00;0/EUR 0,00;5/EUR 135.185,50;352/EUR 4.992,60;1017/EUR 265,80;26016/EUR 51,90;31309/EUR 34,50;535982/EUR 11,00
26.01.2008;4/6/10/20/26/37;39;8;3/2/4/4/9/2/2;5/5/7/1/9/8;0/EUR 0,00;4/EUR 878.925,10;43/EUR 35.381,00;2010/EUR 1.967,90;4361/EUR 139,50;93804/EUR 32,40;108345/EUR 22,40;1508875/EUR 8,80
30.01.2008;6/7/12/27/46/48;9;8;8/6/1/4/6/0/6;9/3/5/3/0/7;0/EUR 0,00;4/EUR 313.259,40;26/EUR 30.121,00;682/EUR 2.985,60;2270/EUR 137,90;37481/EUR 41,70;69679/EUR 17,90;707510/EUR 9,70
02.02.2008;6/9/14/27/28/39;23;2;4/4/0/0/3/9/7;3/4/0/8/4/7;0/EUR 0,00;4/EUR 665.454,90;66/EUR 25.206,60;1906/EUR 2.269,30;6157/EUR 108,00;92602/EUR 35,90;143421/EUR 18,50;1572826/EUR 9,30
06.02.2008;4/6/25/26/41/49;32;9;7/8/7/2/7/5/0;5/3/3/4/7/0;0/EUR 0,00;2/EUR 721.648,40;118/EUR 7.644,50;789/EUR 2.972,50;2450/EUR 147,20;46153/EUR 39,00;63680/EUR 22,60;859635/EUR 9,20
07.02.2008;2/13/15/35/39/48;1;3;7/4/3/0/1/4/5;5/4/5/0/6/0;2/EUR 2.231.677,30;8/EUR 291.802,40;13/EUR 112.231,70;1046/EUR 3.626,60;1751/EUR 333,20;54345/EUR 53,60;60808/EUR 38,30;1051779/EUR 12,20
09.02.2008;1/10/13/25/27/45;9;2;1/9/7/0/3/6/6;4/8/2/8/1/4;1/EUR 18.926.349,60;6/EUR 481.619,90;42/EUR 43.001,70;1893/EUR 2.480,60;5762/EUR 125,30;99954/EUR 36,10;168013/EUR 17,10;1690963/EUR 9,30
13.02.2008;1/7/20/25/33/42;6;0;6/6/7/8/7/4/4;8/6/3/1/4/6;0/EUR 0,00;1/EUR 1.063.206,70;6/EUR 110.750,70;562/EUR 3.074,20;1383/EUR 192,10;31749/EUR 41,80;44384/EUR 23,90;610621/EUR 9,50
16.02.2008;6/7/11/22/43/44;4;6;3/9/5/6/1/4/0;6/4/4/1/6/7;2/EUR 2.149.771,70;14/EUR 169.744,80;50/EUR 29.705,30;1421/EUR 2.717,50;3915/EUR 151,70;71175/EUR 41,70;103779/EUR 22,80;1253582/EUR 10,40
20.02.2008;1/18/22/23/37/42;46;7;2/4/3/1/5/7/2;7/6/6/4/7/2;0/EUR 0,00;4/EUR 251.465,20;10/EUR 62.866,30;398/EUR 4.106,80;1039/EUR 242,00;21239/EUR 59,10;32128/EUR 31,30;44782/EUR 12,40
23.02.2008;1/12/13/39/40/44;24;7;6/1/4/7/2/2/7;6/8/9/4/4/6;0/EUR 0,00;4/EUR 582.391,00;33/EUR 44.120,50;897/EUR 4.220,20;4174/EUR 139,50;50474/EUR 57,60;115347/EUR 20,10;1049805/EUR 12,20
27.02.2008;9/18/21/34/36/39;47;0;5/4/4/7/2/7/3;4/7/6/4/6/1;1/EUR 5.518.843,40;3/EUR 359.883,10;20/EUR 33.739,00;954/EUR 1.839,00;1817/EUR 148,50;39338/EUR 34,30;46518/EUR 23,20;621324/EUR 9,50
01.03.2008;4/5/19/20/22/39;40;2;4/2/8/0/2/6/1;8/0/5/3/4/7;0/EUR 0,00;6/EUR 387.469,00;55/EUR 26.418,30;1423/EUR 2.654,80;4191/EUR 138,60;74044/EUR 39,20;97565/EUR 23,80;1321329/EUR 9,60
05.03.2008;6/12/16/18/34/44;1;7;1/2/6/3/6/5/0;3/2/4/7/3/4;1/EUR 5.270.568,70;0/EUR 0,00;8/EUR 82.103,00;612/EUR 2.790,40;1271/EUR 206,70;35613/EUR 36,80;39678/EUR 26,40;609204/EUR 9,40
08.03.2008;6/9/12/22/35/37;2;8;6/9/4/2/9/9/9;0/3/7/0/9/6;0/EUR 0,00;8/EUR 286.744,70;35/EUR 40.963,50;1563/EUR 2.384,90;3781/EUR 151,60;74431/EUR 38,50;108987/EUR 21,00;1294286/EUR 9,70
12.03.2008;2/9/22/24/37/44;1;8;1/2/1/9/5/2/7;5/8/1/1/4/3;0/EUR 0,00;6/EUR 172.583,60;8/EUR 80.898,60;676/EUR 2.489,10;1176/EUR 220,10;30677/EUR 42,10;36265/EUR 28,50;562874/EUR 10,10
15.03.2008;5/7/26/33/40/42;38;6;5/8/1/3/2/9/2;5/2/0/2/7/7;1/EUR 7.132.431,50;6/EUR 396.080,80;32/EUR 46.415,70;1411/EUR 2.736,90;3274/EUR 181,40;76240/EUR 38,90;108163/EUR 21,90;1345047/EUR 9,70
19.03.2008;4/21/22/34/43/48;47;4;1/3/0/0/5/7/0;1/6/1/1/3/9;0/EUR 0,00;2/EUR 497.438,20;12/EUR 51.816,40;489/EUR 3.306,00;968/EUR 256,90;22884/EUR 54,30;29323/EUR 33,90;434460/EUR 12,50
22.03.2008;6/11/31/34/42/43;46;5;7/7/7/0/1/6/5;1/8/1/0/9/7;0/EUR 0,00;6/EUR 383.956,70;24/EUR 59.993,20;1146/EUR 3.266,60;3038/EUR 189,50;62962/EUR 45,70;86091/EUR 26,70;1183713/EUR 10,70
26.03.2008;10/17/28/29/34/36;25;4;8/4/7/1/1/1/5;1/2/9/9/2/5;0/EUR 0,00;0/EUR 0,00;2/EUR 317.995,10;465/EUR 3.556,00;1244/EUR 204,40;25719/EUR 49,40;39774/EUR 25,50;483178/EUR 11,50
29.03.2008;10/21/23/29/31/37;49;8;2/3/7/5/3/1/2;4/3/9/3/7/5;1/EUR 8.450.283,80;4/EUR 865.402,50;20/EUR 76.375,80;947/EUR 4.193,80;2391/EUR 255,50;62469/EUR 48,90;80138/EUR 30,40;1236065/EUR 10,80
02.04.2008;1/14/31/33/36/48;21;2;3/7/5/1/1/7/7;6/7/9/2/4/8;0/EUR 0,00;2/EUR 495.811,80;6/EUR 103.294,10;382/EUR 4.218,20;984/EUR 251,90;21733/EUR 57,00;32223/EUR 30,70;437731/EUR 12,40
05.04.2008;3/5/9/27/34/48;26;1;3/1/6/7/4/5/8;9/5/2/2/4/4;0/EUR 0,00;6/EUR 386.167,10;32/EUR 45.253,90;1615/EUR 2.331,30;3951/EUR 146,60;85899/EUR 33,70;111054/EUR 20,80;1548733/EUR 8,20
09.04.2008;2/8/27/31/35/42;29;4;5/8/2/4/5/1/5;6/3/8/1/5/5;1/EUR 5.450.404,10;1/EUR 1.051.696,50;8/EUR 82.163,70;535/EUR 3.194,40;1025/EUR 256,50;28095/EUR 46,70;32218/EUR 32,60;533139/EUR 10,80
12.04.2008;5/22/23/34/41/42;6;2;9/5/2/9/5/7/3;2/8/1/8/8/5;0/EUR 0,00;3/EUR 767.094,80;34/EUR 42.303,00;1157/EUR 3.232,10;2532/EUR 227,20;51481/EUR 55,80;73105/EUR 31,40;1041630/EUR 12,10
16.04.2008;9/10/11/28/40/46;18;1;1/8/2/3/1/8/1;6/7/9/9/0/3;1/EUR 4.141.528,60;1/EUR 1.011.938,50;12/EUR 52.705,10;502/EUR 3.275,60;1343/EUR 188,30;31321/EUR 40,30;44819/EUR 22,50;590760/EUR 9,40
19.04.2008;10/13/23/24/38/48;1;7;6/0/0/5/8/2/7;0/2/2/7/5/6;5/EUR 556.779,10;6/EUR 371.186,10;31/EUR 44.901,50;1995/EUR 1.814,00;3552/EUR 156,70;87238/EUR 31,90;91726/EUR 24,20;1370415/EUR 8,90
23.04.2008;2/8/26/32/35/39;20;9;2/1/6/1/3/4/3;8/0/1/0/3/1;0/EUR 0,00;0/EUR 0,00;11/EUR 53.053,90;356/EUR 4.262,10;1107/EUR 210,80;23960/EUR 48,70;32375/EUR 28,80;480871/EUR 10,60
27.04.2008;3/8/14/25/33/43;17;3;9/4/2/6/3/7/2;1/8/1/4/6/3;1/EUR 3.937.755,90;3/EUR 1.050.068,20;53/EUR 26.137,40;1395/EUR 2.581,80;4191/EUR 132,20;64107/EUR 43,20;112612/EUR 19,60;1171570/EUR 10,40
30.04.2008;4/5/37/39/40/45;7;3;2/5/3/2/4/4/3;1/1/1/0/1/3;0/EUR 0,00;0/EUR 0,00;17/EUR 47.502,50;575/EUR 3.651,50;1582/EUR 204,10;33892/EUR 47,60;48830/EUR 26,40;668566/EUR 10,60
03.05.2008;8/10/20/29/30/44;24;7;0/5/4/0/2/1/7;0/8/4/2/0/9;0/EUR 0,00;2/EUR 1.753.154,80;15/EUR 92.260,00;1092/EUR 3.295,00;2842/EUR 194,70;68188/EUR 40,50;87696/EUR 25,20;1168365/EUR 10,40
07.05.2008;16/24/30/31/36/49;46;9;9/0/8/4/5/3/5;4/4/9/5/7/5;0/EUR 0,00;3/EUR 341.754,40;11/EUR 58.253,50;312/EUR 5.339,90;1124/EUR 228,00;22698/EUR 56,40;35741/EUR 28,60;482556/EUR 11,60
10.05.2008;9/11/12/23/24/31;2;2;7/6/7/7/6/4/0;8/8/5/5/8/1;0/EUR 0,00;11/EUR 213.667,20;73/EUR 20.122,70;2112/EUR 1.808,30;5887/EUR 99,80;98288/EUR 29,80;144437/EUR 16,20;1679480/EUR 7,60
14.05.2008;8/13/18/29/38/41;22;1;0/8/7/4/2/0/7;8/2/8/5/4/3;1/EUR 10.028.179,40;7/EUR 162.947,20;14/EUR 50.921,00;773/EUR 2.397,80;1495/EUR 190,70;35253/EUR 40,40;39655/EUR 28,70;609277/EUR 10,20
17.05.2008;8/22/20/25/34/35;44;7;6/7/6/1/0/2/5;9/6/0/4/3/8;0/EUR 0,00;3/EUR 762.534,10;25/EUR 57.190,00;785/EUR 4.675,90;2309/EUR 247,60;49950/EUR 57,20;69404/EUR 32,90;1015778/EUR 12,30
21.05.2008;2/10/16/21/45/48;37;0;1/2/0/7/8/0/8;8/3/6/2/8/1;0/EUR 0,00;1/EUR 1.004.869,10;6/EUR 104.673,80;410/EUR 3.982,70;1300/EUR 193,20;24190/EUR 51,90;35577/EUR 28,20;484098/EUR 11,40
24.05.2008;2/6/9/34/37/46;16;5;7/2/0/5/1/9/2;6/4/8/1/5/4;0/EUR 0,00;8/EUR 282.023,40;37/EUR 38.111,20;1724/EUR 2.126,60;3816/EUR 147,80;77023/EUR 36,60;106966/EUR 21,00;1308981/EUR 9,40
28.05.2008;3/9/24/31/32/34;13;6;3/5/7/3/8/0/9;9/8/9/9/4/7;1/EUR 9.386.598,80;0/EUR 0,00;17/EUR 40.045,30;720/EUR 2.458,30;2457/EUR 110,80;41468/EUR 32,80;63025/EUR 17,20;735614/EUR 8,10
31.05.2008;7/12/17/22/27/41;19;6;6/7/3/5/6/9/3;9/4/3/7/2/7;2/EUR 1.375.349,00;8/EUR 275.069,80;39/EUR 35.265,30;2721/EUR 1.314,10;4735/EUR 116,10;100097/EUR 27,40;126606/EUR 17,30;1511795/EUR 8,00
04.06.2008;7/8/27/30/43/47;41;4;7/8/5/1/7/3/8;4/8/7/2/8/7;0/EUR 0,00;6/EUR 156.316,40;14/EUR 41.870,40;599/EUR 2.544,30;1297/EUR 180,70;28314/EUR 41,40;35552/EUR 26,30;522115/EUR 9,80
07.06.2008;7/17/19/20/42/47;24;4;9/0/1/3/8/0/5;0/9/4/3/9/3;0/EUR 0,00;0/EUR 0,00;20/EUR 69.018,10;1139/EUR 3.150,90;2746/EUR 201,00;68393/EUR 40,30;89183/EUR 24,70;1329683/EUR 9,10
11.06.2008;16/24/31/41/44/47;10;2;2/6/0/9/7/7/0;5/5/7/4/4/3;0/EUR 0,00;1/EUR 3.238.498,30;11/EUR 58.518,00;752/EUR 2.225,50;1548/EUR 166,30;32107/EUR 40,00;44364/EUR 23,20;549168/EUR 10,30
14.06.2008;21/24/30/32/36/44;41;1;2/6/5/2/2/2/9;5/2/0/0/8/8;1/EUR 8.468.656,80;3/EUR 866.176,20;28/EUR 58.002,80;1065/EUR 3.964,80;3338/EUR 194,60;63243/EUR 51,30;98230/EUR 26,40;1273653/EUR 11,20
18.06.2008;3/4/32/39/40/43;35;5;5/9/3/6/6/0/9;7/4/9/3/3/6;0/EUR 0,00;2/EUR 471.577,20;5/EUR 117.894,30;317/EUR 4.834,70;727/EUR 324,30;21669/EUR 54,40;27561/EUR 34,20;474893/EUR 10,90
21.06.2008;2/15/30/32/43/45;7;5;9/8/8/6/5/0/6;8/7/8/5/3/6;1/EUR 6.105.020,50;0/EUR 0,00;18/EUR 76.019,70;872/EUR 4.079,90;2769/EUR 197,60;46534/EUR 58,80;81075/EUR 27,00;927849/EUR 12,90
25.06.2008;13/20/30/32/37/47;11;4;0/1/6/5/1/6/6;0/8/3/0/8/5;0/EUR 0,00;2/EUR 459.273,10;4/EUR 143.522,80;380/EUR 3.927,90;1252/EUR 183,40;24595/EUR 46,60;37064/EUR 24,70;459147/EUR 11,00
28.06.2008;5/7/21/30/9/46;43;6;1/6/5/4/5/9/9;0/4/2/3/4/5;0/EUR 0,00;7/EUR 311.941,90;24/EUR 56.864,40;1784/EUR 1.988,90;2667/EUR 204,60;89590/EUR 30,40;75537/EUR 28,90;1468523/EUR 8,10
02.07.2008;1/9/12/22/23/27;6;6;6/8/5/0/5/1/0;1/8/7/2/2/6;3/EUR 1.735.450,90;3/EUR 354.314,50;48/EUR 13.840,30;934/EUR 1.849,30;3374/EUR 78,70;41248/EUR 32,20;74912/EUR 14,10;670168/EUR 8,70
05.07.2008;6/7/11/15/42/49;16;2;9/9/2/9/3/2/3;8/2/0/2/4/2;1/EUR 2.702.286,60;3/EUR 720.609,70;22/EUR 61.415,60;1232/EUR 2.851,40;2356/EUR 229,30;64686/EUR 41,70;75578/EUR 28,60;1254227/EUR 9,40
09.07.2008;9/11/12/21/34/44;24;4;4/0/7/1/9/5/6;7/8/0/5/5/2;0/EUR 0,00;1/EUR 928.176,80;23/EUR 25.222,10;438/EUR 3.443,50;2283/EUR 101,60;27183/EUR 42,60;56380/EUR 16,40;521116/EUR 9,70
12.07.2008;2/4/10/22/27/40;7;7;6/5/3/6/1/1/5;2/8/0/2/3/3;1/EUR 3.909.960,10;6/EUR 366.631,80;51/EUR 26.958,20;1585/EUR 2.255,30;5473/EUR 100,40;78713/EUR 34,90;136115/EUR 16,10;1317490/EUR 9,10
16.07.2008;15/17/24/27/32/37;34;2;7/7/4/8/9/3/8;2/4/1/9/3/5;0/EUR 0,00;3/EUR 307.114,50;19/EUR 30.307,30;645/EUR 2.321,20;1590/EUR 144,80;33908/EUR 33,90;39718/EUR 23,10;560035/EUR 9,00
19.07.2008;8/15/20/38/41/43;29;0;1/7/0/1/7/4/5;0/2/1/7/0/5;0/EUR 0,00;5/EUR 436.304,80;26/EUR 52.440,40;866/EUR 4.093,50;2397/EUR 227,50;47162/EUR 57,80;73923/EUR 29,50;921832/EUR 13,00
23.07.2008;2/15/22/25/38/42;3;4;2/3/6/4/5/9/2;5/8/9/6/6/0;1/EUR 5.112.688,80;1/EUR 987.283,30;15/EUR 41.136,80;470/EUR 3.413,40;1097/EUR 224,90;25245/EUR 48,80;35210/EUR 28,00;472486/EUR 11,40
26.07.2008;10/12/15/44/47/49;19;4;8/8/6/3/8/0/6;4/3/6/8/8/1;0/EUR 0,00;7/EUR 301.071,50;22/EUR 59.872,10;859/EUR 3.986,80;2664/EUR 197,70;46875/EUR 56,20;81155/EUR 25,90;971485/EUR 11,90
30.07.2008;4/23/25/29/36/45;13;0;8/6/3/1/4/4/0;1/7/1/1/6/9;0/EUR 0,00;1/EUR 946.747,10;10/EUR 59.171,60;374/EUR 4.113,50;1241/EUR 190,70;21231/EUR 55,70;37217/EUR 25,40;434849/EUR 11,90
02.08.2008;1/4/16/34/35/46;8;5;4/5/2/7/0/2/6;2/5/9/8/7/0;1/EUR 6.620.747,50;3/EUR 747.450,00;31/EUR 45.208,60;859/EUR 4.241,90;2624/EUR 213,60;54727/EUR 51,20;78220/EUR 28,60;1024344/EUR 12,00
06.08.2008;4/17/22/28/29/40;44;3;6/3/4/0/4/1/9;3/4/3/9/0/0;0/EUR 0,00;1/EUR 919.743,10;11/EUR 52.258,10;475/EUR 3.146,40;1386/EUR 165,80;26073/EUR 44,00;33663/EUR 27,30;473446/EUR 10,60
09.08.2008;16/26/30/37/38/42;5;1;1/4/4/4/5/4/1;8/7/7/8/0/2;0/EUR 0,00;1/EUR 2.171.564,30;41/EUR 33.103,10;991/EUR 3.560,80;3836/EUR 141,50;59988/EUR 45,20;94243/EUR 23,00;1110864/EUR 10,70
13.08.2008;4/14/26/32/41/45;19;2;9/6/0/5/7/7/7;3/6/1/8/5/3;0/EUR 5.116.224,90;6/EUR 166.945,40;23/EUR 27.219,30;696/EUR 2.338,60;1737/EUR 144,10;30970/EUR 40,40;43527/EUR 23,00;528592/EUR 10,40
16.08.2008;1/8/19/22/36/42;28;1;2/7/5/6/6/9/3;7/0/8/1/9/5;0/EUR 0,00;10/EUR 229.124,70;38/EUR 37.684,90;1325/EUR 2.810,00;5377/EUR 106,50;70801/EUR 40,40;86348/EUR 26,50;1140178/EUR 11,00
20.08.2008;15/16/19/28/36/40;41;7;6/0/8/2/1/7/6;3/1/4/1/0/2;0/EUR 0,00;1/EUR 1.155.429,10;10/EUR 72.214,30;425/EUR 4.417,80;1071/EUR 269,70;26253/EUR 55,00;34250/EUR 33,70;520234/EUR 12,20
23.08.2008;4/10/20/26/28/43;37;7;8/2/1/6/7/9/5;9/3/7/3/6/8;0/EUR 0,00;3/EUR 838.005,10;36/EUR 43.646,00;1206/EUR 3.387,40;4138/EUR 151,80;69088/EUR 45,40;89674/EUR 28,00;1301275/EUR 10,60
27.08.2008;15/18/20/29/31/33;8;9;1/4/5/3/6/8/3;5/8/0/4/2/1;1/EUR 14.350.687,10;16/EUR 89.179,80;11/EUR 81.072,60;845/EUR 2.743,90;1725/EUR 206,70;40255/EUR 44,30;53117/EUR 26,80;727380/EUR 10,70
30.08.2008;8/11/20/21/36/48;49;4;8/0/1/4/7/2/9;3/6/1/4/6/9;0/EUR 0,00;1/EUR 2.221.701,90;19/EUR 73.082,30;789/EUR 4.575,70;2476/EUR 224,30;50128/EUR 55,40;78076/EUR 28,10;1015457/EUR 12,00
03.09.2008;3/7/8/38/43/45;14;2;3/8/1/4/0/5/0;8/6/6/0/8/3;0/EUR 0,00;1/EUR 1.013.629,90;11/EUR 57.592,60;433/EUR 3.804,00;1216/EUR 208,30;26482/EUR 47,80;36153/EUR 28,00;546385/EUR 10,20
06.09.2008;14/15/20/26/35/49;8;1;1/4/1/6/7/9/6;8/3/3/5/6/3;0/EUR 0,00;2/EUR 1.150.439,40;12/EUR 119.837,40;677/EUR 5.522,70;2217/EUR 259,40;42934/EUR 66,90;71596/EUR 32,10;926349/EUR 13,60
10.09.2008;2/10/23/24/32/34;17;2;4/4/1/0/6/8/6;3/0/9/0/7/4;0/EUR 0,00;2/EUR 570.628,90;23/EUR 31.012,40;851/EUR 2.179,20;2266/EUR 125,90;41533/EUR 34,30;59000/EUR 19,30;715508/EUR 8,70
13.09.2008;2/3/22/27/38/48;26;4;5/2/4/3/6/4/0;6/3/4/2/6/4;0/EUR 0,00;2/EUR 1.293.150,90;31/EUR 52.142,10;1598/EUR 2.629,90;4079/EUR 158,50;78252/EUR 41,30;112734/EUR 22,90;1409871/EUR 10,00
17.09.2008;7/8/17/35/36/47;2;0;7/5/6/7/6/5/;5/0/4/1/7/6;2/EUR 6.653.498,20;5/EUR 276.375,30;17/EUR 50.804,20;852/EUR 2.635,60;1952/EUR 176,90;41687/EUR 41,40;54091/EUR 25,50;735706/EUR 10,30
20.09.2008;4/6/7/28/34/43;39;6;5/3/4/8/9/8/3;4/9/5/8/7/3;0/EUR 0,00;1/EUR 2.190.912,70;24/EUR 57.055,00;1208/EUR 2.947,20;2557/EUR 214,20;58478/EUR 46,80;80681/EUR 27,10;1179876/EUR 10,20
24.09.2008;3/21/28/39/45/47;31;4;6/5/1/3/9/6/0;6/1/9/2/5/0;0/EUR 0,00;1/EUR 995.173,50;7/EUR 88.854,70;403/EUR 4.012,70;1241/EUR 200,40;23471/EUR 53,00;40009/EUR 24,80;472679/EUR 11,50
27.09.2008;11/27/28/29/37/39;46;7;8/0/9/1/2/4/6;7/6/5/2/4/0;3/EUR 2.264.050,90;6/EUR 374.606,00;26/EUR 54.029,70;1436/EUR 2.543,40;2554/EUR 220,00;68094/EUR 41,20;78053/EUR 28,70;1237231/EUR 9,90
01.10.2008;9/11/20/31/35/42;16;2;9/3/7/1/6/4/7;5/0/1/0/8/9;0/EUR 0,00;3/EUR 317.420,20;14/EUR 42.511,60;556/EUR 2.783,10;1264/EUR 188,30;28601/EUR 41,60;35612/EUR 26,70;520501/EUR 10,00
04.10.2008;4/11/12/16/21/43;28;1;2/2/2/8/7/1/5;3/2/1/3/8/9;0/EUR 0,00;3/EUR 735.578,60;21/EUR 65.676,60;1082/EUR 3.314,10;3559/EUR 155,00;65773/EUR 41,90;94733/EUR 23,20;1232074/EUR 9,80
08.10.2008;5/9/11/13/30/39;43;3;2/1/5/1/8/2/1;3/0/0/7/3/1;0/EUR 0,00;1/EUR 1.015.846,80;13/EUR 48.838,70;829/EUR 1.991,20;1442/EUR 176,10;47395/EUR 26,70;37961/EUR 26,70;746209/EUR 7,40
11.10.2008;2/5/13/18/22/29;43;3;4/3/2/8/0/9/1;3/1/1/2/5/0;1/EUR 8.091.574,80;6/EUR 383.069,40;25/EUR 57.460,40;1703/EUR 2.193,10;2755/EUR 208,50;76203/EUR 37,70;74363/EUR 30,90;1299672/EUR 9,70
15.10.2008;4/14/26/34/35/47;31;8;9/8/0/7/9/0/0;6/0/8/3/2/5;0/EUR 0,00;1/EUR 934.177,00;9/EUR 64.873,40;408/EUR 3.720,60;1362/EUR 171,40;23905/EUR 48,80;37818/EUR 24,70;447260/EUR 11,40
18.10.2008;1/10/21/25/35/36;38;9;7/7/9/1/5/8/0;9/2/0/7/7/7;0/EUR 0,00;7/EUR 309.873,90;20/EUR 67.784,90;1204/EUR 2.927,50;2727/EUR 198,80;58358/EUR 46,40;74897/EUR 28,90;1084921/EUR 10,90
22.10.2008;13/15/17/18/20/31;21;5;0/9/6/8/2/8/5;6/2/1/1/2/8;0/EUR 0,00;3/EUR 332.733,30;7/EUR 89.124,90;484/EUR 3.351,30;1436/EUR 173,70;29234/EUR 42,60;35280/EUR 28,20;519229/EUR 10,50
25.10.2008;1/24/34/43/46/47;44;3;8/0/3/3/5/2/2;2/9/2/9/6/3;0/EUR 0,00;2/EUR 1.141.006,90;17/EUR 83.897,50;755/EUR 4.911,60;2336/EUR 244,20;50313/EUR 56,60;86044/EUR 26,50;1020977/EUR 12,20
29.10.2008;4/21/26/31/42/45;10;8;9/8/9/0/6/2/1;0/7/7/1/8/6;0/EUR 0,00;2/EUR 575.538,60;35/EUR 20.554,90;667/EUR 2.804,30;2433/EUR 118,20;32096/EUR 44,80;54546/EUR 21,10;576962/EUR 10,90
01.11.2008;6/25/26/27/28/43;9;3;6/7/9/9/5/6/5;1/8/4/4/2/2;1/EUR 12.470.968,20;6/EUR 407.031,50;31/EUR 49.237,60;1132/EUR 3.505,70;4635/EUR 131,70;71995/EUR 42,40;125343/EUR 19,40;1162445/EUR 11,50
05.11.2008;2/3/4/12/44/49;25;2;0/7/9/4/0/1/6;6/3/1/0/9/7;0/EUR 0,00;1/EUR 965.323,80;9/EUR 67.036,30;479/EUR 3.275,80;1595/EUR 151,30;29165/EUR 41,30;48268/EUR 19,90;568193/EUR 9,30
08.11.2008;4/9/16/25/33/42;18;8;2/5/9/1/4/9/6;6/0/3/6/8/7;3/EUR 1.329.067,20;6/EUR 370.739,50;47/EUR 29.580,20;1965/EUR 1.839,50;4060/EUR 136,90;84632/EUR 32,80;110396/EUR 20,10;1432188/EUR 8,50
12.11.2008;5/16/20/33/41/48;46;6;9/5/4/6/9/9/9;3/2/1/3/3/8;0/EUR 1.171.184,30;1/EUR 936.947,40;9/EUR 65.065,70;544/EUR 2.798,70;1295/EUR 180,80;27778/EUR 42,10;35793/EUR 26,10;492349/EUR 10,40
15.11.2008;3/23/31/39/41/48;11;5;1/8/3/7/8/1/5;6/2/0/0/3/8;0/EUR 0,00;5/EUR 442.857,10;67/EUR 20.655,60;1459/EUR 2.466,20;6424/EUR 86,10;77577/EUR 35,60;143850/EUR 15,30;1303194/EUR 9,30
19.11.2008;4/14/17/32/36/44;31;3;2/7/7/9/1/2/4;9/8/1/1/7/2;0/EUR 0,00;5/EUR 203.911,40;17/EUR 37.483,70;747/EUR 2.217,90;1234/EUR 206,50;31569/EUR 40,30;35376/EUR 28,80;533499/EUR 10,50
22.11.2008;11/12/23/35/41/42;10;7;7/4/7/3/1/4/6;1/8/3/1/9/2;1/EUR 8.093.656,00;6/EUR 384.022,40;31/EUR 46.454,30;1223/EUR 3.061,50;3199/EUR 180,00;63884/EUR 45,00;87917/EUR 26,20;1198401/EUR 10,50
26.11.2008;2/23/25/32/43/49;5;4;9/8/0/9/9/6/7;8/6/2/2/5/7;2/EUR 697.615,70;1/EUR 697.615,70;8/EUR 72.668,30;414/EUR 3.650,90;1283/EUR 181,20;26038/EUR 44,60;38676/EUR 24,00;492414/EUR 10,30
29.11.2008;7/9/12/19/22/43;6;5;5/0/8/1/7/1/3;6/3/0/0/4/3;0/EUR 0,00;7/EUR 312.354,20;56/EUR 24.402,60;2066/EUR 1.719,70;6337/EUR 86,20;98275/EUR 27,80;150449/EUR 14,50;1519453/EUR 7,90
03.12.2008;8/15/16/33/44/47;1;3;3/0/3/5/4/0/4;9/0/4/2/0/9;0/EUR 0,00;1/EUR 1.043.623,00;12/EUR 54.355,30;526/EUR 3.224,10;1297/EUR 201,10;27444/EUR 47,50;34790/EUR 29,90;500772/EUR 11,40
06.12.2008;5/7/15/23/24/32;8;8;4/9/0/9/5/8/0;0/3/8/7/9/5;0/EUR 0,00;1/EUR 2.405.422,40;34/EUR 44.217,30;1437/EUR 2.720,10;4258/EUR 141,20;78530/EUR 38,20;115001/EUR 20,90;1442869/EUR 9,10
10.12.2008;12/14/15/17/31/38;11;4;1/1/9/0/4/7/8;2/7/9/4/7/9;0/EUR 0,00;0/EUR 0,00;5/EUR 140.762,00;432/EUR 4.235,80;1350/EUR 208,50;27942/EUR 50,30;42492/EUR 26,50;581130/EUR 10,60
13.12.2008;6/13/18/22/44/45;1;8;3/9/1/3/0/4/5;9/0/5/3/6/9;2/EUR 5.815.276,00;2/EUR 1.834.458,30;23/EUR 69.098,30;1151/EUR 3.589,90;2978/EUR 213,40;65352/EUR 48,60;87238/EUR 29,10;1243838/EUR 11,20
17.12.2008;1/12/16/24/32/49;46;8;6/1/9/4/5/4/5;5/0/7/5/9/3;0/EUR 0,00;8/EUR 122.728,90;20/EUR 30.682,20;804/EUR 1.984,40;1589/EUR 154,40;37300/EUR 32,90;39859/EUR 24,60;605187/EUR 8,90
20.12.2008;4/11/19/28/46/48;38;9;5/5/8/0/7/9/2;5/0/5/9/2/8;1/EUR 4.073.014,10;7/EUR 325.225,60;51/EUR 27.899,20;1618/EUR 2.286,40;4170/EUR 136,40;77715/EUR 36,60;106753/EUR 21,30;1330975/EUR 9,40
24.12.2008;1/22/39/42/43/47;28;2;8/9/1/2/0/7/2;0/3/1/9/6/1;0/EUR 0,00;2/EUR 753.114,60;13/EUR 72.414,80;674/EUR 3.631,40;1844/EUR 204,20;37700/EUR 49,90;54371/EUR 27,70;702300/EUR 11,70
27.12.2008;3/11/13/16/24/31;6;0;0/0/2/9/9/8/7;9/2/5/2/5/9;0/EUR 0,00;8/EUR 287.645,50;53/EUR 27.136,30;2036/EUR 1.836,60;6040/EUR 95,20;98986/EUR 29,00;138499/EUR 16,60;1592121/EUR 7,90
31.12.2008;6/24/29/30/36/49;42;2;8/1/7/8/1/5/0;3/9/7/7/4/6;0/EUR 0,00;3/EUR 433.189,90;10/EUR 81.223,10;436/EUR 4.843,50;1376/EUR 236,10;36402/EUR 44,60;39577/EUR 32,80;597343/EUR 11,90
03.01.2009;6/10/14/21/40/46;42;0;2/5/1/5/0/1/7;4/1/6/7/5/2;0/EUR 0,00;1/EUR 2.285.187,20;14/EUR 102.017,20;1003/EUR 3.702,30;2408/EUR 237,20;59049/EUR 48,30;72675/EUR 31,40;1151657/EUR 10,90
07.01.2009;3/6/20/23/26/37;46;7;9/4/6/6/3/5/8;1/4/2/9/6/1;0/EUR 0,00;4/EUR 282.604,50;22/EUR 32.114,10;726/EUR 2.539,20;1890/EUR 149,50;37737/EUR 37,40;47267/EUR 23,90;674107/EUR 9,20
10.01.2009;6/17/18/37/41/49;26;4;9/6/7/6/3/8/1;1/8/4/4/1/0;0/EUR 0,00;6/EUR 399.122,80;49/EUR 30.545,10;1423/EUR 2.734,60;4998/EUR 119,70;75772/EUR 39,50;125064/EUR 19,10;1386210/EUR 9,40
14.01.2009;1/7/9/22/29/32;48;1;3/8/9/6/3/5/7;6/1/9/7/8/3;0/EUR 0,00;3/EUR 441.795,90;18/EUR 46.020,40;784/EUR 2.747,10;1659/EUR 199,70;44278/EUR 37,40;47801/EUR 27,70;810762/EUR 8,90
17.01.2009;4/12/32/38/42/46;47;1;8/4/7/4/6/0/2;2/7/0/8/6/2;0/EUR 0,00;5/EUR 535.805,20;20/EUR 83.719,50;2260/EUR 1.926,20;3302/EUR 202,80;101519/EUR 32,90;102027/EUR 26,20;1625312/EUR 9,00
21.01.2009;5/7/8/10/38/40;36;0;8/2/1/0/5/6/1;4/3/8/0/9/5;0/EUR 0,00;4/EUR 438.858,40;18/EUR 60.952,50;1172/EUR 2.433,90;2061/EUR 212,90;63876/EUR 34,30;56546/EUR 31,00;1141341/EUR 8,40
24.01.2009;2/12/14/16/36/46;33;0;9/6/0/4/6/7/7;9/6/4/3/4/2;0/EUR 0,00;4/EUR 854.855,90;73/EUR 29.275,80;1456/EUR 3.816,30;5263/EUR 162,40;84084/EUR 50,80;131341/EUR 26,00;1572986/EUR 11,90
28.01.2009;1/3/15/24/38/47;22;0;4/3/8/6/5/1/8;9/2/7/8/4/0;0/EUR 0,00;4/EUR 854.855,90;73/EUR 29.275,80;1456/EUR 3.816,30;5263/EUR 162,40;84084/EUR 50,80;131341/EUR 26,00;1572986/EUR 11,90
31.01.2009;7/9/11/14/17/31;1;2;1/2/1/2/7/8/4;1/8/2/4/8/8;2/EUR 17.523.606,50;12/EUR 424.475,80;163/EUR 19.531,00;4927/EUR 1.679,90;16501/EUR 77,10;243810/EUR 26,10;348474/EUR 14,60;3787817/EUR 7,30
04.02.2009;2/5/10/21/42/46;15;1;2/5/8/5/7/3/9;2/1/8/0/3/1;0/EUR 0,00;4/EUR 309.066,00;11/EUR 70.242,20;586/EUR 3.428,20;1493/EUR 207,00;34710/EUR 44,50;43715/EUR 28,20;653140/EUR 10,40
11.02.2009;13/22/39/41/42/43;5;7;5/1/1/3/0/0/1;0/9/4/3/6/5;0/EUR 0,00;2/EUR 499.042,80;11/EUR 56.709,40;423/EUR 3.834,20;1139/EUR 219,00;26211/EUR 47,50;33782/EUR 29,50;461623/EUR 11,80
14.02.2009;17/28/29/40/42/47;30;2;6/5/1/5/6/7/5;9/9/0/8/3/8;0/EUR 0,00;4/EUR 564.629,40;15/EUR 94.104,90;967/EUR 3.795,30;2629/EUR 214,70;55035/EUR 51,20;78436/EUR 28,70;1053509/EUR 11,70
18.02.2009;15/19/39/43/48/49;27;3;5/5/5/0/8/6/0;4/8/3/5/2/2;1/EUR 5.436.019,60;1/EUR 1.092.212,30;8/EUR 85.329,00;402/EUR 4.415,00;1374/EUR 198,70;27921/EUR 48,80;42374/EUR 25,70;543828/EUR 11,00
21.02.2009;3/14/18/29/31/41;49;7;1/0/7/4/0/1/8;8/3/2/2/0/9;0/EUR 0,00;8/EUR 274.963,20;36/EUR 38.189,30;1588/EUR 2.250,90;3065/EUR 179,40;68762/EUR 39,90;78165/EUR 28,10;1184466/EUR 10,20
25.02.2009;2/7/10/22/34/43;1;1;9/8/4/7/2/4/6;2/6/8/8/1/7;0/EUR 0,00;5/EUR 195.106,00;11/EUR 55.427,80;725/EUR 2.186,50;1379/EUR 176,80;32124/EUR 37,90;45352/EUR 21,50;550622/EUR 9,70
28.02.2009;1/15/20/21/22/33;40;6;0/4/6/0/5/0/9;2/6/1/7/9/1;1/EUR 6.796.677,70;1/EUR 2.262.105,70;14/EUR 100.986,80;677/EUR 5.429,70;1825/EUR 309,80;46353/EUR 61,00;62757/EUR 36,00;996539/EUR 12,40
04.03.2009;6/28/31/38/42/44;24;4;1/0/3/1/2/5/7;1/5/5/4/2/2;0/EUR 0,00;0/EUR 0,00;12/EUR 48.042,50;356/EUR 4.298,10;1101/EUR 213,80;21810/EUR 53,90;34968/EUR 26,90;448236/EUR 11,50
07.03.2009;7/26/33/37/38/44;18;8;8/1/1/7/3/4/2;1/2/9/8/7/7;0/EUR 0,00;3/EUR 1.036.466,80;32/EUR 42.339,50;901/EUR 3.909,70;3820/EUR 141,80;57800/EUR 46,80;104037/EUR 20,80;1193450/EUR 9,90
11.03.2009;8/13/32/39/47/48;27;5;9/8/6/7/2/4/8;2/5/0/8/8/8;0/EUR 0,00;2/EUR 498.765,30;5/EUR 124.691,30;354/EUR 4.579,00;1585/EUR 157,30;24258/EUR 51,40;46776/EUR 21,30;498857/EUR 10,90
14.03.2009;5/8/26/44/45/49;41;4;7/4/2/3/0/5/1;8/9/5/1/8/7;0/EUR 0,00;1/EUR 2.276.360,10;10/EUR 142.272,50;1027/EUR 3.601,80;2519/EUR 225,90;58653/EUR 48,50;80284/EUR 28,30;1144758/EUR 10,90
18.03.2009;4/17/29/37/42/47;8;5;5/5/0/5/6/5/2;5/6/1/7/1/5;0/EUR 0,00;2/EUR 552.097,10;17/EUR 40.595,30;747/EUR 2.402,00;1441/EUR 191,50;36871/EUR 37,40;39695/EUR 27,80;600384/EUR 10,10
21.03.2009;10/13/21/23/34/38;29;5;5/5/6/0/0/0/1;0/8/3/3/8/5;2/EUR 6.159.737,10;10/EUR 236.809,30;34/EUR 43.531,10;2545/EUR 1.512,00;2925/EUR 202,40;91683/EUR 32,20;78594/EUR 30,10;1402940/EUR 9,20
25.03.2009;14/25/31/32/41/49;8;8;8/3/1/6/0/6/9;7/7/8/4/6/3;0/EUR 0,00;3/EUR 303.219,90;10/EUR 56.853,50;404/EUR 3.658,80;1130/EUR 201,20;24790/EUR 45,80;32197/EUR 28,20;486051/EUR 10,20
28.03.2009;3/4/41/44/47/49;8;0;8/2/9/8/2/2/0;8/6/3/1/6/3;0/EUR 0,00;3/EUR 704.767,90;19/EUR 69.549,40;941/EUR 3.651,10;2177/EUR 242,80;57837/EUR 45,60;70143/EUR 30,10;1102145/EUR 10,50
01.04.2009;3/13/17/21/32/33;27;8;7/6/1/3/2/0/2;8/4/3/1/1/7;1/EUR 5.015.695,70;7/EUR 141.227,90;36/EUR 17.163,10;1242/EUR 1.293,40;3274/EUR 75,40;50877/EUR 24,20;64318/EUR 15,30;705905/EUR 7,70
04.04.2009;1/2/11/22/26/36;12;4;3/6/6/4/5/9/7;6/7/3/7/9/4;0/EUR 0,00;1/EUR 2.054.801,50;45/EUR 28.538,90;1109/EUR 3.010,80;4447/EUR 115,50;61003/EUR 42,10;103831/EUR 19,70;1096588/EUR 10,30
08.04.2009;5/12/19/28/29/37;11;1;0/0/3/6/8/7/0;5/6/4/5/3/7;0/EUR 0,00;1/EUR 938.394,80;17/EUR 34.499,80;651/EUR 2.342,30;1705/EUR 137,50;31093/EUR 37,70;47459/EUR 19,70;531080/EUR 9,70
11.04.2009;2/3/7/17/37/38;32;4;5/4/5/4/4/7/3;3/1/5/2/8/6;0/EUR 0,00;3/EUR 712.783,70;35/EUR 38.184,80;1597/EUR 2.175,80;4213/EUR 126,80;89233/EUR 29,90;119433/EUR 17,90;1489423/EUR 7,80
15.04.2009;2/4/9/20/42/48;25;5;9/0/2/8/1/7/6;0/0/5/0/5/8;0/EUR 0,00;0/EUR 0,00;15/EUR 39.055,00;450/EUR 3.384,70;1548/EUR 151,30;26590/EUR 44,00;44847/EUR 20,90;502537/EUR 10,20
18.04.2009;2/5/10/20/25/42;38;7;2/6/9/8/2/2/7;9/5/1/7/5/2;0/EUR 0,00;15/EUR 213.045,30;101/EUR 13.975,00;2352/EUR 1.560,30;5560/EUR 101,50;111522/EUR 25,30;113277/EUR 19,90;1454940/EUR 8,50
22.04.2009;6/11/24/31/32/45;47;7;3/7/1/4/8/6/3;0/3/1/2/2/0;0/EUR 0,00;0/EUR 0,00;10/EUR 73.480,50;761/EUR 2.510,50;1780/EUR 165,10;39305/EUR 37,30;49135/EUR 23,90;721201/EUR 8,90
25.04.2009;6/11/18/19/35/43;10;0;7/1/0/8/2/0/2;4/2/5/1/5/1;1/EUR 14.980.269,50;6/EUR 609.497,90;21/EUR 73.848,10;1341/EUR 3.006,70;3480/EUR 178,20;77613/EUR 39,90;104664/EUR 23,70;1409250/EUR 9,60
29.04.2009;7/10/14/15/40/41;49;9;9/1/8/6/5/1/1;6/3/5/3/5/4;0/EUR 0,00;2/EUR 448.962,20;8/EUR 70.150,30;408/EUR 3.576,20;1133/EUR 198,10;24551/EUR 45,70;33461/EUR 26,80;475537/EUR 10,30
02.05.2009;2/13/17/18/26/41;5;0;3/5/7/8/8/8/9;4/0/2/0/6/4;0/EUR 0,00;2/EUR 1.019.715,80;37/EUR 34.449,80;1413/EUR 2.345,40;4621/EUR 110,30;75053/EUR 33,90;119082/EUR 17,10;1269389/EUR 8,80
06.05.2009;1/2/7/41/44/45;26;3;4/2/2/6/8/4/1;6/6/8/4/5/9;1/EUR 4.874.180,50;1/EUR 961.988,30;13/EUR 46.249,40;387/EUR 4.039,30;1150/EUR 209,10;22587/EUR 53,20;36585/EUR 26,20;467854/EUR 11,30
09.05.2009;8/22/24/30/36/40;16;8;5/1/2/6/7/3/3;6/6/8/1/4/4;1/EUR 3.265.112,20;3/EUR 870.696,60;94/EUR 17.367,60;1237/EUR 3.431,40;6002/EUR 108,80;69400/EUR 47,00;128179/EUR 20,30;1307378/EUR 10,90
13.05.2009;16/25/34/41/45/47;48;5;4/5/1/9/8/9/5;8/1/0/2/8/0;1/EUR 1.954.142,20;0/EUR 0,00;8/EUR 67.852,10;651/EUR 2.167,90;1061/EUR 204,60;29076/EUR 37,30;32792/EUR 26,40;471360/EUR 10,10
16.05.2009;15/32/35/36/42/47;46;8;7/7/9/4/7/8/9;8/6/0/2/2/9;0/EUR 0,00;5/EUR 419.676,40;27/EUR 48.573,60;886/EUR 3.848,60;2322/EUR 225,90;49714/EUR 52,70;65396/EUR 32,00;931887/EUR 12,30
20.05.2009;6/8/27/28/31/47;19;5;9/8/2/2/5/0/4;5/6/0/9/0/7;0/EUR 0,00;2/EUR 458.307,60;21/EUR 27.280,20;503/EUR 2.961,20;1845/EUR 124,20;27252/EUR 42,00;48121/EUR 19,00;492931/EUR 10,20
23.05.2009;13/14/20/28/29/33;49;9;7/9/0/2/9/0/3;5/9/9/6/1/1;0/EUR 0,00;1/EUR 2.014.284,70;5/EUR 251.785,50;652/EUR 5.020,20;1601/EUR 314,50;41412/EUR 60,80;59311/EUR 33,90;857790/EUR 12,90
27.05.2009;9/11/16/19/42/44;29;4;6/0/6/4/4/6/1;5/0/4/7/6/7;0/EUR 0,00;2/EUR 488.354,60;11/EUR 55.494,80;488/EUR 3.252,30;1379/EUR 177,00;27786/EUR 43,90;38177/EUR 25,50;557741/EUR 9,60
30.05.2009;17/18/21/35/36/43;10;9;9/4/5/7/9/0/5;5/9/7/9/3/7;1/EUR 12.765.751,70;0/EUR 0,00;20/EUR 73.031,40;1026/EUR 3.701,30;2615/EUR 223,40;55679/EUR 52,40;73471/EUR 31,80;1061943/EUR 12,10
03.06.2009;3/9/15/18/21/33;10;7;6/8/0/8/6/2/5;9/3/9/5/2/5;0/EUR 0,00;5/EUR 174.973,20;10/EUR 54.679,10;1264/EUR 1.124,70;1572/EUR 139,10;41281/EUR 26,40;41849/EUR 20,90;578318/EUR 8,30
06.06.2009;3/10/13/23/27/35;42;2;7/7/9/1/5/6/8;4/0/8/9/8/3;1/EUR 3.668.545,30;2/EUR 1.029.985,00;47/EUR 27.393,20;1671/EUR 2.003,20;3873/EUR 132,90;87454/EUR 29,40;87294/EUR 23,50;1382374/EUR 8,10
10.06.2009;11/23/28/32/35/36;17;3;9/2/8/1/1/0/4;6/2/0/8/8/6;1/EUR 1.104.874,30;3/EUR 294.633,10;20/EUR 27.621,80;525/EUR 2.735,80;1593/EUR 138,70;26067/EUR 42,30;43157/EUR 20,40;460765/EUR 10,50
13.06.2009;4/6/38/42/46/48;19;7;3/1/8/6/8/1/7;7/4/4/2/6/7;1/EUR 2.496.834,20;2/EUR 998.733,70;20/EUR 62.420,80;900/EUR 3.606,50;3274/EUR 152,50;59362/EUR 42,00;100666/EUR 19,80;1034248/EUR 10,60
17.06.2009;7/10/29/40/42/43;8;4;0/8/2/5/7/6/0;2/0/0/3/5/2;0/EUR 0,00;0/EUR 0,00;14/EUR 38.278,60;468/EUR 2.977,20;1145/EUR 187,20;23979/EUR 44,60;31429/EUR 27,20;451556/EUR 10,40
20.06.2009;18/26/35/37/41/46;29;7;8/7/6/7/2/1/5;1/4/9/9/7/6;2/EUR 1.808.692,10;2/EUR 1.446.953,70;22/EUR 57.854,10;1314/EUR 2.518,40;2431/EUR 209,40;66086/EUR 38,50;62990/EUR 32,30;1081170/EUR 10,30
24.06.2009;9/19/32/36/37/39;27;3;1/0/2/2/1/6/1;1/4/8/5/5/5;0/EUR 0,00;1/EUR 910.026,80;17/EUR 33.456,80;457/EUR 3.235,80;1709/EUR 133,10;29188/EUR 38,90;46416/EUR 19,60;528671/EUR 9,40
27.06.2009;3/14/37/38/45/47;7;1;6/5/0/9/1/9/1;5/5/8/5/9/8;0/EUR 0,00;2/EUR 1.003.980,00;13/EUR 96.536,50;536/EUR 6.087,50;2419/EUR 207,50;41730/EUR 60,10;89174/EUR 22,50;906726/EUR 12,10
01.07.2009;2/11/18/26/32/49;15;5;4/6/1/8/1/8/5;1/8/1/9/8/5;1/EUR 4.794.034,10;4/EUR 229.310,10;6/EUR 95.545,80;661/EUR 2.254,90;1078/EUR 212,70;34697/EUR 33,00;31917/EUR 28,70;608853/EUR 8,20
04.07.2009;11/15/30/31/32/39;16;1;0/4/3/8/7/2/1;7/0/1/2/1/5;0/EUR 0,00;1/EUR 1.987.369,40;23/EUR 54.004,60;754/EUR 4.283,10;2910/EUR 170,70;52715/EUR 47,10;83435/EUR 23,80;1074167/EUR 10,10
08.07.2009;4/5/31/36/40/43;18;6;3/9/3/2/6/0/5;0/6/3/8/7/7;0/EUR 0,00;0/EUR 0,00;4/EUR 138.840,80;305/EUR 4.734,20;1303/EUR 170,40;19575/EUR 56,70;36903/EUR 24,00;406681/EUR 12,00
11.07.2009;1/3/12/14/27/43;39;0;9/6/9/8/7/1/4;3/3/8/7/0/5;0/EUR 0,00;2/EUR 1.484.426,90;31/EUR 41.940,90;1067/EUR 3.168,10;3110/EUR 167,20;61612/EUR 42,20;82642/EUR 25,10;1147179/EUR 9,90
15.07.2009;2/6/14/25/38/43;39;0;6/5/5/8/9/9/3;5/4/2/2/5/6;0/EUR 0,00;5/EUR 197.516,20;5/EUR 123.447,60;592/EUR 2.710,80;1130/EUR 218,40;28907/EUR 42,70;34066/EUR 28,90;518475/EUR 10,40
18.07.2009;1/2/5/9/30/45;24;5;8/0/3/2/7/8/5;3/6/5/5/1/1;3/EUR 3.404.936,80;6/EUR 371.340,60;30/EUR 46.417,50;1394/EUR 2.597,20;3992/EUR 139,50;83865/EUR 33,20;108477/EUR 20,50;1403675/EUR 8,70
22.07.2009;3/8/19/32/40/43;4;6;8/8/8/8/5/7/9;9/6/5/0/6/7;0/EUR 0,00;2/EUR 430.464,50;15/EUR 35.872,00;569/EUR 2.458,70;1453/EUR 148,10;27811/EUR 38,60;40871/EUR 21,00;500183/EUR 9,40
26.07.2009;6/11/23/24/31/35;18;0;7/5/9/1/5/3/5;0/0/6/0/5/2;0/EUR 0,00;1/EUR 1.994.181,70;28/EUR 44.512,90;1103/EUR 2.937,90;3581/EUR 139,20;63511/EUR 39,20;99088/EUR 20,10;1157915/EUR 9,40
29.07.2009;9/10/13/20/32/37;38;3;4/0/5/5/4/7/0;3/8/3/7/8/0;1/EUR 4.695.838,70;1/EUR 901.560,10;15/EUR 37.565,00;537/EUR 2.728,10;1196/EUR 188,40;31965/EUR 35,20;34451/EUR 26,10;556992/EUR 8,90
01.08.2009;2/16/30/35/44/46;47;8;1/6/7/1/0/0/0;4/7/3/5/7/0;1/EUR 2.506.908,30;2/EUR 1.002.763,30;32/EUR 39.170,40;1288/EUR 2.530,20;2240/EUR 223,80;52791/EUR 47,40;61888/EUR 32,40;918034/EUR 12,00
05.08.2009;4/13/15/19/36/39;43;5;7/1/7/7/0/5/1;2/8/2/5/6/5;0/EUR 0,00;4/EUR 214.718,80;13/EUR 41.292,00;408/EUR 3.420,70;900/EUR 238,50;21751/EUR 49,30;27268/EUR 31,40;431334/EUR 10,90
08.08.2009;9/19/32/34/38/41;25;2;0/2/1/6/9/5/4;4/7/8/4/5/6;2/EUR 1.784.917,20;9/EUR 221.888,00;54/EUR 23.113,30;1917/EUR 1.692,80;4921/EUR 101,40;88866/EUR 28,00;121312/EUR 16,40;1361652/EUR 8,00
12.08.2009;8/15/24/28/37/40;18;0;3/8/7/5/0/0/3;1/5/2/3/8/1;0/EUR 0,00;1/EUR 849.272,50;16/EUR 33.174,70;563/EUR 2.451,20;1109/EUR 191,40;23774/EUR 44,60;32885/EUR 25,80;415951/EUR 11,20
15.08.2009;3/5/8/23/34/42;7;5;8/8/5/2/4/3/6;7/2/2/3/5/0;0/EUR 0,00;5/EUR 396.391,60;18/EUR 68.818,00;1162/EUR 2.771,60;3325/EUR 149,00;62359/EUR 39,70;107737/EUR 18,30;1103376/EUR 9,80
19.08.2009;22/32/35/39/43/44;7;9;4/3/4/8/7/7/5;9/3/7/8/9/9;0/EUR 0,00;0/EUR 0,00;6/EUR 93.102,00;329/EUR 4.414,50;1093/EUR 204,40;20200/EUR 55,30;33461/EUR 26,70;395436/EUR 12,40
22.08.2009;8/12/14/17/22/25;1;9;8/3/6/0/6/2/5;9/1/0/1/0/6;0/EUR 0,00;6/EUR 495.247,20;48/EUR 27.053,40;1379/EUR 2.448,30;3630/EUR 143,00;64071/EUR 40,50;94079/EUR 22,00;1145919/EUR 9,90
26.08.2009;15/22/23/33/26/43;37;6;5/5/6/5/0/4/0;6/8/6/5/2/0;0/EUR 0,00;0/EUR 0,00;6/EUR 104.572,10;324/EUR 5.034,90;1082/EUR 231,90;20559/EUR 61,00;32966/EUR 30,40;454559/EUR 12,10
29.08.2009;13/23/24/35/36/44;2;6;4/6/4/4/7/7/8;2/1/9/3/3/1;0/EUR 0,00;3/EUR 1.095.540,60;74/EUR 19.279,80;1004/EUR 3.694,60;3186/EUR 179,10;55260/EUR 51,60;81438/EUR 28,00;1055296/EUR 11,80
02.09.2009;7/8/29/30/34/39;15;4;1/7/6/3/9/2/6;7/9/9/2/7/6;0/EUR 0,00;2/EUR 610.513,60;9/EUR 84.793,50;568/EUR 3.493,20;1408/EUR 216,80;32186/EUR 47,40;42051/EUR 29,00;636652/EUR 10,50
05.09.2009;4/12/24/25/26/45;40;8;9/7/3/2/1/3/2;2/0/8/0/5/0;0/EUR 0,00;2/EUR 1.258.990,50;70/EUR 22.481,90;1741/EUR 2.350,20;5931/EUR 106,10;94658/EUR 33,20;149802/EUR 16,80;1571265/EUR 8,80
09.09.2009;12/16/22/29/34/43;2;1;2/5/1/0/9/9/1;3/5/8/8/7/7;0/EUR 0,00;3/EUR 483.724,50;11/EUR 82.453,00;674/EUR 3.498,70;1854/EUR 195,60;33976/EUR 53,30;53929/EUR 26,90;646982/EUR 12,30
12.09.2009;5/19/23/34/40/41;48;8;7/5/4/4/9/6/3;6/6/2/6/2/8;0/EUR 0,00;9/EUR 310.719,40;58/EUR 30.134,40;1722/EUR 2.638,90;3873/EUR 180,50;97746/EUR 35,70;104580/EUR 26,70;1670157/EUR 9,20
16.09.2009;5/22/27/31/32/49;30;3;9/5/8/5/0/4/4;3/6/4/2/4/5;0/EUR 0,00;5/EUR 345.227,50;12/EUR 89.903,00;710/EUR 3.950,60;1562/EUR 276,20;46863/EUR 46,00;54973/EUR 31,30;939236/EUR 10,10
19.09.2009;11/14/17/22/33/39;48;0;0/9/7/9/7/2/6;6/4/6/7/3/3;0/EUR 0,00;10/EUR 310.341,90;61/EUR 31.797,30;2293/EUR 2.199,30;5008/EUR 154,90;110414/EUR 35,10;128499/EUR 24,10;1865952/EUR 9,10
23.09.2009;3/4/23/30/43/44;27;6;1/5/9/9/6/8/8;9/4/6/3/1/0;1/EUR 31.735.307,00;7/EUR 497.527,80;31/EUR 70.215,60;1441/EUR 3.927,30;3609/EUR 241,20;81832/EUR 53,10;131209/EUR 26,50;1649123/EUR 11,60
26.09.2009;8/9/25/33/39/45;38;4;2/0/3/2/3/1/2;1/2/9/9/0/4;0/EUR 0,00;6/EUR 398.612,30;32/EUR 46.712,30;2633/EUR 1.476,00;3491/EUR 171,20;85345/EUR 35,00;99516/EUR 24,00;1513257/EUR 8,60
30.09.2009;20/22/30/31/37/41;23;6;6/6/8/9/3/7/7;2/2/6/1/7/1;0/EUR 0,00;0/EUR 0,00;2/EUR 325.227,60;382/EUR 4.427,10;1103/EUR 235,80;23392/EUR 55,60;32674/EUR 31,80;481330/EUR 11,80
03.10.2009;11/16/19/27/34/36;31;4;7/1/1/6/5/8/9;4/5/4/7/4/4;1/EUR 6.871.358,70;5/EUR 621.082,50;41/EUR 31.473,80;1057/EUR 3.174,10;4719/EUR 109,30;60912/EUR 42,30;112670/EUR 18,30;1122564/EUR 10,10
07.10.2009;10/28/34/38/45/48;33;0;6/6/7/8/4/1/4;2/0/4/2/7/0;0/EUR 0,00;0/EUR 0,00;11/EUR 53.210,70;446/EUR 3.412,10;1330/EUR 176,00;27579/EUR 42,40;38584/EUR 24,20;492310/EUR 10,40
10.10.2009;15/16/20/24/27/40;28;8;9/6/8/4/8/0/9;8/8/5/2/4/7;0/EUR 0,00;2/EUR 1.508.804,40;19/EUR 68.457,20;850/EUR 3.978,50;2079/EUR 250,20;51117/EUR 50,80;64996/EUR 32,00;1049651/EUR 10,90
14.10.2009;10/22/23/41/43/47;37;8;8/8/0/8/8/7/6;4/4/5/1/7/9;0/EUR 0,00;0/EUR 0,00;7/EUR 86.703,80;466/EUR 3.386,20;1235/EUR 196,50;25460/EUR 47,60;40869/EUR 23,70;488430/EUR 10,90
17.10.2009;24/31/39/43/44/45;46;4;1/0/7/4/6/2/4;0/9/9/3/9/6;0/EUR 0,00;5/EUR 635.925,90;24/EUR 57.514,20;925/EUR 3.879,80;2755/EUR 200,40;53265/EUR 51,80;83244/EUR 26,50;1054562/EUR 11,50
21.10.2009;10/16/25/40/42/44;12;4;4/2/4/1/0/6/7;8/8/7/7/1/1;0/EUR 0,00;0/EUR 0,00;32/EUR 20.805,40;651/EUR 2.659,00;2198/EUR 121,10;34311/EUR 38,80;50790/EUR 20,90;595622/EUR 9,80
24.10.2009;5/18/22/24/39/48;46;1;5/0/6/4/0/1/4;0/5/7/7/3/6;1/EUR 11.938.225,70;6/EUR 558.890,30;21/EUR 68.098,30;1397/EUR 2.661,50;2561/EUR 223,30;71847/EUR 39,80;75975/EUR 30,10;1283789/EUR 9,80
28.10.2009;16/39/42/43/45/48;36;5;6/8/3/4/6/6/6;7/4/7/9/0/0;0/EUR 0,00;1/EUR 907.881,50;40/EUR 14.185,60;708/EUR 2.083,70;1442/EUR 157,30;27455/EUR 41,30;28586/EUR 31,70;436508/EUR 11,40
31.10.2009;7/13/21/22/25/33;28;7;1/5/6/8/9/3/4;4/1/1/5/8/1;1/EUR 3.718.832,20;6/EUR 344.530,70;30/EUR 43.066,30;2034/EUR 1.651,50;3871/EUR 133,50;89361/EUR 28,90;95603/EUR 21,60;1375838/EUR 8,20
04.11.2009;2/4/6/8/14/28;17;5;7/2/8/0/4/9/9;8/5/9/1/5/3;2/EUR 563.869,50;9/EUR 100.243,40;34/EUR 16.584,30;1471/EUR 996,60;2433/EUR 92,70;46944/EUR 24,00;48729/EUR 18,50;569464/EUR 8,70
07.11.2009;1/9/27/28/34/37;31;8;7/2/3/9/1/0/7;7/5/0/9/4/8;0/EUR 0,00;3/EUR 673.636,20;22/EUR 57.412,10;835/EUR 3.932,90;2410/EUR 209,60;50367/EUR 50,10;76805/EUR 26,30;1055877/EUR 10,50
11.11.2009;10/11/19/32/42/46;14;5;1/1/6/9/2/3/2;0/9/3/5/1/8;0/EUR 0,00;2/EUR 464.074,30;10/EUR 58.009,20;659/EUR 2.288,60;1100/EUR 210,90;34835/EUR 33,30;31172/EUR 29,70;604893/EUR 8,40
14.11.2009;1/3/10/11/25/44;40;8;1/5/3/0/7/6/4;5/9/2/4/6/5;1/EUR 6.342.787,50;5/EUR 425.034,50;47/EUR 28.260,20;1864/EUR 1.852,60;4117/EUR 129,00;89377/EUR 29,70;113571/EUR 18,70;1439867/EUR 8,10
18.11.2009;6/8/16/23/25/44;2;2;6/0/0/4/6/3/2;7/9/0/2/6/5;0/EUR 0,00;0/EUR 0,00;7/EUR 78.688,00;381/EUR 3.758,80;1557/EUR 141,50;24054/EUR 45,70;44515/EUR 19,70;468668/EUR 10,30
21.11.2009;4/8/14/24/44/47;25;1;0/9/1/2/7/7/9;7/3/8/9/8/8;0/EUR 0,00;4/EUR 725.944,80;31/EUR 40.775,60;2849/EUR 1.153,50;3143/EUR 160,80;76654/EUR 32,90;77459/EUR 26,10;1017674/EUR 10,90
25.11.2009;10/12/18/24/43/44;22;3;3/5/6/3/1/0/3;2/3/3/0/9/5;1/EUR 4.788.214,50;1/EUR 926.792,40;3/EUR 193.081,70;467/EUR 3.224,90;1202/EUR 192,70;29000/EUR 39,90;34452/EUR 26,90;533048/EUR 9,50
28.11.2009;24/30/33/34/36/45;31;6;9/8/0/3/6/7/6;9/7/4/5/1/6;0/EUR 0,00;3/EUR 667.735,60;14/EUR 89.428,80;737/EUR 4.416,80;2960/EUR 169,10;52823/EUR 47,40;75830/EUR 26,40;1016752/EUR 10,80
02.12.2009;12/17/24/30/31/32;14;9;1/1/5/4/9/1/0;3/4/9/8/7/5;0/EUR 0,00;0/EUR 0,00;16/EUR 39.102,40;600/EUR 2.711,10;1319/EUR 189,70;37266/EUR 33,50;34779/EUR 28,70;680368/EUR 8,00
05.12.2009;6/7/8/16/29/42;15;8;9/0/9/7/7/3/9;5/0/0/7/8/1;0/EUR 0,00;6/EUR 537.967,20;23/EUR 60.510,30;1008/EUR 3.589,80;2756/EUR 201,90;61926/EUR 44,90;80739/EUR 27,50;1201352/EUR 10,10
09.12.2009;1/5/13/22/26/29;48;1;8/8/3/7/2/6/4;0/5/3/3/8/0;0/EUR 0,00;0/EUR 0,00;12/EUR 54.718,10;711/EUR 2.401,10;1223/EUR 214,70;35487/EUR 37,00;35238/EUR 29,80;596918/EUR 9,60
12.12.2009;4/18/22/26/38/49;8;5;7/8/4/0/8/8/1;9/2/2/4/3/7;1/EUR 10.725.360,50;7/EUR 478.468,20;45/EUR 31.926,20;1665/EUR 2.243,40;4107/EUR 139,90;79459/EUR 36,10;104433/EUR 22,00;1389553/EUR 9,00
16.12.2009;2/8/11/18/19/38;10;4;5/6/4/2/0/5/4;7/7/6/1/4/5;0/EUR 0,00;1/EUR 925.271,60;13/EUR 44.484,20;670/EUR 2.244,10;2102/EUR 110,00;36791/EUR 31,40;54722/EUR 16,90;611239/EUR 8,30
19.12.2009;7/14/15/18/29/47;28;3;9/9/7/9/0/0/8;4/5/6/5/4/7;0/EUR 0,00;2/EUR 1.034.035,00;18/EUR 71.807,90;835/EUR 4.024,60;2897/EUR 178,40;48900/EUR 52,80;80608/EUR 25,60;964594/EUR 11,70
23.12.2009;2/5/28/36/44/48;31;8;9/1/0/0/6/3/8;5/1/7/5/1/2;0/EUR 0,00;1/EUR 1.071.311,80;10/EUR 66.958,20;426/EUR 4.086,60;1049/EUR 255,30;23608/EUR 56,70;34181/EUR 31,30;473205/EUR 12,40
26.12.2009;7/11/16/24/39/49;21;8;7/7/2/5/4/5/6;9/1/3/0/8/4;1/EUR 8.235.258,10;7/EUR 360.504,70;41/EUR 38.468,40;1944/EUR 2.109,40;4591/EUR 137,40;95326/EUR 33,00;114975/EUR 21,90;1614546/EUR 8,50
30.12.2009;10/16/22/25/37/40;8;5;8/8/6/5/7/5/2;5/8/8/6/2/7;0/EUR 0,00;2/EUR 504.476,40;13/EUR 48.507,30;902/EUR 1.817,60;1508/EUR 167,20;39133/EUR 32,30;41465/EUR 24,30;592655/EUR 9,30
02.01.2010;3/6/30/31/32/43;17;2;5/2/4/4/2/2/7;4/7/8/2/0/3;0/EUR 0,00;2/EUR 1.047.335,60;32/EUR 40.911,56;961/EUR 3.541,90;3729/EUR 140,40;53262/EUR 49,10;117656/EUR 17,80;1103761/EUR 10,40
06.01.2010;2/14/17/20/24/48;1;1;8/1/8/2/5/6/4;8/0/5/8/3/3;0/EUR 0,00;1/EUR 937.131,50;9/EUR 65.078,50;392/EUR 3.884,70;892/EUR 262,60;22858/EUR 51,20;31785/EUR 29,40;459704/EUR 11,20
09.01.2010;2/22/24/33/37/46;10;9;9/6/4/5/2/6/9;0/1/5/7/8/5;0/EUR 0,00;0/EUR 0,00;70/EUR 18.706,80;1561/EUR 2.181,00;4851/EUR 107,90;66042/EUR 39,60;104938/EUR 19,90;1089010/EUR 10,50
13.01.2010;2/13/34/38/40/43;48;8;4/8/1/5/7/0/5;2/2/8/9/4/5;0/EUR 0,00;0/EUR 0,00;7/EUR 94.683,80;435/EUR 3.961,40;1289/EUR 205,60;25868/EUR 51,20;38786/EUR 27,30;513946/EUR 11,30
16.01.2010;6/7/12/17/18/34;33;4;9/6/4/8/6/3/3;0/8/2/2/8/7;1/EUR 11.866.117,90;3/EUR 1.817.379,50;116/EUR 12.373,40;1717/EUR 2.173,40;5200/EUR 110,40;92543/EUR 31,00;126495/EUR 18,10;1614154/EUR 7,80
20.01.2010;9/11/15/28/46/47;44;9;2/1/3/0/8/8/3;4/7/6/9/2/2;0/EUR 0,00;0/EUR 0,00;6/EUR 93.491,30;379/EUR 3.848,10;891/EUR 251,80;21517/EUR 52,10;28262/EUR 31,70;442895/EUR 11,10
23.01.2010;14/16/21/28/31/39;27;5;8/1/6/8/1/6/8;9/8/0/0/3/8;0/EUR 0,00;1/EUR 2.926.275,00;23/EUR 55.129,30;1038/EUR 3.176,00;2646/EUR 191,60;53295/EUR 47,50;80423/EUR 25,20;1006679/EUR 11,00
27.01.2010;5/7/10/39/43/46;42;5;9/0/5/7/7/3/3;0/8/2/9/1/4;0/EUR 0,00;0/EUR 0,00;4/EUR 144.355,00;381/EUR 3.940,40;1047/EUR 220,50;23576/EUR 48,90;34748/EUR 26,50;501758/EUR 10,10
30.01.2010;11/13/17/34/46/49;32;7;9/5/7/4/6/3/4;8/6/5/7/0/9;0/EUR 0,00;8/EUR 380.348,10;49/EUR 27.026,90;1217/EUR 2.829,20;4520/EUR 117,10;64079/EUR 41,30;112305/EUR 18,80;1157332/EUR 10,00
03.02.2010;4/8/10/16/37/43;22;6;6/1/5/1/1/0/5;4/3/0/1/5/0;0/EUR 0,00;0/EUR 0,00;25/EUR 26.573,60;522/EUR 3.308,90;1975/EUR 134,50;29506/EUR 45,00;48807/EUR 21,70;562529/EUR 10,30
06.02.2010;10/15/22/34/41/49;36;2;5/2/7/3/5/7/3;2/9/0/4/3/1;0/EUR 0,00;3/EUR 1.122.218,60;9/EUR 159.979,70;878/EUR 4.263,60;1752/EUR 328,70;47078/EUR 61,10;59589/EUR 38,60;999258/EUR 12,60
10.02.2010;6/9/12/29/44/49;40;7;1/1/1/7/1/5/9;3/8/7/4/5/8;0/EUR 0,00;4/EUR 305.405,20;10/EUR 76.351,30;781/EUR 2.541,70;1751/EUR 174,40;40638/EUR 37,50;48456/EUR 25,20;705334/EUR 9,50
13.02.2010;5/11/15/20/36/48;17;2;9/4/7/1/6/7/5;8/3/0/7/5/0;1/EUR 16.271.863,50;1/EUR 2.460.153,50;13/EUR 118.276,60;1081/EUR 3.698,10;2724/EUR 225,70;60950/EUR 50,40;90124/EUR 27,20;1172867/EUR 11,50
17.02.2010;17/22/31/35/38/44;30;5;8/4/1/5/1/7/7;5/8/0/5/0/0;1/EUR 1.136.011,70;1/EUR 908.809,30;6/EUR 94.667,60;331/EUR 4.461,60;764/EUR 297,30;23096/EUR 49,10;27325/EUR 33,20;458257/EUR 10,90
20.02.2010;2/10/20/24/25/47;38;3;7/6/7/3/6/3/4;7/8/5/8/0/8;0/EUR 0,00;4/EUR 500.338,00;65/EUR 19.243,70;1371/EUR 2.372,10;5501/EUR 90,90;72074/EUR 34,70;117914/EUR 16,90;1224153/EUR 8,90
24.02.2010;3/6/12/22/25/41;27;2;6/0/6/4/7/4/2;7/8/7/5/0/1;3/EUR 1.528.293,80;0/EUR 0,00;22/EUR 26.302,90;818/EUR 1.839,20;2034/EUR 113,70;43320/EUR 26,70;51464/EUR 17,90;606584/EUR 8,30
27.02.2010;4/6/26/30/33/45;47;7;2/6/5/5/7/7/7;2/6/3/7/4/7;1/EUR 2.542.602,00;3/EUR 678.027,20;16/EUR 79.456,30;1022/EUR 3.234,20;2430/EUR 209,20;63094/EUR 40,20;72700/EUR 27,90;1158211/EUR 9,60
03.03.2010;3/9/17/37/45/47;12;1;5/6/4/8/0/7/1;8/2/8/9/4/2;1/EUR 1.119.557,50;4/EUR 223.911,50;22/EUR 25.444,40;794/EUR 1.833,00;1704/EUR 131,40;37594/EUR 29,70;46728/EUR 19,10;581697/EUR 8,40
06.03.2010;13/18/27/35/38/39;21;2;9/1/8/0/0/4/0;6/5/1/0/0/1;1/EUR 2.501.478,10;3/EUR 667.060,80;24/EUR 52.114,10;1149/EUR 2.830,20;2603/EUR 192,10;67485/EUR 37,00;75179/EUR 26,60;1188881/EUR 9,20
10.03.2010;16/18/27/45/46/49;1;7;9/3/0/1/7/4/3;0/6/9/7/4/8;0/EUR 0,00;0/EUR 0,00;6/EUR 95.425,20;318/EUR 4.681,20;962/EUR 238,00;21166/EUR 54,10;31583/EUR 29,00;439999/EUR 11,40
13.03.2010;10/15/23/24/27/35;13;9;3/6/1/0/9/3/4;9/0/9/0/7/6;0/EUR 0,00;2/EUR 1.494.594,60;15/EUR 86.379,40;837/EUR 4.024,80;3693/EUR 140,30;51286/EUR 50,50;94067/EUR 22,00;1069585/EUR 10,60
17.03.2010;19/20/23/25/30/34;38;0;9/5/5/8/7/8/3;9/5/0/5/1/1;0/EUR 0,00;1/EUR 956.473,00;14/EUR 42.699,60;409/EUR 3.800,10;1707/EUR 140,00;27383/EUR 43,60;45432/EUR 21,00;531955/EUR 9,80
20.03.2010;6/20/21/22/24/30;45;0;8/1/4/4/5/8/0;9/0/5/9/0/9;0/EUR 0,00;3/EUR 697.410,30;10/EUR 130.764,40;908/EUR 3.744,30;1647/EUR 317,50;55662/EUR 46,90;59023/EUR 35,40;1043216/EUR 11,00
24.03.2010;9/15/19/25/40/47;3;7;7/0/8/2/1/3/6;0/3/2/6/4/5;0/EUR 0,00;0/EUR 0,00;23/EUR 28.166,40;502/EUR 3.355,20;2198/EUR 117,80;30603/EUR 42,30;58988/EUR 17,50;590551/EUR 9,60
27.03.2010;4/10/14/36/45/49;33;8;4/3/4/1/2/6/6;7/5/5/9/8/7;0/EUR 0,00;3/EUR 1.087.803,40;20/EUR 69.590,10;834/EUR 4.338,90;3001/EUR 185,50;47442/EUR 58,60;83562/EUR 26,60;978066/EUR 12,50
31.03.2010;14/25/41/46/47/49;48;3;3/1/6/0/3/9/1;0/6/8/2/8/4;2/EUR 7.199.915,20;0/EUR 0,00;24/EUR 32.097,20;472/EUR 4.243,30;2581/EUR 119,30;31486/EUR 48,90;61145/EUR 20,10;595786/EUR 11,30
03.04.2010;12/13/24/32/40/48;19;8;6/6/0/3/5/6/9;6/8/8/1/1/4;0/EUR 0,00;13/EUR 159.478,00;50/EUR 25.915,20;2751/EUR 1.224,60;4253/EUR 121,80;104127/EUR 24,80;103451/EUR 20,00;1299240/EUR 8,70
10.04.2010;2/3/8/34/37/47;41;9;9/0/0/8/7/1/0;3/6/2/8/0/2;0/EUR 0,00;0/EUR 0,00;13/EUR 98.110,30;784/EUR 4.229,70;2036/EUR 250,50;52721/EUR 48,30;63543/EUR 32,10;1063788/EUR 10,50
14.04.2010;5/13/18/35/37/42;7;1;4/1/6/3/6/2/6;5/3/7/7/1/5;0/EUR 0,00;1/EUR 3.070.813,70;18/EUR 35.767,90;518/EUR 3.231,50;1623/EUR 158,60;26381/EUR 48,80;48102/EUR 21,40;498481/EUR 11,30
17.04.2010;10/11/16/17/35/38;37;1;4/9/2/0/4/0/3;8/0/8/1/1/2;0/EUR 0,00;3/EUR 751.829,70;24/EUR 58.736,60;942/EUR 3.890,80;2473/EUR 228,00;59056/EUR 47,70;75692/EUR 29,70;1254149/EUR 9,80
21.04.2010;5/13/23/33/40/41;28;7;2/1/7/4/7/2/8;5/3/2/6/5/6;0/EUR 0,00;0/EUR 0,00;8/EUR 90.427,40;798/EUR 2.357,00;1513/EUR 191,20;39900/EUR 36,20;44238/EUR 26,10;699859/EUR 9,00
24.04.2010;7/12/26/29/45/46;11;1;1/8/8/2/6/4/7;5/4/6/8/5/5;1/EUR 14.853.611,30;1/EUR 3.591.643,70;30/EUR 50.711,90;1180/EUR 3.352,10;3516/EUR 173,00;66224/EUR 45,90;100846/EUR 24,10;1248996/EUR 10,70
28.04.2010;3/19/26/30/39/40;8;1;4/2/6/4/0/3/8;7/0/8/0/7/5;0/EUR 0,00;3/EUR 358.242,30;27/EUR 24.877,90;780/EUR 2.239,00;2242/EUR 119,80;40928/EUR 32,80;51765/EUR 20,70;680253/EUR 8,60
01.05.2010;10/16/19/20/37/49;29;4;1/3/4/0/9/4/3;8/6/6/9/2/2;0/EUR 0,00;1/EUR 1.882.709,00;10/EUR 117.669,30;739/EUR 4.139,90;1823/EUR 258,10;50077/EUR 46,90;59255/EUR 31,70;1047832/EUR 9,80
05.05.2010;11/12/17/19/36/44;8;7;8/8/4/1/6/2/0;6/9/3/8/4/3;0/EUR 0,00;0/EUR 0,00;7/EUR 84.474,40;434/EUR 3.542,40;1196/EUR 197,70;26135/EUR 45,20;39699/EUR 23,80;514802/EUR 10,10
08.05.2010;16/31/36/39/40/49;34;8;8/9/2/8/8/8/3;9/9/7/7/5/5;0/EUR 0,00;1/EUR 3.060.929,90;18/EUR 73.431,10;762/EUR 4.509,90;2885/EUR 183,20;52975/EUR 49,90;80374/EUR 26,30;1032659/EUR 11,20
15.05.2010;5/10/11/35/36/41;7;5;1/6/7/2/4/6/2;5/3/2/5/8/4;0/EUR 0,00;5/EUR 665.534,60;34/EUR 41.362,00;1011/EUR 3.616,60;3062/EUR 183,70;58196/EUR 48,30;101593/EUR 22,10;1149613/EUR 10,70
19.05.2010;19/25/30/34/37/42;18;1;3/4/4/4/5/9/1;5/6/7/3/9/9;0/EUR 0,00;1/EUR 1.193.530,40;11/EUR 67.814,20;620/EUR 3.128,20;1351/EUR 220,80;36145/EUR 41,20;44315/EUR 26,90;682162/EUR 9,60
22.05.2010;12/13/19/39/43/49;31;9;7/3/0/5/0/8/1;0/9/4/1/6/0;0/EUR 0,00;2/EUR 1.213.361,20;25/EUR 60.668,00;1114/EUR 3.539,80;3613/EUR 167,90;65880/EUR 46,00;135796/EUR 17,80;1294694/EUR 10,30
25.05.2010;6/11/16/39/41/49;33;9;5/8/7/1/2/5/6;5/5/2/2/0/0;0/EUR 0,00;4/EUR 322.713,30;22/EUR 36.671,90;665/EUR 3.154,30;2012/EUR 160,30;39216/EUR 41,10;58473/EUR 22,00;717466/EUR 9,80
29.05.2010;17/20/26/33/46/47;8;1;1/3/9/6/4/2/5;3/2/3/6/6/3;2/EUR 10.605.950,20;3/EUR 904.124,80;21/EUR 80.725,40;1281/EUR 3.440,70;3162/EUR 214,40;78831/EUR 43,00;95389/EUR 28,40;1514822/EUR 9,80
02.06.2010;9/18/20/23/32/34;12;0;5/4/4/6/0/8/8;2/5/0/1/5/3;2/EUR 600.701,75;26/EUR 36.966,20;56/EUR 10.726,80;1513/EUR 1.032,20;2601/EUR 92,30;46737/EUR 25,70;52071/EUR 18,40;625778/EUR 8,40
05.06.2010;5/21/28/32/43/46;14;8;1/4/5/4/8/3/1;2/2/3/5/5/2;0/EUR 0,00;1/EUR 1.964.501,10;31/EUR 39.606,80;1019/EUR 3.132,70;2954/EUR 166,20;51349/EUR 47,80;70527/EUR 27,80;947194/EUR 11,40
09.06.2010;14/25/29/33/37/42;7;3;6/7/0/1/5/8/1;4/9/0/7/4/6;0/EUR 0,00;1/EUR 911.816,10;11/EUR 51.807,70;399/EUR 3.713,50;1646/EUR 138,40;22712/EUR 50,10;40760/EUR 22,30;418872/EUR 11,90
12.06.2010;4/9/17/20/25/35;48;4;1/5/8/7/6/6/7;9/8/4/1/4/1;1/EUR 6.504.766,30;7/EUR 332.499,40;41/EUR 35.480,10;1745/EUR 2.167,40;3568/EUR 163,00;86138/EUR 33,70;94729/EUR 24,50;1504651/EUR 8,50
16.06.2010;7/27/28/29/34/40;12;0;0/8/9/8/9/0/7;5/5/8/9/9/7;0/EUR 0,00;1/EUR 856.283,60;12/EUR 44.598,10;261/EUR 5.331,20;1247/EUR 171,60;20551/EUR 52,00;37390/EUR 22,90;418051/EUR 11,20
19.06.2010;13/14/21/22/41/42;28;6;9/0/4/0/7/7/3;8/9/1/9/5/7;1/EUR 3.489.410,70;3/EUR 645.081,60;44/EUR 27.489,20;885/EUR 3.553,40;2229/EUR 217,00;39457/EUR 61,30;99630/EUR 19,40;798555/EUR 13,30
23.06.2010;1/23/48/25/18/44;11;5;4/3/2/3/6/7/5;8/4/0/3/9/4;0/EUR 0,00;0/EUR 0,00;2/EUR 262.817,00;387/EUR 3.531,30;1183/EUR 177,70;20188/EUR 52,00;37166/EUR 22,60;401737/EUR 11,50
26.06.2010;25/33/39/41/48/49;21;3;9/0/4/0/4/1/5;0/2/4/2/2/2;1/EUR 3.433.760,40;5/EUR 549.401,60;23/EUR 51.793,30;1608/EUR 1.926,10;2414/EUR 197,30;86990/EUR 27,30;70850/EUR 26,90;1161580/EUR 9,00
30.06.2010;2/7/13/14/33/36;21;6;7/4/6/8/7/0/4;5/1/7/7/6/5;0/EUR 0,00;1/EUR 906.527,20;19/EUR 29.819,90;410/EUR 3.592,90;1793/EUR 126,30;25499/EUR 44,40;46943/EUR 19,30;483247/EUR 10,30
03.07.2010;1/13/27/45/46/47;2;8;2/5/7/3/2/0/9;5/1/3/0/5/0;1/EUR 3.524.148,50;3/EUR 637.597,20;26/EUR 45.980,50;707/EUR 4.396,40;2055/EUR 232,60;43050/EUR 55,50;57745/EUR 33,10;885051/EUR 11,80
07.07.2010;6/17/28/32/35/42;34;6;2/8/8/4/7/3/8;9/5/7/4/0/4;2/EUR 524.711,40;2/EUR 419.769,10;6/EUR 87.451,90;492/EUR 2.772,80;1053/EUR 199,30;26336/EUR 39,80;31404/EUR 26,70;458810/EUR 10,00
10.07.2010;2/19/17/42/7/3;45;6;7/3/8/1/7/0/7;5/9/4/5/4/5;0/EUR 0,00;5/EUR 372.964,60;29/EUR 40.190,10;1874/EUR 1.617,00;3206/EUR 145,40;101116/EUR 23,10;80470/EUR 23,10;1518603/EUR 6,70
14.07.2010;28/42/20/11/10/23;16;6;8/6/5/0/6/7/6;5/4/5/4/6/3;0/EUR 0,00;1/EUR 846.300,90;7/EUR 75.562,50;389/EUR 3.535,30;906/EUR 233,50;24838/EUR 42,50;29419/EUR 28,70;480343/EUR 9,60
17.07.2010;7/11/20/29/36/49;46;7;4/0/4/6/8/5/6;2/4/6/7/2/3;0/EUR 0,00;7/EUR 275.530,40;16/EUR 75.340,40;940/EUR 3.334,20;2096/EUR 230,00;54922/EUR 43,80;60440/EUR 31,90;1021240/EUR 10,30
21.07.2010;17/20/22/28/31/43;40;1;7/3/3/6/1/1/0;0/9/3/0/6/3;0/EUR 0,00;0/EUR 0,00;14/EUR 41.036,10;390/EUR 3.830,00;1461/EUR 157,20;22238/EUR 51,60;38111/EUR 24,10;446038/EUR 11,30
24.07.2010;4/15/21/24/37/43;8;1;7/5/0/5/7/9/1;3/5/2/8/1/5;0/EUR 0,00;9/EUR 331.324,80;36/EUR 35.811,00;1249/EUR 2.683,60;3496/EUR 147,50;54829/EUR 47,00;88846/EUR 23,20;972633/EUR 11,60
28.07.2010;16/20/33/34/40/46;35;1;2/1/3/4/7/3/3;3/2/3/8/7/3;1/EUR 11.958.226,20;0/EUR 0,00;5/EUR 135.056,70;479/EUR 3.665,40;1042/EUR 259,20;31241/EUR 43,20;34907/EUR 30,90;563679/EUR 10,50
31.07.2010;22/24/25/34/46/49;27;7;0/7/5/1/7/6/4;9/0/0/1/4/3;1/EUR 2.446.209,50;2/EUR 978.483,80;15/EUR 81.540,30;744/EUR 4.274,20;1798/EUR 272,10;47253/EUR 51,70;62254/EUR 31,40;955827/EUR 11,20
04.08.2010;13/28/30/31/33/46;11;4;6/5/7/7/8/1/5;0/3/6/0/8/2;0/EUR 0,00;1/EUR 859.908,00;16/EUR 33.590,10;385/EUR 3.629,40;1407/EUR 152,70;24075/EUR 44,60;38984/EUR 22,00;453393/EUR 10,40
07.08.2010;6/20/29/32/33/44;19;2;8/5/6/7/6/0/1;3/3/5/2/8/4;1/EUR 3.488.932,30;6/EUR 321.872,90;20/EUR 60.351,10;836/EUR 3.753,90;2594/EUR 186,10;48346/EUR 49,90;77685/EUR 24,80;940022/EUR 11,20
11.08.2010;3/6/7/13/17/33;26;2;5/1/3/3/7/3/8;9/1/6/0/1/8;0/EUR 0,00;6/EUR 140.871,30;37/EUR 14.277,40;2095/EUR 655,60;2522/EUR 83,70;59059/EUR 17,80;55260/EUR 15,20;726603/EUR 6,30
14.08.2010;4/8/14/30/32/43;18;5;2/8/7/0/5/8/7;5/2/3/9/5/8;0/EUR 0,00;2/EUR 978.652,50;36/EUR 33.980,90;782/EUR 4.067,20;3454/EUR 141,60;48322/EUR 50,60;92447/EUR 21,10;923318/EUR 11,60
18.08.2010;2/9/14/16/37/47;33;8;7/6/7/7/5/3/7;4/5/4/7/9/7;0/EUR 0,00;0/EUR 0,00;19/EUR 29.780,50;403/EUR 3.650,50;1634/EUR 138,50;24812/EUR 45,60;39449/EUR 22,90;449940/EUR 11,00
21.08.2010;5/15/18/22/26/30;11;4;1/2/3/2/1/3/9;5/5/1/6/6/8;0/EUR 0,00;4/EUR 727.450,50;40/EUR 31.319,90;1237/EUR 2.633,20;3675/EUR 136,30;58663/EUR 42,70;99056/EUR 20,20;1068367/EUR 10,30
25.08.2010;9/28/36/43/44/49;4;7;1/5/2/3/3/0/0;9/3/7/2/2/6;0/EUR 0,00;1/EUR 1.006.204,80;5/EUR 125.775,60;346/EUR 4.725,60;1120/EUR 224,50;22171/EUR 56,70;34921/EUR 28,80;455393/EUR 12,10
28.08.2010;4/6/22/31/35/40;16;7;1/8/3/7/5/5/5;6/1/7/4/5/0;0/EUR 0,00;3/EUR 733.719,70;29/EUR 47.438,70;897/EUR 3.987,60;3332/EUR 165,60;57375/EUR 47,90;94020/EUR 23,40;1082877/EUR 11,10
01.09.2010;4/11/16/19/29/36;43;9;8/4/7/2/7/3/0;8/9/6/6/3/2;1/EUR 13.901.034,10;0/EUR 0,00;23/EUR 33.229,50;765/EUR 2.597,50;1778/EUR 171,90;39289/EUR 38,90;40778/EUR 29,90;682683/EUR 9,80
04.09.2010;3/6/19/25/35/48;5;3;1/2/1/8/5/7/3;1/5/1/3/7/3;2/EUR 1.247.445,20;4/EUR 498.978,00;27/EUR 46.201,60;1541/EUR 2.104,70;3837/EUR 130,00;72605/EUR 34,30;110364/EUR 18,00;1234001/EUR 8,80
08.09.2010;5/11/12/13/32/40;22;9;5/0/8/5/3/8/3;2/6/1/1/0/3;0/EUR 0,00;4/EUR 215.547,10;9/EUR 59.874,20;478/EUR 2.931,00;1229/EUR 175,30;29252/EUR 36,80;37053/EUR 23,20;532718/EUR 8,90
11.09.2010;26/28/39/41/43/48;15;8;0/7/2/2/5/0/1;8/2/7/4/6/0;0/EUR 0,00;5/EUR 385.579,40;11/EUR 109.539,60;858/EUR 3.651,30;1768/EUR 272,60;48198/EUR 49,90;55345/EUR 34,80;920867/EUR 11,50
15.09.2010;1/29/31/32/41/43;25;4;5/7/1/1/3/3/0;9/2/3/9/6/5;0/EUR 0,00;2/EUR 492.586,40;1/EUR 492.586,40;298/EUR 4.958,90;833/EUR 272,90;20469/EUR 55,50;30408/EUR 29,90;411150/EUR 12,10
18.09.2010;4/24/29/30/35/37;15;3;3/0/5/3/5/8/0;6/9/0/2/7/5;0/EUR 0,00;1/EUR 2.013.950,10;11/EUR 114.428,90;580/EUR 5.642,50;1775/EUR 283,60;39423/EUR 63,80;62125/EUR 32,40;879543/EUR 12,50
22.09.2010;2/4/5/9/12/17;11;7;2/0/8/0/6/7/6;7/9/6/1/5/8;1/EUR 8.409.211,40;12/EUR 84.495,20;98/EUR 6.466,40;1918/EUR 859,00;4974/EUR 50,90;56290/EUR 22,50;79401/EUR 12,70;772094/EUR 7,20
25.09.2010;1/2/4/12/25/46;22;1;9/7/7/7/6/9/8;8/7/1/4/2/6;1/EUR 2.379.548,10;1/EUR 1.903.638,40;16/EUR 74.360,80;1164/EUR 2.657,50;3114/EUR 152,80;67350/EUR 35,30;84361/EUR 22,50;1199141/EUR 8,70
29.09.2010;4/9/16/23/32/41;33;7;0/4/6/8/9/2/4;1/9/0/8/2/6;0/EUR 0,00;10/EUR 92.669,80;17/EUR 34.069,80;992/EUR 1.518,00;1729/EUR 133,90;40892/EUR 28,30;43967/EUR 21,00;616938/EUR 8,20
02.10.2010;5/15/17/27/28/29;16;2;5/0/9/2/4/6/6;2/4/9/7/8/3;1/EUR 3.747.274,30;5/EUR 414.224,10;68/EUR 19.036,00;1240/EUR 2.714,10;3246/EUR 159,50;63610/EUR 40,60;70270/EUR 29,40;1142269/EUR 9,90
06.10.2010;2/3/11/19/30/43;12;3;7/7/1/3/3/8/1;2/4/9/7/8/3;0/EUR 0,00;0/EUR 0,00;19/EUR 28.511,90;629/EUR 2.239,20;1871/EUR 115,80;33470/EUR 32,30;47187/EUR 18,30;555206/EUR 8,50
09.10.2010;11/12/15/19/21/22;32;9;7/2/6/8/4/8/4;2/3/3/1/5/0;0/EUR 0,00;5/EUR 560.492,10;10/EUR 120.981,10;1164/EUR 2.702,30;2533/EUR 191,00;57333/EUR 42,20;82215/EUR 23,50;1033574/EUR 10,30
12.10.2010;1/20/24/26/27/40;18;4;4/8/3/4/4/1/7;4/1/2/2/0/0;0/EUR 0,00;0/EUR 0,00;12/EUR 56.123,80;413/EUR 4.239,80;1414/EUR 190,50;29105/EUR 46,20;43819/EUR 24,50;579976/EUR 10,20
13.10.2010;3/16/21/32/33/40;24;5;3/1/4/0/9/3/1;5/0/8/8/0/4;0/EUR 0,00;1/EUR 901.137,80;8/EUR 70.401,30;555/EUR 2.638,40;1773/EUR 127,00;28331/EUR 39,70;53094/EUR 16,90;511863/EUR 9,60
16.10.2010;8/13/19/33/45/47;31;7;7/2/0/9/8/4/1;7/3/7/7/2/0;0/EUR 0,00;1/EUR 2.084.638,80;48/EUR 27.143,70;1141/EUR 2.968,90;5056/EUR 103,00;66014/EUR 39,40;109034/EUR 19,10;1176696/EUR 9,70
20.10.2010;1/7/15/19/22/33;9;0;1/1/6/6/4/1/8;4/1/2/1/1/6;0/EUR 0,00;3/EUR 333.218,00;24/EUR 26.032,60;705/EUR 2.304,10;2458/EUR 101,60;34924/EUR 35,70;63135/EUR 15,80;592112/EUR 9,20
23.10.2010;8/9/23/29/34/43;35;8;4/0/1/8/0/2/9;4/9/1/7/7/4;0/EUR 0,00;3/EUR 719.378,20;19/EUR 70.991,20;935/EUR 3.750,70;2349/EUR 229,60;55754/EUR 48,30;65904/EUR 32,70;1088984/EUR 10,80
27.10.2010;12/13/18/25/28/44;49;3;0/8/0/9/6/8/6;3/1/8/1/6/1;0/EUR 0,00;0/EUR 0,00;5/EUR 146.967,10;451/EUR 4.236,30;1208/EUR 243,30;30321/EUR 48,40;40811/EUR 28,80;631904/EUR 10,20
30.10.2010;11/12/15/30/39/49;29;2;0/5/5/5/8/6/0;4/1/9/5/6/1;0/EUR 0,00;6/EUR 605.695,10;35/EUR 43.900,60;1230/EUR 3.247,90;2881/EUR 213,30;68622/EUR 44,70;85664/EUR 28,60;1313146/EUR 10,20
03.11.2010;1/5/9/39/45/47;10;0;7/4/6/5/3/4/8;6/8/2/1/7/0;0/EUR 0,00;1425327,00/EUR 1.425.327,00;68525,30/EUR 68.525,30;3055,60/EUR 3.055,60;197,80/EUR 197,80;46,60/EUR 46,60;23,20/EUR 23,20;10,20/EUR 10,20
06.11.2010;4/14/17/18/33/34;7;3;7/6/3/1/5/2/7;5/5/2/6/8/4;2/EUR 10.469.952,40;13/EUR 211.261,50;66/EUR 26.007,50;1952/EUR 2.286,30;5850/EUR 117,30;94115/EUR 36,40;150496/EUR 18,20;1601473/EUR 9,40
10.11.2010;8/11/12/21/22/49;29;0;6/1/2/4/5/0/0;2/6/6/4/8/8;0/EUR 0,00;1/EUR 927.511,50;10/EUR 57.949,40;573/EUR 2.630,30;1349/EUR 171,80;31730/EUR 36,50;35842/EUR 25,80;527153/EUR 9,60
13.11.2010;8/13/17/19/24/43;31;8;0/7/7/2/6/8/5;0/2/3/5/2/4;1/EUR 3.642.188,90;2/EUR 993.119,80;36/EUR 34.483,30;1073/EUR 3.008,00;3918/EUR 126,70;62430/EUR 39,70;123015/EUR 16,10;1167861/EUR 9,30
17.11.2010;1/16/18/24/28/47;49;8;4/8/6/2/6/3/1;7/2/1/0/9/0;0/EUR 0,00;2/EUR 433.885,50;0/EUR 0,00;270/EUR 5.222,60;914/EUR 237,30;18528/EUR 58,50;31474/EUR 27,50;400998/EUR 11,90
20.11.2010;4/17/29/32/33/34;46;5;9/6/9/3/1/6/6;4/8/6/4/1/5;0/EUR 0,00;2/EUR 978.386,30;43/EUR 41.054,40;1152/EUR 2.760,20;4068/EUR 120,20;72574/EUR 33,70;95529/EUR 20,40;1156169/EUR 9,30
24.11.2010;5/8/26/33/35/46;40;1;5/3/2/4/1/0/9;6/9/3/8/2/6;1/EUR 4.671.233,50;1/EUR 912.443,10;4/EUR 142.569,20;363/EUR 4.084,60;907/EUR 251,50;22170/EUR 51,40;31623/EUR 28,80;451872/EUR 11,10
27.11.2010;1/4/8/10/35/45;2;7;5/8/3/9/7/3/7;3/1/0/4/9/9;0/EUR 0,00;4/EUR 479.635,00;13/EUR 92.237,50;787/EUR 3.961,40;2806/EUR 170,90;49712/EUR 48,20;88059/EUR 21,70;967527/EUR 10,90
01.12.2010;15/20/25/32/39/41;31;2;6/5/8/6/0/1/4;4/7/1/9/8/3;0/EUR 0,00;0/EUR 0,00;9/EUR 66.491,20;493/EUR 3.155,90;1221/EUR 196,00;26427/EUR 45,20;38795/EUR 24,60;505827/EUR 10,40
04.12.2010;13/18/24/37/41/48;9;2;4/0/1/7/9/0/8;2/3/7/2/8/0;2/EUR 3.120.300,10;7/EUR 439.134,20;102/EUR 12.968,50;1489/EUR 2.309,70;9598/EUR 55,10;70998/EUR 37,20;145375/EUR 14,50;1171646/EUR 9,90
08.12.2010;2/7/14/16/18/26;12;5;6/9/1/1/6/6/6;4/5/6/3/3/9;0/EUR 0,00;5/EUR 174.661,70;37/EUR 14.751,80;658/EUR 2.156,70;2260/EUR 96,60;30122/EUR 36,20;50663/EUR 17,20;516810/EUR 9,20
11.12.2010;5/7/16/27/31/43;2;0;1/5/2/4/4/0/4;8/3/4/5/5/3;1/EUR 3.535.118,70;7/EUR 279.255,10;46/EUR 26.559,50;1767/EUR 1.797,60;4301/EUR 113,60;79698/EUR 30,60;103587/EUR 18,80;1249340/EUR 8,60
15.12.2010;3/9/14/28/43/45;49;0;9/0/0/4/2/8/8;9/9/9/2/8/1;0/EUR 0,00;0/EUR 0,00;10/EUR 53.596,20;394/EUR 353.680,00;1010/EUR 212,20;22189/EUR 48,30;30620/EUR 28,00;424088/EUR 11,10
18.12.2010;4/16/21/39/40/42;31;3;7/9/9/2/1/1/6;0/4/0/4/9/5;0/EUR 0,00;1/EUR 2.811.885,70;29/EUR 42.119,50;941/EUR 3.374,90;3409/EUR 143,30;51725/EUR 47,20;89202/EUR 21,90;964512/EUR 11,10
22.12.2010;6/18/26/35/36/45;31;4;8/9/1/6/8/8/8;2/1/6/0/3/4;0/EUR 0,00;4/EUR 237.188,50;15/EUR 39.531,40;510/EUR 3.022,90;1406/EUR 168,60;25712/EUR 46,10;36981/EUR 25,60;463958/EUR 11,20
25.12.2010;2/9/10/11/29/46;14;7;8/1/0/9/6/4/2;8/7/7/5/2/1;1/EUR 7.957.673,90;5/EUR 521.099,80;29/EUR 56.153,00;1620/EUR 2.613,50;3580/EUR 181,90;87089/EUR 37,30;97723/EUR 26,60;1544964/EUR 9,20
29.12.2010;14/15/20/37/42/48;1;2;3/6/0/2/3/7/3;8/8/6/1/6/5;0/EUR 0,00;2/EUR 455.368,20;8/EUR 71.151,20;271/EUR 5.461,00;740/EUR 307,60;17300/EUR 65,80;22237/EUR 40,90;355113/EUR 14,10
01.01.2011;2/14/18/26/35/36;8;1;5/5/0/0/3/4/8;3/4/2/3/4/6;3/EUR 11.234.919,80;3/EUR 684.357,00;33/EUR 38.883,90;1021/EUR 3.267,60;2793/EUR 183,70;55106/EUR 46,50;78434/EUR 26,10;949130/EUR 11,80
05.01.2011;24/29/36/42/46/49;39;7;9/2/3/3/3/0/1;4/5/0/5/1/2;0/EUR 0,00;0/EUR 0,00;10/EUR 55.229,30;315/EUR 4.558,60;1237/EUR 178,50;19406/EUR 56,90;30201/EUR 29,20;372015/EUR 13,00
08.01.2011;23/26/27/32/33/41;36;5;2/2/5/7/4/4/2;5/3/7/0/8/2;1/EUR 3.575.751,70;3/EUR 953.533,80;17/EUR 72.681,30;1015/EUR 3.165,00;2457/EUR 201,10;64832/EUR 38,10;68429/EUR 28,80;1209749/EUR 8,90
12.01.2011;2/8/12/22/23/28;4;2;3/8/2/1/8/8/8;4/7/3/5/6/4;0/EUR 0,00;5/EUR 181.446,30;47/EUR 12.064,20;943/EUR 1.563,30;2821/EUR 80,30;36790/EUR 30,80;59015/EUR 15,30;551524/EUR 9,00
15.01.2011;12/13/21/26/33/38;29;3;2/5/8/6/8/9/1;9/0/4/1/1/5;1/EUR 3.545.204,10;2/EUR 964.465,90;17/EUR 70.916,60;1033/EUR 3.034,30;2354/EUR 204,80;61707/EUR 39,00;66747/EUR 28,80;1196675/EUR 8,80
19.01.2011;5/6/8/29/34/35;23;1;2/9/0/5/7/7/6;5/2/6/4/2/5;0/EUR 0,00;1/EUR 840.754,70;9/EUR 58.385,70;342/EUR 3.994,80;1059/EUR 198,40;19938/EUR 52,70;31118/EUR 27,00;401765/EUR 11,50
22.01.2011;3/7/14/19/23/35;11;5;4/9/2/6/5/4/6;0/9/7/4/5/7;0/EUR 0,00;7/EUR 272.238,50;88/EUR 13.534,50;2114/EUR 1.464,80;6159/EUR 77,30;86073/EUR 27,60;137472/EUR 13,80;1306301/EUR 8,00
26.01.2011;6/22/23/28/34/37;25;4;0/3/5/3/7/2/1;4/3/7/9/4/3;0/EUR 0,00;0/EUR 0,00;4/EUR 151.213,90;351/EUR 4.480,40;1160/EUR 208,50;23370/EUR 51,70;39556/EUR 24,40;467162/EUR 11,30
26.02.2011;18/19/32/38/47/49;22;6;3/8/2/9/9/7/6;4/1/7/3/3/8;0/EUR 0,00;8/EUR 244.919,60;25/EUR 48.983,90;1524/EUR 2.089,20;2589/EUR 189,20;78215/EUR 31,30;73058/EUR 26,80;1295557/EUR 8,30
29.01.2011;8/11/21/30/35/45;22;7;9/4/9/8/3/2/8;4/7/8/3/3/4;1/EUR 7.310.370,00;8/EUR 387.733,90;26/EUR 51.300,50;1176/EUR 2.948,90;2159/EUR 247,10;55002/EUR 48,50;70391/EUR 30,30;1037632/EUR 11,30
02.02.2011;6/15/17/22/34/46;35;4;8/6/1/0/1/1/5;5/6/6/6/2/7;0/EUR 0,00;0/EUR 0,00;7/EUR 77.866,20;441/EUR 3.213,50;942/EUR 231,40;22262/EUR 48,90;27607/EUR 31,50;422429/EUR 11,30
05.02.2011;9/11/24/34/35/41;19;8;4/2/2/2/4/3/1;9/2/6/7/2/8;0/EUR 0,00;3/EUR 942.315,00;36/EUR 33.938,20;1279/EUR 2.483,60;4603/EUR 106,10;63248/EUR 38,60;120644/EUR 16,20;1128124/EUR 9,50
09.02.2011;13/14/23/39/41/46;24;3;0/5/0/6/2/7/7;8/6/2/8/8/3;0/EUR 0,00;1/EUR 918.615,80;18/EUR 31.896,30;350/EUR 4.265,00;1283/EUR 178,90;23322/EUR 49,20;35570/EUR 25,80;450108/EUR 11,20
12.02.2011;1/2/5/24/31/32;12;4;8/9/8/4/4/0/7;9/6/0/0/9/1;0/EUR 0,00;5/EUR 407.303,30;42/EUR 30.305,30;1034/EUR 3.200,50;4701/EUR 108,30;56242/EUR 45,20;127474/EUR 15,90;1120220/EUR 9,90
16.02.2011;3/8/11/25/30/46;14;0;3/9/0/8/1/1/2;7/6/1/9/1/5;0/EUR 0,00;2/EUR 519.492,60;23/EUR 28.233,20;896/EUR 1.884,30;1928/EUR 134,70;41512/EUR 31,20;43194/EUR 24,00;669281/EUR 8,50
19.02.2011;12/14/16/33/42/47;24;5;7/9/6/0/8/3/1;2/0/8/7/6/5;0/EUR 0,00;1/EUR 2.197.049,60;31/EUR 44.295,30;1016/EUR 3.513,90;3802/EUR 144,40;55662/EUR 49,30;106376/EUR 20,60;1048639/EUR 11,50
23.02.2011;6/16/22/27/39/40;30;1;2/6/2/9/5/3/2;6/5/8/5/9/4;1/EUR 12.760.899,90;2/EUR 595.299,70;16/EUR 46.507,70;729/EUR 2.653,90;2081/EUR 143,00;34877/EUR 42,60;52970/EUR 22,40;628610/EUR 10,40
02.03.2011;4/9/36/38/42/48;41;0;1/8/3/4/4/7/6;9/7/5/4/6/4;0/EUR 0,00;0/EUR 0,00;6/EUR 97.469,30;460/EUR 3.305,40;843/EUR 277,40;27100/EUR 43,10;29950/EUR 31,20;496828/EUR 10,30
09.03.2011;6/13/14/27/41/48;18;9;5/9/4/3/5/1/7;2/4/0/7/1/8;0/EUR 0,00;2/EUR 503.154,20;12/EUR 52.411,90;809/EUR 2.021,30;1375/EUR 182,90;29160/EUR 43,10;41559/EUR 24,20;490489/EUR 11,20
12.03.2011;9/15/19/31/38/43;5;9;8/2/6/9/1/3/0;1/6/5/4/4/3;0/EUR 0,00;6/EUR 367.900,80;43/EUR 32.084,30;1247/EUR 2.876,50;4445/EUR 124,10;70308/EUR 39,20;116691/EUR 18,90;1249973/EUR 9,70
16.03.2011;5/18/20/35/41/48;30;4;2/9/8/2/5/7/1;9/8/7/6/1/4;0/EUR 0,00;0/EUR 0,00;20/EUR 35.912,60;541/EUR 3.451,80;1640/EUR 175,10;27567/EUR 52,10;45911/EUR 25,00;538334/EUR 11,70
19.03.2011;10/11/16/21/41/46;39;6;7/0/6/9/1/2/5;1/3/8/1/9/8;0/EUR 0,00;4/EUR 862.047,20;20/EUR 71.843,20;1063/EUR 3.514,40;2678/EUR 214,60;63479/EUR 45,20;86526/EUR 26,50;1243134/EUR 10,10
23.03.2011;5/11/16/34/40/42;25;4;6/4/1/0/1/7/0;0/9/1/6/2/4;0/EUR 0,00;3/EUR 430.909,90;26/EUR 31.075,20;675/EUR 3.112,10;2879/EUR 112,20;35011/EUR 46,10;71704/EUR 18,00;666001/EUR 10,60
26.03.2011;17/19/20/25/28/37;23;7;8/3/7/7/3/3/6;6/5/2/2/7/5;0/EUR 0,00;3/EUR 839.229,40;25/EUR 62.942,20;1220/EUR 3.353,40;3751/EUR 167,80;76251/EUR 41,20;107750/EUR 23,30;1500184/EUR 9,20
30.03.2011;13/18/23/31/32/37;40;7;4/6/6/8/7/9/2;9/6/2/2/5/7;0/EUR 0,00;4/EUR 403.315,30;61/EUR 16.529,30;1666/EUR 1.573,50;4313/EUR 93,50;70235/EUR 28,70;89389/EUR 18,00;1087599/EUR 8,10
02.04.2011;1/16/25/29/33/47;37;5;5/0/2/5/6/1/5;5/6/2/0/9/6;1/EUR 24.852.572,00;2/EUR 1.440.007,60;27/EUR 66.667,00;1228/EUR 3.811,00;4359/EUR 165,10;71517/EUR 50,30;121863/EUR 23,60;1435247/EUR 11,00
06.04.2011;9/14/19/27/31/39;38;0;8/4/7/1/7/9/3;5/2/9/0/6/7;0/EUR 0,00;3/EUR 312.139,30;7/EUR 83.608,70;1208/EUR 1.259,60;1454/EUR 161,00;44012/EUR 26,50;41922/EUR 22,30;662762/EUR 7,70
09.04.2011;12/26/32/39/44/47;8;8;2/8/4/4/1/0/3;4/9/4/8/5/2;2/EUR 1.804.302,80;7/EUR 278.638,00;21/EUR 58.049,60;1296/EUR 2.445,60;2910/EUR 167,50;66726/EUR 36,50;77357/EUR 25,20;1148353/EUR 9,30
13.04.2011;6/9/16/23/26/47;35;5;8/1/0/5/0/5/4;8/1/4/9/1/3;0/EUR 0,00;4/EUR 215.946,80;12/EUR 44.988,90;534/EUR 2.628,50;1250/EUR 172,70;31505/EUR 34,20;32633/EUR 26,40;543645/EUR 8,70
16.04.2011;3/4/17/19/35/49;45;3;7/3/4/4/4/3/0;7/5/1/4/1/5;1/EUR 3.531.147,90;3/EUR 653.710,30;27/EUR 45.396,50;1537/EUR 2.073,40;3300/EUR 148,50;79249/EUR 30,90;83955/EUR 23,30;1336301/EUR 8,00
20.04.2011;13/20/36/39/40/44;42;9;7/7/9/9/5/5/2;8/8/9/1/9/3;0/EUR 0,00;0/EUR 0,00;12/EUR 44.008,30;210/EUR 6.538,30;780/EUR 270,80;16880/EUR 62,50;26256/EUR 32,10;367469/EUR 12,60
23.04.2011;6/16/18/22/29/41;48;2;7/9/2/0/5/2/4;8/0/3/4/0/4;1/EUR 6.398.493,40;0/EUR 0,00;24/EUR 52.052,40;921/EUR 3.526,60;2287/EUR 218,40;52533/EUR 47,50;66313/EUR 30,10;1011457/EUR 10,80
27.04.2011;16/21/32/33/42/46;7;7;6/8/5/5/5/4/4;4/0/3/9/0/3;0/EUR 0,00;3/EUR 266.074,60;14/EUR 35.634,90;494/EUR 2.625,70;1615/EUR 123,50;25312/EUR 39,40;38517/EUR 20,70;425402/EUR 10,30
30.04.2011;10/12/19/29/33/34;9;0;7/6/7/0/0/3/1;7/5/5/2/6/2;0/EUR 0,00;3/EUR 629.538,70;25/EUR 47.215,40;986/EUR 3.112,50;3286/EUR 143,60;57579/EUR 41,00;99107/EUR 19,00;1100687/EUR 9,40
04.05.2011;6/14/22/30/36/40;21;1;6/5/2/3/3/8/6;0/4/0/8/2/4;0/EUR 0,00;1/EUR 900.530,50;8/EUR 70.353,90;437/EUR 3.348,60;998/EUR 225,50;21019/EUR 53,50;28461/EUR 31,60;403620/EUR 12,20
07.05.2011;5/12/23/29/34/41;6;2;6/9/1/2/5/8/2;5/0/0/1/1/1;1/EUR 6.958.157,20;7/EUR 282.736,40;23/EUR 53.781,30;1273/EUR 2.526,40;2843/EUR 174,00;60312/EUR 41,00;80851/EUR 24,40;1054496/EUR 10,30
11.05.2011;8/26/28/29/31/35;38;5;4/9/9/1/6/5/3;7/0/9/2/0/4;0/EUR 0,00;1/EUR 850.712,30;4/EUR 132.923,70;373/EUR 3.706,10;840/EUR 253,10;20484/EUR 51,90;27723/EUR 30,60;405475/EUR 11,50
14.05.2011;1/9/10/11/20/31;24;3;6/7/5/8/0/3/9;7/1/1/4/4/3;2/EUR 1.734.036,50;10/EUR 192.374,60;63/EUR 19.084,70;2348/EUR 1.331,30;5063/EUR 94,90;98342/EUR 24,40;112835/EUR 17,00;1381877/EUR 7,60
18.05.2011;3/13/27/30/33/41;20;1;3/5/7/5/4/9/7;0/6/6/0/0/9;1/EUR 1.029.465,90;3/EUR 274.524,20;15/EUR 34.315,50;801/EUR 1.670,70;1264/EUR 162,80;39154/EUR 26,20;35003/EUR 23,50;567763/EUR 7,90
21.05.2011;13/24/28/36/45/49;12;0;0/9/9/2/6/0/0;2/9/8/5/3/3;0/EUR 0,00;8/EUR 228.625,80;28/EUR 40.826,00;1184/EUR 2.510,20;2731/EUR 167,40;52303/EUR 43,70;71688/EUR 25,50;888006/EUR 11,30
25.05.2011;1/8/26/27/35/38;46;6;1/0/8/1/2/2/6;5/5/2/9/7/5;0/EUR 0,00;1/EUR 841.868,50;7/EUR 75.166,80;374/EUR 3.657,80;890/EUR 236,40;20502/EUR 51,30;25751/EUR 32,60;412838/EUR 11,20
28.05.2011;4/17/19/29/34/46;37;6;6/4/4/0/3/6/2;5/7/3/8/7/4;3/EUR 1.899.831,40;20/EUR 94.436,00;59/EUR 20.007,60;2188/EUR 1.402,70;4172/EUR 113,10;76042/EUR 31,00;91264/EUR 20,60;1144963/EUR 9,00
01.06.2011;10/11/13/20/22/41;8;9;5/7/7/5/1/9/5;4/1/5/9/6/7;0/EUR 0,00;0/EUR 0,00;3/EUR 175.955,40;448/EUR 3.063,50;1404/EUR 150,30;26257/EUR 40,20;37039/EUR 22,80;496086/EUR 9,30
04.06.2011;17/22/34/37/38/46;43;5;5/4/6/6/9/9/1;0/5/8/5/9/1;0/EUR 0,00;2/EUR 1.341.973,60;14/EUR 82.114,30;1148/EUR 2.603,60;2358/EUR 195,00;59338/EUR 38,70;63246/EUR 29,00;993421/EUR 10,10
08.06.2011;4/15/24/31/38/49;9;5;2/1/8/9/9/1/7;2/4/4/0/3/0;0/EUR 0,00;2/EUR 436.123,40;16/EUR 34.072,10;409/EUR 3.465,50;1241/EUR 175,70;21439/EUR 50,80;39738/EUR 21,90;432993/EUR 11,00
11.06.2011;8/16/18/28/34/46;32;9;1/6/9/2/4/7/8;5/9/6/3/5/5;0/EUR 0,00;2/EUR 984.087,50;34/EUR 36.179,60;973/EUR 3.287,00;4077/EUR 120,60;53823/EUR 45,70;107533/EUR 18,30;965234/EUR 11,20
15.06.2011;6/21/22/23/32/44;7;3;1/6/9/2/4/7/8;6/7/4/1/5/1;0/EUR 0,00;0/EUR 0,00;12/EUR 48.616,60;466/EUR 3.255,00;1332/EUR 175,10;26922/EUR 43,30;41087/EUR 22,70;485946/EUR 10,50
18.06.2011;6/14/21/24/25/41;46;6;6/2/7/5/2/0/6;3/6/7/0/7/7;3/EUR 4.583.469,60;0/EUR 0,00;24/EUR 54.915,60;1045/EUR 3.279,70;2335/EUR 225,70;57700/EUR 45,60;71754/EUR 29,30;1121574/EUR 10,30
22.06.2011;1/4/24/29/34/37;36;4;6/4/3/8/2/6/3;3/9/6/7/1/2;0/EUR 0,00;1/EUR 852.860,90;7/EUR 76.148,20;330/EUR 419.960,00;734/EUR 290,40;21219/EUR 50,20;22711/EUR 37,50;424436/EUR 11,00
25.06.2011;3/4/20/28/37/42;38;1;1/1/2/1/1/0/5;6/5/6/3/8/9;0/EUR 0,00;4/EUR 462.835,90;19/EUR 60.899,40;623/EUR 4.828,90;1578/EUR 293,30;41673/EUR 55,50;53154/EUR 34,80;869297/EUR 11,70
29.06.2011;8/10/22/30/36/45;32;7;1/8/2/2/1/5/3;1/5/4/9/1/4;0/EUR 0,00;3/EUR 287.575,10;4/EUR 134.800,80;378/EUR 3.708,80;836/EUR 257,90;20434/EUR 52,70;27494/EUR 31,30;406740/EUR 11,60
02.07.2011;7/10/16/19/22/40;24;8;7/4/1/4/6/3/0;1/9/8/6/4/1;0/EUR 0,00;1/EUR 2.345.593,60;49/EUR 29.918,20;1779/EUR 2.142,50;4461/EUR 131,40;89418 /EUR 32,70;122273/EUR 19,10;1480209/EUR 8,70
06.07.2011;6/11/14/27/32/38;49;2;5/5/3/0/4/5/3;5/2/2/7/7/9;0/EUR 0,00;4/EUR 265.978,70;20/EUR 33.247,30;878/EUR 1.969,00;2309/EUR 115,10;38859/EUR 34,20;54591/EUR 19,40;650273 /EUR 8,90
09.07.2011;9/11/18/23/36/45;17;2;5/2/1/8/9/3/3;5/7/8/3/0/3;1/EUR 11.384.153,70;5/EUR 426.176,80;21/EUR 63.419,10;1735/EUR 1.995,70;2938/EUR 181,30;82992/EUR 32,00;89379/EUR 23,80;1251334/EUR 9,30
13.07.2011;1/25/26/30/39/47;5;1;2/4/4/4/0/8/7;6/3/7/3/7/5;0/EUR 0,00;2/EUR 421.382,20;20/EUR 26.336,30;394/EUR 3.475,80;1414/EUR 149,00;23607/EUR 44,60;41912 /EUR 20,10;450713/EUR 10,20
16.07.2011;3/14/15/22/27/38;49;6;7/5/7/4/8/9/1;1/4/7/2/0/0;0/EUR 0,00;1/EUR 1.868.673,90;37/EUR 31.565,40;1064/EUR 2.853,90;2879 /EUR 162,20;53721 /EUR 43,40;68533 /EUR 27,20;939350 /EUR 10,90
20.07.2011;7/11/19/23/42/49;27;3;7/4/8/6/9/2/8;5/5/8/2/0/0;0/EUR 0,00;3/EUR 293.848,40;18/EUR 30.609,20;864 /EUR 1.657,90;2184 /EUR 100,90;39863 /EUR 27,60;51527 /EUR 17,10;606669 /EUR 7,90
23.07.2011;8/12/18/20/24/33;27;0;2/0/7/2/0/8/9;5/5/3/5/5/7;0/EUR 0,00;7/EUR 278.664,30;42/EUR 29.027,50;1814 /EUR 1.747,40;4201/EUR 116,00;88379/EUR 27,50;93410/EUR 20,80;1315674/EUR 8,10
27.07.2011;11/12/16/26/32/35;6;8;6/4/0/8/7/5/6;6/2/6/0/9/4;0/EUR 0,00;1/EUR 1.140.557,70;23/EUR 30.993,40;804 /EUR 2.305,20;2529 /EUR 112,70;43451 /EUR 32,80;64007 /EUR 17,80;700575 /EUR 8,90
30.07.2011;8/11/21/40/42/44;27;5;9/9/1/4/5/6/9;1/2/8/0/8/5;0/EUR 0,00;1/EUR 2.176.898,10;14/EUR 97.182,90;1000 /EUR 3.537,40;2534 /EUR 214,70;53943 /EUR 50,40;80811 /EUR 26,90;1054783 /EUR 11,30
03.08.2011;4/8/33/40/41/43;3;6;5/6/6/6/9/4/4;3/3/6/0/5/3;0/EUR 0,00;0/EUR 0,00;12/EUR 61.985,20;407/EUR 4.751,60;1282/EUR 232,00;27567/EUR 53,90;42645/EUR 27,90;578310/EUR 11,30
06.08.2011;9/11/33/36/41/49;13;5;4/3/0/0/9/4/5;9/3/9/7/8/0;0/EUR 0,00;7/EUR 503.750,70;41/EUR 35.611,80;1353/EUR 2.805,70;3894/EUR 149,90;94577/EUR 30,80;110447/EUR 21,10;1388605/EUR 9,20
10.08.2011;8/12/16/22/23/26;32;5;6/0/2/5/2/3/7;7/6/8/5/3/2;0/EUR 0,00;1/EUR 1.423.197,50;30/EUR 29.649,90;975/EUR 2.371,90;2773/EUR 128,30;47122/EUR 37,70;76303/EUR 18,60;823564/EUR 9,50
13.08.2011;13/14/21/29/31/34;49;2;8/1/1/6/3/9/2;6/3/1/2/5/9;1/EUR 20.625.902,70;4/EUR 672.544,90;19/EUR 88.492,70;1084/EUR 4.032,70;2351/EUR 286,00;65164/EUR 51,60;81217/EUR 33,10;1303806/EUR 11,30
17.08.2011;1/11/16/18/20/25;23;6;5/3/2/7/7/3/4;0/5/6/6/7/7;0/EUR 0,00;2/EUR 452.867,40;14/EUR 40.434,50;737/EUR 1.997,00;1588/EUR 142,50;31787/EUR 35,60;36459/EUR 24,80;545080/EUR 9,10
20.08.2011;2/7/22/31/32/41;24;6;6/7/8/5/9/2/2;4/5/6/7/4/6;0/EUR 0,00;3/EUR 632.347,30;16/EUR 74.103,20;1082/EUR 2.849,00;2121/EUR 223,60;59804/EUR 39,60;75552/EUR 25,10;1101654/EUR 9,40
24.08.2011;19/28/31/33/36/41;44;6;9/8/7/1/9/7/7;8/7/0/6/5/0;0/EUR 0,00;0/EUR 0,00;15/EUR 37.646,80;554/EUR 2.650,20;1326/EUR 170,30;27990/EUR 40,30;33711/EUR 26,80;501370/EUR 9,90
27.08.2011;27/29/40/43/44/49;24;0;2/0/3/4/9/6/4;7/2/3/0/3/2;1/EUR 7.122.137,90;1/EUR 2.894.933,30;32/EUR 38.894,70;925/EUR 3.498,40;2387/EUR 208,50;47151/EUR 52,70;67691/EUR 29,40;891382/EUR 12,20
31.08.2011;15/17/26/29/32/47;31;7;6/9/9/6/3/8/0;4/0/1/6/7/1;0/EUR 0,00;0/EUR 0,00;10/EUR 54.874,30;431/EUR 3.310,20;1103/EUR 199,00;24567/EUR 44,60;35028/EUR 25,00;461737/EUR 10,40
03.09.2011;2/8/17/31/36/42;15;2;0/9/7/4/4/5/1;5/6/5/7/4/5;0/EUR 0,00;6/EUR 470.086,40;27/EUR 44.965,90;1196/EUR 2.639,30;2209/EUR 219,80;57978/EUR 41,80;61351/EUR 31,60;1022014/EUR 10,40
07.09.2011;4/10/23/27/28/39;32;1;2/7/7/8/5/0/6;7/5/1/5/6/4;0/EUR 0,00;4/EUR 230.124,00;16/EUR 35.956,80;860/EUR 1.739,30;1680/EUR 136,90;38332/EUR 30,00;43438/EUR 21,10;584693/EUR 8,60
10.09.2011;6/9/10/16/28/43;36;0;1/0/1/2/8/1/8;9/8/5/4/3/4;0/EUR 0,00;4/EUR 504.321,20;39/EUR 32.328,20;1007/EUR 3.255,30;2475/EUR 203,70;59498/EUR 42,30;67816/EUR 29,70;1130697/EUR 9,80
14.09.2011;4/5/23/32/39/44;25;7;7/1/3/0/3/7/0;2/2/7/4/2/1;0/EUR 0,00;3/EUR 341.766,40;8/EUR 80.101,50;499/EUR 3.338,90;1383/EUR 185,30;30807/EUR 41,60;50053/EUR 20,40;574111/EUR 9,80
17.09.2011;12/23/38/42/46/49;20;1;8/4/6/4/4/8/7;0/0/8/3/6/9;/EUR 0,00;/EUR 0,00;/EUR 0,00;/EUR 0,00;/EUR 0,00;/EUR 0,00;/EUR 0,00;/EUR 0,00
21.09.2011;10/24/27/31/41/46;14;5;2/8/1/4/1/5/2;1/5/4/7/1/6;1/EUR 12.658.366,30;6/EUR 196.660,10;36/EUR 20.485,40;1099/EUR 1.744,70;2106/EUR 140,00;46979/EUR 31,30;46683/EUR 25,20;745548/EUR 8,70
24.09.2011;3/5/6/18/24/42;46;3;0/6/7/9/3/9/6;7/1/2/3/9/3;0/EUR 0,00;1/EUR 1.891.198,70;29/EUR 40.758,50;1550/EUR 1.982,70;3149/EUR 150,10;80605/EUR 29,30;78416/EUR 24,10;1325769/EUR 7,80
28.09.2011;10/14/18/27/38/43;35;5;1/5/8/6/5/7/8;4/0/9/4/5/1;0/EUR 0,00;0/EUR 0,00;13/EUR 42.577,30;505/EUR 2.849,70;1136/EUR 194,80;25486/EUR 43,40;29395/EUR 30,10;473060/EUR 10,20
01.10.2011;9/13/17/21/29/47;31;1;7/1/8/7/5/7/9;1/9/4/9/1/2;0/EUR 0,00;5/EUR 579.055,60;48/EUR 26.167,50;1511/EUR 2.161,20;4482/EUR 112,00;71666/EUR 35,00;109037/EUR 18,40;1193138/EUR 9,20
05.10.2011;1/2/15/33/43/45;18;8;1/1/7/5/6/7/4;0/6/8/2/6/4;0/EUR 0,00;1/EUR 955.503,40;5/EUR 119.437,90;334/EUR 4.648,70;934/EUR 255,70;20279/EUR 58,80;30096/EUR 31,70;406984/EUR 12,90
08.10.2011;24/25/29/31/34/47;35;0;2/2/9/1/2/8/5;3/1/5/9/0/5;0/EUR 0,00;1/EUR 2.089.279,80;16/EUR 81.612,40;624/EUR 5.440,80;1956/EUR 267,00;46298/EUR 56,40;62449/EUR 33,40;1031212/EUR 11,10
12.10.2011;8/10/28/40/43/46;17;7;6/7/5/4/4/8/0;3/4/7/1/8/1;0/EUR 0,00;1/EUR 1.136.911,20;5/EUR 142.113,90;419/EUR 4.409,20;1254/EUR 226,60;26436/EUR 53,70;39224/EUR 28,90;539791/EUR 11,50
15.10.2011;2/5/16/18/37/39;9;5;5/9/9/9/8/4/7;7/8/4/5/3/7;0/EUR 0,00;9/EUR 255.974,60;27/EUR 53.328,00;1643/EUR 2.278,50;3826/EUR 150,50;73597/EUR 39,10;124842/EUR 18,40;1287867/EUR 9,80
19.10.2011;8/10/15/25/31/34;40;4;7/1/6/6/6/0/6;8/3/7/7/8/7;0/EUR 0,00;6/EUR 219.987,10;22/EUR 37.497,80;798/EUR 2.687,80;2461/EUR 134,00;41855/EUR 39,40;63183/EUR 20,80;760360/EUR 9,50
22.10.2011;6/7/8/26/34/35;11;5;4/8/4/5/9/1/7;4/8/1/3/1/2;2/EUR 9.417.833,30;1/EUR 2.476.666,80;32/EUR 48.372,40;1143/EUR 3.521,00;3893/EUR 159,00;60188/EUR 51,40;124749/EUR 19,80;1216097/EUR 11,20
26.10.2011;15/30/33/34/37/39;47;5;1/1/3/7/1/9/6;1/7/5/8/2/2;0/EUR 0,00;2/EUR 449.418,30;12/EUR 46.814,40;597/EUR 2.446,50;1063/EUR 211,30;21469/EUR 52,30;33497/EUR 26,80;403006/EUR 12,20
29.10.2011;6/17/23/24/35/44;10;7;8/5/7/8/5/9/6;6/3/7/2/5/3;1/EUR 3.537.707,80;4/EUR 482.832,40;24/EUR 50.295,00;1048/EUR 2.994,60;2658/EUR 181,60;50930/EUR 47,40;82559/EUR 23,30;963201/EUR 11,00
02.11.2011;3/6/23/40/41/43;14;4;0/7/2/3/4/7/3;7/4/5/9/2/9;0/EUR 0,00;1/EUR 855.820,90;7/EUR 76.412,50;417/EUR 3.335,00;1.037/EUR 206,30;24.491/EUR 43,60;28.560/EUR 29,90;475.557/EUR 9,80
05.11.2011;7/13/21/37/41/43;24;0;3/4/8/6/4/1/0;3/3/5/5/9/8;1/EUR 3.469.596,20;11/EUR 174.532,30;57/EUR 21.051,00;2.169/EUR 1.438,30;4.340/EUR 110,50;75.430/EUR 31,80;96.615/EUR 19,80;1.130.713/EUR 9,30
09.11.2011;6/14/20/27/28/48;33;7;2/8/9/3/8/7/3;6/4/8/0/9/3;1/EUR 1.924.054,90;0/EUR 0,00;7/EUR 76.351,30;364/EUR 3.817,50;936/EUR 228,40;20941/EUR 51,00;27160/EUR 31,40;397209/EUR 11,80
12.11.2011;7/12/15/16/30/42;2;9;8/8/1/2/4/8/2;6/4/8/0/9/3;0/EUR 0,00;2/EUR 940.824,60;12/EUR 98.002,50;948/EUR 3.225,40;3241/EUR 145,10;53179/EUR 44,20;88691/EUR 21,20;998206/EUR 10,30
16.11.2011;8/14/26/33/47/49;15;4;9/1/4/5/3/7/9;6/4/1/8/4/8;0/EUR 0,00;0/EUR 0,00;9/EUR 60.872,50;369/EUR 3.860,20;914/EUR 239,70;22404/EUR 48,90;26264/EUR 33,30;427859/EUR 11,20
19.11.2011;9/24/26/33/40/47;16;5;6/1/4/9/1/5/2;9/0/7/1/4/7;0/EUR 0,00;4/EUR 707.203,00;83/EUR 14.700,60;1553/EUR 2.042,70;4694/EUR 103,90;78553/EUR 31,00;88584/EUR 22,00;1248988/EUR 8,50
23.11.2011;1/10/23/30/38/39;11;4;1/2/6/9/6/0/3;4/4/8/6/6/9;0/EUR 0,00;4/EUR 240.823,70;10/EUR 60.205,90;476/EUR 3.288,50;1827/EUR 131,80;26089/EUR 46,10;50207/EUR 19,10;525932/EUR 10,00
26.11.2011;3/13/23/33/38/49;4;5;4/6/1/7/4/6/9;4/3/4/1/1/9;9/EUR 1.072.060,10;69/EUR 29.638,70;45/EUR 28.403,80;10624/EUR 312,80;4367/EUR 117,00;143670/EUR 19,70;89808/EUR 19,70;1424409/EUR 7,80
30.11.2011;4/12/18/31/42/44;13;1;4/7/2/3/8/0/6;8/8/5/9/8/9;0/EUR 0,00;2/EUR 447.079,00;10/EUR 55.884,80;694/EUR 2.093,60;1190/EUR 187,80;30546/EUR 36,50;33603/EUR 26,60;520931/EUR 9,40
03.12.2011;1/10/25/29/44/47;22;7;2/2/3/5/9/5/7;6/7/5/2/2/2;2/EUR 1.799.162,10;2/EUR 992.250,60;14/EUR 88.593,80;1.144/EUR 2.818,80;2.070/EUR 239,60;54.040/EUR 45,90;60.538/EUR 32,70;972.864/EUR 11,20
07.12.2011;11/16/20/27/32/38;1;7;9/6/0/4/3/1/0;5/5/7/6/1/6;1/EUR 1.072.791,00;6/EUR 143.038,80;17/EUR 31.552,60;1000/EUR 1.394,60;1175/EUR 182,60;39304/EUR 27,40;30941/EUR 27,40;564134/EUR 8,30
10.12.2011;2/4/5/10/25/34;24;7;3/9/1/9/2/1/3;4/8/6/9/1/1;0/EUR 0,00;4/EUR 471.093,10;44/EUR 26.766,60;1538/EUR 1.990,90;4600/EUR 102,40;80921/EUR 29,10;108413/EUR 17,30;1314167/EUR 7,80
17.12.2011;3/19/33/38/44/47;27;6;9/9/5/9/3/6/7;0/6/1/0/7/6;1/EUR 5.944.390,00;4/EUR 717.784,80;51/EUR 24.323,50;2295/EUR 1.405,30;4555/EUR 108,90;91545/EUR 27,10;104423/EUR 19,00;1297939/EUR 8,40
21.12.2011;15/17/21/24/39/43;5;1;8/7/7/0/9/7/3;2/9/5/5/7/2;0/EUR 0,00;0/EUR 0,00;9/EUR 60.646,60;422/EUR 3.362,80;1424/EUR 153,30;22209/EUR 49,10;37316/EUR 23,40;420722/EUR 11,40
24.12.2011;6/12/26/27/32/36;42;9;6/5/2/0/7/7/3;8/2/1/8/6/5;1/EUR 4.457.989,70;7/EUR 509.484,50;60/EUR 28.052,90;1846/EUR 2.370,60;5525/EUR 121,80;97830/EUR 34,40;130026/EUR 20,70;1678059/EUR 8,80
28.12.2011;6/13/18/19/20/21;32;5;9/4/6/1/4/7/5;6/8/6/8/3/4;0/EUR 0,00;2/EUR 437.965,50;6/EUR 91.242,80;556/EUR 2.560,00;1049/EUR 208,70;25908/EUR 42,20;36377/EUR 24,00;457052/EUR 10,50
31.12.2011;2/5/11/17/19/28;10;1;2/8/1/9/6/1/4;9/9/6/3/9/5;1/EUR 3.738.575,40;13/EUR 162.686,80;94/EUR 14.062,00;2952/EUR 1.164,20;7151/EUR 73,90;116250/EUR 22,70;145352/EUR 14,50;1617531/EUR 7,10
04.01.2012;3/18/24/29/36/46;39;1;3/5/0/5/2/7/8;6/4/5/8/0/4;1/EUR 1.081.701,30;2/EUR 432.680,50;9/EUR 60.094,50;463/EUR 3.037,10;1106/EUR 195,60;24023/EUR 45,00;31343/EUR 27,60;436701/EUR 10,80
07.01.2012;22/24/29/33/37/47;2;2;3/8/8/5/4/0/5;4/7/8/0/0/6;0/EUR 0,00;1/EUR 1.857.788,90;18/EUR 64.506,50;798/EUR 3.783,00;2653/EUR 175,00;52012/EUR 44,60;63741/EUR 29,10;942380/EUR 10,80
11.01.2012;8/11/15/34/36/47;12;5;8/0/0/2/6/5/4;3/1/2/6/0/9;0/EUR 0,00;3/EUR 292.528,60;7/EUR 78.355,80;367/EUR 3.885,70;867/EUR 253,00;20239/EUR 54,20;27946/EUR 31,40;396692/EUR 12,10
14.01.2012;1/6/7/11/20/32;26;8;2/9/0/5/0/1/3;4/3/8/1/4/4;0/EUR 0,00;9/EUR 221.491,70;43/EUR 28.974,20;1886/EUR 1.717,50;4436/EUR 112,30;87828/EUR 28,30;107863/EUR 18,40;1375104/EUR 7,90
18.01.2012;6/7/13/18/32/33;38;0;3/4/3/6/8/1/9;4/2/6/8/5/3;0/EUR 0,00;2/EUR 488.194,50;20/EUR 30.512,10;837/EUR 1.895,60;2.165/EUR 112,70;40.874/EUR 29,80;59.303/EUR 16,40;690.580/EUR 7,70
21.01.2012;26/27/43/45/46/49;11;4;9/6/7/8/2/0/6;6/3/4/0/9/6;0/EUR 0,00;3/EUR 687.015,50;11/EUR 117.104,90;918/EUR 3.648,30;2.146/EUR 240,10;53.793/EUR 47,80;71.080/EUR 28,90;0/EUR 0,00
25.01.2012;1/4/6/24/33/47;21;7;4/1/1/5/3/0/4;8/9/2/6/9/8;0/EUR 0,00;2/EUR 594.955,50;13/EUR 57.207,20;736/EUR 2.627,10;1.584/EUR 187,80;37.978/EUR 39,10;45.924/EUR 25,90;706.148/EUR 9,20
28.01.2012;1/16/19/27/37/48;4;4;0/7/2/8/8/9/4;4/8/4/9/6/8;0/EUR 0,00;2/EUR 1.184.983,50;34/EUR 43.565,50;1273/EUR 3.025,20;4434/EUR 133,60;64698/EUR 45,70;112443/EUR 21,00;1204313/EUR 10,80
01.02.2012;3/6/7/18/37/39;49;1;4/9/3/5/3/1/5;4/6/4/8/1/1;0/EUR 0,00;1/EUR 1.361.846,40;17/EUR 50.067,80;830/EUR 2.666,20;2103/EUR 161,80;49408/EUR 34,40;56392/EUR 24,10;880140/EUR 8,50
04.02.2012;10/15/24/27/40/45;17;5;9/9/3/3/2/0/7;8/4/6/5/2/6;1/EUR 19.060.133,80;13/EUR 196.934,30;18/EUR 88.893,90;2296/EUR 1.811,90;3254/EUR 196,60;92749/EUR 34,50;109139/EUR 23,40;1458927/EUR 9,60
08.02.2012;8/13/24/34/45/47;12;5;7/7/4/6/6/1/7;6/2/0/4/1/5;1/EUR 1.133.590,90;6/EUR 151.145,40;14/EUR 40.485,30;919/EUR 1.603,50;1.621/EUR 139,80;31.096/EUR 36,40;39.136/EUR 23,10;484.041/EUR 10,30
11.02.2012;2/11/32/34/48/49;14;1;1/6/8/5/8/7/8;5/4/9/4/5/0;0/EUR 0,00;5/EUR 378.394,30;22/EUR 53.749,10;1.051/EUR 2.925,20;2.148/EUR 220,20;62.595/EUR 37,70;62.875/EUR 30,00;1.111.176/EUR 9,30
15.02.2012;15/29/35/36/40/41;11;2;9/7/2/1/0/4/2;4/7/1/0/5/5;0/EUR 0,00;0/EUR 0,00;6/EUR 94.010,60;290/EUR 5.057,10;828/EUR 272,40;17.538/EUR 64,30;27.468/EUR 32,80;358.057/EUR 13,80
18.02.2012;3/13/25/27/40/47;26;5;4/4/3/4/7/6/6;4/9/5/4/5/3;2/EUR 2.980.780,60;6/EUR 479.546,20;39/EUR 31.647,00;1.573/EUR 2.040,00;3.024/EUR 163,20;78.233/EUR 31,50;85.433/EUR 23,10;1.260.403/EUR 8,60
22.02.2012;4/12/14/19/24/48;49;7;6/5/6/5/7/0/3;1/4/6/8/6/9;0/EUR 0,00;2/EUR 420.563,20;15/EUR 35.046,90;553/EUR 2.471,60;1.473/EUR 142,70;31.938/EUR 32,90;37.273/EUR 22,50;530.430/EUR 8,70
25.02.2012;7/11/14/16/43/48;38;1;9/3/5/8/4/4/2;4/5/1/1/0/4;0/EUR 0,00;2/EUR 937.818,20;22/EUR 53.285,10;766/EUR 3.978,90;2.501/EUR 187,40;45.750/EUR 51,20;72.078/EUR 26,00;939.257/EUR 10,90
29.02.2012;6/11/25/32/35/43;29;5;7/5/5/4/7/6/3;3/3/5/7/4/5;0/EUR 0,00;4/EUR 231.236,80;10/EUR 57.809,20;591/EUR 2.543,20;1.173/EUR 197,10;28.715/EUR 40,20;33.018/EUR 28,00;531.876/EUR 9,50
03.03.2012;4/22/24/33/40/48;31;9;9/6/4/2/0/9/8;4/1/5/5/5/2;0/EUR 0,00;0/EUR 0,00;15/EUR 84.094,20;848/EUR 3.867,50;2.508/EUR 201,10;56.180/EUR 44,90;77.031/EUR 26,20;1.107.255/EUR 10,00
07.03.2012;25/29/33/38/47/49;3;5;6/3/5/4/3/9/2;7/7/8/0/0/0;1/EUR 8.525.550,90;2/EUR 1.589.365,20;19/EUR 38.173,20;921/EUR 2.047,50;2.017/EUR 143,80;41.856/EUR 34,60;57.942/EUR 20,00;681.430/EUR 9,30
10.03.2012;1/10/15/21/26/35;39;1;3/0/3/4/5/1/7;4/0/2/9/3/2;0/EUR 0,00;6/EUR 317.302,50;21/EUR 56.661,10;902/EUR 3.429,80;2.332/EUR 204,00;49.880/EUR 47,70;65.638/EUR 29,00;938.994/EUR 11,10
14.03.2012;3/8/9/13/22/49;27;9;9/4/5/3/6/4/6;7/2/0/0/0/0;0/EUR 0,00;3/EUR 295.342,50;18/EUR 30.764,80;617/EUR 2.333,50;1.812/EUR 122,20;31.240/EUR 35,40;48.658/EUR 18,20;549.529/EUR 8,80
17.03.2012;3/7/23/33/42/43;1;2;8/7/4/0/4/5/2;2/4/1/8/8/1;2/EUR 2.939.169,50;7/EUR 273.261,10;31/EUR 38.565,00;3.526/EUR 881,50;4.514/EUR 105,90;108.673/EUR 22,10;85.453/EUR 22,10;1.204.320/EUR 8,70
21.03.2012;4/14/26/34/38/49;27;6;3/5/2/5/1/6/3;7/1/0/4/7/8;1/EUR 1.019.408,70;3/EUR 271.842,30;12/EUR 42.475,30;655/EUR 2.023,20;1.017/EUR 200,40;26.991/EUR 37,70;31.183/EUR 26,10;453.764/EUR 9,80
24.03.2012;22/35/37/39/43/49;30;7;7/3/0/8/7/3/2;3/1/4/2/7/6;1/EUR 2.215.584,00;6/EUR 295.411,20;15/EUR 73.852,80;937/EUR 3.073,90;1.717/EUR 258,00;45.760/EUR 48,40;47.230/EUR 37,50;803.402/EUR 12,10
28.03.2012;2/17/22/23/39/42;8;6;1/0/0/4/1/1/2;3/8/0/6/6/6;0/EUR 0,00;0/EUR 0,00;15/EUR 32.633,50;372/EUR 3.421,20;1.108/EUR 176,70;22.074/EUR 44,30;32.250/EUR 24,20;416.373/EUR 10,30
31.03.2012;1/25/26/27/40/43;4;5;9/2/5/8/4/2/5;4/2/1/9/5/6;1/EUR 3.269.038,20;2/EUR 1.307.615,20;20/EUR 57.250,70;778/EUR 3.826,50;2.141/EUR 213,90;49.358/EUR 46,30;70.380/EUR 26,00;886.609/EUR 11,30
04.04.2012;19/23/29/37/42/46;21;8;2/6/8/0/9/2/5;0/5/4/7/1/2;0/EUR 0,00;0/EUR 0,00;10/EUR 51.066,80;453/EUR 2.930,90;832/EUR 245,50;20.781/EUR 49,10;24.491/EUR 33,30;389.152/EUR 11,50
07.04.2012;2/10/12/15/35/44;43;7;7/2/0/8/7/7/7;4/5/9/9/8/8;0/EUR 0,00;3/EUR 882.189,20;11/EUR 103.948,70;732/EUR 4.061,30;1.547/EUR 295,60;48.149/EUR 47,40;48.835/EUR 37,40;938.422/EUR 10,70
11.04.2012;2/4/6/7/16/44;10;9;9/7/5/6/1/0/7;1/8/3/9/4/7;0/EUR 0,00;1/EUR 808.891,50;22/EUR 22.979,80;519/EUR 2.532,60;2.441/EUR 82,80;31.649/EUR 31,90;53.578/EUR 15,00;508.622/EUR 8,70
14.04.2012;26/29/37/39/42/48;32;8;2/2/6/7/8/6/8;6/7/9/3/8/6;0/EUR 0,00;4/EUR 464.859,30;25/EUR 46.485,90;922/EUR 3.277,20;2.621/EUR 177,30;49.735/EUR 46,70;68.795/EUR 27,00;886.998/EUR 11,50
18.04.2012;6/8/21/33/34/35;13;5;3/9/0/9/3/3/3;4/8/6/6/1/8;0/EUR 0,00;2/EUR 446.161,80;10/EUR 55.770,20;402/EUR 3.607,00;1.275/EUR 174,90;22.278/EUR 50,00;35.134/EUR 25,30;431.113/EUR 11,30
21.04.2012;6/7/19/20/24/41;17;5;8/8/5/4/8/6/9;1/7/3/2/6/6;0/EUR 0,00;6/EUR 326.167,80;24/EUR 50.963,70;1.338/EUR 2.376,70;3.190/EUR 153,30;76.062/EUR 32,10;98.778/EUR 19,80;1.299.510/EUR 8,20
25.04.2012;3/23/26/40/42/46;36;7;3/5/6/6/8/5/8;9/1/9/0/9/1;0/EUR 0,00;2/EUR 498.746,00;16/EUR 38.964,50;519/EUR 3.123,10;1.307/EUR 190,70;29.206/EUR 42,60;34.693/EUR 28,70;544.790/EUR 10,00
28.04.2012;11/17/20/33/37/47;36;0;0/5/9/3/0/2/7;4/7/2/9/3/0;4/EUR 3.501.697,10;14/EUR 145.979,30;21/EUR 60.824,70;3.209/EUR 1.034,90;2.444/EUR 209,00;104.143/EUR 27,00;65.685/EUR 27,00;1.423.284/EUR 7,80
02.05.2012;4/14/15/17/20/35;25;4;8/5/2/6/7/8/3;4/9/6/0/0/6;0/EUR 0,00;0/EUR 0,00;11/EUR 45.591,60;238/EUR 5.478,60;1.144/EUR 175,30;18.680/EUR 53,60;33.503/EUR 23,90;363.620/EUR 12,10
05.05.2012;5/8/14/28/31/48;42;5;2/3/0/1/5/6/8;8/3/2/6/6/9;1/EUR 3.284.480,60;5/EUR 525.516,80;35/EUR 32.592,30;1.277/EUR 2.322,50;2.473/EUR 184,50;62.743/EUR 36,30;66.057/EUR 27,60;1.008.917/EUR 9,90
09.05.2012;15/16/17/20/40/45;9;8;0/5/3/7/4/3/3;9/4/7/9/5/3;0/EUR 0,00;0/EUR 0,00;10/EUR 50.369,40;338/EUR 3.874,50;773/EUR 260,60;20.253/EUR 49,70;27.008/EUR 29,80;362.829/EUR 12,20
12.05.2012;13/18/30/31/34/36;2;9;7/3/0/3/3/8/8;7/2/7/3/4/7;0/EUR 0,00;4/EUR 652.346,30;30/EUR 37.572,30;1.385/EUR 2.115,90;3.126/EUR 144,20;64.984/EUR 34,60;73.788/EUR 24,40;1.010.845/EUR 9,80
16.05.2012;16/24/41/44/45/46;47;5;6/1/9/0/3/1/1;4/2/0/8/7/5;0/EUR 0,00;2/EUR 425.121,00;11/EUR 48.309,20;343/EUR 4.028,10;1.646/EUR 129,10;22.231/EUR 47,80;44.380/EUR 19,10;410.100/EUR 11,40
19.05.2012;20/34/36/42/43/47;17;5;1/0/7/0/6/4/5;3/7/0/4/2/9;0/EUR 0,00;0/EUR 0,00;10/EUR 111.724,40;569/EUR 5.105,10;1.814/EUR 246,30;33.567/EUR 66,50;59.630/EUR 29,90;678.737/EUR 14,40
23.05.2012;1/23/26/31/36/42;3;7;6/2/4/7/0/0/7;9/6/7/1/4/9;0/EUR 0,00;0/EUR 0,00;8/EUR 67.969,80;304/EUR 4.650,50;1.059/EUR 205,30;18.944/EUR 57,40;33.948/EUR 25,60;394.056/EUR 12,10
26.05.2012;5/11/15/34/44/48;8;4;5/8/6/8/1/2/8;1/1/2/1/7/7;1/EUR 10.032.849,70;2/EUR 2.283.326,10;16/EUR 74.572,10;748/EUR 4.147,30;1.967/EUR 242,60;47.591/EUR 50,10;65.515/EUR 29,10;915.794/EUR 11,40
30.05.2012;2/10/21/23/44/45;42;9;7/0/4/5/9/8/0;2/0/5/0/6/7;0/EUR 0,00;0/EUR 0,00;8/EUR 67.969,80;304/EUR 4.650,50;1.059/EUR 205,30;18.944/EUR 57,40;33.948/EUR 25,60;394.056/EUR 12,10
02.06.2012;9/13/26/30/37/41;33;4;3/6/3/0/9/0/9;5/1/6/8/9/3;2/EUR 1.599.606,20;16/EUR 111.793,60;26/EUR 42.997,50;3.577/EUR 812,50;3.634/EUR 123,00;88.554/EUR 25,20;90.797/EUR 19,60;1.108.283/EUR 8,80
06.06.2012;1/9/17/27/38/42;43;8;6/5/2/7/3/3/0;8/7/5/5/8/4;0/EUR 0,00;4/EUR 199.809,20;4/EUR 124.880,70;593/EUR 2.190,10;1.189/EUR 168,00;29.030/EUR 34,40;30.433/EUR 26,20;500.011/EUR 8,70
09.06.2012;10/15/17/22/28/31;12;9;0/2/1/7/5/1/4;6/8/0/8/8/1;0/EUR 0,00;6/EUR 291.397,90;21/EUR 52.035,30;921/EUR 3.084,80;2.853/EUR 153,20;47.885/EUR 45,60;86.390/EUR 20,20;898.559/EUR 10,70
13.06.2012;1/29/32/33/40/46;10;6;6/4/9/3/5/6/7;1/2/5/6/2/6;0/EUR 0,00;3/EUR 333.270,80;1/EUR 333.270,80;249/EUR 5.353,70;786/EUR 260,90;16.431/EUR 62,40;28.500/EUR 28,70;354.834/EUR 12,70
16.06.2012;1/17/28/33/46/48;10;8;7/8/0/0/4/4/3;4/7/3/6/6/7;2/EUR 3.231.002,20;5/EUR 360.324,00;27/EUR 41.704,10;963/EUR 3.040,10;2.394/EUR 188,10;49.396/EUR 45,50;68.843/EUR 26,10;927.675/EUR 10,60
20.06.2012;3/6/17/22/24/28;16;0;9/8/0/6/1/6/2;6/3/5/0/0/7;0/EUR 0,00;3/EUR 333.270,80;1/EUR 333.270,80;249/EUR 5.353,70;786/EUR 260,90;16.431/EUR 62,40;28.500/EUR 28,70;354.834/EUR 12,70
23.06.2012;11/13/19/27/33/39;2;4;7/6/6/3/1/7/9;8/1/5/2/4/2;2/EUR 3.231.002,20;5/EUR 360.324,00;27/EUR 41.704,10;963/EUR 3.040,10;2.394/EUR 188,10;49.396/EUR 45,50;68.843/EUR 26,10;927.675/EUR 10,60
27.06.2012;2/5/15/31/37/43;48;1;6/1/9/3/5/8/9;3/7/1/7/7/2;1/EUR 1.021.826,30;1/EUR 817.461,00;7/EUR 72.987,50;405/EUR 3.279,90;930/EUR 219,70;20.619/EUR 49,50;27.245/EUR 30,00;405.759/EUR 11,00
30.06.2012;7/8/20/22/30/41;27;4;6/2/1/6/6/8/7;3/5/7/2/2/6;0/EUR 0,00;4/EUR 435.819,60;17/EUR 64.091,10;920/EUR 3.079,10;1.931/EUR 225,60;48.878/EUR 44,50;62.536/EUR 27,80;897.401/EUR 10,60
04.07.2012;3/6/12/25/33/49;21;6;4/7/7/9/1/1/1;3/1/1/6/9/2;0/EUR 0,00;5/EUR 160.773,50;14/EUR 35.886,90;988/EUR 1.322,10;1.746/EUR 115,10;40.996/EUR 24,50;42.474/EUR 18,90;615.225/EUR 7,10
07.07.2012;6/10/29/30/43/49;34;2;3/9/0/1/6/8/0;7/1/1/0/1/2;0/EUR 0,00;4/EUR 445.114,80;14/EUR 79.484,70;763/EUR 3.791,90;1.835/EUR 242,50;47.132/EUR 47,20;57.334/EUR 31,00;917.048/EUR 10,60
11.07.2012;11/16/21/29/32/43;25;1;1/0/0/7/3/4/4;6/3/3/2/3/3;0/EUR 0,00;3/EUR 280.521,60;13/EUR 40.459,80;595/EUR 2.298,30;1.208/EUR 174,10;25.828/EUR 40,70;32.852/EUR 25,60;439.440/EUR 10,50
14.07.2012;6/9/10/22/29/33;5;0;9/2/3/7/1/7/5;3/4/7/0/9/3;0/EUR 0,00;4/EUR 468.126,70;34/EUR 34.421,00;1.098/EUR 2.771,20;3.505/EUR 133,50;64.786/EUR 36,10;95.348/EUR 19,60;1.127.179/EUR 9,10
18.07.2012;20/21/23/29/34/47;27;9;8/3/7/2/7/7/3;7/7/6/5/6/2;0/EUR 0,00;2/EUR 452.995,30;3/EUR 188.748,00;318/EUR 4.629,60;1.021/EUR 221,80;19.825/EUR 57,10;28.081/EUR 32,20;407.470/EUR 12,20
21.07.2012;4/24/26/31/38/40;27;0;8/8/8/1/4/1/4;8/1/5/5/3/6;1/EUR 12.348.039,90;8/EUR 241.345,40;17/EUR 70.983,90;1.716/EUR 1.828,30;3.282/EUR 147,00;82.310/EUR 29,30;93.878/EUR 20,50;1.282.938/EUR 8,20
25.07.2012;2/8/13/25/44/45;6;7;8/7/1/3/6/4/7;9/3/1/1/3/1;0/EUR 0,00;3/EUR 257.185,20;12/EUR 40.185,10;421/EUR 2.978,00;1.064/EUR 181,20;22.307/EUR 43,20;32.961/EUR 23,40;402.045/EUR 10,50
28.07.2012;16/27/31/37/41/49;20;7;5/4/6/8/9/8/3;3/9/8/1/3/6;1/EUR 3.117.242,20;4/EUR 430.559,50;16/EUR 67.274,90;1.509/EUR 1.854,60;2.123/EUR 202,80;64.973/EUR 33,10;61.858/EUR 27,80;1.024.187/EUR 9,20
01.08.2012;19/26/32/42/43/44;3;0;9/7/8/6/5/3/1;7/5/3/6/7/3;0/EUR 0,00;1/EUR 776.460,50;6/EUR 80.881,30;339/EUR 3.721,90;1.236/EUR 157,00;21.376/EUR 45,40;35.488/EUR 21,80;414.316/EUR 10,30
04.08.2012;15/18/22/23/38/40;11;8;3/5/0/4/6/2/7;9/4/8/9/7/4;0/EUR 0,00;1/EUR 1.750.231,30;14/EUR 78.135,30;630/EUR 4.514,40;1.961/EUR 223,10;39.195/EUR 55,80;67.650/EUR 25,80;804.252/EUR 11,90
08.08.2012;12/13/22/41/43/49;16;4;9/0/3/3/9/1/6;8/2/4/9/7/1;1/EUR 4.174.459,90;3/EUR 270.958,70;3/EUR 169.349,10;324/EUR 4.076,90;718/EUR 283,00;18.595/EUR 54,60;24.002/EUR 33,80;397.139/EUR 11,20
11.08.2012;1/2/3/20/47/49;35;3;2/1/8/5/9/9/6;8/5/3/3/3/3;0/EUR 0,00;8/EUR 217.033,30;18/EUR 60.287,00;7.175/EUR 393,20;1.749/EUR 248,10;55.444/EUR 39,10;50.450/EUR 34,40;924.536/EUR 10,30
15.08.2012;1/12/14/15/34/37;45;4;2/0/2/6/8/1/8;4/2/3/3/1/9;0/EUR 0,00;1/EUR 788.392,10;5/EUR 98.549,00;279/EUR 4.591,80;755/EUR 261,00;16.369/EUR 60,20;21.804/EUR 36,10;341.248/EUR 12,70
18.08.2012;5/16/28/32/34/40;18;4;6/5/6/7/3/3/2;6/5/0/9/5/9;0/EUR 0,00;7/EUR 251.057,70;27/EUR 40.680,60;1.218/EUR 2.344,60;3.369/EUR 130,40;52.909/EUR 41,50;87.089/EUR 20,10;942.928/EUR 10,20
22.08.2012;1/7/11/15/31/49;8;6;9/7/6/4/6/3/8;0/8/7/2/0/3;0/EUR 0,00;3/EUR 273.883,70;16/EUR 32.095,70;885/EUR 1.508,60;1.867/EUR 110,00;40.593/EUR 25,30;44.469/EUR 18,40;557.936/EUR 8,00
25.08.2012;16/17/22/25/27/35;42;4;4/4/9/6/3/3/6;0/1/1/3/9/3;0/EUR 0,00;4/EUR 450.281,90;12/EUR 93.808,70;612/EUR 4.782,40;1.903/EUR 236,60;41.313/EUR 54,40;59.312/EUR 30,30;890.226/EUR 11,10
29.08.2012;22/29/35/38/40/45;46;3;0/2/5/5/6/1/4;0/0/1/0/7/3;0/EUR 0,00;1/EUR 888.081,60;10/EUR 55.505,10;348/EUR 4.146,90;885/EUR 250,80;18.511/EUR 59,90;26.372/EUR 33,60;371.605/EUR 13,10
01.09.2012;3/6/7/16/26/48;22;5;4/7/7/7/8/0/5;7/7/8/6/4/5;1/EUR 12.216.351,80;5/EUR 396.031,60;24/EUR 51.566,60;1.655/EUR 1.944,20;2.978/EUR 166,20;82.806/EUR 29,80;79.092/EUR 25,00;1.339.812/EUR 8,10
05.09.2012;4/7/18/24/37/44;38;4;8/5/2/5/6/1/7;4/4/7/4/2/9;0/EUR 0,00;2/EUR 401.699,40;9/EUR 55.791,50;539/EUR 2.422,10;1.096/EUR 183,20;27.420/EUR 36,60;31.232/EUR 25,70;489.851/EUR 9,00
08.09.2012;19/38/39/41/48/49;4;3;7/0/6/1/9/1/6;3/1/1/2/1/1;2/EUR 1.610.555,00;5/EUR 354.697,80;15/EUR 73.895,30;1.379/EUR 2.089,80;2.445/EUR 181,30;61.351/EUR 36,10;75.972/EUR 23,30;1.013.278/EUR 9,60
12.09.2012;8/19/26/36/39/49;11;7;4/0/5/8/3/4/3;7/2/3/4/6/6;0/EUR 0,00;1/EUR 778.196,10;9/EUR 54.041,40;393/EUR 3.217,70;1.276/EUR 152,40;21.737/EUR 44,70;36.736/EUR 21,10;407.138/EUR 10,50
15.09.2012;6/8/9/34/41/48;23;0;1/1/6/9/1/0/4;2/4/2/4/6/2;0/EUR 0,00;2/EUR 905.302,80;18/EUR 62.868,20;666/EUR 4.417,70;2.666/EUR 169,70;43.711/EUR 51,70;79.257/EUR 22,80;924.074/EUR 10,70
19.09.2012;1/11/16/20/31/44;12;4;2/1/8/6/5/1/3;7/7/6/9/7/0;0/EUR 0,00;2/EUR 407.852,10;9/EUR 56.646,10;576/EUR 2.301,20;1.213/EUR 168,10;27.685/EUR 36,80;35.788/EUR 22,70;454.784/EUR 9,80
22.09.2012;7/24/40/41/48/49;1;0;7/2/6/9/5/3/4;0/3/6/3/5/6;0/EUR 0,00;2/EUR 898.250,10;39/EUR 28.790,00;848/EUR 3.442,50;3.429/EUR 130,90;56.248/EUR 39,90;92.523/EUR 19,40;1.007.740/EUR 9,80
26.09.2012;10/12/14/29/40/47;4;7;3/0/2/0/5/3/5;9/6/4/6/1/0;0/EUR 0,00;0/EUR 0,00;10/EUR 54.138,40;321/EUR 4.385,00;1.081/EUR 200,30;19.889/EUR 54,40;34.555/EUR 25,00;409.293/EUR 11,60
29.09.2012;1/4/20/34/39/41;47;0;7/3/7/1/5/8/7;6/5/1/7/5/9;0/EUR 0,00;0/EUR 0,00;22/EUR 55.451,90;650/EUR 4.879,70;1.744/EUR 279,80;42.922/EUR 56,80;58.981/EUR 33,00;899.097/EUR 11,90
03.10.2012;13/28/35/46/48/49;29;4;2/4/5/4/9/7/5;8/9/6/0/4/1;1/EUR 11.202.372,60;1/EUR 3.760.891,70;6/EUR 98.205,10;331/EUR 4.628,30;1.035/EUR 227,70;21.997/EUR 53,50;29.609/EUR 31,80;452.719/EUR 11,40
06.10.2012;8/20/22/34/44/46;40;5;9/6/4/5/8/9/3;9/7/8/5/1/8;0/EUR 0,00;0/EUR 0,00;22/EUR 55.451,90;650/EUR 4.879,70;1.744/EUR 279,80;42.922/EUR 56,80;58.981/EUR 33,00;899.097/EUR 11,90
10.10.2012;13/15/28/38/43/48;11;3;7/6/2/9/3/0/3;1/2/0/6/3/0;0/EUR 0,00;0/EUR 0,00;11/EUR 46.825,40;394/EUR 3.399,00;923/EUR 223,20;20.798/EUR 49,50;28.009/EUR 29,40;378.837/EUR 11,90
13.10.2012;9/10/36/37/42/43;20;8;1/4/5/0/2/2/1;1/6/3/3/7/7;1/EUR 5.534.262,30;1/EUR 2.641.132,90;10/EUR 113.562,80;604/EUR 4.888,40;1.631/EUR 278,50;38.871/EUR 58,40;54.498/EUR 33,30;819.795/EUR 12,10
17.10.2012;5/10/12/14/46/47;3;6;7/2/1/4/7/3/3;1/7/0/8/5/2;0/EUR 0,00;2/EUR 436.837,80;15/EUR 36.403,10;415/EUR 3.421,00;1.273/EUR 171,50;23.415/EUR 46,60;36.692/EUR 23,80;439.280/EUR 10,90
20.10.2012;6/8/11/15/26/33;17;9;0/8/4/8/8/7/5;1/6/6/6/0/7;0/EUR 0,00;2/EUR 875.731,70;29/EUR 37.747,00;1.229/EUR 2.315,80;3.338/EUR 131,10;62.985/EUR 34,70;93.069/EUR 18,80;1.070.030/EUR 9,00
24.10.2012;6/14/18/33/39/44;12;5;8/5/4/0/6/4/6;2/3/4/1/7/4;0/EUR 0,00;1/EUR 811.563,80;14/EUR 36.230,50;505/EUR 2.611,40;1.367/EUR 148,40;24.761/EUR 40,90;35.135/EUR 23,00;428.682/EUR 10,40
27.10.2012;11/23/33/39/44/46;8;9;1/7/3/9/6/1/7;7/4/2/1/5/8;0/EUR 0,00;8/EUR 223.262,10;29/EUR 38.493,40;1.547/EUR 1.876,10;2.768/EUR 161,30;72.662/EUR 30,70;68.146/EUR 26,20;1.115.465/EUR 8,80
31.10.2012;3/8/13/30/34/49;37;5;0/6/3/4/8/1/1;8/7/7/5/6/8;0/EUR 0,00;1/EUR 889.690,50;10/EUR 55.605,60;457/EUR 3.163,50;1.055/EUR 210,80;27.089/EUR 41,00;30.429/EUR 29,20;506.070/EUR 9,60
03.11.2012;7/8/26/42/43/46;16;3;1/6/7/9/6/6/5;4/1/9/0/0/5;0/EUR 0,00;9/EUR 212.904,90;24/EUR 49.899,60;941/EUR 3.308,90;2.508/EUR 191,00;46.507/EUR 51,50;72.672/EUR 26,30;917.634/EUR 11,40
07.11.2012;2/6/21/31/46/47;11;1;8/6/3/4/5/7/6;6/6/7/1/2/1;0/EUR 0,00;2/EUR 494.103,40;18/EUR 34.312,70;436/EUR 3.683,10;1.792/EUR 137,80;24.482/EUR 50,40;49.590/EUR 19,90;475.801/EUR 11,40
10.11.2012;2/3/25/28/38/49;14;1;4/2/0/8/4/5/6;2/8/1/3/5/4;1/EUR 13.818.684,10;3/EUR 679.368,20;27/EUR 47.178,30;1.133/EUR 2.923,10;3.010/EUR 169,20;64.358/EUR 39,50;79.114/EUR 25,70;1.178.139/EUR 9,50
14.11.2012;2/9/11/17/34/45;42;0;9/5/3/9/1/3/7;2/9/1/9/7/2;0/EUR 0,00;0/EUR 0,00;13/EUR 39.181,40;497/EUR 2.664,60;1.172/EUR 173,80;29.556/EUR 34,40;33.293/EUR 24,40;528.382/EUR 8,40
17.11.2012;5/7/15/24/32/36;35;4;4/4/2/0/2/2/6;2/9/1/6/9/4;2/EUR 1.634.524,10;3/EUR 871.746,20;19/EUR 59.219,20;1.418/EUR 2.063,00;2.623/EUR 171,50;59.332/EUR 37,90;71.242/EUR 25,20;1.038.233/EUR 9,50
21.11.2012;1/9/10/24/27/29;19;2;5/7/5/6/5/6/4;3/8/1/4/7/8;0/EUR 0,00;3/EUR 261.866,20;23/EUR 21.347,70;748/EUR 1.706,60;2.294/EUR 85,60;31.390/EUR 31,20;57.218/EUR 13,70;502.323/EUR 8,60
24.11.2012;2/12/23/28/32/48;31;3;5/9/6/0/2/8/7;8/5/6/7/2/1;3/EUR 1.063.117,20;22/EUR 80.267,40;25/EUR 44.147,00;1.906/EUR 1.505,50;2.310/EUR 191,10;70.752/EUR 31,10;65.773/EUR 26,80;1.069.294/EUR 9,00
28.11.2012;11/21/26/40/42/45;46;4;3/3/6/5/0/5/5;6/2/0/3/7/8;0/EUR 0,00;3/EUR 258.254,90;3/EUR 161.409,30;448/EUR 2.810,20;826/EUR 234,40;22.277/EUR 43,40;26.546/EUR 29,10;404.458/EUR 10,50
01.12.2012;2/3/4/6/23/45;1;3;5/2/2/3/6/1/6;3/8/3/5/4/6;0/EUR 0,00;3/EUR 602.601,90;27/EUR 41.847,30;831/EUR 3.535,10;19.836/EUR 35,90;55.693/EUR 35,90;88.517/EUR 20,40;1.018.487/EUR 9,70
05.12.2012;20/23/24/27/36/38;28;7;7/5/9/5/9/4/0;9/3/5/3/2/2;0/EUR 0,00;2/EUR 440.712,00;11/EUR 50.080,90;363/EUR 3.945,70;1.051/EUR 209,60;20.632/EUR 53,40;27.997/EUR 31,40;439.919/EUR 11,00
08.12.2012;15/19/27/34/42/48;31;6;1/3/4/1/3/7/2;4/0/5/4/5/6;0/EUR 0,00;3/EUR 634.767,00;27/EUR 44.081,00;841/EUR 3.679,50;2.657/EUR 179,10;44.188/EUR 53,80;79.544/EUR 23,90;846.440/EUR 12,30
12.12.2012;1/8/10/11/15/33;35;5;9/2/8/8/8/5/3;9/4/2/0/5/2;0/EUR 0,00;1/EUR 887.557,90;14/EUR 39.623,10;720/EUR 2.003,10;1.185/EUR 187,20;33.742/EUR 32,80;31.573/EUR 28,10;559.709/EUR 8,70
15.12.2012;4/25/27/30/31/40;19;6;5/2/2/4/1/0/4;6/4/7/0/2/7;1/EUR 10.266.052,40;2/EUR 978.494,00;42/EUR 29.121,80;1.278/EUR 2.488,30;4.930/EUR 99,20;72.162/EUR 33,80;122.654/EUR 15,90;1.215.831/EUR 8,80
19.12.2012;25/27/32/36/40/43;45;5;0/7/9/4/0/7/9;1/5/7/5/6/3;0/EUR 0,00;2/EUR 417.307,80;4/EUR 130.408,60;305/EUR 4.446,70;950/EUR 219,60;19.771/EUR 52,70;29.669/EUR 28,10;410.982/EUR 11,10
22.12.2012;11/23/32/38/44/49;45;4;9/2/1/0/7/0/8;5/4/7/1/0/2;0/EUR 0,00;2/EUR 966.603,80;15/EUR 80.550,30;1.894/EUR 1.658,60;2.633/EUR 183,50;81.274/EUR 29,70;72.055/EUR 26,80;1.274.910/EUR 8,30
26.12.2012;3/10/13/34/36/43;21;2;4/2/3/0/8/6/8;8/4/8/3/1/9;0/EUR 0,00;1/EUR 963.158,20;6/EUR 100.328,90;447/EUR 3.501,40;1.180/EUR 204,00;25.595/EUR 47,00;35.174/EUR 27,30;494.541/EUR 10,70
29.12.2012;11/25/31/35/38/43;29;4;1/8/6/2/6/6/7;0/0/1/2/8/2;1/EUR 7.922.038,40;7/EUR 372.378,40;25/EUR 65.166,20;1.520/EUR 2.786,70;3.320/EUR 196,20;83.168/EUR 39,10;89.936/EUR 28,90;1.462.210/EUR 9,80